sense_uid	seq	trad	simp	pinyin	target_entry_id	resolved	ex_trad	ex_simp	ex_realized	ex_spans	ex_shows	ex_shows_simp
三|三|san1~2	0	再三	再三	zai4 san1	再三|再三|zai4 san1	1	老師再三說明考試的規則。	老师再三说明考试的规则。	再三	[[2, 4]]		
三|三|san1~2	1	三番五次	三番五次	san1 fan1 wu3 ci4	三番五次|三番五次|san1 fan1 wu3 ci4	1	他三番五次來找我幫忙。	他三番五次来找我帮忙。	三番五次	[[1, 5]]		
上|上|shang4~3	0	上級	上级	shang4 ji2	上級|上级|shang4 ji2	1	這件事要先報告上級。	这件事要先报告上级。	上級	[[7, 9]]		
上|上|shang4~3	1	上層	上层	shang4 ceng2	上層|上层|shang4 ceng2	1	他住在大樓的上層。	他住在大楼的上层。	上層	[[6, 8]]		
上|上|shang4~3	2	上游	上游	shang4 you2	上游|上游|shang4 you2	1	這條河的上游水很清。	这条河的上游水很清。	上游	[[4, 6]]		
上|上|shang4~4	0	上次	上次	shang4 ci4	上次|上次|shang4 ci4	1	上次見面已經是去年了。	上次见面已经是去年了。	上次	[[0, 2]]		
上|上|shang4~4	1	上午	上午	shang4 wu3	上午|上午|shang4 wu3	1	明天上午我要去醫院。	明天上午我要去医院。	上午	[[2, 4]]		
上|上|shang4~4	2	上半場	上半场	shang4 ban4 chang3	上半場|上半场|shang4 ban4 chang3	1	我只看了上半場的比賽。	我只看了上半场的比赛。	上半場	[[4, 7]]		
世|世|shi4~1	0	世界	世界	shi4 jie4	世界|世界|shi4 jie4	1	他去過世界上很多地方。	他去过世界上很多地方。	世界	[[3, 5]]		
世|世|shi4~1	1	世上	世上	shi4 shang4	世上|世上|shi4 shang4	1	世上沒有完全一樣的兩片葉子。	世上没有完全一样的两片叶子。	世上	[[0, 2]]		
世|世|shi4~1	2	去世	去世	qu4 shi4	去世|去世|qu4 shi4	1	他父親去年去世了。	他父亲去年去世了。	去世	[[5, 7]]		
世|世|shi4~2	0	世紀	世纪	shi4 ji4	世紀|世纪|shi4 ji4	1	這種病在上個世紀很常見。	这种病在上个世纪很常见。	世紀	[[6, 8]]		
世|世|shi4~2	1	亂世	乱世	luan4 shi4	亂世|乱世|luan4 shi4	1	在亂世中，很多人失去了家。	在乱世中，很多人失去了家。	亂世	[[1, 3]]		
世|世|shi4~3	0	世代	世代	shi4 dai4	世代|世代|shi4 dai4	1	他們家世代都住在這個村子裡。	他们家世代都住在这个村子里。	世代	[[3, 5]]		
世|世|shi4~3	1	家世	家世	jia1 shi4	家世|家世|jia1 shi4	1	他從不跟人談自己的家世。	他从不跟人谈自己的家世。	家世	[[9, 11]]		
世|世|shi4~3	2	世交	世交	shi4 jiao1	世交|世交|shi4 jiao1	1	兩家是多年的世交。	两家是多年的世交。	世交	[[6, 8]]		
世|世|shi4~4	0	來世	来世	lai2 shi4	來世|来世|lai2 shi4	1	他相信人死後還有來世。	他相信人死后还有来世。	來世	[[8, 10]]		
世|世|shi4~4	1	身世	身世	shen1 shi4	身世|身世|shen1 shi4	1	沒有人知道那個孩子的身世。	没有人知道那个孩子的身世。	身世	[[10, 12]]		
丹|丹|dan1~1	0	丹心	丹心	dan1 xin1	丹心|丹心|dan1 xin1	1	老將軍的一片丹心從未改變。	老将军的一片丹心从未改变。	丹心	[[6, 8]]		
丹|丹|dan1~1	1	丹頂鶴	丹顶鹤	dan1 ding3 he4	丹頂鶴|丹顶鹤|dan1 ding3 he4	1	湖邊飛來了幾隻丹頂鶴。	湖边飞来了几只丹顶鹤。	丹頂鶴	[[7, 10]]		
丹|丹|dan1~2	0	仙丹	仙丹	xian1 dan1	仙丹|仙丹|xian1 dan1	1	傳說中的仙丹可以治好任何病。	传说中的仙丹可以治好任何病。	仙丹	[[4, 6]]		
丹|丹|dan1~2	1	煉丹	炼丹	lian4 dan1	煉丹|炼丹|lian4 dan1	1	古時候有人在山中煉丹。	古时候有人在山中炼丹。	煉丹	[[8, 10]]		
丹|丹|dan1~3	0	丹砂	丹砂	dan1 sha1	丹砂|丹砂|dan1 sha1	1	這種紅色的顏料是用丹砂做成的。	这种红色的颜料是用丹砂做成的。	丹砂	[[9, 11]]		
主|主|zhu3~1	0	主人	主人	zhu3 ren2	主人|主人|zhu3 ren2	1	這隻狗的主人對牠很好。	这只狗的主人对它很好。	主人	[[4, 6]]		
主|主|zhu3~1	1	車主	车主	che1 zhu3	車主|车主|che1 zhu3	1	車主把車停在了大樓門口。	车主把车停在了大楼门口。	車主	[[0, 2]]		
主|主|zhu3~1	2	房主	房主	fang2 zhu3	房主|房主|fang2 zhu3	1	房主答應下個月再收房租。	房主答应下个月再收房租。	房主	[[0, 2]]		
主|主|zhu3~3	0	東道主	东道主	dong1 dao4 zhu3	東道主|东道主|dong1 dao4 zhu3	1	今年的運動會我們是東道主。	今年的运动会我们是东道主。	東道主	[[9, 12]]		
主|主|zhu3~3	1	賓主	宾主	bin1 zhu3	賓主|宾主|bin1 zhu3	1	宴會上賓主談得十分開心。	宴会上宾主谈得十分开心。	賓主	[[3, 5]]		
主|主|zhu3~3	2	主隊	主队	zhu3 dui4	主隊|主队|zhu3 dui4	1	主隊贏了這場重要的比賽。	主队赢了这场重要的比赛。	主隊	[[0, 2]]		
主|主|zhu3~4	0	主辦	主办	zhu3 ban4	主辦|主办|zhu3 ban4	1	這次活動由學校主辦。	这次活动由学校主办。	主辦	[[7, 9]]		
主|主|zhu3~4	1	主持	主持	zhu3 chi2	主持|主持|zhu3 chi2	1	晚會請他來主持。	晚会请他来主持。	主持	[[5, 7]]		
主|主|zhu3~4	2	主管	主管	zhu3 guan3	主管|主管|zhu3 guan3	1	公司的日常工作交給他主管。	公司的日常工作交给他主管。	主管	[[10, 12]]		
主|主|zhu3~5	0	買主	买主	mai3 zhu3	買主|买主|mai3 zhu3	1	買主看過房子以後很滿意。	买主看过房子以后很满意。	買主	[[0, 2]]		
主|主|zhu3~5	1	賣主	卖主	mai4 zhu3	賣主|卖主|mai4 zhu3	1	賣主希望早一點賣掉這輛車。	卖主希望早一点卖掉这辆车。	賣主	[[0, 2]]		
主|主|zhu3~5	2	事主	事主	shi4 zhu3	事主|事主|shi4 zhu3	1	警方已經聯繫上事主。	警方已经联系上事主。	事主	[[7, 9]]		
乾|乾|qian2~1	0	乾坤	乾坤	qian2 kun1	乾坤|乾坤|qian2 kun1	1	這場比賽他一個人扭轉了乾坤。	这场比赛他一个人扭转了乾坤。	乾坤	[[11, 13]]		
乾|干|gan1~2	0	牛肉乾	牛肉干	niu2 rou4 gan1	牛肉乾|牛肉干|niu2 rou4 gan1	1	他帶了一包牛肉乾當點心。	他带了一包牛肉干当点心。	牛肉乾	[[5, 8]]		
乾|干|gan1~2	1	葡萄乾	葡萄干	pu2 tao5 gan1	葡萄乾|葡萄干|pu2 tao5 gan1	1	這種麵包裡有很多葡萄乾。	这种面包里有很多葡萄干。	葡萄乾	[[8, 11]]		
乾|干|gan1~3	0	乾媽	干妈	gan1 ma1	乾媽|干妈|gan1 ma1	1	這位是我的乾媽，對我很好。	这位是我的干妈，对我很好。	乾媽	[[5, 7]]		
乾|干|gan1~3	1	乾爹	干爹	gan1 die1	乾爹|干爹|gan1 die1	1	他乾爹每年都會來看他。	他干爹每年都会来看他。	乾爹	[[1, 3]]		
乾|干|gan1~4	0	乾等	干等	gan1 deng3	乾等|干等|gan1 deng3	1	車還沒來，我們只能乾等。	车还没来，我们只能干等。	乾等	[[9, 11]]	副	副
乾|干|gan1~4	1	乾著急	干着急	gan1 zhao2 ji2	乾著急|干着急|gan1 zhao2 ji2	1	他在門外乾著急，幫不上忙。	他在门外干着急，帮不上忙。	乾著急	[[4, 7]]	副	副
乾|干|gan1~4	2	外強中乾	外强中干	wai4 qiang2 zhong1 gan1	外強中乾|外强中干|wai4 qiang2 zhong1 gan1	1	他看起來厲害，其實外強中乾。	他看起来厉害，其实外强中干。	外強中乾	[[9, 13]]	形	形
亂|乱|luan4~4	0	擾亂	扰乱	rao3 luan4	擾亂|扰乱|rao3 luan4	1	他大聲說話，擾亂了會議的進行。	他大声说话，扰乱了会议的进行。	擾亂	[[6, 8]]		
亂|乱|luan4~4	1	攪亂	搅乱	jiao3 luan4	攪亂|搅乱|jiao3 luan4	1	一場大雨把我們的安排全攪亂了。	一场大雨把我们的安排全搅乱了。	攪亂	[[11, 13]]		
亂|乱|luan4~4	2	搗亂	捣乱	dao3 luan4	搗亂|捣乱|dao3 luan4	1	孩子們在教室裡搗亂。	孩子们在教室里捣乱。	搗亂	[[7, 9]]		
亂|乱|luan4~5	0	動亂	动乱	dong4 luan4	動亂|动乱|dong4 luan4	1	那個國家經歷了十年的動亂。	那个国家经历了十年的动乱。	動亂	[[10, 12]]		
亂|乱|luan4~5	1	戰亂	战乱	zhan4 luan4	戰亂|战乱|zhan4 luan4	1	戰亂中有很多人失去了家人。	战乱中有很多人失去了家人。	戰亂	[[0, 2]]		
亂|乱|luan4~5	2	叛亂	叛乱	pan4 luan4	叛亂|叛乱|pan4 luan4	1	這場叛亂很快就結束了。	这场叛乱很快就结束了。	叛亂	[[2, 4]]		
亂|乱|luan4~6	0	亂倫	乱伦	luan4 lun2	亂倫|乱伦|luan4 lun2	1	許多國家的法律都禁止亂倫。	许多国家的法律都禁止乱伦。	亂倫	[[10, 12]]		
亂|乱|luan4~6	1	淫亂	淫乱	yin2 luan4	淫亂|淫乱|yin2 luan4	1	這個人生活淫亂，名聲很差。	这个人生活淫乱，名声很差。	淫亂	[[5, 7]]		
了|了|liao3~2	0	了結	了结	liao3 jie2	了結|了结|liao3 jie2	1	這場爭吵最後如何了結？	这场争吵最后如何了结？	了結	[[8, 10]]		
了|了|liao3~2	1	了事	了事	liao3 shi4	了事|了事|liao3 shi4	1	他不想多說，只求早點了事。	他不想多说，只求早点了事。	了事	[[10, 12]]		
了|了|liao3~2	2	沒完沒了	没完没了	mei2 wan2 mei2 liao3	沒完沒了|没完没了|mei2 wan2 mei2 liao3	1	他們的討論沒完沒了。	他们的讨论没完没了。	沒完沒了	[[5, 9]]		
事業|事业|shi4 ye4~2	0	事業單位	事业单位	shi4 ye4 dan1 wei4	事業單位|事业单位|shi4 ye4 dan1 wei4	1	他大學畢業後進了事業單位。	他大学毕业后进了事业单位。	事業單位	[[8, 12]]		
井|井|jing3~2	0	井然有序	井然有序	jing3 ran2 you3 xu4	井然有序|井然有序|jing3 ran2 you3 xu4	1	屋子裡的東西放得井然有序。	屋子里的东西放得井然有序。	井然有序	[[8, 12]]		
井|井|jing3~2	1	井井有條	井井有条	jing3 jing3 you3 tiao2	井井有條|井井有条|jing3 jing3 you3 tiao2	1	她把家裡管理得井井有條。	她把家里管理得井井有条。	井井有條	[[7, 11]]		
亞|亚|ya4~1	0	亞軍	亚军	ya4 jun1	亞軍|亚军|ya4 jun1	1	他在這次比賽中得了亞軍。	他在这次比赛中得了亚军。	亞軍	[[9, 11]]		
亞|亚|ya4~1	1	亞熱帶	亚热带	ya4 re4 dai4	亞熱帶|亚热带|ya4 re4 dai4	1	這種水果多長在亞熱帶地區。	这种水果多长在亚热带地区。	亞熱帶	[[7, 10]]		
什|什|shen2~1	0	什麼	什么	shen2 me5	什麼|什么|shen2 me5	1	這個字是什麼意思？	这个字是什么意思？	什麼	[[4, 6]]		
什|什|shen2~1	1	為什麼	为什么	wei4 shen2 me5	為什麼|为什么|wei4 shen2 me5	1	他為什麼今天沒來上班？	他为什么今天没来上班？	為什麼	[[1, 4]]		
什|什|shen2~1	2	什麼樣	什么样	shen2 me5 yang4	什麼樣|什么样|shen2 me5 yang4	1	你想找什麼樣的工作？	你想找什么样的工作？	什麼樣	[[3, 6]]		
什|什|shi2~1	0	什錦	什锦	shi2 jin3	什錦|什锦|shi2 jin3	1	這家店的什錦炒飯很有名。	这家店的什锦炒饭很有名。	什錦	[[4, 6]]		
今|今|jin1~1	0	今天	今天	jin1 tian1	今天|今天|jin1 tian1	1	今天的天氣特別好。	今天的天气特别好。	今天	[[0, 2]]		
今|今|jin1~1	1	今年	今年	jin1 nian2	今年|今年|jin1 nian2	1	今年我打算去南方旅行。	今年我打算去南方旅行。	今年	[[0, 2]]		
今|今|jin1~1	2	今晚	今晚	jin1 wan3	今晚|今晚|jin1 wan3	1	今晚有一場重要的比賽。	今晚有一场重要的比赛。	今晚	[[0, 2]]		
今|今|jin1~2	0	至今	至今	zhi4 jin1	至今|至今|zhi4 jin1	1	這件事至今還沒有結果。	这件事至今还没有结果。	至今	[[3, 5]]		
今|今|jin1~2	1	古今	古今	gu3 jin1	古今|古今|gu3 jin1	1	古今中外都有這樣的故事。	古今中外都有这样的故事。	古今	[[0, 2]]		
今|今|jin1~2	2	當今	当今	dang1 jin1	當今|当今|dang1 jin1	1	他是當今最有名的歌手。	他是当今最有名的歌手。	當今	[[2, 4]]		
仍|仍|reng2~2	0	頻仍	频仍	pin2 reng2	頻仍|频仍|pin2 reng2	1	這些年戰爭頻仍，人民生活很苦。	这些年战争频仍，人民生活很苦。	頻仍	[[5, 7]]		
仔|仔|zai3~1	0	打工仔	打工仔	da3 gong1 zai3	打工仔|打工仔|da3 gong1 zai3	1	他年輕時當過幾年打工仔。	他年轻时当过几年打工仔。	打工仔	[[8, 11]]		
仔|仔|zai3~1	1	牛仔	牛仔	niu2 zai3	牛仔|牛仔|niu2 zai3	1	那個牛仔騎著馬走了過來。	那个牛仔骑着马走了过来。	牛仔	[[2, 4]]		
仔|仔|zi3~1	0	仔豬	仔猪	zi3 zhu1	仔豬|仔猪|zi3 zhu1	1	這家農場今年多了不少仔豬。	这家农场今年多了不少仔猪。	仔豬	[[10, 12]]		
仔|仔|zi3~1	1	仔雞	仔鸡	zi3 ji1	仔雞|仔鸡|zi3 ji1	1	市場上的仔雞賣得很快。	市场上的仔鸡卖得很快。	仔雞	[[4, 6]]		
仔|仔|zi3~2	0	仔細	仔细	zi3 xi4	仔細|仔细|zi3 xi4	1	他做事很仔細，從來不出錯。	他做事很仔细，从来不出错。	仔細	[[4, 6]]		
他|他|ta1~2	0	其他	其他	qi2 ta1	其他|其他|qi2 ta1	1	除了這本書，其他的我都看過了。	除了这本书，其他的我都看过了。	其他	[[6, 8]]		
他|他|ta1~2	1	他人	他人	ta1 ren2	他人|他人|ta1 ren2	1	不要隨便拿他人的東西。	不要随便拿他人的东西。	他人	[[5, 7]]		
他|他|ta1~2	2	他日	他日	ta1 ri4	他日|他日|ta1 ri4	1	今天時間不多，這件事他日再談。	今天时间不多，这件事他日再谈。	他日	[[10, 12]]		
代|代|dai4~1	0	現代	现代	xian4 dai4	現代|现代|xian4 dai4	1	現代的生活跟以前很不一樣。	现代的生活跟以前很不一样。	現代	[[0, 2]]		
代|代|dai4~1	1	古代	古代	gu3 dai4	古代|古代|gu3 dai4	1	這本書講的是古代的故事。	这本书讲的是古代的故事。	古代	[[6, 8]]		
代|代|dai4~1	2	時代	时代	shi2 dai4	時代|时代|shi2 dai4	1	我們生活在一個變化很快的時代。	我们生活在一个变化很快的时代。	時代	[[12, 14]]		
令|令|ling4~1	0	下令	下令	xia4 ling4	下令|下令|xia4 ling4	1	將軍下令部隊馬上出發。	将军下令部队马上出发。	下令	[[2, 4]]	動	动
令|令|ling4~1	1	命令	命令	ming4 ling4	命令|命令|ming4 ling4	1	他不敢不聽上級的命令。	他不敢不听上级的命令。	命令	[[8, 10]]	名	名
令|令|ling4~1	2	法令	法令	fa3 ling4	法令|法令|fa3 ling4	1	新的法令保護了工人的權利。	新的法令保护了工人的权利。	法令	[[2, 4]]	名	名
令|令|ling4~3	0	時令	时令	shi2 ling4	時令|时令|shi2 ling4	1	市場上賣的都是時令水果。	市场上卖的都是时令水果。	時令	[[7, 9]]		
令|令|ling4~3	1	夏令營	夏令营	xia4 ling4 ying2	夏令營|夏令营|xia4 ling4 ying2	1	孩子們很喜歡參加夏令營。	孩子们很喜欢参加夏令营。	夏令營	[[8, 11]]		
令|令|ling4~4	0	令尊	令尊	ling4 zun1	令尊|令尊|ling4 zun1	1	請問令尊今年多大年齡？	请问令尊今年多大年龄？	令尊	[[2, 4]]		
令|令|ling4~4	1	令郎	令郎	ling4 lang2	令郎|令郎|ling4 lang2	1	聽說令郎考上了大學。	听说令郎考上了大学。	令郎	[[2, 4]]		
令|令|ling4~5	0	縣令	县令	xian4 ling4	縣令|县令|xian4 ling4	1	這位縣令為百姓做了不少好事。	这位县令为百姓做了不少好事。	縣令	[[2, 4]]		
以|以|yi3~2	0	以上	以上	yi3 shang4	以上|以上|yi3 shang4	1	參加的人數在兩百以上。	参加的人数在两百以上。	以上	[[8, 10]]		
以|以|yi3~2	1	以後	以后	yi3 hou4	以後|以后|yi3 hou4	1	下課以後我們一起去打球。	下课以后我们一起去打球。	以後	[[2, 4]]		
以|以|yi3~2	2	以來	以来	yi3 lai2	以來|以来|yi3 lai2	1	今年以來，天氣一直很奇怪。	今年以来，天气一直很奇怪。	以來	[[2, 4]]		
以|以|yi3~2	3	以下	以下	yi3 xia4	以下|以下|yi3 xia4	1	六歲以下的兒童可以免費坐車。	六岁以下的儿童可以免费坐车。	以下	[[2, 4]]		
件|件|jian4~2	0	文件	文件	wen2 jian4	文件|文件|wen2 jian4	1	請把這份文件交給老師。	请把这份文件交给老师。	文件	[[4, 6]]		
件|件|jian4~2	1	郵件	邮件	you2 jian4	郵件|邮件|you2 jian4	1	他每天都會收到很多郵件。	他每天都会收到很多邮件。	郵件	[[9, 11]]		
件|件|jian4~2	2	零件	零件	ling2 jian4	零件|零件|ling2 jian4	1	這種零件在市場上很難買到。	这种零件在市场上很难买到。	零件	[[2, 4]]		
任|任|ren4~1	0	責任	责任	ze2 ren4	責任|责任|ze2 ren4	1	這件事的責任在我。	这件事的责任在我。	責任	[[4, 6]]		
任|任|ren4~1	1	主任	主任	zhu3 ren4	主任|主任|zhu3 ren4	1	主任明天要開一個會議。	主任明天要开一个会议。	主任	[[0, 2]]		
任|任|ren4~1	2	任期	任期	ren4 qi1	任期|任期|ren4 qi1	1	市長的任期還有兩年。	市长的任期还有两年。	任期	[[3, 5]]		
任|任|ren4~3	0	任命	任命	ren4 ming4	任命|任命|ren4 ming4	1	公司任命她負責這個項目。	公司任命她负责这个项目。	任命	[[2, 4]]		
任|任|ren4~3	1	任用	任用	ren4 yong4	任用|任用|ren4 yong4	1	這家工廠任用了不少年輕人。	这家工厂任用了不少年轻人。	任用	[[4, 6]]		
任|任|ren4~3	2	委任	委任	wei3 ren4	委任|委任|wei3 ren4	1	他被委任為這次活動的主持人。	他被委任为这次活动的主持人。	委任	[[2, 4]]		
份|份|fen4~2	0	股份	股份	gu3 fen4	股份|股份|gu3 fen4	1	他賣掉了公司的股份。	他卖掉了公司的股份。	股份	[[7, 9]]		
份|份|fen4~2	1	月份	月份	yue4 fen4	月份|月份|yue4 fen4	1	請寫上出生的月份。	请写上出生的月份。	月份	[[6, 8]]		
伯|伯|bo2~1	0	伯父	伯父	bo2 fu4	伯父|伯父|bo2 fu4	1	我伯父下個月要來看我們。	我伯父下个月要来看我们。	伯父	[[1, 3]]		
伯|伯|bo2~1	1	伯母	伯母	bo2 mu3	伯母|伯母|bo2 mu3	1	伯母做的菜特別好吃。	伯母做的菜特别好吃。	伯母	[[0, 2]]		
伯|伯|bo2~1	2	伯伯	伯伯	bo2 bo5	伯伯|伯伯|bo2 bo5	1	他從小跟著伯伯一起生活。	他从小跟着伯伯一起生活。	伯伯	[[5, 7]]		
伯|伯|bo2~2	0	老伯	老伯	lao3 bo2	老伯|老伯|lao3 bo2	1	那位老伯每天早上都去公園。	那位老伯每天早上都去公园。	老伯	[[2, 4]]		
伯|伯|bo2~3	0	伯爵	伯爵	bo2 jue2	伯爵|伯爵|bo2 jue2	1	這本書寫的是一位伯爵的故事。	这本书写的是一位伯爵的故事。	伯爵	[[8, 10]]		
但|但|dan4~2	0	不但	不但	bu4 dan4	不但|不但|bu4 dan4	1	他不但會唱歌，還會跳舞。	他不但会唱歌，还会跳舞。	不但	[[1, 3]]		
但|但|dan4~2	1	但願	但愿	dan4 yuan4	但願|但愿|dan4 yuan4	1	但願他能早日恢復健康。	但愿他能早日恢复健康。	但願	[[0, 2]]		
佈|布|bu4~1	0	宣佈	宣布	xuan1 bu4	宣佈|宣布|xuan1 bu4	1	主席宣佈會議開始。	主席宣布会议开始。	宣佈	[[2, 4]]		
佈|布|bu4~1	1	公佈	公布	gong1 bu4	公佈|公布|gong1 bu4	1	學校下週公佈錄取名單。	学校下周公布录取名单。	公佈	[[4, 6]]		
佈|布|bu4~1	2	發佈	发布	fa1 bu4	發佈|发布|fa1 bu4	1	這家公司剛剛發佈新產品。	这家公司刚刚发布新产品。	發佈	[[6, 8]]		
佈|布|bu4~2	0	分佈	分布	fen1 bu4	分佈|分布|fen1 bu4	1	山上分佈著許多小村子。	山上分布着许多小村子。	分佈	[[2, 4]]		
佈|布|bu4~2	1	佈置	布置	bu4 zhi4	佈置|布置|bu4 zhi4	1	他們正在佈置明天的會場。	他们正在布置明天的会场。	佈置	[[4, 6]]		
位|位|wei4~1	0	位置	位置	wei4 zhi5	位置|位置|wei4 zhi5	1	這家店的位置很好找。	这家店的位置很好找。	位置	[[4, 6]]		
位|位|wei4~1	1	座位	座位	zuo4 wei4	座位|座位|zuo4 wei4	1	車上的座位已經坐滿了。	车上的座位已经坐满了。	座位	[[3, 5]]		
位|位|wei4~1	2	職位	职位	zhi2 wei4	職位|职位|zhi2 wei4	1	他在公司申請了新的職位。	他在公司申请了新的职位。	職位	[[9, 11]]		
位|位|wei4~4	0	電位	电位	dian4 wei4	電位|电位|dian4 wei4	1	老師讓我們計算兩點的電位。	老师让我们计算两点的电位。	電位	[[10, 12]]		
位|位|wei4~4	1	位能	位能	wei4 neng2	位能|位能|wei4 neng2	1	石頭離地越高，位能越大。	石头离地越高，位能越大。	位能	[[7, 9]]		
住|住|zhu4~2	0	抓住	抓住	zhua1 zhu4	抓住|抓住|zhua1 zhu4	1	他抓住機會，向老師提出問題。	他抓住机会，向老师提出问题。	抓住	[[1, 3]]		
住|住|zhu4~2	1	擋住	挡住	dang3 zhu4	擋住|挡住|dang3 zhu4	1	前面的大樓擋住了陽光。	前面的大楼挡住了阳光。	擋住	[[5, 7]]		
住|住|zhu4~2	2	忍不住	忍不住	ren3 bu5 zhu4	忍不住|忍不住|ren3 bu5 zhu4	1	聽到這個消息，她忍不住哭了。	听到这个消息，她忍不住哭了。	忍不住	[[8, 11]]		
住|住|zhu4~3	0	住口	住口	zhu4 kou3	住口|住口|zhu4 kou3	1	他一聽就生氣，叫我住口。	他一听就生气，叫我住口。	住口	[[9, 11]]		
住|住|zhu4~3	1	住手	住手	zhu4 shou3	住手|住手|zhu4 shou3	1	快住手，別再弄壞東西了！	快住手，别再弄坏东西了！	住手	[[1, 3]]		
住|住|zhu4~3	2	住嘴	住嘴	zhu4 zui3	住嘴|住嘴|zhu4 zui3	1	你給我住嘴，不要再說了。	你给我住嘴，不要再说了。	住嘴	[[3, 5]]		
何|何|he2~1	0	如何	如何	ru2 he2	如何|如何|ru2 he2	1	你覺得這個辦法如何？	你觉得这个办法如何？	如何	[[7, 9]]		
何|何|he2~1	1	為何	为何	wei4 he2	為何|为何|wei4 he2	1	他至今不明白為何失敗。	他至今不明白为何失败。	為何	[[6, 8]]		
何|何|he2~1	2	何時	何时	he2 shi2	何時|何时|he2 shi2	1	我們不知何時才能見面。	我们不知何时才能见面。	何時	[[4, 6]]		
作|作|zuo1~1	0	作坊	作坊	zuo1 fang5	作坊|作坊|zuo1 fang5	1	這家小作坊只有五個工人。	这家小作坊只有五个工人。	作坊	[[3, 5]]		
作|作|zuo4~3	0	當作	当作	dang4 zuo4	當作|当作|dang4 zuo4	1	他一直當作沒聽見。	他一直当作没听见。	當作	[[3, 5]]		
作|作|zuo4~3	1	看作	看作	kan4 zuo4	看作|看作|kan4 zuo4	1	我們可以把失敗看作一種經驗。	我们可以把失败看作一种经验。	看作	[[7, 9]]		
作|作|zuo4~4	0	著作	著作	zhu4 zuo4	著作|著作|zhu4 zuo4	1	這位學者有很多重要著作。	这位学者有很多重要著作。	著作	[[9, 11]]		
作|作|zuo4~4	1	名作	名作	ming2 zuo4	名作|名作|ming2 zuo4	1	他讀過很多古代名作。	他读过很多古代名作。	名作	[[7, 9]]		
作|作|zuo4~5	0	裝作	装作	zhuang1 zuo4	裝作|装作|zhuang1 zuo4	1	她裝作很高興的樣子。	她装作很高兴的样子。	裝作	[[1, 3]]		
作|作|zuo4~5	1	故作	故作	gu4 zuo4	故作|故作|gu4 zuo4	1	他故作冷靜，其實很緊張。	他故作冷静，其实很紧张。	故作	[[1, 3]]		
作|作|zuo4~6	0	作痛	作痛	zuo4 tong4	作痛|作痛|zuo4 tong4	1	他的腿受過傷，天冷時就作痛。	他的腿受过伤，天冷时就作痛。	作痛	[[11, 13]]		
作|作|zuo4~6	1	作嘔	作呕	zuo4 ou3	作嘔|作呕|zuo4 ou3	1	這種場面讓人作嘔。	这种场面让人作呕。	作嘔	[[6, 8]]		
作用|作用|zuo4 yong4~3	0	光合作用	光合作用	guang1 he2 zuo4 yong4	光合作用|光合作用|guang1 he2 zuo4 yong4	1	植物靠光合作用得到能量。	植物靠光合作用得到能量。	光合作用	[[3, 7]]	動詞後	动词后
作用|作用|zuo4 yong4~3	1	抑制作用	抑制作用	yi4 zhi4 zuo4 yong4	抑制作用|抑制作用|yi4 zhi4 zuo4 yong4	1	這種藥物對病毒有抑制作用。	这种药物对病毒有抑制作用。	抑制作用	[[8, 12]]	動詞後	动词后
使|使|shi3~7	0	大使	大使	da4 shi3	大使|大使|da4 shi3	1	他當了三年大使，剛回國。	他当了三年大使，刚回国。	大使	[[5, 7]]		
使|使|shi3~7	1	使者	使者	shi3 zhe3	使者|使者|shi3 zhe3	1	他作為和平使者去了很多國家。	他作为和平使者去了很多国家。	使者	[[5, 7]]		
使|使|shi3~7	2	天使	天使	tian1 shi3	天使|天使|tian1 shi3	1	她的笑容像天使一樣可愛。	她的笑容像天使一样可爱。	天使	[[5, 7]]		
使|使|shi3~8	0	指使	指使	zhi3 shi3	指使|指使|zhi3 shi3	1	這件事是誰指使你做的？	这件事是谁指使你做的？	指使	[[5, 7]]		
使|使|shi3~8	1	使喚	使唤	shi3 huan5	使喚|使唤|shi3 huan5	1	他總是使喚弟弟幫他拿東西。	他总是使唤弟弟帮他拿东西。	使喚	[[3, 5]]		
來|来|lai2~8	0	來年	来年	lai2 nian2	來年|来年|lai2 nian2	1	來年春天我們打算搬家。	来年春天我们打算搬家。	來年	[[0, 2]]	時間詞前	时间词前
來|来|lai2~8	1	來世	来世	lai2 shi4	來世|来世|lai2 shi4	1	他相信人死後還有來世。	他相信人死后还有来世。	來世	[[8, 10]]	名詞前	名词前
供|供|gong4~2	0	供品	供品	gong4 pin3	供品|供品|gong4 pin3	1	神像前面放著許多供品。	神像前面放着许多供品。	供品	[[8, 10]]		
供|供|gong4~2	1	上供	上供	shang4 gong4	上供|上供|shang4 gong4	1	他們會在重要的日子上供。	他们会在重要的日子上供。	上供	[[9, 11]]		
供|供|gong4~3	0	招供	招供	zhao1 gong4	招供|招供|zhao1 gong4	1	他最後向警方招供了。	他最后向警方招供了。	招供	[[6, 8]]	動	动
供|供|gong4~3	1	口供	口供	kou3 gong4	口供|口供|kou3 gong4	1	警察記下了他的口供。	警察记下了他的口供。	口供	[[7, 9]]	名	名
依|依|yi1~2	0	依靠	依靠	yi1 kao4	依靠|依靠|yi1 kao4	1	他一直依靠自己的努力生活。	他一直依靠自己的努力生活。	依靠	[[3, 5]]		
依|依|yi1~2	1	依賴	依赖	yi1 lai4	依賴|依赖|yi1 lai4	1	孩子不能太依賴父母。	孩子不能太依赖父母。	依賴	[[5, 7]]		
便|便|bian4~1	0	方便	方便	fang1 bian4	方便|方便|fang1 bian4	1	這裡買東西很方便。	这里买东西很方便。	方便	[[6, 8]]		
便|便|bian4~1	1	便利	便利	bian4 li4	便利|便利|bian4 li4	1	便利的交通讓生活變得輕鬆。	便利的交通让生活变得轻松。	便利	[[0, 2]]		
便|便|bian4~1	2	便於	便于	bian4 yu2	便於|便于|bian4 yu2	1	新的座位安排便於大家討論。	新的座位安排便于大家讨论。	便於	[[6, 8]]		
便|便|bian4~3	0	大便	大便	da4 bian4	大便|大便|da4 bian4	1	醫生問他大便正不正常。	医生问他大便正不正常。	大便	[[4, 6]]		
便|便|bian4~3	1	小便	小便	xiao3 bian4	小便|小便|xiao3 bian4	1	小便的顏色和身體有關。	小便的颜色和身体有关。	小便	[[0, 2]]		
便|便|bian4~3	2	便秘	便秘	bian4 mi4	便秘|便秘|bian4 mi4	1	他這幾天有點便秘，很難受。	他这几天有点便秘，很难受。	便秘	[[6, 8]]		
便|便|bian4~4	0	便服	便服	bian4 fu2	便服|便服|bian4 fu2	1	今天不用穿制服，穿便服就好。	今天不用穿制服，穿便服就好。	便服	[[9, 11]]		
便|便|bian4~4	1	便飯	便饭	bian4 fan4	便飯|便饭|bian4 fan4	1	晚上到我家吃頓便飯吧。	晚上到我家吃顿便饭吧。	便飯	[[7, 9]]		
便|便|bian4~4	2	便條	便条	bian4 tiao2	便條|便条|bian4 tiao2	1	他在門上留了一張便條。	他在门上留了一张便条。	便條	[[8, 10]]		
便|便|bian4~5	0	即便	即便	ji2 bian4	即便|即便|ji2 bian4	1	即便下大雨，比賽也要進行。	即便下大雨，比赛也要进行。	即便	[[0, 2]]		
係|系|xi4~1	0	關係	关系	guan1 xi5	關係|关系|guan1 xi5	1	他們兩個的關係很好。	他们两个的关系很好。	關係	[[5, 7]]		
係|系|xi4~1	1	干係	干系	gan1 xi4	干係|干系|gan1 xi4	1	這件事跟他脫不了干係。	这件事跟他脱不了干系。	干係	[[8, 10]]		
信|信|xin4~4	0	信用	信用	xin4 yong4	信用|信用|xin4 yong4	1	他做生意很講信用。	他做生意很讲信用。	信用	[[6, 8]]		
信|信|xin4~4	1	誠信	诚信	cheng2 xin4	誠信|诚信|cheng2 xin4	1	做人要誠信，不能騙人。	做人要诚信，不能骗人。	誠信	[[3, 5]]		
信|信|xin4~4	2	守信	守信	shou3 xin4	守信|守信|shou3 xin4	1	守信的人到處都受歡迎。	守信的人到处都受欢迎。	守信	[[0, 2]]		
信|信|xin4~5	0	信口	信口	xin4 kou3	信口|信口|xin4 kou3	1	他常常信口答應別人。	他常常信口答应别人。	信口	[[3, 5]]		
信|信|xin4~5	1	信手	信手	xin4 shou3	信手|信手|xin4 shou3	1	她信手畫了一隻小貓。	她信手画了一只小猫。	信手	[[1, 3]]		
信|信|xin4~5	2	信步	信步	xin4 bu4	信步|信步|xin4 bu4	1	我信步走進了公園。	我信步走进了公园。	信步	[[1, 3]]		
修|修|xiu1~5	0	修養	修养	xiu1 yang3	修養|修养|xiu1 yang3	1	他是個很有修養的人。	他是个很有修养的人。	修養	[[5, 7]]		
修|修|xiu1~5	1	修行	修行	xiu1 xing2	修行|修行|xiu1 xing2	1	那位老人在山上修行多年。	那位老人在山上修行多年。	修行	[[7, 9]]		
修|修|xiu1~5	2	修身	修身	xiu1 shen1	修身|修身|xiu1 shen1	1	讀書不只為了考試，也為了修身。	读书不只为了考试，也为了修身。	修身	[[12, 14]]		
倍|倍|bei4~2	0	加倍	加倍	jia1 bei4	加倍|加倍|jia1 bei4	1	這個月的收入加倍了。	这个月的收入加倍了。	加倍	[[6, 8]]		
倍|倍|bei4~2	1	倍增	倍增	bei4 zeng1	倍增|倍增|bei4 zeng1	1	這幾年來這裡的遊客倍增。	这几年来这里的游客倍增。	倍增	[[9, 11]]		
倒|倒|dao3~4	0	倒賣	倒卖	dao3 mai4	倒賣|倒卖|dao3 mai4	1	他因為倒賣門票被抓了。	他因为倒卖门票被抓了。	倒賣	[[3, 5]]		
倒|倒|dao3~4	1	倒手	倒手	dao3 shou3	倒手|倒手|dao3 shou3	1	這些東西倒手就能賺錢。	这些东西倒手就能赚钱。	倒手	[[4, 6]]		
倫|伦|lun2~1	0	倫理	伦理	lun2 li3	倫理|伦理|lun2 li3	1	醫學上的倫理問題越來越多。	医学上的伦理问题越来越多。	倫理	[[4, 6]]		
倫|伦|lun2~1	1	人倫	人伦	ren2 lun2	人倫|人伦|ren2 lun2	1	這種行為完全不合人倫。	这种行为完全不合人伦。	人倫	[[8, 10]]		
倫|伦|lun2~1	2	天倫	天伦	tian1 lun2	天倫|天伦|tian1 lun2	1	過年時全家享受天倫之樂。	过年时全家享受天伦之乐。	天倫	[[7, 9]]		
倫|伦|lun2~2	0	語無倫次	语无伦次	yu3 wu2 lun2 ci4	語無倫次|语无伦次|yu3 wu2 lun2 ci4	1	他緊張得說話語無倫次。	他紧张得说话语无伦次。	語無倫次	[[6, 10]]		
倫|伦|lun2~3	0	無與倫比	无与伦比	wu2 yu3 lun2 bi3	無與倫比|无与伦比|wu2 yu3 lun2 bi3	1	他的畫在當時無與倫比。	他的画在当时无与伦比。	無與倫比	[[6, 10]]		
值|值|zhi2~3	0	值班	值班	zhi2 ban1	值班|值班|zhi2 ban1	1	今天晚上輪到他值班。	今天晚上轮到他值班。	值班	[[7, 9]]		
值|值|zhi2~3	1	值日	值日	zhi2 ri4	值日|值日|zhi2 ri4	1	這個星期由我們組值日。	这个星期由我们组值日。	值日	[[8, 10]]		
值|值|zhi2~3	2	值勤	值勤	zhi2 qin2	值勤|值勤|zhi2 qin2	1	警察正在路口值勤。	警察正在路口值勤。	值勤	[[6, 8]]		
假|假|jia3~2	0	假如	假如	jia3 ru2	假如|假如|jia3 ru2	1	假如明天下雨，我們就不去了。	假如明天下雨，我们就不去了。	假如	[[0, 2]]	假設條件	假设条件
假|假|jia3~2	1	假設	假设	jia3 she4	假設|假设|jia3 she4	1	我們可以先假設這件事會發生。	我们可以先假设这件事会发生。	假設	[[5, 7]]	提出假定	提出假定
假|假|jia3~3	0	假借	假借	jia3 jie4	假借|假借|jia3 jie4	1	他假借別人的名義做壞事。	他假借别人的名义做坏事。	假借	[[1, 3]]		
假|假|jia3~3	1	假手	假手	jia3 shou3	假手|假手|jia3 shou3	1	這件事他不願假手他人。	这件事他不愿假手他人。	假手	[[6, 8]]		
傳|传|zhuan4~1	0	傳記	传记	zhuan4 ji4	傳記|传记|zhuan4 ji4	1	他正在讀一本名人傳記。	他正在读一本名人传记。	傳記	[[8, 10]]		
傳|传|zhuan4~1	1	自傳	自传	zi4 zhuan4	自傳|自传|zi4 zhuan4	1	這位作家出版了自傳。	这位作家出版了自传。	自傳	[[7, 9]]		
傳|传|zhuan4~2	0	經傳	经传	jing1 zhuan4	經傳|经传|jing1 zhuan4	1	他是個名不見經傳的年輕作家。	他是个名不见经传的年轻作家。	經傳	[[6, 8]]		
像|像|xiang4~4	0	畫像	画像	hua4 xiang4	畫像|画像|hua4 xiang4	1	牆上掛著一幅畫像。	墙上挂着一幅画像。	畫像	[[6, 8]]		
像|像|xiang4~4	1	雕像	雕像	diao1 xiang4	雕像|雕像|diao1 xiang4	1	公園中間有一座雕像。	公园中间有一座雕像。	雕像	[[7, 9]]		
像|像|xiang4~4	2	頭像	头像	tou2 xiang4	頭像|头像|tou2 xiang4	1	他換了一張新的頭像。	他换了一张新的头像。	頭像	[[7, 9]]		
元|元|yuan2~2	0	元年	元年	yuan2 nian2	元年|元年|yuan2 nian2	1	學校成立的元年只有二十名學生。	学校成立的元年只有二十名学生。	元年	[[5, 7]]		
元|元|yuan2~2	1	元老	元老	yuan2 lao3	元老|元老|yuan2 lao3	1	他是公司裡的元老，大家都聽他的。	他是公司里的元老，大家都听他的。	元老	[[6, 8]]		
元|元|yuan2~2	2	元首	元首	yuan2 shou3	元首|元首|yuan2 shou3	1	各國元首明天將在這裡見面。	各国元首明天将在这里见面。	元首	[[2, 4]]		
元|元|yuan2~3	0	元素	元素	yuan2 su4	元素|元素|yuan2 su4	1	水由兩種元素構成。	水由两种元素构成。	元素	[[4, 6]]		
元|元|yuan2~3	1	單元	单元	dan1 yuan2	單元|单元|dan1 yuan2	1	這本書的第一單元很簡單。	这本书的第一单元很简单。	單元	[[6, 8]]		
元|元|yuan2~3	2	元件	元件	yuan2 jian4	元件|元件|yuan2 jian4	1	電腦裡有很多小元件。	电脑里有很多小元件。	元件	[[7, 9]]		
元|元|yuan2~4	0	公元	公元	gong1 yuan2	公元|公元|gong1 yuan2	1	那場戰爭發生在公元前一百年。	那场战争发生在公元前一百年。	公元	[[7, 9]]		
元|元|yuan2~4	1	紀元	纪元	ji4 yuan2	紀元|纪元|ji4 yuan2	1	這項發明開創了人類的新紀元。	这项发明开创了人类的新纪元。	紀元	[[11, 13]]		
元|元|yuan2~5	0	元宇宙	元宇宙	yuan2 yu3 zhou4	元宇宙|元宇宙|yuan2 yu3 zhou4	1	他花很多時間在元宇宙裡玩遊戲。	他花很多时间在元宇宙里玩游戏。	元宇宙	[[7, 10]]	加在名詞前	加在名词前
先|先|xian1~4	0	先父	先父	xian1 fu4	先父|先父|xian1 fu4	1	這是先父留下來的房子。	这是先父留下来的房子。	先父	[[2, 4]]	加在稱呼前	加在称呼前
先|先|xian1~4	1	先母	先母	xian1 mu3	先母|先母|xian1 mu3	1	他寫文章紀念先母。	他写文章纪念先母。	先母	[[6, 8]]	加在稱呼前	加在称呼前
光|光|guang1~2	0	光明	光明	guang1 ming2	光明|光明|guang1 ming2	1	走出山洞，眼前一片光明。	走出山洞，眼前一片光明。	光明	[[9, 11]]		
光|光|guang1~2	1	光亮	光亮	guang1 liang4	光亮|光亮|guang1 liang4	1	這種紙的表面很光亮。	这种纸的表面很光亮。	光亮	[[7, 9]]		
克|克|ke4~2	0	克服	克服	ke4 fu2	克服|克服|ke4 fu2	1	只要努力，就能克服困難。	只要努力，就能克服困难。	克服	[[7, 9]]		
克|克|ke4~2	1	克制	克制	ke4 zhi4	克制|克制|ke4 zhi4	1	他很難克制自己的脾氣。	他很难克制自己的脾气。	克制	[[3, 5]]		
克|克|ke4~3	0	克勤克儉	克勤克俭	ke4 qin2 ke4 jian3	克勤克儉|克勤克俭|ke4 qin2 ke4 jian3	1	他們一家人克勤克儉，日子過得不錯。	他们一家人克勤克俭，日子过得不错。	克勤克儉	[[5, 9]]		
兒|儿|er2~1	0	兒子	儿子	er2 zi5	兒子|儿子|er2 zi5	1	他兒子今年上小學了。	他儿子今年上小学了。	兒子	[[1, 3]]		
兒|儿|er2~1	1	兒女	儿女	er2 nu:3	兒女|儿女|er2 nu:3	1	父母總是為兒女擔心。	父母总是为儿女担心。	兒女	[[5, 7]]		
兒|儿|er2~1	2	兒孫	儿孙	er2 sun1	兒孫|儿孙|er2 sun1	1	老人家喜歡跟兒孫住在一起。	老人家喜欢跟儿孙住在一起。	兒孫	[[6, 8]]		
兒|儿|er2~2	0	兒童	儿童	er2 tong2	兒童|儿童|er2 tong2	1	這本書很適合兒童看。	这本书很适合儿童看。	兒童	[[6, 8]]		
兒|儿|er2~2	1	嬰兒	婴儿	ying1 er2	嬰兒|婴儿|ying1 er2	1	剛出生的嬰兒每天睡很久。	刚出生的婴儿每天睡很久。	嬰兒	[[4, 6]]		
兒|儿|er2~2	2	幼兒	幼儿	you4 er2	幼兒|幼儿|you4 er2	1	幼兒需要大人照顧。	幼儿需要大人照顾。	幼兒	[[0, 2]]		
入|入|ru4~1	0	進入	进入	jin4 ru4	進入|进入|jin4 ru4	1	他們從後門進入大樓。	他们从后门进入大楼。	進入	[[5, 7]]		
入|入|ru4~1	1	入口	入口	ru4 kou3	入口|入口|ru4 kou3	1	車站的入口在馬路對面。	车站的入口在马路对面。	入口	[[3, 5]]		
入|入|ru4~1	2	入場	入场	ru4 chang3	入場|入场|ru4 chang3	1	觀眾正在排隊入場。	观众正在排队入场。	入場	[[6, 8]]		
入|入|ru4~2	0	加入	加入	jia1 ru4	加入|加入|jia1 ru4	1	他去年加入了學校的球隊。	他去年加入了学校的球队。	加入	[[3, 5]]		
入|入|ru4~2	1	入學	入学	ru4 xue2	入學|入学|ru4 xue2	1	弟弟明年就要入學了。	弟弟明年就要入学了。	入學	[[6, 8]]		
入|入|ru4~3	0	入時	入时	ru4 shi2	入時|入时|ru4 shi2	1	她今天穿得很入時。	她今天穿得很入时。	入時	[[6, 8]]		
公|公|gong1~1	0	公園	公园	gong1 yuan2	公園|公园|gong1 yuan2	1	週末我們去公園走走。	周末我们去公园走走。	公園	[[5, 7]]		
公|公|gong1~1	1	公共	公共	gong1 gong4	公共|公共|gong1 gong4	1	這裡是公共的地方，不要大聲說話。	这里是公共的地方，不要大声说话。	公共	[[3, 5]]		
公|公|gong1~1	2	公路	公路	gong1 lu4	公路|公路|gong1 lu4	1	這條公路通到山上。	这条公路通到山上。	公路	[[2, 4]]		
公|公|gong1~2	0	公平	公平	gong1 ping2	公平|公平|gong1 ping2	1	比賽的規則對雙方都很公平。	比赛的规则对双方都很公平。	公平	[[10, 12]]		
公|公|gong1~2	1	公正	公正	gong1 zheng4	公正|公正|gong1 zheng4	1	法官必須公正地處理案件。	法官必须公正地处理案件。	公正	[[4, 6]]		
公|公|gong1~2	2	公道	公道	gong1 dao4	公道|公道|gong1 dao4	1	他做生意價錢很公道。	他做生意价钱很公道。	公道	[[7, 9]]		
公|公|gong1~3	0	公開	公开	gong1 kai1	公開|公开|gong1 kai1	1	這個消息還沒有公開。	这个消息还没有公开。	公開	[[7, 9]]		
公|公|gong1~3	1	公佈	公布	gong1 bu4	公佈|公布|gong1 bu4	1	學校明天公佈考試結果。	学校明天公布考试结果。	公佈	[[4, 6]]		
公|公|gong1~3	2	公告	公告	gong1 gao4	公告|公告|gong1 gao4	1	門口貼著一張公告。	门口贴着一张公告。	公告	[[6, 8]]		
公|公|gong1~4	0	公里	公里	gong1 li3	公里|公里|gong1 li3	1	從這裡到學校有五公里。	从这里到学校有五公里。	公里	[[8, 10]]		
公|公|gong1~4	1	公斤	公斤	gong1 jin1	公斤|公斤|gong1 jin1	1	這袋米重二十公斤。	这袋米重二十公斤。	公斤	[[6, 8]]		
公|公|gong1~4	2	公海	公海	gong1 hai3	公海|公海|gong1 hai3	1	那艘船已經開到公海上了。	那艘船已经开到公海上了。	公海	[[7, 9]]		
公|公|gong1~6	0	公公	公公	gong1 gong5	公公|公公|gong1 gong5	1	我公公今年七十歲了。	我公公今年七十岁了。	公公	[[1, 3]]		
公|公|gong1~6	1	公婆	公婆	gong1 po2	公婆|公婆|gong1 po2	1	她跟公婆住在一起。	她跟公婆住在一起。	公婆	[[2, 4]]		
公|公|gong1~7	0	公爵	公爵	gong1 jue2	公爵|公爵|gong1 jue2	1	國王封他為公爵。	国王封他为公爵。	公爵	[[5, 7]]		
公|公|gong1~7	1	王公	王公	wang2 gong1	王公|王公|wang2 gong1	1	那時的王公都很有錢。	那时的王公都很有钱。	王公	[[3, 5]]		
共|共|gong4~1	0	共同	共同	gong4 tong2	共同|共同|gong4 tong2	1	這件事需要大家共同努力。	这件事需要大家共同努力。	共同	[[7, 9]]		
共|共|gong4~1	1	共享	共享	gong4 xiang3	共享|共享|gong4 xiang3	1	圖書館的資料可以共享。	图书馆的资料可以共享。	共享	[[8, 10]]		
共|共|gong4~1	2	共事	共事	gong4 shi4	共事|共事|gong4 shi4	1	我和他共事了三年。	我和他共事了三年。	共事	[[3, 5]]		
共|共|gong4~3	0	中共	中共	Zhong1 Gong4	中共|中共|Zhong1 Gong4	1	他寫了一本關於中共的書。	他写了一本关于中共的书。	中共	[[7, 9]]		
共|共|gong4~3	1	反共	反共	fan3 gong4	反共|反共|fan3 gong4	1	這部電影的內容十分反共。	这部电影的内容十分反共。	反共	[[9, 11]]		
兵|兵|bing1~2	0	兵器	兵器	bing1 qi4	兵器|兵器|bing1 qi4	1	博物館裡有很多古代的兵器。	博物馆里有很多古代的兵器。	兵器	[[10, 12]]		
兵|兵|bing1~2	1	兵工廠	兵工厂	bing1 gong1 chang3	兵工廠|兵工厂|bing1 gong1 chang3	1	這裡以前是一座兵工廠。	这里以前是一座兵工厂。	兵工廠	[[7, 10]]		
兵|兵|bing1~3	0	兵法	兵法	bing1 fa3	兵法|兵法|bing1 fa3	1	這位將軍很懂兵法。	这位将军很懂兵法。	兵法	[[6, 8]]		
兵|兵|bing1~3	1	紙上談兵	纸上谈兵	zhi3 shang4 tan2 bing1	紙上談兵|纸上谈兵|zhi3 shang4 tan2 bing1	1	光是紙上談兵解決不了問題。	光是纸上谈兵解决不了问题。	紙上談兵	[[2, 6]]		
其|其|qi2~2	0	其中	其中	qi2 zhong1	其中|其中|qi2 zhong1	1	這幾個辦法，其中一個最好。	这几个办法，其中一个最好。	其中	[[6, 8]]		
其|其|qi2~2	1	其他	其他	qi2 ta1	其他|其他|qi2 ta1	1	除了他，其他人都到了。	除了他，其他人都到了。	其他	[[4, 6]]		
其|其|qi2~2	2	其次	其次	qi2 ci4	其次|其次|qi2 ci4	1	安全第一，速度其次。	安全第一，速度其次。	其次	[[7, 9]]		
具|具|ju4~1	0	工具	工具	gong1 ju4	工具|工具|gong1 ju4	1	修車的工具都放在後面。	修车的工具都放在后面。	工具	[[3, 5]]		
具|具|ju4~1	1	文具	文具	wen2 ju4	文具|文具|wen2 ju4	1	開學前我去買了一些文具。	开学前我去买了一些文具。	文具	[[9, 11]]		
具|具|ju4~1	2	餐具	餐具	can1 ju4	餐具|餐具|can1 ju4	1	吃完飯要把餐具洗好。	吃完饭要把餐具洗好。	餐具	[[5, 7]]		
具|具|ju4~2	0	具有	具有	ju4 you3	具有|具有|ju4 you3	1	這件事具有重要的意義。	这件事具有重要的意义。	具有	[[3, 5]]		
具|具|ju4~2	1	具備	具备	ju4 bei4	具備|具备|ju4 bei4	1	他已經具備了當老師的條件。	他已经具备了当老师的条件。	具備	[[3, 5]]		
几|几|ji1~1	0	茶几	茶几	cha2 ji1	茶几|茶几|cha2 ji1	1	他把杯子放在茶几上。	他把杯子放在茶几上。	茶几	[[6, 8]]		
几|几|ji1~1	1	窗明几淨	窗明几净	chuang1 ming2 ji1 jing4	窗明几淨|窗明几净|chuang1 ming2 ji1 jing4	1	走進屋子，只見窗明几淨。	走进屋子，只见窗明几净。	窗明几淨	[[7, 11]]		
凱|凯|kai3~1	0	凱歌	凯歌	kai3 ge1	凱歌|凯歌|kai3 ge1	1	士兵們唱著凱歌走進城裡。	士兵们唱着凯歌走进城里。	凱歌	[[5, 7]]		
凱|凯|kai3~1	1	凱旋	凯旋	kai3 xuan2	凱旋|凯旋|kai3 xuan2	1	球隊今天凱旋歸來。	球队今天凯旋归来。	凱旋	[[4, 6]]		
分|分|fen1~9	0	分公司	分公司	fen1 gong1 si1	分公司|分公司|fen1 gong1 si1	1	這家分公司去年才成立。	这家分公司去年才成立。	分公司	[[2, 5]]		
分|分|fen1~9	1	分店	分店	fen1 dian4	分店|分店|fen1 dian4	1	這個牌子在市中心開了分店。	这个牌子在市中心开了分店。	分店	[[10, 12]]		
分|分|fen1~9	2	分局	分局	fen1 ju2	分局|分局|fen1 ju2	1	這件案子由當地的分局負責。	这件案子由当地的分局负责。	分局	[[8, 10]]		
分|分|fen4~1	0	成分	成分	cheng2 fen4	成分|成分|cheng2 fen4	1	請先看清楚食物的成分。	请先看清楚食物的成分。	成分	[[8, 10]]		
分|分|fen4~1	1	水分	水分	shui3 fen4	水分|水分|shui3 fen4	1	天氣乾，皮膚容易失去水分。	天气干，皮肤容易失去水分。	水分	[[10, 12]]		
分|分|fen4~1	2	養分	养分	yang3 fen4	養分|养分|yang3 fen4	1	花要有足夠的養分才長得好。	花要有足够的养分才长得好。	養分	[[6, 8]]		
分|分|fen4~2	0	本分	本分	ben3 fen4	本分|本分|ben3 fen4	1	做好自己的本分最重要。	做好自己的本分最重要。	本分	[[5, 7]]		
分|分|fen4~2	1	分內	分内	fen4 nei4	分內|分内|fen4 nei4	1	這是我分內的工作。	这是我分内的工作。	分內	[[3, 5]]		
分|分|fen4~2	2	安分	安分	an1 fen4	安分|安分|an1 fen4	1	他一向安分，不會做那種事。	他一向安分，不会做那种事。	安分	[[3, 5]]		
切|切|qie1~2	0	切線	切线	qie1 xian4	切線|切线|qie1 xian4	1	老師在黑板上畫了一條切線。	老师在黑板上画了一条切线。	切線	[[10, 12]]		
切|切|qie1~2	1	相切	相切	xiang1 qie1	相切|相切|xiang1 qie1	1	這兩個圓正好相切。	这两个圆正好相切。	相切	[[6, 8]]		
切|切|qie4~1	0	密切	密切	mi4 qie4	密切|密切|mi4 qie4	1	兩國的關係一直很密切。	两国的关系一直很密切。	密切	[[8, 10]]		
切|切|qie4~1	1	親切	亲切	qin1 qie4	親切|亲切|qin1 qie4	1	她說話的樣子讓人感到親切。	她说话的样子让人感到亲切。	親切	[[10, 12]]		
切|切|qie4~1	2	切身	切身	qie4 shen1	切身|切身|qie4 shen1	1	這是跟我們切身相關的事。	这是跟我们切身相关的事。	切身	[[5, 7]]		
切|切|qie4~2	0	迫切	迫切	po4 qie4	迫切|迫切|po4 qie4	1	他迫切需要一份工作。	他迫切需要一份工作。	迫切	[[1, 3]]		
切|切|qie4~2	1	急切	急切	ji2 qie4	急切|急切|ji2 qie4	1	大家急切地等著結果。	大家急切地等着结果。	急切	[[2, 4]]		
切|切|qie4~3	0	切記	切记	qie4 ji4	切記|切记|qie4 ji4	1	出門切記帶上鑰匙。	出门切记带上钥匙。	切記	[[2, 4]]		
切|切|qie4~3	1	切勿	切勿	qie4 wu4	切勿|切勿|qie4 wu4	1	這裡危險，切勿靠近。	这里危险，切勿靠近。	切勿	[[5, 7]]		
切|切|qie4~4	0	切合	切合	qie4 he2	切合|切合|qie4 he2	1	這個辦法切合我們的需要。	这个办法切合我们的需要。	切合	[[4, 6]]		
切|切|qie4~4	1	切題	切题	qie4 ti2	切題|切题|qie4 ti2	1	他的回答一點也不切題。	他的回答一点也不切题。	切題	[[8, 10]]		
切|切|qie4~4	2	確切	确切	que4 qie4	確切|确切|que4 qie4	1	目前還沒有確切的消息。	目前还没有确切的消息。	確切	[[5, 7]]		
切|切|qie4~6	0	咬牙切齒	咬牙切齿	yao3 ya2 qie4 chi3	咬牙切齒|咬牙切齿|yao3 ya2 qie4 chi3	1	他氣得咬牙切齒，說不出話來。	他气得咬牙切齿，说不出话来。	咬牙切齒	[[3, 7]]		
划|划|hua2~2	0	划算	划算	hua2 suan4	划算|划算|hua2 suan4	1	一次買三個比較划算。	一次买三个比较划算。	划算	[[7, 9]]		
划|划|hua2~2	1	划得來	划得来	hua2 de5 lai2	划得來|划得来|hua2 de5 lai2	1	花這麼多錢真的划得來嗎？	花这么多钱真的划得来吗？	划得來	[[7, 10]]		
划|划|hua2~2	2	划不來	划不来	hua2 bu5 lai2	划不來|划不来|hua2 bu5 lai2	1	為了省錢走這麼遠划不來。	为了省钱走这么远划不来。	划不來	[[8, 11]]		
列|列|lie4~2	0	行列	行列	hang2 lie4	行列|行列|hang2 lie4	1	學生們站成整齊的行列。	学生们站成整齐的行列。	行列	[[8, 10]]		
列|列|lie4~2	1	前列	前列	qian2 lie4	前列|前列|qian2 lie4	1	他的成績一直排在班上前列。	他的成绩一直排在班上前列。	前列	[[10, 12]]		
列|列|lie4~2	2	隊列	队列	dui4 lie4	隊列|队列|dui4 lie4	1	士兵們排好隊列準備出發。	士兵们排好队列准备出发。	隊列	[[5, 7]]		
初|初|chu1~1	0	年初	年初	nian2 chu1	年初|年初|nian2 chu1	1	公司年初換了新老闆。	公司年初换了新老板。	年初	[[2, 4]]	名	名
初|初|chu1~1	1	初期	初期	chu1 qi1	初期|初期|chu1 qi1	1	這種病在初期很難發現。	这种病在初期很难发现。	初期	[[4, 6]]	形	形
初|初|chu1~1	2	初級	初级	chu1 ji2	初級|初级|chu1 ji2	1	他正在上初級中文課。	他正在上初级中文课。	初級	[[4, 6]]	形	形
初|初|chu1~2	0	初一	初一	chu1 yi1	初一|初一|chu1 yi1	1	初一那天大家都不上班。	初一那天大家都不上班。	初一	[[0, 2]]		
初|初|chu1~2	1	初三	初三	chu1 san1	初三|初三|chu1 san1	1	初三晚上我們一家人看電影。	初三晚上我们一家人看电影。	初三	[[0, 2]]		
別|别|bie2~2	0	別的	别的	bie2 de5	別的|别的|bie2 de5	1	這件衣服太貴了，有沒有別的？	这件衣服太贵了，有没有别的？	別的	[[11, 13]]		
別|别|bie2~2	1	別處	别处	bie2 chu4	別處|别处|bie2 chu4	1	這家店沒有位子了，我們到別處坐吧。	这家店没有位子了，我们到别处坐吧。	別處	[[12, 14]]		
別|别|bie2~2	2	別名	别名	bie2 ming2	別名|别名|bie2 ming2	1	老虎在民間還有很多別名。	老虎在民间还有很多别名。	別名	[[9, 11]]		
別|别|bie2~3	0	區別	区别	qu1 bie2	區別|区别|qu1 bie2	1	這兩個詞的意思很難區別。	这两个词的意思很难区别。	區別	[[9, 11]]		
別|别|bie2~3	1	辨別	辨别	bian4 bie2	辨別|辨别|bian4 bie2	1	我們要學會辨別消息的真假。	我们要学会辨别消息的真假。	辨別	[[5, 7]]		
別|别|bie2~3	2	識別	识别	shi2 bie2	識別|识别|shi2 bie2	1	新的機器能識別每個人的聲音。	新的机器能识别每个人的声音。	識別	[[5, 7]]		
別|别|bie2~4	0	告別	告别	gao4 bie2	告別|告别|gao4 bie2	1	他向朋友告別後就上了車。	他向朋友告别后就上了车。	告別	[[4, 6]]		
別|别|bie2~4	1	離別	离别	li2 bie2	離別|离别|li2 bie2	1	離別多年的兄弟終於見面了。	离别多年的兄弟终于见面了。	離別	[[0, 2]]		
別|别|bie2~4	2	道別	道别	dao4 bie2	道別|道别|dao4 bie2	1	他們在車站互相道別。	他们在车站互相道别。	道別	[[7, 9]]		
別|别|bie2~5	0	性別	性别	xing4 bie2	性別|性别|xing4 bie2	1	請在這裡寫下你的年齡和性別。	请在这里写下你的年龄和性别。	性別	[[11, 13]]	名詞後綴	名词后缀
別|别|bie2~5	1	派別	派别	pai4 bie2	派別|派别|pai4 bie2	1	這門學問有好幾個派別。	这门学问有好几个派别。	派別	[[8, 10]]	名詞後綴	名词后缀
別|别|bie2~5	2	級別	级别	ji2 bie2	級別|级别|ji2 bie2	1	他在公司裡的級別比我高。	他在公司里的级别比我高。	級別	[[6, 8]]	名詞後綴	名词后缀
利|利|li4~1	0	利益	利益	li4 yi4	利益|利益|li4 yi4	1	這件事關係到大家的利益。	这件事关系到大家的利益。	利益	[[9, 11]]	名	名
利|利|li4~1	1	不利	不利	bu4 li4	不利|不利|bu4 li4	1	這個消息對他很不利。	这个消息对他很不利。	不利	[[7, 9]]	名	名
利|利|li4~1	2	利國利民	利国利民	li4 guo2 li4 min2	利國利民|利国利民|li4 guo2 li4 min2	1	這樣的政策真正利國利民。	这样的政策真正利国利民。	利國利民	[[7, 11]]	動	动
利|利|li4~2	0	利息	利息	li4 xi1	利息|利息|li4 xi1	1	銀行的利息不算高。	银行的利息不算高。	利息	[[3, 5]]		
利|利|li4~2	1	利潤	利润	li4 run4	利潤|利润|li4 run4	1	這家公司去年的利潤增加了。	这家公司去年的利润增加了。	利潤	[[7, 9]]		
利|利|li4~3	0	鋒利	锋利	feng1 li4	鋒利|锋利|feng1 li4	1	小心，這把刀非常鋒利！	小心，这把刀非常锋利！	鋒利	[[8, 10]]		
利|利|li4~3	1	銳利	锐利	rui4 li4	銳利|锐利|rui4 li4	1	他的眼睛像老鷹一樣銳利。	他的眼睛像老鹰一样锐利。	銳利	[[9, 11]]		
制|制|zhi4~1	0	制度	制度	zhi4 du4	制度|制度|zhi4 du4	1	學校的請假制度很清楚。	学校的请假制度很清楚。	制度	[[5, 7]]		
制|制|zhi4~1	1	體制	体制	ti3 zhi4	體制|体制|ti3 zhi4	1	公司正在改變原來的體制。	公司正在改变原来的体制。	體制	[[9, 11]]		
制|制|zhi4~1	2	法制	法制	fa3 zhi4	法制|法制|fa3 zhi4	1	我們要靠法制來管理社會。	我们要靠法制来管理社会。	法制	[[4, 6]]		
制|制|zhi4~2	0	控制	控制	kong4 zhi4	控制|控制|kong4 zhi4	1	她很難控制自己的脾氣。	她很难控制自己的脾气。	控制	[[3, 5]]		
制|制|zhi4~2	1	限制	限制	xian4 zhi4	限制|限制|xian4 zhi4	1	這裡對停車有很多限制。	这里对停车有很多限制。	限制	[[8, 10]]		
制|制|zhi4~2	2	制止	制止	zhi4 zhi3	制止|制止|zhi4 zhi3	1	他站出來制止了這件事。	他站出来制止了这件事。	制止	[[4, 6]]		
刻|刻|ke4~4	0	苛刻	苛刻	ke1 ke4	苛刻|苛刻|ke1 ke4	1	老闆對員工的要求太苛刻了。	老板对员工的要求太苛刻了。	苛刻	[[9, 11]]		
刻|刻|ke4~4	1	刻薄	刻薄	ke4 bo2	刻薄|刻薄|ke4 bo2	1	他說話很刻薄，聽了讓人難受。	他说话很刻薄，听了让人难受。	刻薄	[[4, 6]]		
則|则|ze2~2	0	規則	规则	gui1 ze2	規則|规则|gui1 ze2	1	遊戲的規則很簡單。	游戏的规则很简单。	規則	[[3, 5]]		
則|则|ze2~2	1	原則	原则	yuan2 ze2	原則|原则|yuan2 ze2	1	他做人做事很有原則。	他做人做事很有原则。	原則	[[7, 9]]		
則|则|ze2~2	2	法則	法则	fa3 ze2	法則|法则|fa3 ze2	1	自然界有它自己的法則。	自然界有它自己的法则。	法則	[[8, 10]]		
前|前|qian2~5	0	前途	前途	qian2 tu2	前途|前途|qian2 tu2	1	他能力強，前途一定不錯。	他能力强，前途一定不错。	前途	[[5, 7]]		
前|前|qian2~5	1	前景	前景	qian2 jing3	前景|前景|qian2 jing3	1	這個行業的前景讓人擔心。	这个行业的前景让人担心。	前景	[[5, 7]]		
剛|刚|gang1~3	0	剛強	刚强	gang1 qiang2	剛強|刚强|gang1 qiang2	1	她遇到再大的困難也很剛強。	她遇到再大的困难也很刚强。	剛強	[[10, 12]]		
剛|刚|gang1~3	1	剛毅	刚毅	gang1 yi4	剛毅|刚毅|gang1 yi4	1	老兵的眼神十分剛毅。	老兵的眼神十分刚毅。	剛毅	[[7, 9]]		
剛|刚|gang1~3	2	陽剛	阳刚	yang2 gang1	陽剛|阳刚|yang2 gang1	1	這部電影充滿陽剛之氣。	这部电影充满阳刚之气。	陽剛	[[6, 8]]		
副|副|fu4~1	0	副總統	副总统	fu4 zong3 tong3	副總統|副总统|fu4 zong3 tong3	1	副總統代表國家參加了這次會議。	副总统代表国家参加了这次会议。	副總統	[[0, 3]]		
副|副|fu4~1	1	副教授	副教授	fu4 jiao4 shou4	副教授|副教授|fu4 jiao4 shou4	1	他去年升為副教授。	他去年升为副教授。	副教授	[[5, 8]]		
副|副|fu4~1	2	副手	副手	fu4 shou3	副手|副手|fu4 shou3	1	這件事交給他的副手去辦。	这件事交给他的副手去办。	副手	[[7, 9]]		
副|副|fu4~2	0	副作用	副作用	fu4 zuo4 yong4	副作用|副作用|fu4 zuo4 yong4	1	吃這種藥可能有副作用。	吃这种药可能有副作用。	副作用	[[7, 10]]		
副|副|fu4~2	1	副產品	副产品	fu4 chan3 pin3	副產品|副产品|fu4 chan3 pin3	1	這些副產品也能賣錢。	这些副产品也能卖钱。	副產品	[[2, 5]]		
副|副|fu4~2	2	副業	副业	fu4 ye4	副業|副业|fu4 ye4	1	他把種花當成副業。	他把种花当成副业。	副業	[[6, 8]]		
劃|划|hua4~2	0	計劃	计划	ji4 hua4	計劃|计划|ji4 hua4	1	我們的旅行計劃取消了。	我们的旅行计划取消了。	計劃	[[5, 7]]		
劃|划|hua4~2	1	規劃	规划	gui1 hua4	規劃|规划|gui1 hua4	1	城市的規劃需要很多年。	城市的规划需要很多年。	規劃	[[3, 5]]		
劃|划|hua4~2	2	策劃	策划	ce4 hua4	策劃|策划|ce4 hua4	1	這次活動由他來策劃。	这次活动由他来策划。	策劃	[[7, 9]]		
劇|剧|ju4~2	0	劇烈	剧烈	ju4 lie4	劇烈|剧烈|ju4 lie4	1	醫生說不要做劇烈運動。	医生说不要做剧烈运动。	劇烈	[[6, 8]]		
劇|剧|ju4~2	1	加劇	加剧	jia1 ju4	加劇|加剧|jia1 ju4	1	天氣變冷，他的病加劇了。	天气变冷，他的病加剧了。	加劇	[[8, 10]]		
力|力|li4~2	0	能力	能力	neng2 li4	能力|能力|neng2 li4	1	這件事超過了他的能力。	这件事超过了他的能力。	能力	[[8, 10]]		
力|力|li4~2	1	記憶力	记忆力	ji4 yi4 li4	記憶力|记忆力|ji4 yi4 li4	1	老師說他的記憶力很好。	老师说他的记忆力很好。	記憶力	[[5, 8]]		
力|力|li4~2	2	想像力	想像力	xiang3 xiang4 li4	想像力|想像力|xiang3 xiang4 li4	1	這個孩子很有想像力。	这个孩子很有想像力。	想像力	[[6, 9]]		
力|力|li4~3	0	力求	力求	li4 qiu2	力求|力求|li4 qiu2	1	他寫文章力求簡單清楚。	他写文章力求简单清楚。	力求	[[4, 6]]		
力|力|li4~3	1	力爭	力争	li4 zheng1	力爭|力争|li4 zheng1	1	我們要力爭在今年完成。	我们要力争在今年完成。	力爭	[[3, 5]]		
勒|勒|le4~1	0	勒索	勒索	le4 suo3	勒索|勒索|le4 suo3	1	他被人勒索了一大筆錢。	他被人勒索了一大笔钱。	勒索	[[3, 5]]		
勒|勒|le4~1	1	勒令	勒令	le4 ling4	勒令|勒令|le4 ling4	1	上面勒令他馬上停工。	上面勒令他马上停工。	勒令	[[2, 4]]		
勒|勒|le4~2	0	懸崖勒馬	悬崖勒马	xuan2 ya2 le4 ma3	懸崖勒馬|悬崖勒马|xuan2 ya2 le4 ma3	1	他終於懸崖勒馬，不再賭了。	他终于悬崖勒马，不再赌了。	懸崖勒馬	[[3, 7]]		
勒|勒|le4~2	1	勒馬	勒马	le4 ma3	勒馬|勒马|le4 ma3	1	他用力勒馬，馬停了下來。	他用力勒马，马停了下来。	勒馬	[[3, 5]]		
勝|胜|sheng4~2	0	勝過	胜过	sheng4 guo4	勝過|胜过|sheng4 guo4	1	在我看來，健康勝過一切。	在我看来，健康胜过一切。	勝過	[[7, 9]]		
勝|胜|sheng4~3	0	勝任	胜任	sheng4 ren4	勝任|胜任|sheng4 ren4	1	這份工作他完全可以勝任。	这份工作他完全可以胜任。	勝任	[[9, 11]]		
勝|胜|sheng4~3	1	不勝	不胜	bu4 sheng4	不勝|不胜|bu4 sheng4	1	他喝了兩杯就不勝酒力了。	他喝了两杯就不胜酒力了。	不勝	[[6, 8]]		
勝|胜|sheng4~4	0	名勝	名胜	ming2 sheng4	名勝|名胜|ming2 sheng4	1	這個城市有很多名勝。	这个城市有很多名胜。	名勝	[[7, 9]]		
勝|胜|sheng4~4	1	勝地	胜地	sheng4 di4	勝地|胜地|sheng4 di4	1	這裡是有名的旅遊勝地。	这里是有名的旅游胜地。	勝地	[[8, 10]]		
北|北|bei3~2	0	敗北	败北	bai4 bei3	敗北|败北|bai4 bei3	1	這支球隊在決賽中敗北。	这支球队在决赛中败北。	敗北	[[8, 10]]		
區|区|qu1~3	0	區別	区别	qu1 bie2	區別|区别|qu1 bie2	1	這兩個詞的區別很小。	这两个词的区别很小。	區別	[[5, 7]]		
區|区|qu1~3	1	區分	区分	qu1 fen1	區分|区分|qu1 fen1	1	我們要學會區分好壞。	我们要学会区分好坏。	區分	[[5, 7]]		
區|区|qu1~4	0	區區	区区	qu1 qu1	區區|区区|qu1 qu1	1	區區幾個人做不完這麼多事。	区区几个人做不完这么多事。	區區	[[0, 2]]		
十|十|shi2~2	0	十分	十分	shi2 fen1	十分|十分|shi2 fen1	1	他對這個結果十分高興。	他对这个结果十分高兴。	十分	[[6, 8]]		
十|十|shi2~2	1	十足	十足	shi2 zu2	十足|十足|shi2 zu2	1	他說話的時候信心十足。	他说话的时候信心十足。	十足	[[8, 10]]		
十|十|shi2~2	2	十全十美	十全十美	shi2 quan2 shi2 mei3	十全十美|十全十美|shi2 quan2 shi2 mei3	1	世界上沒有十全十美的人。	世界上没有十全十美的人。	十全十美	[[5, 9]]		
半|半|ban4~2	0	半透明	半透明	ban4 tou4 ming2	半透明|半透明|ban4 tou4 ming2	1	這種紙是半透明的。	这种纸是半透明的。	半透明	[[4, 7]]		
半|半|ban4~2	1	半自動	半自动	ban4 zi4 dong4	半自動|半自动|ban4 zi4 dong4	1	這家工廠用半自動的機器生產。	这家工厂用半自动的机器生产。	半自動	[[5, 8]]		
半|半|ban4~2	2	半信半疑	半信半疑	ban4 xin4 ban4 yi2	半信半疑|半信半疑|ban4 xin4 ban4 yi2	1	大家對他的說法半信半疑。	大家对他的说法半信半疑。	半信半疑	[[7, 11]]		
博|博|bo2~1	0	博物館	博物馆	bo2 wu4 guan3	博物館|博物馆|bo2 wu4 guan3	1	這座博物館每天都有很多人。	这座博物馆每天都有很多人。	博物館	[[2, 5]]		
博|博|bo2~1	1	博愛	博爱	bo2 ai4	博愛|博爱|bo2 ai4	1	他一生宣傳博愛的思想。	他一生宣传博爱的思想。	博愛	[[5, 7]]		
博|博|bo2~2	0	博學	博学	bo2 xue2	博學|博学|bo2 xue2	1	大家都說他很博學。	大家都说他很博学。	博學	[[6, 8]]		
博|博|bo2~2	1	淵博	渊博	yuan1 bo2	淵博|渊博|yuan1 bo2	1	他的學問非常淵博。	他的学问非常渊博。	淵博	[[6, 8]]		
博|博|bo2~3	0	賭博	赌博	du3 bo2	賭博|赌博|du3 bo2	1	他因為賭博失去了工作。	他因为赌博失去了工作。	賭博	[[3, 5]]		
博|博|bo2~3	1	博彩	博彩	bo2 cai3	博彩|博彩|bo2 cai3	1	這家公司經營博彩生意。	这家公司经营博彩生意。	博彩	[[6, 8]]		
博|博|bo2~4	0	博得	博得	bo2 de2	博得|博得|bo2 de2	1	他的表演博得大家的掌聲。	他的表演博得大家的掌声。	博得	[[4, 6]]		
博|博|bo2~4	1	博取	博取	bo2 qu3	博取|博取|bo2 qu3	1	他這樣做只是為了博取同情。	他这样做只是为了博取同情。	博取	[[8, 10]]		
博|博|bo2~6	0	微博	微博	wei1 bo2	微博|微博|wei1 bo2	1	她每天都在微博上寫幾句話。	她每天都在微博上写几句话。	微博	[[5, 7]]		
博|博|bo2~6	1	博主	博主	bo2 zhu3	博主|博主|bo2 zhu3	1	這個博主的文章很有意思。	这个博主的文章很有意思。	博主	[[2, 4]]		
占|占|zhan1~1	0	占卜	占卜	zhan1 bu3	占卜|占卜|zhan1 bu3	1	他不相信占卜這種事。	他不相信占卜这种事。	占卜	[[4, 6]]		
占|占|zhan1~1	1	占星	占星	zhan1 xing1	占星|占星|zhan1 xing1	1	她最近對占星很有興趣。	她最近对占星很有兴趣。	占星	[[4, 6]]		
卡|卡|qia3~2	0	關卡	关卡	guan1 qia3	關卡|关卡|guan1 qia3	1	我們在關卡前面停了很久。	我们在关卡前面停了很久。	關卡	[[3, 5]]		
卡|卡|qia3~3	0	髮卡	发卡	fa4 qia3	髮卡|发卡|fa4 qia3	1	她買了一個很漂亮的髮卡。	她买了一个很漂亮的发卡。	髮卡	[[9, 11]]		
卡|卡|qia3~3	1	卡子	卡子	qia3 zi5	卡子|卡子|qia3 zi5	1	頭髮上別著一個卡子。	头发上别着一个卡子。	卡子	[[7, 9]]		
印|印|yin4~2	0	腳印	脚印	jiao3 yin4	腳印|脚印|jiao3 yin4	1	雪地上留下了一排腳印。	雪地上留下了一排脚印。	腳印	[[8, 10]]		
印|印|yin4~2	1	手印	手印	shou3 yin4	手印|手印|shou3 yin4	1	他在紙上按了一個手印。	他在纸上按了一个手印。	手印	[[8, 10]]		
即|即|ji2~4	0	即位	即位	ji2 wei4	即位|即位|ji2 wei4	1	他的兒子明年就要即位了。	他的儿子明年就要即位了。	即位	[[8, 10]]		
即|即|ji2~4	1	若即若離	若即若离	ruo4 ji2 ruo4 li2	若即若離|若即若离|ruo4 ji2 ruo4 li2	1	他們的關係一直若即若離。	他们的关系一直若即若离。	若即若離	[[7, 11]]		
卻|却|que4~2	0	退卻	退却	tui4 que4	退卻|退却|tui4 que4	1	敵人開始向山下退卻。	敌人开始向山下退却。	退卻	[[7, 9]]		
卻|却|que4~3	0	推卻	推却	tui1 que4	推卻|推却|tui1 que4	1	這份工作他推卻不了。	这份工作他推却不了。	推卻	[[5, 7]]		
卻|却|que4~4	0	忘卻	忘却	wang4 que4	忘卻|忘却|wang4 que4	1	時間讓人忘卻了許多事。	时间让人忘却了许多事。	忘卻	[[4, 6]]		
卻|却|que4~4	1	冷卻	冷却	leng3 que4	冷卻|冷却|leng3 que4	1	湯放了一會兒就冷卻了。	汤放了一会儿就冷却了。	冷卻	[[7, 9]]		
原|原|yuan2~2	0	原因	原因	yuan2 yin1	原因|原因|yuan2 yin1	1	大家都想知道事故發生的原因。	大家都想知道事故发生的原因。	原因	[[11, 13]]		
原|原|yuan2~2	1	病原	病原	bing4 yuan2	病原|病原|bing4 yuan2	1	科學家找到了這種病的病原。	科学家找到了这种病的病原。	病原	[[10, 12]]		
原|原|yuan2~3	0	草原	草原	cao3 yuan2	草原|草原|cao3 yuan2	1	他們騎著馬在草原上跑。	他们骑着马在草原上跑。	草原	[[6, 8]]		
原|原|yuan2~3	1	平原	平原	ping2 yuan2	平原|平原|ping2 yuan2	1	火車開過一大片平原。	火车开过一大片平原。	平原	[[7, 9]]		
原|原|yuan2~3	2	高原	高原	gao1 yuan2	高原|高原|gao1 yuan2	1	這裡是高原，晚上很冷。	这里是高原，晚上很冷。	高原	[[3, 5]]		
去|去|qu4~2	0	去年	去年	qu4 nian2	去年|去年|qu4 nian2	1	去年冬天特別冷，下了幾場雪。	去年冬天特别冷，下了几场雪。	去年	[[0, 2]]		
去|去|qu4~5	0	去世	去世	qu4 shi4	去世|去世|qu4 shi4	1	他的爺爺上個月去世了。	他的爷爷上个月去世了。	去世	[[7, 9]]		
及|及|ji2~2	0	及格	及格	ji2 ge2	及格|及格|ji2 ge2	1	這次考試我剛好及格。	这次考试我刚好及格。	及格	[[7, 9]]		
及|及|ji2~2	1	及時	及时	ji2 shi2	及時|及时|ji2 shi2	1	他及時發現了這個錯誤。	他及时发现了这个错误。	及時	[[1, 3]]		
及|及|ji2~2	2	來得及	来得及	lai2 de5 ji2	來得及|来得及|lai2 de5 ji2	1	現在出發還來得及。	现在出发还来得及。	來得及	[[5, 8]]		
反|反|fan3~2	0	反對	反对	fan3 dui4	反對|反对|fan3 dui4	1	大家都反對這個做法。	大家都反对这个做法。	反對	[[3, 5]]		
反|反|fan3~2	1	反抗	反抗	fan3 kang4	反抗|反抗|fan3 kang4	1	孩子大了，開始反抗父母的安排。	孩子大了，开始反抗父母的安排。	反抗	[[7, 9]]		
反|反|fan3~3	0	反應	反应	fan3 ying4	反應|反应|fan3 ying4	1	觀眾的反應很熱情。	观众的反应很热情。	反應	[[3, 5]]		
反|反|fan3~3	1	反射	反射	fan3 she4	反射|反射|fan3 she4	1	水面反射著太陽的光。	水面反射着太阳的光。	反射	[[2, 4]]		
反|反|fan3~3	2	反問	反问	fan3 wen4	反問|反问|fan3 wen4	1	他不回答，反問了我一句。	他不回答，反问了我一句。	反問	[[5, 7]]		
反|反|fan3~4	0	反而	反而	fan3 er2	反而|反而|fan3 er2	1	藥吃了不少，病反而重了。	药吃了不少，病反而重了。	反而	[[7, 9]]		
反|反|fan3~4	1	反倒	反倒	fan3 dao4	反倒|反倒|fan3 dao4	1	你這樣一說，我反倒不明白了。	你这样一说，我反倒不明白了。	反倒	[[7, 9]]		
反|反|fan3~5	0	造反	造反	zao4 fan3	造反|造反|zao4 fan3	1	那年百姓活不下去，起來造反。	那年百姓活不下去，起来造反。	造反	[[11, 13]]		
反|反|fan3~5	1	反叛	反叛	fan3 pan4	反叛|反叛|fan3 pan4	1	幾個將軍帶兵反叛了。	几个将军带兵反叛了。	反叛	[[6, 8]]		
古|古|gu3~1	0	古代	古代	gu3 dai4	古代|古代|gu3 dai4	1	老師正在講古代的歷史。	老师正在讲古代的历史。	古代	[[5, 7]]		
古|古|gu3~1	1	古人	古人	gu3 ren2	古人|古人|gu3 ren2	1	古人寫的詩到現在還有人讀。	古人写的诗到现在还有人读。	古人	[[0, 2]]		
古|古|gu3~1	2	古老	古老	gu3 lao3	古老|古老|gu3 lao3	1	這是一座非常古老的城市。	这是一座非常古老的城市。	古老	[[6, 8]]		
句|句|ju4~1	0	句子	句子	ju4 zi5	句子|句子|ju4 zi5	1	這個句子太長，讀起來有點累。	这个句子太长，读起来有点累。	句子	[[2, 4]]		
句|句|ju4~1	1	造句	造句	zao4 ju4	造句|造句|zao4 ju4	1	老師要我們用這個詞造句。	老师要我们用这个词造句。	造句	[[9, 11]]		
句|句|ju4~1	2	語句	语句	yu3 ju4	語句|语句|yu3 ju4	1	他文章裡的語句都很清楚。	他文章里的语句都很清楚。	語句	[[5, 7]]		
史|史|shi3~1	0	歷史	历史	li4 shi3	歷史|历史|li4 shi3	1	他對中國歷史很有興趣。	他对中国历史很有兴趣。	歷史	[[4, 6]]		
史|史|shi3~1	1	史書	史书	shi3 shu1	史書|史书|shi3 shu1	1	這件事在史書上有記載。	这件事在史书上有记载。	史書	[[4, 6]]		
史|史|shi3~1	2	史料	史料	shi3 liao4	史料|史料|shi3 liao4	1	他花了很多年收集史料。	他花了很多年收集史料。	史料	[[8, 10]]		
右|右|you4~1	0	右邊	右边	you4 bian5	右邊|右边|you4 bian5	1	書店就在學校右邊。	书店就在学校右边。	右邊	[[6, 8]]		
右|右|you4~1	1	右手	右手	you4 shou3	右手|右手|you4 shou3	1	我習慣用右手拿筷子。	我习惯用右手拿筷子。	右手	[[4, 6]]		
右|右|you4~1	2	左右	左右	zuo3 you4	左右|左右|zuo3 you4	1	過馬路前要先看看左右。	过马路前要先看看左右。	左右	[[8, 10]]		
右|右|you4~2	0	右派	右派	you4 pai4	右派|右派|you4 pai4	1	他在黨內一直屬於右派。	他在党内一直属于右派。	右派	[[8, 10]]		
右|右|you4~2	1	右翼	右翼	you4 yi4	右翼|右翼|you4 yi4	1	右翼的支持者越來越多。	右翼的支持者越来越多。	右翼	[[0, 2]]		
右|右|you4~3	0	無出其右	无出其右	wu2 chu1 qi2 you4	無出其右|无出其右|wu2 chu1 qi2 you4	1	她的書法在校內無出其右。	她的书法在校内无出其右。	無出其右	[[7, 11]]		
叶|叶|xie2~1	0	叶韻	叶韵	xie2 yun4	叶韻|叶韵|xie2 yun4	1	古人讀詩時常用叶韻的辦法。	古人读诗时常用叶韵的办法。	叶韻	[[7, 9]]		
司|司|si1~1	0	司機	司机	si1 ji1	司機|司机|si1 ji1	1	司機把車停在路邊。	司机把车停在路边。	司機	[[0, 2]]		
司|司|si1~1	1	司令	司令	si1 ling4	司令|司令|si1 ling4	1	他當過部隊的司令。	他当过部队的司令。	司令	[[6, 8]]		
司|司|si1~1	2	司法	司法	si1 fa3	司法|司法|si1 fa3	1	這個國家的司法很獨立。	这个国家的司法很独立。	司法	[[5, 7]]		
吉|吉|ji2~1	0	吉利	吉利	ji2 li4	吉利|吉利|ji2 li4	1	他覺得這個號碼很吉利。	他觉得这个号码很吉利。	吉利	[[8, 10]]		
吉|吉|ji2~1	1	吉祥	吉祥	ji2 xiang2	吉祥|吉祥|ji2 xiang2	1	這種花有吉祥的意思。	这种花有吉祥的意思。	吉祥	[[4, 6]]		
吉|吉|ji2~1	2	吉日	吉日	ji2 ri4	吉日|吉日|ji2 ri4	1	他們選了一個吉日結婚。	他们选了一个吉日结婚。	吉日	[[6, 8]]		
吉|吉|ji2~2	0	吉字節	吉字节	ji2 zi4 jie2	吉字節|吉字节|ji2 zi4 jie2	1	這部手機能存六十四吉字節的資料。	这部手机能存六十四吉字节的资料。	吉字節	[[9, 12]]		
同|同|tong2~2	0	共同	共同	gong4 tong2	共同|共同|gong4 tong2	1	兩家公司共同開發新產品。	两家公司共同开发新产品。	共同	[[4, 6]]		
同|同|tong2~2	1	一同	一同	yi1 tong2	一同|一同|yi1 tong2	1	放學後我們一同回家。	放学后我们一同回家。	一同	[[5, 7]]		
名|名|ming2~1	0	名字	名字	ming2 zi5	名字|名字|ming2 zi5	1	這個孩子的名字很好聽。	这个孩子的名字很好听。	名字	[[5, 7]]		
名|名|ming2~1	1	名稱	名称	ming2 cheng1	名稱|名称|ming2 cheng1	1	我不知道這種魚的名稱。	我不知道这种鱼的名称。	名稱	[[8, 10]]		
名|名|ming2~1	2	姓名	姓名	xing4 ming2	姓名|姓名|xing4 ming2	1	請在這裡寫下你的姓名。	请在这里写下你的姓名。	姓名	[[8, 10]]		
名|名|ming2~2	0	名人	名人	ming2 ren2	名人|名人|ming2 ren2	1	許多名人都住在這個城市。	许多名人都住在这个城市。	名人	[[2, 4]]		
名|名|ming2~2	1	名牌	名牌	ming2 pai2	名牌|名牌|ming2 pai2	1	她喜歡買名牌衣服。	她喜欢买名牌衣服。	名牌	[[4, 6]]		
名|名|ming2~2	2	名勝	名胜	ming2 sheng4	名勝|名胜|ming2 sheng4	1	這座城市有不少名勝。	这座城市有不少名胜。	名勝	[[7, 9]]		
后|后|hou4~1	0	皇后	皇后	huang2 hou4	皇后|皇后|huang2 hou4	1	這位皇后在歷史上很有名。	这位皇后在历史上很有名。	皇后	[[2, 4]]		
后|后|hou4~1	1	王后	王后	wang2 hou4	王后|王后|wang2 hou4	1	國王和王后一起出席了儀式。	国王和王后一起出席了仪式。	王后	[[3, 5]]		
后|后|hou4~1	2	太后	太后	tai4 hou4	太后|太后|tai4 hou4	1	宮裡的人都聽太后的話。	宫里的人都听太后的话。	太后	[[6, 8]]		
向|向|xiang4~3	0	方向	方向	fang1 xiang4	方向|方向|fang1 xiang4	1	天太黑，他找不到回家的方向。	天太黑，他找不到回家的方向。	方向	[[11, 13]]		
向|向|xiang4~3	1	風向	风向	feng1 xiang4	風向|风向|feng1 xiang4	1	風向變了，天氣可能也要變。	风向变了，天气可能也要变。	風向	[[0, 2]]		
向|向|xiang4~3	2	去向	去向	qu4 xiang4	去向|去向|qu4 xiang4	1	警方正在調查那輛車的去向。	警方正在调查那辆车的去向。	去向	[[10, 12]]		
向|向|xiang4~5	0	向來	向来	xiang4 lai2	向來|向来|xiang4 lai2	1	他向來不愛說話，今天卻說了很多。	他向来不爱说话，今天却说了很多。	向來	[[1, 3]]		
向|向|xiang4~5	1	一向	一向	yi1 xiang4	一向|一向|yi1 xiang4	1	她一向對人很客氣。	她一向对人很客气。	一向	[[1, 3]]		
呢|呢|ni2~1	0	呢子	呢子	ni2 zi5	呢子|呢子|ni2 zi5	1	他買了一件呢子大衣。	他买了一件呢子大衣。	呢子	[[5, 7]]		
周|周|zhou1~2	0	周到	周到	zhou1 dao4	周到|周到|zhou1 dao4	1	這家店的服務很周到。	这家店的服务很周到。	周到	[[7, 9]]		
周|周|zhou1~2	1	周密	周密	zhou1 mi4	周密|周密|zhou1 mi4	1	他的計劃十分周密。	他的计划十分周密。	周密	[[6, 8]]		
周|周|zhou1~3	0	周濟	周济	zhou1 ji4	周濟|周济|zhou1 ji4	1	他常周濟村裡的窮人。	他常周济村里的穷人。	周濟	[[2, 4]]		
命|命|ming4~3	0	命令	命令	ming4 ling4	命令|命令|ming4 ling4	1	士兵必須服從命令。	士兵必须服从命令。	命令	[[6, 8]]		
命|命|ming4~3	1	奉命	奉命	feng4 ming4	奉命|奉命|feng4 ming4	1	他奉命帶隊去了南方。	他奉命带队去了南方。	奉命	[[1, 3]]		
命|命|ming4~4	0	命名	命名	ming4 ming2	命名|命名|ming4 ming2	1	這顆星是用他的名字命名的。	这颗星是用他的名字命名的。	命名	[[9, 11]]		
品|品|pin3~1	0	產品	产品	chan3 pin3	產品|产品|chan3 pin3	1	這家工廠的產品賣到國外。	这家工厂的产品卖到国外。	產品	[[5, 7]]		
品|品|pin3~1	1	食品	食品	shi2 pin3	食品|食品|shi2 pin3	1	商店裡的食品都很新鮮。	商店里的食品都很新鲜。	食品	[[4, 6]]		
品|品|pin3~1	2	用品	用品	yong4 pin3	用品|用品|yong4 pin3	1	他去買了一些日常用品。	他去买了一些日常用品。	用品	[[8, 10]]		
品|品|pin3~2	0	人品	人品	ren2 pin3	人品|人品|ren2 pin3	1	大家都說他人品很好。	大家都说他人品很好。	人品	[[5, 7]]		
品|品|pin3~2	1	品德	品德	pin3 de2	品德|品德|pin3 de2	1	學校重視學生的品德教育。	学校重视学生的品德教育。	品德	[[7, 9]]		
品|品|pin3~3	0	精品	精品	jing1 pin3	精品|精品|jing1 pin3	1	這種手機是市場上的精品。	这种手机是市场上的精品。	精品	[[9, 11]]		
品|品|pin3~3	1	次品	次品	ci4 pin3	次品|次品|ci4 pin3	1	這些次品不能賣給客人。	这些次品不能卖给客人。	次品	[[2, 4]]		
品|品|pin3~4	0	品種	品种	pin3 zhong3	品種|品种|pin3 zhong3	1	這裡的蘋果有好幾個品種。	这里的苹果有好几个品种。	品種	[[9, 11]]		
哈|哈|ha1~4	0	二哈	二哈	er4 ha1	二哈|二哈|er4 ha1	1	這隻二哈把沙發咬壞了。	这只二哈把沙发咬坏了。	二哈	[[2, 4]]		
哈|哈|ha3~1	0	哈巴狗	哈巴狗	ha3 ba1 gou3	哈巴狗|哈巴狗|ha3 ba1 gou3	1	她養了一隻哈巴狗。	她养了一只哈巴狗。	哈巴狗	[[5, 8]]		
員|员|yuan2~1	0	演員	演员	yan3 yuan2	演員|演员|yan3 yuan2	1	這部電影的演員都很年輕。	这部电影的演员都很年轻。	演員	[[5, 7]]		
員|员|yuan2~1	1	服務員	服务员	fu2 wu4 yuan2	服務員|服务员|fu2 wu4 yuan2	1	服務員送來了兩杯熱茶。	服务员送来了两杯热茶。	服務員	[[0, 3]]		
員|员|yuan2~1	2	運動員	运动员	yun4 dong4 yuan2	運動員|运动员|yun4 dong4 yuan2	1	他從小就想當運動員。	他从小就想当运动员。	運動員	[[6, 9]]		
員|员|yuan2~2	0	成員	成员	cheng2 yuan2	成員|成员|cheng2 yuan2	1	我們小組一共有六個成員。	我们小组一共有六个成员。	成員	[[9, 11]]		
員|员|yuan2~2	1	會員	会员	hui4 yuan2	會員|会员|hui4 yuan2	1	他上個月成了俱樂部的會員。	他上个月成了俱乐部的会员。	會員	[[10, 12]]		
員|员|yuan2~2	2	隊員	队员	dui4 yuan2	隊員|队员|dui4 yuan2	1	隊員們正在場上訓練。	队员们正在场上训练。	隊員	[[0, 2]]		
唱|唱|chang4~2	0	唱票	唱票	chang4 piao4	唱票|唱票|chang4 piao4	1	投票結束後開始唱票。	投票结束后开始唱票。	唱票	[[7, 9]]		
唱|唱|chang4~2	1	唱名	唱名	chang4 ming2	唱名|唱名|chang4 ming2	1	考試前老師先唱名。	考试前老师先唱名。	唱名	[[6, 8]]		
商|商|shang1~1	0	商業	商业	shang1 ye4	商業|商业|shang1 ye4	1	這家公司的商業活動很多。	这家公司的商业活动很多。	商業	[[5, 7]]		
商|商|shang1~1	1	商店	商店	shang1 dian4	商店|商店|shang1 dian4	1	這條街上有很多商店。	这条街上有很多商店。	商店	[[7, 9]]		
商|商|shang1~1	2	經商	经商	jing1 shang1	經商|经商|jing1 shang1	1	他大學畢業以後開始經商。	他大学毕业以后开始经商。	經商	[[9, 11]]		
商|商|shang1~2	0	商人	商人	shang1 ren2	商人|商人|shang1 ren2	1	那位商人每年都來這裡。	那位商人每年都来这里。	商人	[[2, 4]]		
商|商|shang1~2	1	商家	商家	shang1 jia1	商家|商家|shang1 jia1	1	節日的時候，商家生意特別好。	节日的时候，商家生意特别好。	商家	[[6, 8]]		
商|商|shang1~3	0	商量	商量	shang1 liang5	商量|商量|shang1 liang5	1	這件事我們再商量一下。	这件事我们再商量一下。	商量	[[6, 8]]		
商|商|shang1~3	1	協商	协商	xie2 shang1	協商|协商|xie2 shang1	1	雙方協商後達成了協議。	双方协商后达成了协议。	協商	[[2, 4]]		
善|善|shan4~1	0	善良	善良	shan4 liang2	善良|善良|shan4 liang2	1	她是個很善良的女孩。	她是个很善良的女孩。	善良	[[4, 6]]		
善|善|shan4~1	1	友善	友善	you3 shan4	友善|友善|you3 shan4	1	鄰居對我們十分友善。	邻居对我们十分友善。	友善	[[7, 9]]		
善|善|shan4~1	2	慈善	慈善	ci2 shan4	慈善|慈善|ci2 shan4	1	他常常參加慈善活動。	他常常参加慈善活动。	慈善	[[5, 7]]		
善|善|shan4~3	0	改善	改善	gai3 shan4	改善|改善|gai3 shan4	1	這幾年生活改善了不少。	这几年生活改善了不少。	改善	[[5, 7]]		
善|善|shan4~3	1	完善	完善	wan2 shan4	完善|完善|wan2 shan4	1	公司的制度還需要完善。	公司的制度还需要完善。	完善	[[8, 10]]		
喬|乔|qiao2~1	0	喬木	乔木	qiao2 mu4	喬木|乔木|qiao2 mu4	1	這種喬木長得又高又直。	这种乔木长得又高又直。	喬木	[[2, 4]]		
喬|乔|qiao2~2	0	喬裝	乔装	qiao2 zhuang1	喬裝|乔装|qiao2 zhuang1	1	警察喬裝成客人進了那家店。	警察乔装成客人进了那家店。	喬裝	[[2, 4]]		
單|单|dan1~1	0	單身	单身	dan1 shen1	單身|单身|dan1 shen1	1	他到現在還是單身。	他到现在还是单身。	單身	[[6, 8]]		
單|单|dan1~1	1	單獨	单独	dan1 du2	單獨|单独|dan1 du2	1	老師想單獨跟他談談。	老师想单独跟他谈谈。	單獨	[[3, 5]]		
單|单|dan1~1	2	單程	单程	dan1 cheng2	單程|单程|dan1 cheng2	1	我只買了一張單程票。	我只买了一张单程票。	單程	[[6, 8]]		
單|单|dan1~2	0	菜單	菜单	cai4 dan1	菜單|菜单|cai4 dan1	1	他打開菜單，看了很久。	他打开菜单，看了很久。	菜單	[[3, 5]]		
單|单|dan1~2	1	名單	名单	ming2 dan1	名單|名单|ming2 dan1	1	他的名字不在名單上。	他的名字不在名单上。	名單	[[6, 8]]		
單|单|dan1~2	2	帳單	帐单	zhang4 dan1	帳單|帐单|zhang4 dan1	1	這個月的帳單還沒付。	这个月的帐单还没付。	帳單	[[4, 6]]		
單|单|dan1~3	0	單數	单数	dan1 shu4	單數|单数|dan1 shu4	1	三、五、七這幾個都是單數。	三、五、七这几个都是单数。	單數	[[10, 12]]		
單|单|dan1~3	1	單號	单号	dan1 hao4	單號|单号|dan1 hao4	1	單號的房間都在走廊左邊。	单号的房间都在走廊左边。	單號	[[0, 2]]		
嗎|吗|ma2~1	0	幹嗎	干吗	gan4 ma2	幹嗎|干吗|gan4 ma2	1	你這麼著急，到底是要幹嗎？	你这么着急，到底是要干吗？	幹嗎	[[10, 12]]		
器|器|qi4~1	0	機器	机器	ji1 qi4	機器|机器|ji1 qi4	1	工廠裡的機器一直沒停過。	工厂里的机器一直没停过。	機器	[[4, 6]]		
器|器|qi4~1	1	樂器	乐器	yue4 qi4	樂器|乐器|yue4 qi4	1	他從小就學過好幾種樂器。	他从小就学过好几种乐器。	樂器	[[9, 11]]		
器|器|qi4~1	2	武器	武器	wu3 qi4	武器|武器|wu3 qi4	1	警方在車上找到了一些武器。	警方在车上找到了一些武器。	武器	[[10, 12]]		
因|因|yin1~1	0	原因	原因	yuan2 yin1	原因|原因|yuan2 yin1	1	大家都想知道事故的原因。	大家都想知道事故的原因。	原因	[[9, 11]]		
因|因|yin1~1	1	病因	病因	bing4 yin1	病因|病因|bing4 yin1	1	醫生還沒有找到病因。	医生还没有找到病因。	病因	[[7, 9]]		
圓|圆|yuan2~3	0	日圓	日圆	ri4 yuan2	日圓|日圆|ri4 yuan2	1	今天日圓又跌了不少。	今天日圆又跌了不少。	日圓	[[2, 4]]		
圓|圆|yuan2~3	1	銀圓	银圆	yin2 yuan2	銀圓|银圆|yin2 yuan2	1	他家裡還留著幾個舊時的銀圓。	他家里还留着几个旧时的银圆。	銀圓	[[11, 13]]		
圓|圆|yuan2~4	0	圓滑	圆滑	yuan2 hua2	圓滑|圆滑|yuan2 hua2	1	他說話很圓滑，誰都不得罪。	他说话很圆滑，谁都不得罪。	圓滑	[[4, 6]]		
圓|圆|yuan2~4	1	圓融	圆融	yuan2 rong2	圓融|圆融|yuan2 rong2	1	這位長官處事圓融。	这位长官处事圆融。	圓融	[[6, 8]]		
團|团|tuan2~1	0	團體	团体	tuan2 ti3	團體|团体|tuan2 ti3	1	他們成立了一個新的團體。	他们成立了一个新的团体。	團體	[[9, 11]]		
團|团|tuan2~1	1	代表團	代表团	dai4 biao3 tuan2	代表團|代表团|dai4 biao3 tuan2	1	代表團已經到了機場。	代表团已经到了机场。	代表團	[[0, 3]]		
團|团|tuan2~1	2	集團	集团	ji2 tuan2	集團|集团|ji2 tuan2	1	這家集團在全國都有分公司。	这家集团在全国都有分公司。	集團	[[2, 4]]		
團|团|tuan2~2	0	團聚	团聚	tuan2 ju4	團聚|团聚|tuan2 ju4	1	一家人終於團聚了。	一家人终于团聚了。	團聚	[[5, 7]]		
團|团|tuan2~2	1	團圓	团圆	tuan2 yuan2	團圓|团圆|tuan2 yuan2	1	中秋節是家人團圓的日子。	中秋节是家人团圆的日子。	團圓	[[6, 8]]		
團|团|tuan2~2	2	團結	团结	tuan2 jie2	團結|团结|tuan2 jie2	1	全班同學都很團結。	全班同学都很团结。	團結	[[6, 8]]		
團|团|tuan2~3	0	麵團	面团	mian4 tuan2	麵團|面团|mian4 tuan2	1	這個麵團還要再放一會兒。	这个面团还要再放一会儿。	麵團	[[2, 4]]		
團|团|tuan2~6	0	兵團	兵团	bing1 tuan2	兵團|兵团|bing1 tuan2	1	那個兵團的任務很重要。	那个兵团的任务很重要。	兵團	[[2, 4]]		
團|团|tuan2~6	1	團長	团长	tuan2 zhang3	團長|团长|tuan2 zhang3	1	他在部隊裡當過團長。	他在部队里当过团长。	團長	[[7, 9]]		
地|地|di4~2	0	地方	地方	di4 fang5	地方|地方|di4 fang5	1	這個地方我以前來過。	这个地方我以前来过。	地方	[[2, 4]]		
地|地|di4~2	1	各地	各地	ge4 di4	各地|各地|ge4 di4	1	全國各地都在下雨。	全国各地都在下雨。	各地	[[2, 4]]		
地|地|di4~2	2	當地	当地	dang1 di4	當地|当地|dang1 di4	1	旅行時他喜歡吃當地的菜。	旅行时他喜欢吃当地的菜。	當地	[[7, 9]]		
均|均|jun1~1	0	平均	平均	ping2 jun1	平均|平均|ping2 jun1	1	這個班學生的平均年齡是十八歲。	这个班学生的平均年龄是十八岁。	平均	[[6, 8]]		
均|均|jun1~1	1	均勻	均匀	jun1 yun2	均勻|均匀|jun1 yun2	1	他把顏色塗得很均勻。	他把颜色涂得很均匀。	均勻	[[7, 9]]		
均|均|jun1~1	2	均衡	均衡	jun1 heng2	均衡|均衡|jun1 heng2	1	飲食要均衡，身體才會健康。	饮食要均衡，身体才会健康。	均衡	[[3, 5]]		
坐|坐|zuo4~3	0	坐果	坐果	zuo4 guo3	坐果|坐果|zuo4 guo3	1	這棵樹今年坐果不少。	这棵树今年坐果不少。	坐果	[[5, 7]]		
型|型|xing2~1	0	類型	类型	lei4 xing2	類型|类型|lei4 xing2	1	這兩本書屬於同一類型。	这两本书属于同一类型。	類型	[[8, 10]]		
型|型|xing2~1	1	血型	血型	xue4 xing2	血型|血型|xue4 xing2	1	醫生問我是什麼血型。	医生问我是什么血型。	血型	[[7, 9]]		
型|型|xing2~1	2	髮型	发型	fa4 xing2	髮型|发型|fa4 xing2	1	她換了一個新髮型。	她换了一个新发型。	髮型	[[6, 8]]		
城|城|cheng2~2	0	城牆	城墙	cheng2 qiang2	城牆|城墙|cheng2 qiang2	1	城牆上長了很多草。	城墙上长了很多草。	城牆	[[0, 2]]		
城|城|cheng2~2	1	城門	城门	cheng2 men2	城門|城门|cheng2 men2	1	天黑以後，城門就關上了。	天黑以后，城门就关上了。	城門	[[5, 7]]		
城|城|cheng2~2	2	長城	长城	Chang2 cheng2	長城|长城|Chang2 cheng2	1	他去年第一次看到長城。	他去年第一次看到长城。	長城	[[8, 10]]		
基|基|ji1~1	0	基礎	基础	ji1 chu3	基礎|基础|ji1 chu3	1	學好語言要先打好基礎。	学好语言要先打好基础。	基礎	[[8, 10]]		
基|基|ji1~1	1	基地	基地	ji1 di4	基地|基地|ji1 di4	1	這裡是他們的訓練基地。	这里是他们的训练基地。	基地	[[8, 10]]		
基|基|ji1~1	2	地基	地基	di4 ji1	地基|地基|di4 ji1	1	大樓的地基打得很深。	大楼的地基打得很深。	地基	[[3, 5]]		
基|基|ji1~2	0	甲基	甲基	jia3 ji1	甲基|甲基|jia3 ji1	1	甲基在有機化學裡很常見。	甲基在有机化学里很常见。	甲基	[[0, 2]]		
基|基|ji1~2	1	氨基	氨基	an1 ji1	氨基|氨基|an1 ji1	1	這個位置上連著一個氨基。	这个位置上连着一个氨基。	氨基	[[9, 11]]		
基|基|ji1~3	0	基佬	基佬	ji1 lao3	基佬|基佬|ji1 lao3	1	他不喜歡別人叫他基佬。	他不喜欢别人叫他基佬。	基佬	[[8, 10]]		
基|基|ji1~3	1	搞基	搞基	gao3 ji1	搞基|搞基|gao3 ji1	1	他們常拿搞基這個詞開玩笑。	他们常拿搞基这个词开玩笑。	搞基	[[4, 6]]		
堂|堂|tang2~1	0	禮堂	礼堂	li3 tang2	禮堂|礼堂|li3 tang2	1	畢業典禮在禮堂舉行。	毕业典礼在礼堂举行。	禮堂	[[5, 7]]		
堂|堂|tang2~1	1	食堂	食堂	shi2 tang2	食堂|食堂|shi2 tang2	1	食堂裡的菜很便宜。	食堂里的菜很便宜。	食堂	[[0, 2]]		
堂|堂|tang2~1	2	教堂	教堂	jiao4 tang2	教堂|教堂|jiao4 tang2	1	這座教堂有一百多年了。	这座教堂有一百多年了。	教堂	[[2, 4]]		
堂|堂|tang2~2	0	堂哥	堂哥	tang2 ge1	堂哥|堂哥|tang2 ge1	1	我堂哥在銀行工作。	我堂哥在银行工作。	堂哥	[[1, 3]]		
堂|堂|tang2~2	1	堂弟	堂弟	tang2 di4	堂弟|堂弟|tang2 di4	1	他有一個堂弟在南方讀書。	他有一个堂弟在南方读书。	堂弟	[[4, 6]]		
堂|堂|tang2~2	2	堂姐	堂姐	tang2 jie3	堂姐|堂姐|tang2 jie3	1	堂姐下個月就要結婚了。	堂姐下个月就要结婚了。	堂姐	[[0, 2]]		
堆|堆|dui1~3	0	土堆	土堆	tu3 dui1	土堆|土堆|tu3 dui1	1	那個土堆是去年蓋房子留下的。	那个土堆是去年盖房子留下的。	土堆	[[2, 4]]		
堆|堆|dui1~3	1	火堆	火堆	huo3 dui1	火堆|火堆|huo3 dui1	1	他們在火堆前面說故事。	他们在火堆前面说故事。	火堆	[[3, 5]]		
報|报|bao4~3	0	報答	报答	bao4 da2	報答|报答|bao4 da2	1	他常想著怎樣報答父母。	他常想着怎样报答父母。	報答	[[6, 8]]		
報|报|bao4~3	1	報仇	报仇	bao4 chou2	報仇|报仇|bao4 chou2	1	為了報仇，他等了很多年。	为了报仇，他等了很多年。	報仇	[[2, 4]]		
報|报|bao4~3	2	報復	报复	bao4 fu4	報復|报复|bao4 fu4	1	公司不會報復提意見的人。	公司不会报复提意见的人。	報復	[[4, 6]]		
報|报|bao4~7	0	電報	电报	dian4 bao4	電報|电报|dian4 bao4	1	她收到一封電報，馬上回了家。	她收到一封电报，马上回了家。	電報	[[5, 7]]		
報|报|bao4~7	1	警報	警报	jing3 bao4	警報|警报|jing3 bao4	1	聽到警報，大家都跑了出去。	听到警报，大家都跑了出去。	警報	[[2, 4]]		
報|报|bao4~7	2	海報	海报	hai3 bao4	海報|海报|hai3 bao4	1	門口有一張新電影的海報。	门口有一张新电影的海报。	海報	[[9, 11]]		
場|场|chang3~1	0	機場	机场	ji1 chang3	機場|机场|ji1 chang3	1	飛機起飛前兩小時要到機場。	飞机起飞前两小时要到机场。	機場	[[10, 12]]		
場|场|chang3~1	1	市場	市场	shi4 chang3	市場|市场|shi4 chang3	1	這個市場裡什麼菜都有。	这个市场里什么菜都有。	市場	[[2, 4]]		
場|场|chang3~1	2	廣場	广场	guang3 chang3	廣場|广场|guang3 chang3	1	晚上很多人在廣場上跳舞。	晚上很多人在广场上跳舞。	廣場	[[6, 8]]		
場|场|chang3~1	3	劇場	剧场	ju4 chang3	劇場|剧场|ju4 chang3	1	這座劇場可以坐三千人。	这座剧场可以坐三千人。	劇場	[[2, 4]]		
塔|塔|ta3~2	0	蛋塔	蛋塔	dan4 ta3	蛋塔|蛋塔|dan4 ta3	1	這家店的蛋塔賣得很好。	这家店的蛋塔卖得很好。	蛋塔	[[4, 6]]		
塞|塞|sai1~2	0	塞子	塞子	sai1 zi5	塞子|塞子|sai1 zi5	1	這個瓶子的塞子丟了。	这个瓶子的塞子丢了。	塞子	[[5, 7]]		
塞|塞|sai1~2	1	耳塞	耳塞	er3 sai1	耳塞|耳塞|er3 sai1	1	睡覺前他戴上了耳塞。	睡觉前他戴上了耳塞。	耳塞	[[7, 9]]		
塞|塞|sai4~1	0	要塞	要塞	yao4 sai4	要塞|要塞|yao4 sai4	1	這座要塞守住了整個山口。	这座要塞守住了整个山口。	要塞	[[2, 4]]		
塞|塞|sai4~1	1	邊塞	边塞	bian1 sai4	邊塞|边塞|bian1 sai4	1	他被派到邊塞守了十年。	他被派到边塞守了十年。	邊塞	[[4, 6]]		
塞|塞|se4~1	0	阻塞	阻塞	zu3 se4	阻塞|阻塞|zu3 se4	1	下雨天這條路常常阻塞。	下雨天这条路常常阻塞。	阻塞	[[8, 10]]		
塞|塞|se4~1	1	堵塞	堵塞	du3 se4	堵塞|堵塞|du3 se4	1	頭髮把水管堵塞了。	头发把水管堵塞了。	堵塞	[[5, 7]]		
塞|塞|se4~1	2	閉塞	闭塞	bi4 se4	閉塞|闭塞|bi4 se4	1	山區交通閉塞，出門很不方便。	山区交通闭塞，出门很不方便。	閉塞	[[4, 6]]		
壓|压|ya1~3	0	血壓	血压	xue4 ya1	血壓|血压|xue4 ya1	1	醫生說他的血壓有點高。	医生说他的血压有点高。	血壓	[[5, 7]]		
壓|压|ya1~3	1	氣壓	气压	qi4 ya1	氣壓|气压|qi4 ya1	1	山上的氣壓比較低。	山上的气压比较低。	氣壓	[[3, 5]]		
壓|压|ya1~3	2	電壓	电压	dian4 ya1	電壓|电压|dian4 ya1	1	這個地方的電壓不穩定。	这个地方的电压不稳定。	電壓	[[5, 7]]		
士|士|shi4~1	0	士兵	士兵	shi4 bing1	士兵|士兵|shi4 bing1	1	士兵們在門口站了一整夜。	士兵们在门口站了一整夜。	士兵	[[0, 2]]		
士|士|shi4~1	1	戰士	战士	zhan4 shi4	戰士|战士|zhan4 shi4	1	他父親年輕時是一名戰士。	他父亲年轻时是一名战士。	戰士	[[9, 11]]		
士|士|shi4~1	2	士氣	士气	shi4 qi4	士氣|士气|shi4 qi4	1	贏了這一場，全隊士氣更高了。	赢了这一场，全队士气更高了。	士氣	[[8, 10]]		
士|士|shi4~2	0	博士	博士	bo2 shi4	博士|博士|bo2 shi4	1	這位老師是研究歷史的博士。	这位老师是研究历史的博士。	博士	[[10, 12]]		
士|士|shi4~2	1	學士	学士	xue2 shi4	學士|学士|xue2 shi4	1	他四年後拿到了學士學位。	他四年后拿到了学士学位。	學士	[[7, 9]]		
士|士|shi4~2	2	碩士	硕士	shuo4 shi4	碩士|硕士|shuo4 shi4	1	妹妹正在準備考碩士。	妹妹正在准备考硕士。	碩士	[[7, 9]]		
士|士|shi4~3	0	男士	男士	nan2 shi4	男士|男士|nan2 shi4	1	這件衣服是為男士設計的。	这件衣服是为男士设计的。	男士	[[6, 8]]		
士|士|shi4~3	1	人士	人士	ren2 shi4	人士|人士|ren2 shi4	1	有關人士已經到現場了解情況。	有关人士已经到现场了解情况。	人士	[[2, 4]]		
士|士|shi4~3	2	紳士	绅士	shen1 shi4	紳士|绅士|shen1 shi4	1	他說話做事都很像個紳士。	他说话做事都很像个绅士。	紳士	[[9, 11]]		
士|士|shi4~4	0	士大夫	士大夫	shi4 da4 fu1	士大夫|士大夫|shi4 da4 fu1	1	古代的士大夫大多讀過很多書。	古代的士大夫大多读过很多书。	士大夫	[[3, 6]]		
士|士|shi4~4	1	士農工商	士农工商	shi4 nong2 gong1 shang1	士農工商|士农工商|shi4 nong2 gong1 shang1	1	舊時把人分成士農工商四類。	旧时把人分成士农工商四类。	士農工商	[[6, 10]]		
夏|夏|xia4~1	0	夏天	夏天	xia4 tian1	夏天|夏天|xia4 tian1	1	今年夏天特別熱，晚上也睡不好。	今年夏天特别热，晚上也睡不好。	夏天	[[2, 4]]		
夏|夏|xia4~1	1	夏季	夏季	xia4 ji4	夏季|夏季|xia4 ji4	1	這個地方夏季常常下雨。	这个地方夏季常常下雨。	夏季	[[4, 6]]		
夏|夏|xia4~1	2	夏日	夏日	xia4 ri4	夏日|夏日|xia4 ri4	1	夏日的海邊有很多人。	夏日的海边有很多人。	夏日	[[0, 2]]		
外|外|wai4~2	0	外國	外国	wai4 guo2	外國|外国|wai4 guo2	1	他去過很多外國城市。	他去过很多外国城市。	外國	[[5, 7]]		
外|外|wai4~2	1	外地	外地	wai4 di4	外地|外地|wai4 di4	1	他是從外地來這裡工作的。	他是从外地来这里工作的。	外地	[[3, 5]]		
外|外|wai4~2	2	外語	外语	wai4 yu3	外語|外语|wai4 yu3	1	學好一門外語很不容易。	学好一门外语很不容易。	外語	[[4, 6]]		
外|外|wai4~3	0	另外	另外	ling4 wai4	另外|另外|ling4 wai4	1	這件事我另外再跟你說。	这件事我另外再跟你说。	另外	[[4, 6]]		
外|外|wai4~3	1	此外	此外	ci3 wai4	此外|此外|ci3 wai4	1	此外，我們還需要更多時間。	此外，我们还需要更多时间。	此外	[[0, 2]]		
多|多|duo1~5	0	多媒體	多媒体	duo1 mei2 ti3	多媒體|多媒体|duo1 mei2 ti3	1	教室裡有一套多媒體設備。	教室里有一套多媒体设备。	多媒體	[[6, 9]]		
多|多|duo1~5	1	多功能	多功能	duo1 gong1 neng2	多功能|多功能|duo1 gong1 neng2	1	我買了一臺多功能的機器。	我买了一台多功能的机器。	多功能	[[5, 8]]		
多|多|duo1~5	2	多元	多元	duo1 yuan2	多元|多元|duo1 yuan2	1	這裡的人來自不同文化，想法多元。	这里的人来自不同文化，想法多元。	多元	[[13, 15]]		
夢|梦|meng4~2	0	夢見	梦见	meng4 jian4	夢見|梦见|meng4 jian4	1	他常常夢見自己在飛。	他常常梦见自己在飞。	夢見	[[3, 5]]		
夢|梦|meng4~2	1	夢到	梦到	meng4 dao4	夢到|梦到|meng4 dao4	1	她夢到跟朋友一起去旅行。	她梦到跟朋友一起去旅行。	夢到	[[1, 3]]		
大量|大量|da4 liang4~2	0	寬宏大量	宽宏大量	kuan1 hong2 da4 liang4	寬宏大量|宽宏大量|kuan1 hong2 da4 liang4	1	他寬宏大量，沒有跟我生氣。	他宽宏大量，没有跟我生气。	寬宏大量	[[1, 5]]		
太|太|tai4~3	0	太古	太古	tai4 gu3	太古|太古|tai4 gu3	1	這些傳說來自太古時代。	这些传说来自太古时代。	太古	[[6, 8]]		
太|太|tai4~3	1	太平	太平	tai4 ping2	太平|太平|tai4 ping2	1	那時天下太平，人們生活安定。	那时天下太平，人们生活安定。	太平	[[4, 6]]		
夫|夫|fu1~1	0	丈夫	丈夫	zhang4 fu5	丈夫|丈夫|zhang4 fu5	1	她丈夫在銀行工作。	她丈夫在银行工作。	丈夫	[[1, 3]]		
夫|夫|fu1~1	1	夫妻	夫妻	fu1 qi1	夫妻|夫妻|fu1 qi1	1	他們夫妻感情很好。	他们夫妻感情很好。	夫妻	[[2, 4]]		
夫|夫|fu1~1	2	夫婦	夫妇	fu1 fu4	夫婦|夫妇|fu1 fu4	1	這對夫婦剛搬到附近。	这对夫妇刚搬到附近。	夫婦	[[2, 4]]		
夫|夫|fu1~2	0	農夫	农夫	nong2 fu1	農夫|农夫|nong2 fu1	1	幾個農夫正在山上種樹。	几个农夫正在山上种树。	農夫	[[2, 4]]		
夫|夫|fu1~2	1	漁夫	渔夫	yu2 fu1	漁夫|渔夫|yu2 fu1	1	漁夫每天天亮前就出海。	渔夫每天天亮前就出海。	漁夫	[[0, 2]]		
奇|奇|ji1~1	0	奇數	奇数	ji1 shu4	奇數|奇数|ji1 shu4	1	我住的房間號碼是奇數。	我住的房间号码是奇数。	奇數	[[8, 10]]		
奇|奇|qi2~1	0	奇怪	奇怪	qi2 guai4	奇怪|奇怪|qi2 guai4	1	他今天怎麼一句話也不說，真奇怪。	他今天怎么一句话也不说，真奇怪。	奇怪	[[13, 15]]		
奇|奇|qi2~1	1	奇特	奇特	qi2 te4	奇特|奇特|qi2 te4	1	這座山的形狀十分奇特。	这座山的形状十分奇特。	奇特	[[8, 10]]		
奇|奇|qi2~1	2	稀奇	稀奇	xi1 qi2	稀奇|稀奇|xi1 qi2	1	這種花在城裡並不稀奇。	这种花在城里并不稀奇。	稀奇	[[8, 10]]		
奇|奇|qi2~2	0	神奇	神奇	shen2 qi2	神奇|神奇|shen2 qi2	1	他用這個辦法治好了病，太神奇了。	他用这个办法治好了病，太神奇了。	神奇	[[12, 14]]		
奇|奇|qi2~2	1	奇妙	奇妙	qi2 miao4	奇妙|奇妙|qi2 miao4	1	音樂能帶來奇妙的感覺。	音乐能带来奇妙的感觉。	奇妙	[[5, 7]]		
套|套|tao4~2	0	手套	手套	shou3 tao4	手套|手套|shou3 tao4	1	天太冷，出門記得戴手套。	天太冷，出门记得戴手套。	手套	[[9, 11]]		
套|套|tao4~2	1	枕套	枕套	zhen3 tao4	枕套|枕套|zhen3 tao4	1	她把枕套換成了新的。	她把枕套换成了新的。	枕套	[[2, 4]]		
套|套|tao4~5	0	客套	客套	ke4 tao4	客套|客套|ke4 tao4	1	大家都是老朋友，別這麼客套。	大家都是老朋友，别这么客套。	客套	[[11, 13]]		
套|套|tao4~5	1	老套	老套	lao3 tao4	老套|老套|lao3 tao4	1	這種故事太老套，沒人愛看。	这种故事太老套，没人爱看。	老套	[[5, 7]]		
套|套|tao4~6	0	圈套	圈套	quan1 tao4	圈套|圈套|quan1 tao4	1	他一不小心就落入了對方的圈套。	他一不小心就落入了对方的圈套。	圈套	[[12, 14]]		
套|套|tao4~6	1	套索	套索	tao4 suo3	套索|套索|tao4 suo3	1	用套索抓野馬很難。	用套索抓野马很难。	套索	[[1, 3]]		
奧|奥|ao4~1	0	深奧	深奥	shen1 ao4	深奧|深奥|shen1 ao4	1	這本書的內容太深奧了。	这本书的内容太深奥了。	深奧	[[7, 9]]		
奧|奥|ao4~1	1	奧妙	奥妙	ao4 miao4	奧妙|奥妙|ao4 miao4	1	他終於明白了其中的奧妙。	他终于明白了其中的奥妙。	奧妙	[[9, 11]]		
女|女|nu:3~2	0	子女	子女	zi3 nu:3	子女|子女|zi3 nu:3	1	這對父母對子女要求很高。	这对父母对子女要求很高。	子女	[[5, 7]]		
女|女|nu:3~2	1	長女	长女	zhang3 nu:3	長女|长女|zhang3 nu:3	1	她是家中的長女，很會照顧人。	她是家中的长女，很会照顾人。	長女	[[5, 7]]		
女|女|nu:3~2	2	女兒	女儿	nu:3 er2	女兒|女儿|nu:3 er2	1	他女兒昨天過生日。	他女儿昨天过生日。	女兒	[[1, 3]]		
好|好|hao3~2	0	好吃	好吃	hao3 chi1	好吃|好吃|hao3 chi1	1	我覺得這種餅乾最好吃。	我觉得这种饼干最好吃。	好吃	[[8, 10]]		
好|好|hao3~2	1	好看	好看	hao3 kan4	好看|好看|hao3 kan4	1	她穿紅色的衣服特別好看。	她穿红色的衣服特别好看。	好看	[[9, 11]]		
好|好|hao3~2	2	好用	好用	hao3 yong4	好用|好用|hao3 yong4	1	這個新買的工具非常好用。	这个新买的工具非常好用。	好用	[[9, 11]]		
好|好|hao3~6	0	你好	你好	ni3 hao3	你好|你好|ni3 hao3	1	你好，我是新來的同事。	你好，我是新来的同事。	你好	[[0, 2]]		
好|好|hao3~6	1	您好	您好	nin2 hao3	您好|您好|nin2 hao3	1	您好，請問您找哪一位？	您好，请问您找哪一位？	您好	[[0, 2]]		
好|好|hao4~1	0	好奇	好奇	hao4 qi2	好奇|好奇|hao4 qi2	1	小孩子對什麼都很好奇。	小孩子对什么都很好奇。	好奇	[[8, 10]]		
好|好|hao4~1	1	好客	好客	hao4 ke4	好客|好客|hao4 ke4	1	這家人非常好客，常請朋友來吃飯。	这家人非常好客，常请朋友来吃饭。	好客	[[5, 7]]		
好|好|hao4~1	2	好學	好学	hao4 xue2	好學|好学|hao4 xue2	1	他從小好學，讀了很多書。	他从小好学，读了很多书。	好學	[[3, 5]]		
妮|妮|ni1~1	0	妮子	妮子	ni1 zi5	妮子|妮子|ni1 zi5	1	村裡的妮子都出去工作了。	村里的妮子都出去工作了。	妮子	[[3, 5]]		
威|威|wei1~1	0	威力	威力	wei1 li4	威力|威力|wei1 li4	1	這種武器的威力非常大。	这种武器的威力非常大。	威力	[[5, 7]]		
威|威|wei1~1	1	權威	权威	quan2 wei1	權威|权威|quan2 wei1	1	他是這個領域的權威。	他是这个领域的权威。	權威	[[7, 9]]		
威|威|wei1~1	2	威信	威信	wei1 xin4	威信|威信|wei1 xin4	1	這位老師在學生中很有威信。	这位老师在学生中很有威信。	威信	[[10, 12]]		
嫁|嫁|jia4~3	0	嫁禍	嫁祸	jia4 huo4	嫁禍|嫁祸|jia4 huo4	1	他想把這件事嫁禍給同事。	他想把这件事嫁祸给同事。	嫁禍	[[6, 8]]		
嫁|嫁|jia4~3	1	轉嫁	转嫁	zhuan3 jia4	轉嫁|转嫁|zhuan3 jia4	1	工廠把成本轉嫁到買東西的人身上。	工厂把成本转嫁到买东西的人身上。	轉嫁	[[5, 7]]		
子|子|zi5~1	0	椅子	椅子	yi3 zi5	椅子|椅子|yi3 zi5	1	他搬了一張椅子過來。	他搬了一张椅子过来。	椅子	[[5, 7]]	加在名詞後	加在名词后
子|子|zi5~1	1	蓋子	盖子	gai4 zi5	蓋子|盖子|gai4 zi5	1	請把蓋子蓋好再放進去。	请把盖子盖好再放进去。	蓋子	[[2, 4]]	加在動詞後	加在动词后
子|子|zi5~1	2	亂子	乱子	luan4 zi5	亂子|乱子|luan4 zi5	1	他做事小心，從沒出過亂子。	他做事小心，从没出过乱子。	亂子	[[10, 12]]	加在形容詞後	加在形容词后
存|存|cun2~2	0	存在	存在	cun2 zai4	存在|存在|cun2 zai4	1	這種問題確實存在。	这种问题确实存在。	存在	[[6, 8]]		
存|存|cun2~2	1	生存	生存	sheng1 cun2	生存|生存|sheng1 cun2	1	這些動物在沙漠裡也能生存。	这些动物在沙漠里也能生存。	生存	[[10, 12]]		
季|季|ji4~1	0	季節	季节	ji4 jie2	季節|季节|ji4 jie2	1	春天是我最喜歡的季節。	春天是我最喜欢的季节。	季節	[[8, 10]]		
季|季|ji4~1	1	四季	四季	si4 ji4	四季|四季|si4 ji4	1	這個地方四季都很暖和。	这个地方四季都很暖和。	四季	[[4, 6]]		
季|季|ji4~1	2	春季	春季	chun1 ji4	春季|春季|chun1 ji4	1	春季雨水多，路上很滑。	春季雨水多，路上很滑。	春季	[[0, 2]]		
安|安|an1~1	0	安全	安全	an1 quan2	安全|安全|an1 quan2	1	過馬路要注意安全。	过马路要注意安全。	安全	[[6, 8]]		
安|安|an1~1	1	平安	平安	ping2 an1	平安|平安|ping2 an1	1	希望你一路平安。	希望你一路平安。	平安	[[5, 7]]		
安|安|an1~3	0	安心	安心	an1 xin1	安心|安心|an1 xin1	1	你安心養病，別想太多。	你安心养病，别想太多。	安心	[[1, 3]]		
安|安|an1~3	1	安定	安定	an1 ding4	安定|安定|an1 ding4	1	這幾年生活比較安定。	这几年生活比较安定。	安定	[[7, 9]]		
安|安|an1~4	0	安慰	安慰	an1 wei4	安慰|安慰|an1 wei4	1	大家都來安慰她。	大家都来安慰她。	安慰	[[4, 6]]		
安|安|an1~4	1	安撫	安抚	an1 fu3	安撫|安抚|an1 fu3	1	他輕聲安撫哭鬧的孩子。	他轻声安抚哭闹的孩子。	安撫	[[3, 5]]		
完|完|wan2~2	0	完整	完整	wan2 zheng3	完整|完整|wan2 zheng3	1	這批資料保存得很完整。	这批资料保存得很完整。	完整	[[8, 10]]		
完|完|wan2~2	1	完好	完好	wan2 hao3	完好|完好|wan2 hao3	1	那張老照片到現在還完好。	那张老照片到现在还完好。	完好	[[9, 11]]		
完|完|wan2~2	2	完全	完全	wan2 quan2	完全|完全|wan2 quan2	1	這份名單不完全，少了兩個人。	这份名单不完全，少了两个人。	完全	[[5, 7]]		
宗|宗|zong1~1	0	祖宗	祖宗	zu3 zong1	祖宗|祖宗|zu3 zong1	1	祖宗傳下來的規定不能改。	祖宗传下来的规定不能改。	祖宗	[[0, 2]]		
宗|宗|zong1~1	1	宗族	宗族	zong1 zu2	宗族|宗族|zong1 zu2	1	他們兩家屬於同一個宗族。	他们两家属于同一个宗族。	宗族	[[9, 11]]		
宗|宗|zong1~2	0	宗派	宗派	zong1 pai4	宗派|宗派|zong1 pai4	1	佛教在中國分成許多宗派。	佛教在中国分成许多宗派。	宗派	[[9, 11]]		
宗|宗|zong1~2	1	禪宗	禅宗	Chan2 zong1	禪宗|禅宗|Chan2 zong1	1	他對禪宗的思想很有興趣。	他对禅宗的思想很有兴趣。	禪宗	[[2, 4]]		
宗|宗|zong1~3	0	宗旨	宗旨	zong1 zhi3	宗旨|宗旨|zong1 zhi3	1	這家公司的宗旨是服務大家。	这家公司的宗旨是服务大家。	宗旨	[[5, 7]]		
宗|宗|zong1~4	0	宗師	宗师	zong1 shi1	宗師|宗师|zong1 shi1	1	他被看作武術界的一代宗師。	他被看作武术界的一代宗师。	宗師	[[10, 12]]		
官|官|guan1~2	0	官方	官方	guan1 fang1	官方|官方|guan1 fang1	1	官方的說法跟這個不同。	官方的说法跟这个不同。	官方	[[0, 2]]		
官|官|guan1~2	1	官辦	官办	guan1 ban4	官辦|官办|guan1 ban4	1	這家工廠是官辦的。	这家工厂是官办的。	官辦	[[5, 7]]		
官|官|guan1~3	0	器官	器官	qi4 guan1	器官|器官|qi4 guan1	1	人體的每個器官都有用處。	人体的每个器官都有用处。	器官	[[5, 7]]		
官|官|guan1~3	1	感官	感官	gan3 guan1	感官|感官|gan3 guan1	1	音樂帶來的是感官上的享受。	音乐带来的是感官上的享受。	感官	[[6, 8]]		
室|室|shi4~1	0	教室	教室	jiao4 shi4	教室|教室|jiao4 shi4	1	下課以後，教室裡只剩下我一個人。	下课以后，教室里只剩下我一个人。	教室	[[5, 7]]		
室|室|shi4~1	1	臥室	卧室	wo4 shi4	臥室|卧室|wo4 shi4	1	他的臥室朝南，早上很亮。	他的卧室朝南，早上很亮。	臥室	[[2, 4]]		
室|室|shi4~1	2	辦公室	办公室	ban4 gong1 shi4	辦公室|办公室|ban4 gong1 shi4	1	我們的辦公室在三樓。	我们的办公室在三楼。	辦公室	[[3, 6]]		
室|室|shi4~2	0	皇室	皇室	huang2 shi4	皇室|皇室|huang2 shi4	1	這座房子從前屬於皇室。	这座房子从前属于皇室。	皇室	[[8, 10]]		
室|室|shi4~2	1	王室	王室	wang2 shi4	王室|王室|wang2 shi4	1	那個國家的王室很受人民歡迎。	那个国家的王室很受人民欢迎。	王室	[[5, 7]]		
宮|宫|gong1~1	0	皇宮	皇宫	huang2 gong1	皇宮|皇宫|huang2 gong1	1	遊客可以進入皇宮參觀。	游客可以进入皇宫参观。	皇宮	[[6, 8]]		
宮|宫|gong1~1	1	宮殿	宫殿	gong1 dian4	宮殿|宫殿|gong1 dian4	1	古代的宮殿多用木頭建成。	古代的宫殿多用木头建成。	宮殿	[[3, 5]]		
宮|宫|gong1~1	2	宮廷	宫廷	gong1 ting2	宮廷|宫廷|gong1 ting2	1	這部電影講的是宮廷裡的故事。	这部电影讲的是宫廷里的故事。	宮廷	[[7, 9]]		
宮|宫|gong1~3	0	宮刑	宫刑	gong1 xing2	宮刑|宫刑|gong1 xing2	1	舊時犯了大罪的人會受宮刑。	旧时犯了大罪的人会受宫刑。	宮刑	[[10, 12]]		
密|密|mi4~2	0	秘密	秘密	mi4 mi4	秘密|秘密|mi4 mi4	1	這件事還是個秘密。	这件事还是个秘密。	秘密	[[6, 8]]		
密|密|mi4~2	1	密碼	密码	mi4 ma3	密碼|密码|mi4 ma3	1	我忘了電腦的密碼。	我忘了电脑的密码。	密碼	[[6, 8]]		
密|密|mi4~2	2	保密	保密	bao3 mi4	保密|保密|bao3 mi4	1	這個消息請你保密。	这个消息请你保密。	保密	[[6, 8]]		
密|密|mi4~3	0	親密	亲密	qin1 mi4	親密|亲密|qin1 mi4	1	他們兩個從小就很親密。	他们两个从小就很亲密。	親密	[[8, 10]]		
密|密|mi4~3	1	密切	密切	mi4 qie4	密切|密切|mi4 qie4	1	這兩件事關係密切。	这两件事关系密切。	密切	[[6, 8]]		
密|密|mi4~3	2	密友	密友	mi4 you3	密友|密友|mi4 you3	1	他是我多年的密友。	他是我多年的密友。	密友	[[6, 8]]		
富|富|fu4~2	0	豐富	丰富	feng1 fu4	豐富|丰富|feng1 fu4	1	這本書的內容很豐富。	这本书的内容很丰富。	豐富	[[7, 9]]		
富|富|fu4~2	1	富饒	富饶	fu4 rao2	富饒|富饶|fu4 rao2	1	這一帶的土地非常富饒。	这一带的土地非常富饶。	富饒	[[8, 10]]		
寶|宝|bao3~1	0	珠寶	珠宝	zhu1 bao3	珠寶|珠宝|zhu1 bao3	1	她把珠寶放在銀行裡。	她把珠宝放在银行里。	珠寶	[[2, 4]]		
寶|宝|bao3~1	1	國寶	国宝	guo2 bao3	國寶|国宝|guo2 bao3	1	大熊貓是中國的國寶。	大熊猫是中国的国宝。	國寶	[[7, 9]]		
寶|宝|bao3~1	2	寶物	宝物	bao3 wu4	寶物|宝物|bao3 wu4	1	博物館裡有不少寶物。	博物馆里有不少宝物。	寶物	[[7, 9]]		
寶|宝|bao3~2	0	寶石	宝石	bao3 shi2	寶石|宝石|bao3 shi2	1	這顆寶石的顏色很美。	这颗宝石的颜色很美。	寶石	[[2, 4]]		
寶|宝|bao3~2	1	寶劍	宝剑	bao3 jian4	寶劍|宝剑|bao3 jian4	1	他手裡拿著一把寶劍。	他手里拿着一把宝剑。	寶劍	[[7, 9]]		
射|射|she4~3	0	影射	影射	ying3 she4	影射|影射|ying3 she4	1	這篇小說影射了當時的社會。	这篇小说影射了当时的社会。	影射	[[4, 6]]		
將|将|jiang4~1	0	將領	将领	jiang4 ling3	將領|将领|jiang4 ling3	1	那位將領帶著軍隊走進城裡。	那位将领带着军队走进城里。	將領	[[2, 4]]		
將|将|jiang4~1	1	大將	大将	da4 jiang4	大將|大将|da4 jiang4	1	他年輕時就當上了大將。	他年轻时就当上了大将。	大將	[[8, 10]]		
將|将|jiang4~1	2	武將	武将	wu3 jiang4	武將|武将|wu3 jiang4	1	這個故事裡有不少有名的武將。	这个故事里有不少有名的武将。	武將	[[11, 13]]		
對|对|dui4~4	0	對面	对面	dui4 mian4	對面|对面|dui4 mian4	1	學校對面有一家書店。	学校对面有一家书店。	對面	[[2, 4]]		
對|对|dui4~4	1	對方	对方	dui4 fang1	對方|对方|dui4 fang1	1	說話的時候要看著對方的眼睛。	说话的时候要看着对方的眼睛。	對方	[[8, 10]]		
對|对|dui4~4	2	對手	对手	dui4 shou3	對手|对手|dui4 shou3	1	這次比賽的對手非常強。	这次比赛的对手非常强。	對手	[[5, 7]]		
對|对|dui4~9	0	應對	应对	ying4 dui4	應對|应对|ying4 dui4	1	他很會應對記者的問題。	他很会应对记者的问题。	應對	[[3, 5]]		
對|对|dui4~9	1	對答	对答	dui4 da2	對答|对答|dui4 da2	1	別人問什麼，他都對答得很清楚。	别人问什么，他都对答得很清楚。	對答	[[8, 10]]		
少|少|shao4~1	0	少年	少年	shao4 nian2	少年|少年|shao4 nian2	1	這本書寫的是一個少年的故事。	这本书写的是一个少年的故事。	少年	[[8, 10]]		
少|少|shao4~1	1	少女	少女	shao4 nu:3	少女|少女|shao4 nu:3	1	畫上是一位穿紅衣服的少女。	画上是一位穿红衣服的少女。	少女	[[10, 12]]		
少|少|shao4~1	2	年少	年少	nian2 shao4	年少|年少|nian2 shao4	1	他年少時就離開了家鄉。	他年少时就离开了家乡。	年少	[[1, 3]]		
尼|尼|ni2~1	0	尼姑	尼姑	ni2 gu1	尼姑|尼姑|ni2 gu1	1	她二十歲那年出家做了尼姑。	她二十岁那年出家做了尼姑。	尼姑	[[10, 12]]		
尼|尼|ni2~1	1	僧尼	僧尼	seng1 ni2	僧尼|僧尼|seng1 ni2	1	當地的僧尼都參加了這次活動。	当地的僧尼都参加了这次活动。	僧尼	[[3, 5]]		
尼|尼|ni2~2	0	尼龍	尼龙	ni2 long2	尼龍|尼龙|ni2 long2	1	這件衣服的材料是尼龍。	这件衣服的材料是尼龙。	尼龍	[[8, 10]]		
尼|尼|ni2~2	1	尼古丁	尼古丁	ni2 gu3 ding1	尼古丁|尼古丁|ni2 gu3 ding1	1	醫生說尼古丁對身體很不好。	医生说尼古丁对身体很不好。	尼古丁	[[3, 6]]		
尾|尾|wei3~1	0	尾巴	尾巴	wei3 ba5	尾巴|尾巴|wei3 ba5	1	那隻小狗高興得直搖尾巴。	那只小狗高兴得直摇尾巴。	尾巴	[[9, 11]]		
尾|尾|wei3~1	1	馬尾	马尾	ma3 wei3	馬尾|马尾|ma3 wei3	1	她把頭髮綁成馬尾。	她把头发绑成马尾。	馬尾	[[6, 8]]		
尾|尾|wei3~2	0	結尾	结尾	jie2 wei3	結尾|结尾|jie2 wei3	1	這篇文章的結尾寫得很好。	这篇文章的结尾写得很好。	結尾	[[5, 7]]		
尾|尾|wei3~2	1	末尾	末尾	mo4 wei3	末尾|末尾|mo4 wei3	1	他的名字排在名單末尾。	他的名字排在名单末尾。	末尾	[[8, 10]]		
局|局|ju2~1	0	郵局	邮局	you2 ju2	郵局|邮局|you2 ju2	1	我到郵局寄了一封信。	我到邮局寄了一封信。	郵局	[[2, 4]]		
局|局|ju2~1	1	警察局	警察局	jing3 cha2 ju2	警察局|警察局|jing3 cha2 ju2	1	他被帶到警察局問話。	他被带到警察局问话。	警察局	[[4, 7]]		
局|局|ju2~2	0	局面	局面	ju2 mian4	局面|局面|ju2 mian4	1	現在的局面很難控制。	现在的局面很难控制。	局面	[[3, 5]]		
局|局|ju2~2	1	局勢	局势	ju2 shi4	局勢|局势|ju2 shi4	1	那個地區的局勢十分緊張。	那个地区的局势十分紧张。	局勢	[[5, 7]]		
屆|届|jie4~2	0	屆時	届时	jie4 shi2	屆時|届时|jie4 shi2	1	屆時我們會通知每一位參加的人。	届时我们会通知每一位参加的人。	屆時	[[0, 2]]		
屆|届|jie4~2	1	屆滿	届满	jie4 man3	屆滿|届满|jie4 man3	1	他的任期到明年就屆滿了。	他的任期到明年就届满了。	屆滿	[[8, 10]]		
屋|屋|wu1~1	0	房屋	房屋	fang2 wu1	房屋|房屋|fang2 wu1	1	這一帶的房屋大多很舊。	这一带的房屋大多很旧。	房屋	[[4, 6]]		
屋|屋|wu1~1	1	屋頂	屋顶	wu1 ding3	屋頂|屋顶|wu1 ding3	1	雨水從屋頂流了下來。	雨水从屋顶流了下来。	屋頂	[[3, 5]]		
屋|屋|wu1~2	0	屋子	屋子	wu1 zi5	屋子|屋子|wu1 zi5	1	弟弟一個人住一間屋子。	弟弟一个人住一间屋子。	屋子	[[8, 10]]		
層|层|ceng2~1	0	雲層	云层	yun2 ceng2	雲層|云层|yun2 ceng2	1	飛機穿過雲層，天空一下子亮了。	飞机穿过云层，天空一下子亮了。	雲層	[[4, 6]]		
層|层|ceng2~1	1	表層	表层	biao3 ceng2	表層|表层|biao3 ceng2	1	地面的表層已經結冰了。	地面的表层已经结冰了。	表層	[[3, 5]]		
層|层|ceng2~1	2	底層	底层	di3 ceng2	底層|底层|di3 ceng2	1	箱子底層放的都是舊書。	箱子底层放的都是旧书。	底層	[[2, 4]]		
屬|属|shu3~3	0	家屬	家属	jia1 shu3	家屬|家属|jia1 shu3	1	醫生把情況告訴了病人的家屬。	医生把情况告诉了病人的家属。	家屬	[[11, 13]]		
屬|属|shu3~3	1	親屬	亲属	qin1 shu3	親屬|亲属|qin1 shu3	1	他在這個城市沒有親屬。	他在这个城市没有亲属。	親屬	[[8, 10]]		
屬|属|shu3~5	0	屬實	属实	shu3 shi2	屬實|属实|shu3 shi2	1	他的說法後來證明屬實。	他的说法后来证明属实。	屬實	[[8, 10]]		
屬|属|shu3~5	1	純屬	纯属	chun2 shu3	純屬|纯属|chun2 shu3	1	這件事純屬意外，沒有人受傷。	这件事纯属意外，没有人受伤。	純屬	[[3, 5]]		
工|工|gong1~1	0	工作	工作	gong1 zuo4	工作|工作|gong1 zuo4	1	他找到了一份新工作。	他找到了一份新工作。	工作	[[7, 9]]		
工|工|gong1~1	1	做工	做工	zuo4 gong1	做工|做工|zuo4 gong1	1	父親年輕時在城裡做工。	父亲年轻时在城里做工。	做工	[[8, 10]]		
工|工|gong1~1	2	開工	开工	kai1 gong1	開工|开工|kai1 gong1	1	這座橋下個月就要開工了。	这座桥下个月就要开工了。	開工	[[8, 10]]		
工|工|gong1~2	0	工人	工人	gong1 ren2	工人|工人|gong1 ren2	1	工廠裡有三百多名工人。	工厂里有三百多名工人。	工人	[[8, 10]]		
工|工|gong1~2	1	木工	木工	mu4 gong1	木工|木工|mu4 gong1	1	這張桌子是老木工做的。	这张桌子是老木工做的。	木工	[[6, 8]]		
工|工|gong1~3	0	工藝	工艺	gong1 yi4	工藝|工艺|gong1 yi4	1	這件作品的工藝很特別。	这件作品的工艺很特别。	工藝	[[5, 7]]		
工|工|gong1~3	1	手工	手工	shou3 gong1	手工|手工|shou3 gong1	1	媽媽用手工縫好了那件衣服。	妈妈用手工缝好了那件衣服。	手工	[[3, 5]]		
左|左|zuo3~3	0	相左	相左	xiang1 zuo3	相左|相左|xiang1 zuo3	1	兩人的意見相左，談了很久。	两人的意见相左，谈了很久。	相左	[[5, 7]]		
左|左|zuo3~4	0	旁門左道	旁门左道	pang2 men2 zuo3 dao4	旁門左道|旁门左道|pang2 men2 zuo3 dao4	1	有些人做生意愛走旁門左道。	有些人做生意爱走旁门左道。	旁門左道	[[8, 12]]		
差|差|cha1~1	0	差別	差别	cha1 bie2	差別|差别|cha1 bie2	1	我看不出這兩張照片有什麼差別。	我看不出这两张照片有什么差别。	差別	[[12, 14]]		
差|差|cha1~1	1	時差	时差	shi2 cha1	時差|时差|shi2 cha1	1	他還沒有適應這裡的時差。	他还没有适应这里的时差。	時差	[[9, 11]]		
差|差|cha1~1	2	溫差	温差	wen1 cha1	溫差|温差|wen1 cha1	1	這裡白天和夜裡的溫差很大。	这里白天和夜里的温差很大。	溫差	[[8, 10]]		
差|差|cha1~3	0	差強人意	差强人意	cha1 qiang2 ren2 yi4	差強人意|差强人意|cha1 qiang2 ren2 yi4	1	這部電影差強人意。	这部电影差强人意。	差強人意	[[4, 8]]		
差|差|chai1~1	0	出差	出差	chu1 chai1	出差|出差|chu1 chai1	1	他這個星期都在外面出差。	他这个星期都在外面出差。	出差	[[9, 11]]		
差|差|chai1~1	1	交差	交差	jiao1 chai1	交差|交差|jiao1 chai1	1	這件事辦完才好向上面交差。	这件事办完才好向上面交差。	交差	[[10, 12]]		
差|差|chai1~2	0	郵差	邮差	you2 chai1	郵差|邮差|you2 chai1	1	郵差每天早上來送報紙。	邮差每天早上来送报纸。	郵差	[[0, 2]]		
差|差|chai1~2	1	信差	信差	xin4 chai1	信差|信差|xin4 chai1	1	信差把消息帶回了城裡。	信差把消息带回了城里。	信差	[[0, 2]]		
已|已|yi3~2	0	不已	不已	bu4 yi3	不已|不已|bu4 yi3	1	大家對他的表演讚嘆不已。	大家对他的表演赞叹不已。	不已	[[9, 11]]		
已|已|yi3~2	1	死而後已	死而后已	si3 er2 hou4 yi3	死而後已|死而后已|si3 er2 hou4 yi3	1	他一生為國家做事，死而後已。	他一生为国家做事，死而后已。	死而後已	[[9, 13]]		
布|布|bu4~2	0	宣佈	宣布	xuan1 bu4	宣佈|宣布|xuan1 bu4	1	校長宣佈明天不上課。	校长宣布明天不上课。	宣佈	[[2, 4]]		
布|布|bu4~2	1	公佈	公布	gong1 bu4	公佈|公布|gong1 bu4	1	考試的結果下週公佈。	考试的结果下周公布。	公佈	[[7, 9]]		
布|布|bu4~3	0	分佈	分布	fen1 bu4	分佈|分布|fen1 bu4	1	這種鳥主要分佈在南方。	这种鸟主要分布在南方。	分佈	[[5, 7]]		
布|布|bu4~3	1	佈置	布置	bu4 zhi4	佈置|布置|bu4 zhi4	1	他們正在佈置會場。	他们正在布置会场。	佈置	[[4, 6]]		
希|希|xi1~1	0	希望	希望	xi1 wang4	希望|希望|xi1 wang4	1	他希望明年能到國外讀書。	他希望明年能到国外读书。	希望	[[1, 3]]		
希|希|xi1~1	1	希冀	希冀	xi1 ji4	希冀|希冀|xi1 ji4	1	大家都希冀戰爭早日結束。	大家都希冀战争早日结束。	希冀	[[3, 5]]		
希|希|xi1~2	0	希奇	希奇	xi1 qi2	希奇|希奇|xi1 qi2	1	這樣的事現在並不希奇。	这样的事现在并不希奇。	希奇	[[8, 10]]		
帕|帕|pa4~1	0	手帕	手帕	shou3 pa4	手帕|手帕|shou3 pa4	1	他從口袋裡拿出一條手帕。	他从口袋里拿出一条手帕。	手帕	[[9, 11]]		
帕|帕|pa4~1	1	帕子	帕子	pa4 zi5	帕子|帕子|pa4 zi5	1	她用帕子擦了擦臉上的汗。	她用帕子擦了擦脸上的汗。	帕子	[[2, 4]]		
帕|帕|pa4~2	0	千帕	千帕	qian1 pa4	千帕|千帕|qian1 pa4	1	這種輪胎的氣壓是兩百千帕。	这种轮胎的气压是两百千帕。	千帕	[[10, 12]]		
帕|帕|pa4~2	1	帕斯卡	帕斯卡	Pa4 si1 ka3	帕斯卡|帕斯卡|Pa4 si1 ka3	1	儀器上的壓力以帕斯卡為單位。	仪器上的压力以帕斯卡为单位。	帕斯卡	[[7, 10]]		
師|师|shi1~1	0	老師	老师	lao3 shi1	老師|老师|lao3 shi1	1	我們的英文老師很年輕。	我们的英文老师很年轻。	老師	[[5, 7]]		
師|师|shi1~1	1	教師	教师	jiao4 shi1	教師|教师|jiao4 shi1	1	這所學校有五十位教師。	这所学校有五十位教师。	教師	[[8, 10]]		
師|师|shi1~1	2	師生	师生	shi1 sheng1	師生|师生|shi1 sheng1	1	這個活動全校師生都參加。	这个活动全校师生都参加。	師生	[[6, 8]]		
師|师|shi1~2	0	醫師	医师	yi1 shi1	醫師|医师|yi1 shi1	1	醫師建議他多休息。	医师建议他多休息。	醫師	[[0, 2]]		
師|师|shi1~2	1	工程師	工程师	gong1 cheng2 shi1	工程師|工程师|gong1 cheng2 shi1	1	我哥哥是一位工程師。	我哥哥是一位工程师。	工程師	[[6, 9]]		
師|师|shi1~2	2	大師	大师	da4 shi1	大師|大师|da4 shi1	1	他跟一位大師學了三年畫。	他跟一位大师学了三年画。	大師	[[4, 6]]		
帶|带|dai4~11	0	皮帶	皮带	pi2 dai4	皮帶|皮带|pi2 dai4	1	這條皮帶太長，我要換一條。	这条皮带太长，我要换一条。	皮帶	[[2, 4]]		
帶|带|dai4~11	1	鞋帶	鞋带	xie2 dai4	鞋帶|鞋带|xie2 dai4	1	你的鞋帶開了，快繫好。	你的鞋带开了，快系好。	鞋帶	[[2, 4]]		
帶|带|dai4~11	2	領帶	领带	ling3 dai4	領帶|领带|ling3 dai4	1	他上班時總要打一條領帶。	他上班时总要打一条领带。	領帶	[[9, 11]]		
帶|带|dai4~12	0	熱帶	热带	re4 dai4	熱帶|热带|re4 dai4	1	這種水果只長在熱帶。	这种水果只长在热带。	熱帶	[[7, 9]]		
帶|带|dai4~12	1	地帶	地带	di4 dai4	地帶|地带|di4 dai4	1	山區地帶交通不太方便。	山区地带交通不太方便。	地帶	[[2, 4]]		
帶|带|dai4~12	2	一帶	一带	yi1 dai4	一帶|一带|yi1 dai4	1	我家住在湖邊一帶。	我家住在湖边一带。	一帶	[[6, 8]]		
常|常|chang2~2	0	平常	平常	ping2 chang2	平常|平常|ping2 chang2	1	他平常很少跟別人說話。	他平常很少跟别人说话。	平常	[[1, 3]]		
常|常|chang2~2	1	正常	正常	zheng4 chang2	正常|正常|zheng4 chang2	1	醫生說他的身體一切正常。	医生说他的身体一切正常。	正常	[[9, 11]]		
常|常|chang2~2	2	常年	常年	chang2 nian2	常年|常年|chang2 nian2	1	那座山上常年都有雪。	那座山上常年都有雪。	常年	[[4, 6]]		
幅|幅|fu2~1	0	幅度	幅度	fu2 du4	幅度|幅度|fu2 du4	1	這次調整的幅度比較大。	这次调整的幅度比较大。	幅度	[[5, 7]]		
幅|幅|fu2~1	1	大幅	大幅	da4 fu2	大幅|大幅|da4 fu2	1	公司今年大幅減少了開支。	公司今年大幅减少了开支。	大幅	[[4, 6]]		
幅|幅|fu2~1	2	篇幅	篇幅	pian1 fu5	篇幅|篇幅|pian1 fu5	1	報告的篇幅不能超過十頁。	报告的篇幅不能超过十页。	篇幅	[[3, 5]]		
幫|帮|bang1~3	0	幫派	帮派	bang1 pai4	幫派|帮派|bang1 pai4	1	警方正在調查這個幫派。	警方正在调查这个帮派。	幫派	[[8, 10]]		
幫|帮|bang1~3	1	黑幫	黑帮	hei1 bang1	黑幫|黑帮|hei1 bang1	1	那部電影講的是黑幫的故事。	那部电影讲的是黑帮的故事。	黑幫	[[7, 9]]		
幫|帮|bang1~4	0	鞋幫	鞋帮	xie2 bang1	鞋幫|鞋帮|xie2 bang1	1	這雙鞋的鞋幫已經破了。	这双鞋的鞋帮已经破了。	鞋幫	[[4, 6]]		
幫|帮|bang1~4	1	船幫	船帮	chuan2 bang1	船幫|船帮|chuan2 bang1	1	水打在船幫上，發出很大的聲音。	水打在船帮上，发出很大的声音。	船幫	[[3, 5]]		
干|干|gan1~1	0	相干	相干	xiang1 gan1	相干|相干|xiang1 gan1	1	這件事跟你一點也不相干。	这件事跟你一点也不相干。	相干	[[9, 11]]		
干|干|gan1~1	1	干涉	干涉	gan1 she4	干涉|干涉|gan1 she4	1	父母不應該干涉孩子的選擇。	父母不应该干涉孩子的选择。	干涉	[[5, 7]]		
干|干|gan1~1	2	干預	干预	gan1 yu4	干預|干预|gan1 yu4	1	他不希望有人干預自己的決定。	他不希望有人干预自己的决定。	干預	[[6, 8]]		
干|干|gan1~2	0	天干	天干	tian1 gan1	天干|天干|tian1 gan1	1	老師講過天干和地支的用法。	老师讲过天干和地支的用法。	天干	[[4, 6]]		
干|干|gan1~2	1	干支	干支	gan1 zhi1	干支|干支|gan1 zhi1	1	他懂得用干支來算日子。	他懂得用干支来算日子。	干支	[[4, 6]]		
干|干|gan1~3	0	干戈	干戈	gan1 ge1	干戈|干戈|gan1 ge1	1	他們為了小事大動干戈。	他们为了小事大动干戈。	干戈	[[8, 10]]		
年|年|nian2~3	0	年紀	年纪	nian2 ji4	年紀|年纪|nian2 ji4	1	他年紀大了，不想搬家。	他年纪大了，不想搬家。	年紀	[[1, 3]]		
年|年|nian2~3	1	年輕	年轻	nian2 qing1	年輕|年轻|nian2 qing1	1	她還很年輕，才二十多歲。	她还很年轻，才二十多岁。	年輕	[[3, 5]]		
年|年|nian2~3	2	年齡	年龄	nian2 ling2	年齡|年龄|nian2 ling2	1	這份工作對年齡有要求。	这份工作对年龄有要求。	年齡	[[5, 7]]		
幹|干|gan4~2	0	樹幹	树干	shu4 gan4	樹幹|树干|shu4 gan4	1	他靠在樹幹上休息。	他靠在树干上休息。	樹幹	[[3, 5]]		
幹|干|gan4~2	1	骨幹	骨干	gu3 gan4	骨幹|骨干|gu3 gan4	1	他是這個團隊的骨幹。	他是这个团队的骨干。	骨幹	[[7, 9]]		
幹|干|gan4~2	2	幹部	干部	gan4 bu4	幹部|干部|gan4 bu4	1	公司派了幾位幹部去學習。	公司派了几位干部去学习。	幹部	[[6, 8]]		
幹|干|gan4~3	0	能幹	能干	neng2 gan4	能幹|能干|neng2 gan4	1	這位年輕的老師非常能幹。	这位年轻的老师非常能干。	能幹	[[9, 11]]		
幹|干|gan4~3	1	幹練	干练	gan4 lian4	幹練|干练|gan4 lian4	1	她說話做事十分幹練。	她说话做事十分干练。	幹練	[[7, 9]]		
幹|干|gan4~4	0	幹掉	干掉	gan4 diao4	幹掉|干掉|gan4 diao4	1	電影裡他一個人幹掉了三個敵人。	电影里他一个人干掉了三个敌人。	幹掉	[[7, 9]]		
幾|几|ji1~1	0	幾乎	几乎	ji1 hu1	幾乎|几乎|ji1 hu1	1	他幾乎每天都來這裡。	他几乎每天都来这里。	幾乎	[[1, 3]]		
幾|几|ji1~1	1	幾近	几近	ji1 jin4	幾近|几近|ji1 jin4	1	這種做法幾近瘋狂。	这种做法几近疯狂。	幾近	[[4, 6]]		
底|底|di3~2	0	年底	年底	nian2 di3	年底|年底|nian2 di3	1	快到年底了，工作特別忙。	快到年底了，工作特别忙。	年底	[[2, 4]]		
底|底|di3~2	1	月底	月底	yue4 di3	月底|月底|yue4 di3	1	這個月底我要去南方。	这个月底我要去南方。	月底	[[2, 4]]		
店|店|dian4~2	0	飯店	饭店	fan4 dian4	飯店|饭店|fan4 dian4	1	我在飯店住了三個晚上。	我在饭店住了三个晚上。	飯店	[[2, 4]]		
店|店|dian4~2	1	客店	客店	ke4 dian4	客店|客店|ke4 dian4	1	他們在山下找到一家小客店。	他们在山下找到一家小客店。	客店	[[10, 12]]		
度|度|du4~1	0	程度	程度	cheng2 du4	程度|程度|cheng2 du4	1	他的中文程度不錯。	他的中文程度不错。	程度	[[4, 6]]		
度|度|du4~1	1	限度	限度	xian4 du4	限度|限度|xian4 du4	1	我的耐心是有限度的。	我的耐心是有限度的。	限度	[[6, 8]]		
度|度|du4~3	0	度過	度过	du4 guo4	度過|度过|du4 guo4	1	他們一起度過了最困難的日子。	他们一起度过了最困难的日子。	度過	[[4, 6]]		
度|度|du4~3	1	度假	度假	du4 jia4	度假|度假|du4 jia4	1	我打算去海邊度假一個星期。	我打算去海边度假一个星期。	度假	[[6, 8]]		
度|度|duo2~1	0	揣度	揣度	chuai3 duo2	揣度|揣度|chuai3 duo2	1	他一直在揣度對方的心思。	他一直在揣度对方的心思。	揣度	[[4, 6]]		
度|度|duo2~1	1	忖度	忖度	cun3 duo2	忖度|忖度|cun3 duo2	1	沒有人能忖度他心裡的想法。	没有人能忖度他心里的想法。	忖度	[[4, 6]]		
座|座|zuo4~1	0	座位	座位	zuo4 wei4	座位|座位|zuo4 wei4	1	這排座位都沒有人坐。	这排座位都没有人坐。	座位	[[2, 4]]		
座|座|zuo4~1	1	讓座	让座	rang4 zuo4	讓座|让座|rang4 zuo4	1	他在車上給老人讓座。	他在车上给老人让座。	讓座	[[7, 9]]		
座|座|zuo4~1	2	入座	入座	ru4 zuo4	入座|入座|ru4 zuo4	1	請大家按號碼入座。	请大家按号码入座。	入座	[[6, 8]]		
座|座|zuo4~2	0	底座	底座	di3 zuo4	底座|底座|di3 zuo4	1	這個機器的底座很重。	这个机器的底座很重。	底座	[[5, 7]]		
座|座|zuo4~2	1	基座	基座	ji1 zuo4	基座|基座|ji1 zuo4	1	工人正在修理橋的基座。	工人正在修理桥的基座。	基座	[[8, 10]]		
座|座|zuo4~3	0	星座	星座	xing1 zuo4	星座|星座|xing1 zuo4	1	他很喜歡研究星座。	他很喜欢研究星座。	星座	[[6, 8]]		
座|座|zuo4~3	1	獵戶座	猎户座	Lie4 hu4 zuo4	獵戶座|猎户座|Lie4 hu4 zuo4	1	今晚的天空中能看到獵戶座。	今晚的天空中能看到猎户座。	獵戶座	[[9, 12]]		
庫|库|ku4~1	0	倉庫	仓库	cang1 ku4	倉庫|仓库|cang1 ku4	1	東西都放在倉庫裡。	东西都放在仓库里。	倉庫	[[5, 7]]		
庫|库|ku4~1	1	車庫	车库	che1 ku4	車庫|车库|che1 ku4	1	他把車停進了車庫。	他把车停进了车库。	車庫	[[6, 8]]		
庫|库|ku4~1	2	庫房	库房	ku4 fang2	庫房|库房|ku4 fang2	1	這家工廠的庫房非常大。	这家工厂的库房非常大。	庫房	[[5, 7]]		
庫|库|ku4~2	0	資料庫	资料库	zi1 liao4 ku4	資料庫|资料库|zi1 liao4 ku4	1	你可以從資料庫找到答案。	你可以从资料库找到答案。	資料庫	[[4, 7]]		
庫|库|ku4~2	1	詞庫	词库	ci2 ku4	詞庫|词库|ci2 ku4	1	這個詞庫收了很多新詞。	这个词库收了很多新词。	詞庫	[[2, 4]]		
庭|庭|ting2~1	0	庭院	庭院	ting2 yuan4	庭院|庭院|ting2 yuan4	1	這座房子有一個很大的庭院。	这座房子有一个很大的庭院。	庭院	[[10, 12]]		
庭|庭|ting2~1	1	前庭	前庭	qian2 ting2	前庭|前庭|qian2 ting2	1	客人在前庭等了一會兒。	客人在前庭等了一会儿。	前庭	[[3, 5]]		
庭|庭|ting2~2	0	法庭	法庭	fa3 ting2	法庭|法庭|fa3 ting2	1	律師在法庭上為他說話。	律师在法庭上为他说话。	法庭	[[3, 5]]		
庭|庭|ting2~2	1	開庭	开庭	kai1 ting2	開庭|开庭|kai1 ting2	1	這個案件明天早上開庭。	这个案件明天早上开庭。	開庭	[[8, 10]]		
庭|庭|ting2~2	2	出庭	出庭	chu1 ting2	出庭|出庭|chu1 ting2	1	他昨天出庭回答了問題。	他昨天出庭回答了问题。	出庭	[[3, 5]]		
庭|庭|ting2~3	0	大庭廣眾	大庭广众	da4 ting2 guang3 zhong4	大庭廣眾|大庭广众|da4 ting2 guang3 zhong4	1	他不好意思在大庭廣眾面前唱歌。	他不好意思在大庭广众面前唱歌。	大庭廣眾	[[6, 10]]		
康|康|kang1~1	0	健康	健康	jian4 kang1	健康|健康|jian4 kang1	1	他每天走路，身體很健康。	他每天走路，身体很健康。	健康	[[9, 11]]		
康|康|kang1~1	1	康復	康复	kang1 fu4	康復|康复|kang1 fu4	1	他住了兩個星期的醫院才康復。	他住了两个星期的医院才康复。	康復	[[11, 13]]		
康|康|kang1~2	0	小康	小康	xiao3 kang1	小康|小康|xiao3 kang1	1	他們家過著小康的日子。	他们家过着小康的日子。	小康	[[5, 7]]		
康|康|kang1~2	1	安康	安康	an1 kang1	安康|安康|an1 kang1	1	祝您全家平安、身體安康。	祝您全家平安、身体安康。	安康	[[9, 11]]		
廳|厅|ting1~1	0	客廳	客厅	ke4 ting1	客廳|客厅|ke4 ting1	1	客廳裡放著一張大桌子。	客厅里放着一张大桌子。	客廳	[[0, 2]]		
廳|厅|ting1~1	1	餐廳	餐厅	can1 ting1	餐廳|餐厅|can1 ting1	1	這家餐廳的菜很好吃。	这家餐厅的菜很好吃。	餐廳	[[2, 4]]		
廳|厅|ting1~1	2	大廳	大厅	da4 ting1	大廳|大厅|da4 ting1	1	旅客都在大廳中間等著。	旅客都在大厅中间等着。	大廳	[[4, 6]]		
廳|厅|ting1~2	0	教育廳	教育厅	jiao4 yu4 ting1	教育廳|教育厅|jiao4 yu4 ting1	1	他在教育廳工作了十年。	他在教育厅工作了十年。	教育廳	[[2, 5]]		
廳|厅|ting1~2	1	辦公廳	办公厅	ban4 gong1 ting1	辦公廳|办公厅|ban4 gong1 ting1	1	文件已經送到辦公廳。	文件已经送到办公厅。	辦公廳	[[6, 9]]		
式|式|shi4~1	0	方式	方式	fang1 shi4	方式|方式|fang1 shi4	1	我們可以用別的方式解決。	我们可以用别的方式解决。	方式	[[7, 9]]		
式|式|shi4~1	1	形式	形式	xing2 shi4	形式|形式|xing2 shi4	1	他們的合作只有形式，沒有內容。	他们的合作只有形式，没有内容。	形式	[[7, 9]]		
式|式|shi4~1	2	樣式	样式	yang4 shi4	樣式|样式|yang4 shi4	1	這件衣服的樣式很新。	这件衣服的样式很新。	樣式	[[5, 7]]		
式|式|shi4~2	0	儀式	仪式	yi2 shi4	儀式|仪式|yi2 shi4	1	婚禮上的儀式進行了半個小時。	婚礼上的仪式进行了半个小时。	儀式	[[4, 6]]		
式|式|shi4~2	1	開幕式	开幕式	kai1 mu4 shi4	開幕式|开幕式|kai1 mu4 shi4	1	他去看了比賽的開幕式。	他去看了比赛的开幕式。	開幕式	[[7, 10]]		
式|式|shi4~2	2	閉幕式	闭幕式	bi4 mu4 shi4	閉幕式|闭幕式|bi4 mu4 shi4	1	閉幕式在晚上八點開始。	闭幕式在晚上八点开始。	閉幕式	[[0, 3]]		
引|引|yin3~4	0	牽引	牵引	qian1 yin3	牽引|牵引|qian1 yin3	1	這條繩子用來牽引小船。	这条绳子用来牵引小船。	牽引	[[6, 8]]		
引|引|yin3~4	1	引力	引力	yin3 li4	引力|引力|yin3 li4	1	地球的引力讓東西落下來。	地球的引力让东西落下来。	引力	[[3, 5]]		
引|引|yin3~4	2	引申	引申	yin3 shen1	引申|引申|yin3 shen1	1	這個詞後來引申出新的意思。	这个词后来引申出新的意思。	引申	[[5, 7]]		
引|引|yin3~5	0	引退	引退	yin3 tui4	引退|引退|yin3 tui4	1	他在六十歲那年引退了。	他在六十岁那年引退了。	引退	[[7, 9]]		
弗|弗|fu2~1	0	自愧弗如	自愧弗如	zi4 kui4 fu2 ru2	自愧弗如|自愧弗如|zi4 kui4 fu2 ru2	1	聽了他的看法，我自愧弗如。	听了他的看法，我自愧弗如。	自愧弗如	[[8, 12]]		
弗|弗|fu2~1	1	無遠弗屆	无远弗届	wu2 yuan3 fu2 jie4	無遠弗屆|无远弗届|wu2 yuan3 fu2 jie4	1	電視的影響無遠弗屆。	电视的影响无远弗届。	無遠弗屆	[[5, 9]]		
強|强|jiang4~1	0	倔強	倔强	jue2 jiang4	倔強|倔强|jue2 jiang4	1	這孩子性格倔強，從不認錯。	这孩子性格倔强，从不认错。	倔強	[[5, 7]]		
強|强|qiang3~1	0	強迫	强迫	qiang3 po4	強迫|强迫|qiang3 po4	1	他小時候被父母強迫學畫。	他小时候被父母强迫学画。	強迫	[[7, 9]]		
強|强|qiang3~1	1	勉強	勉强	mian3 qiang3	勉強|勉强|mian3 qiang3	1	你不想去就別勉強自己。	你不想去就别勉强自己。	勉強	[[6, 8]]		
強|强|qiang3~1	2	強求	强求	qiang3 qiu2	強求|强求|qiang3 qiu2	1	這種事不能強求別人。	这种事不能强求别人。	強求	[[5, 7]]		
彈|弹|dan4~1	0	子彈	子弹	zi3 dan4	子彈|子弹|zi3 dan4	1	槍裡只剩下一顆子彈了。	枪里只剩下一颗子弹了。	子彈	[[7, 9]]		
彈|弹|dan4~1	1	炮彈	炮弹	pao4 dan4	炮彈|炮弹|pao4 dan4	1	敵人的炮彈落在城外。	敌人的炮弹落在城外。	炮彈	[[3, 5]]		
彈|弹|dan4~1	2	彈藥	弹药	dan4 yao4	彈藥|弹药|dan4 yao4	1	部隊的彈藥快要用完了。	部队的弹药快要用完了。	彈藥	[[3, 5]]		
彈|弹|dan4~2	0	彈珠	弹珠	dan4 zhu1	彈珠|弹珠|dan4 zhu1	1	孩子們蹲在地上玩彈珠。	孩子们蹲在地上玩弹珠。	彈珠	[[8, 10]]		
彈|弹|dan4~2	1	彈弓	弹弓	dan4 gong1	彈弓|弹弓|dan4 gong1	1	他小時候常拿彈弓打鳥。	他小时候常拿弹弓打鸟。	彈弓	[[6, 8]]		
彈|弹|tan2~4	0	彈性	弹性	tan2 xing4	彈性|弹性|tan2 xing4	1	這種布的彈性很好。	这种布的弹性很好。	彈性	[[4, 6]]		
彈|弹|tan2~4	1	彈簧	弹簧	tan2 huang2	彈簧|弹簧|tan2 huang2	1	椅子裡的彈簧壞了。	椅子里的弹簧坏了。	彈簧	[[4, 6]]		
彈|弹|tan2~4	2	彈力	弹力	tan2 li4	彈力|弹力|tan2 li4	1	跳高要靠腿的彈力。	跳高要靠腿的弹力。	彈力	[[6, 8]]		
彈|弹|tan2~5	0	彈劾	弹劾	tan2 he2	彈劾|弹劾|tan2 he2	1	議員提出彈劾總統的要求。	议员提出弹劾总统的要求。	彈劾	[[4, 6]]		
形|形|xing2~1	0	形狀	形状	xing2 zhuang4	形狀|形状|xing2 zhuang4	1	這塊石頭的形狀很特別。	这块石头的形状很特别。	形狀	[[5, 7]]		
形|形|xing2~1	1	圓形	圆形	yuan2 xing2	圓形|圆形|yuan2 xing2	1	這張桌子做成了圓形。	这张桌子做成了圆形。	圓形	[[7, 9]]		
形|形|xing2~1	2	外形	外形	wai4 xing2	外形|外形|wai4 xing2	1	我喜歡這輛車的外形。	我喜欢这辆车的外形。	外形	[[7, 9]]		
形|形|xing2~2	0	現形	现形	xian4 xing2	現形|现形|xian4 xing2	1	騙子最後還是現形了。	骗子最后还是现形了。	現形	[[6, 8]]		
形|形|xing2~2	1	喜形於色	喜形于色	xi3 xing2 yu2 se4	喜形於色|喜形于色|xi3 xing2 yu2 se4	1	他聽到消息，喜形於色。	他听到消息，喜形于色。	喜形於色	[[6, 10]]		
影|影|ying3~1	0	影子	影子	ying3 zi5	影子|影子|ying3 zi5	1	他的影子被路燈拉得很長。	他的影子被路灯拉得很长。	影子	[[2, 4]]		
影|影|ying3~1	1	人影	人影	ren2 ying3	人影|人影|ren2 ying3	1	巷子裡連個人影都看不到。	巷子里连个人影都看不到。	人影	[[5, 7]]		
影|影|ying3~2	0	電影	电影	dian4 ying3	電影|电影|dian4 ying3	1	我們週末一起去看電影。	我们周末一起去看电影。	電影	[[8, 10]]		
影|影|ying3~2	1	影片	影片	ying3 pian4	影片|影片|ying3 pian4	1	這部影片很受年輕人歡迎。	这部影片很受年轻人欢迎。	影片	[[2, 4]]		
影|影|ying3~3	0	影像	影像	ying3 xiang4	影像|影像|ying3 xiang4	1	電視上的影像不太清楚。	电视上的影像不太清楚。	影像	[[4, 6]]		
影|影|ying3~3	1	合影	合影	he2 ying3	合影|合影|he2 ying3	1	我們在門口拍了一張合影。	我们在门口拍了一张合影。	合影	[[9, 11]]		
影|影|ying3~4	0	倒影	倒影	dao4 ying3	倒影|倒影|dao4 ying3	1	湖面上出現了山的倒影。	湖面上出现了山的倒影。	倒影	[[8, 10]]		
影|影|ying3~5	0	蹤影	踪影	zong1 ying3	蹤影|踪影|zong1 ying3	1	他走了以後就沒了蹤影。	他走了以后就没了踪影。	蹤影	[[8, 10]]		
影|影|ying3~5	1	無影無蹤	无影无踪	wu2 ying3 wu2 zong1	無影無蹤|无影无踪|wu2 ying3 wu2 zong1	1	那隻貓一下子跑得無影無蹤。	那只猫一下子跑得无影无踪。	無影無蹤	[[8, 12]]		
往|往|wang3~2	0	前往	前往	qian2 wang3	前往|前往|qian2 wang3	1	他明天就要前往國外了。	他明天就要前往国外了。	前往	[[5, 7]]		
往|往|wang3~2	1	來往	来往	lai2 wang3	來往|来往|lai2 wang3	1	這兩家人來往得很密切。	这两家人来往得很密切。	來往	[[4, 6]]		
往|往|wang3~3	0	往事	往事	wang3 shi4	往事|往事|wang3 shi4	1	他常常想起小時候的往事。	他常常想起小时候的往事。	往事	[[9, 11]]		
往|往|wang3~3	1	以往	以往	yi3 wang3	以往|以往|yi3 wang3	1	今年的成績比以往都好。	今年的成绩比以往都好。	以往	[[6, 8]]		
待|待|dai4~1	0	等待	等待	deng3 dai4	等待|等待|deng3 dai4	1	大家在門口等待消息。	大家在门口等待消息。	等待	[[5, 7]]		
待|待|dai4~1	1	期待	期待	qi1 dai4	期待|期待|qi1 dai4	1	我很期待明天的比賽。	我很期待明天的比赛。	期待	[[2, 4]]		
待|待|dai4~1	2	有待	有待	you3 dai4	有待|有待|you3 dai4	1	這件事還有待研究。	这件事还有待研究。	有待	[[4, 6]]		
得|得|de2~3	0	得意	得意	de2 yi4	得意|得意|de2 yi4	1	他考了滿分，得意了好幾天。	他考了满分，得意了好几天。	得意	[[6, 8]]		
得|得|de2~3	1	自得	自得	zi4 de2	自得|自得|zi4 de2	1	老人在院子裡種花，十分自得。	老人在院子里种花，十分自得。	自得	[[11, 13]]		
得|得|de2~4	0	得體	得体	de2 ti3	得體|得体|de2 ti3	1	他說話很得體，大家都喜歡。	他说话很得体，大家都喜欢。	得體	[[4, 6]]		
得|得|de2~4	1	得當	得当	de2 dang4	得當|得当|de2 dang4	1	這件事處理得當，沒有出問題。	这件事处理得当，没有出问题。	得當	[[5, 7]]		
得|得|de2~5	0	不得	不得	bu4 de2	不得|不得|bu4 de2	1	圖書館內不得大聲說話。	图书馆内不得大声说话。	不得	[[4, 6]]		
得|得|de2~5	1	得以	得以	de2 yi3	得以|得以|de2 yi3	1	問題終於得以解決。	问题终于得以解决。	得以	[[4, 6]]		
快|快|kuai4~4	0	快樂	快乐	kuai4 le4	快樂|快乐|kuai4 le4	1	我希望你天天都快樂。	我希望你天天都快乐。	快樂	[[7, 9]]		
快|快|kuai4~4	1	愉快	愉快	yu2 kuai4	愉快|愉快|yu2 kuai4	1	祝大家旅行愉快！	祝大家旅行愉快！	愉快	[[5, 7]]		
快|快|kuai4~6	0	心直口快	心直口快	xin1 zhi2 kou3 kuai4	心直口快|心直口快|xin1 zhi2 kou3 kuai4	1	她心直口快，想到什麼就說什麼。	她心直口快，想到什么就说什么。	心直口快	[[1, 5]]		
念|念|nian4~4	0	念頭	念头	nian4 tou5	念頭|念头|nian4 tou5	1	他忽然起了回家的念頭。	他忽然起了回家的念头。	念頭	[[8, 10]]		
念|念|nian4~4	1	信念	信念	xin4 nian4	信念|信念|xin4 nian4	1	這個信念支持他走到最後。	这个信念支持他走到最后。	信念	[[2, 4]]		
念|念|nian4~4	2	雜念	杂念	za2 nian4	雜念|杂念|za2 nian4	1	他坐下來，心中沒有雜念。	他坐下来，心中没有杂念。	雜念	[[9, 11]]		
思|思|si1~1	0	思考	思考	si1 kao3	思考|思考|si1 kao3	1	這個問題值得我們認真思考。	这个问题值得我们认真思考。	思考	[[10, 12]]		
思|思|si1~1	1	思想	思想	si1 xiang3	思想|思想|si1 xiang3	1	他常常把自己的思想寫下來。	他常常把自己的思想写下来。	思想	[[7, 9]]		
思|思|si1~2	0	思念	思念	si1 nian4	思念|思念|si1 nian4	1	她很思念遠方的家人。	她很思念远方的家人。	思念	[[2, 4]]		
思|思|si1~2	1	相思	相思	xiang1 si1	相思|相思|xiang1 si1	1	這首歌唱出了深深的相思。	这首歌唱出了深深的相思。	相思	[[9, 11]]		
怪|怪|guai4~4	0	妖怪	妖怪	yao1 guai4	妖怪|妖怪|yao1 guai4	1	這個故事裡有一隻大妖怪。	这个故事里有一只大妖怪。	妖怪	[[9, 11]]		
怪|怪|guai4~4	1	鬼怪	鬼怪	gui3 guai4	鬼怪|鬼怪|gui3 guai4	1	他從小就不相信鬼怪。	他从小就不相信鬼怪。	鬼怪	[[7, 9]]		
怪|怪|guai4~5	0	大驚小怪	大惊小怪	da4 jing1 xiao3 guai4	大驚小怪|大惊小怪|da4 jing1 xiao3 guai4	1	這點小事，你別大驚小怪。	这点小事，你别大惊小怪。	大驚小怪	[[7, 11]]		
怪|怪|guai4~5	1	少見多怪	少见多怪	shao3 jian4 duo1 guai4	少見多怪|少见多怪|shao3 jian4 duo1 guai4	1	他沒去過大城市，難免少見多怪。	他没去过大城市，难免少见多怪。	少見多怪	[[10, 14]]		
恐怖|恐怖|kong3 bu4~2	0	恐怖分子	恐怖分子	kong3 bu4 fen4 zi3	恐怖分子|恐怖分子|kong3 bu4 fen4 zi3	1	警方抓住了那名恐怖分子。	警方抓住了那名恐怖分子。	恐怖分子	[[7, 11]]		
恐怖|恐怖|kong3 bu4~2	1	恐怖主義	恐怖主义	kong3 bu4 zhu3 yi4	恐怖主義|恐怖主义|kong3 bu4 zhu3 yi4	1	各國都反對恐怖主義。	各国都反对恐怖主义。	恐怖主義	[[5, 9]]		
感|感|gan3~1	0	感到	感到	gan3 dao4	感到|感到|gan3 dao4	1	我感到十分抱歉。	我感到十分抱歉。	感到	[[1, 3]]		
感|感|gan3~1	1	感覺	感觉	gan3 jue2	感覺|感觉|gan3 jue2	1	他說不出心裡是什麼感覺。	他说不出心里是什么感觉。	感覺	[[9, 11]]		
感|感|gan3~1	2	感受	感受	gan3 shou4	感受|感受|gan3 shou4	1	請談談你這幾天的感受。	请谈谈你这几天的感受。	感受	[[8, 10]]		
感|感|gan3~2	0	感動	感动	gan3 dong4	感動|感动|gan3 dong4	1	看完那部電影，她感動得哭了。	看完那部电影，她感动得哭了。	感動	[[8, 10]]		
感|感|gan3~2	1	感人	感人	gan3 ren2	感人|感人|gan3 ren2	1	這個故事非常感人。	这个故事非常感人。	感人	[[6, 8]]		
感|感|gan3~3	0	責任感	责任感	ze2 ren4 gan3	責任感|责任感|ze2 ren4 gan3	1	他做事認真，責任感很強。	他做事认真，责任感很强。	責任感	[[6, 9]]	名詞後	名词后
感|感|gan3~3	1	好感	好感	hao3 gan3	好感|好感|hao3 gan3	1	大家對這位新老師都很有好感。	大家对这位新老师都很有好感。	好感	[[11, 13]]	形容詞後	形容词后
應|应|ying1~2	0	應允	应允	ying1 yun3	應允|应允|ying1 yun3	1	他終於應允了我們的請求。	他终于应允了我们的请求。	應允	[[3, 5]]		
應|应|ying1~2	1	應許	应许	ying1 xu3	應許|应许|ying1 xu3	1	父親應許明天帶我去看電影。	父亲应许明天带我去看电影。	應許	[[2, 4]]		
應|应|ying4~2	0	應邀	应邀	ying4 yao1	應邀|应邀|ying4 yao1	1	他應邀到學校演講。	他应邀到学校演讲。	應邀	[[1, 3]]		
應|应|ying4~2	1	應徵	应征	ying4 zheng1	應徵|应征|ying4 zheng1	1	她去那家公司應徵。	她去那家公司应征。	應徵	[[6, 8]]		
應|应|ying4~2	2	有求必應	有求必应	you3 qiu2 bi4 ying4	有求必應|有求必应|you3 qiu2 bi4 ying4	1	他對朋友有求必應。	他对朋友有求必应。	有求必應	[[4, 8]]		
應|应|ying4~3	0	應對	应对	ying4 dui4	應對|应对|ying4 dui4	1	面對記者的問題，他應對得很好。	面对记者的问题，他应对得很好。	應對	[[9, 11]]		
應|应|ying4~3	1	應急	应急	ying4 ji2	應急|应急|ying4 ji2	1	你先拿這筆錢去應急吧。	你先拿这笔钱去应急吧。	應急	[[7, 9]]		
應|应|ying4~3	2	應變	应变	ying4 bian4	應變|应变|ying4 bian4	1	這份工作很需要應變能力。	这份工作很需要应变能力。	應變	[[7, 9]]		
懷|怀|huai2~3	0	懷念	怀念	huai2 nian4	懷念|怀念|huai2 nian4	1	他常常懷念小時候的日子。	他常常怀念小时候的日子。	懷念	[[3, 5]]		
懷|怀|huai2~3	1	懷舊	怀旧	huai2 jiu4	懷舊|怀旧|huai2 jiu4	1	這家店的佈置很懷舊。	这家店的布置很怀旧。	懷舊	[[7, 9]]		
懷|怀|huai2~4	0	胸懷	胸怀	xiong1 huai2	胸懷|胸怀|xiong1 huai2	1	他胸懷寬廣，不跟人計較。	他胸怀宽广，不跟人计较。	胸懷	[[1, 3]]		
懷|怀|huai2~4	1	情懷	情怀	qing2 huai2	情懷|情怀|qing2 huai2	1	這首歌唱出了對故鄉的情懷。	这首歌唱出了对故乡的情怀。	情懷	[[10, 12]]		
我|我|wo3~2	0	自我	自我	zi4 wo3	自我|自我|zi4 wo3	1	這次旅行讓他重新認識了自我。	这次旅行让他重新认识了自我。	自我	[[11, 13]]		
我|我|wo3~2	1	忘我	忘我	wang4 wo3	忘我|忘我|wang4 wo3	1	他以忘我的精神投入工作。	他以忘我的精神投入工作。	忘我	[[2, 4]]		
戰|战|zhan4~1	0	戰爭	战争	zhan4 zheng1	戰爭|战争|zhan4 zheng1	1	那場戰爭持續了整整八年。	那场战争持续了整整八年。	戰爭	[[2, 4]]	名	名
戰|战|zhan4~1	1	作戰	作战	zuo4 zhan4	作戰|作战|zuo4 zhan4	1	部隊在山區作戰了三個月。	部队在山区作战了三个月。	作戰	[[5, 7]]	動	动
戰|战|zhan4~1	2	戰鬥	战斗	zhan4 dou4	戰鬥|战斗|zhan4 dou4	1	士兵們正在前線戰鬥。	士兵们正在前线战斗。	戰鬥	[[7, 9]]	動	动
戲|戏|xi4~2	0	戲言	戏言	xi4 yan2	戲言|戏言|xi4 yan2	1	你別把他的話當成戲言。	你别把他的话当成戏言。	戲言	[[8, 10]]		
戲|戏|xi4~2	1	兒戲	儿戏	er2 xi4	兒戲|儿戏|er2 xi4	1	這件事可不是兒戲。	这件事可不是儿戏。	兒戲	[[6, 8]]		
戴|戴|dai4~2	0	愛戴	爱戴	ai4 dai4	愛戴|爱戴|ai4 dai4	1	這位老師深受學生愛戴。	这位老师深受学生爱戴。	愛戴	[[8, 10]]		
戴|戴|dai4~2	1	擁戴	拥戴	yong1 dai4	擁戴|拥戴|yong1 dai4	1	他得到了大家的擁戴。	他得到了大家的拥戴。	擁戴	[[7, 9]]		
戶|户|hu4~2	0	戶外	户外	hu4 wai4	戶外|户外|hu4 wai4	1	週末我們常帶孩子到戶外走走。	周末我们常带孩子到户外走走。	戶外	[[9, 11]]		
戶|户|hu4~2	1	窗戶	窗户	chuang1 hu5	窗戶|窗户|chuang1 hu5	1	他打開窗戶，讓空氣進來。	他打开窗户，让空气进来。	窗戶	[[3, 5]]		
戶|户|hu4~2	2	門戶	门户	men2 hu4	門戶|门户|men2 hu4	1	這座城市是南方重要的門戶。	这座城市是南方重要的门户。	門戶	[[10, 12]]		
所|所|suo3~1	0	場所	场所	chang3 suo3	場所|场所|chang3 suo3	1	圖書館是安靜的公共場所。	图书馆是安静的公共场所。	場所	[[9, 11]]		
所|所|suo3~1	1	廁所	厕所	ce4 suo3	廁所|厕所|ce4 suo3	1	請問，這裡的廁所在哪裡？	请问，这里的厕所在哪里？	廁所	[[6, 8]]		
所|所|suo3~1	2	診所	诊所	zhen3 suo3	診所|诊所|zhen3 suo3	1	他病了，去診所看醫生。	他病了，去诊所看医生。	診所	[[5, 7]]		
打擊|打击|da3 ji1~3	0	打擊樂器	打击乐器	da3 ji1 yue4 qi4	打擊樂器|打击乐器|da3 ji1 yue4 qi4	1	他在樂隊裡負責打擊樂器。	他在乐队里负责打击乐器。	打擊樂器	[[7, 11]]		
托|托|tuo1~3	0	槍托	枪托	qiang1 tuo1	槍托|枪托|qiang1 tuo1	1	這把槍的槍托是木頭做的。	这把枪的枪托是木头做的。	槍托	[[4, 6]]		
托|托|tuo1~4	0	托兒	托儿	tuo1 r5	托兒|托儿|tuo1 r5	1	他們找了幾個托兒來騙人。	他们找了几个托儿来骗人。	托兒	[[6, 8]]		
批|批|pi1~3	0	批評	批评	pi1 ping2	批評|批评|pi1 ping2	1	他的做法受到大家的批評。	他的做法受到大家的批评。	批評	[[9, 11]]		
批|批|pi1~3	1	批判	批判	pi1 pan4	批判|批判|pi1 pan4	1	這本書對舊思想提出批判。	这本书对旧思想提出批判。	批判	[[9, 11]]		
把|把|ba3~5	0	車把	车把	che1 ba3	車把|车把|che1 ba3	1	騎車時要兩隻手抓住車把。	骑车时要两只手抓住车把。	車把	[[9, 11]]		
把|把|ba3~5	1	把手	把手	ba3 shou3	把手|把手|ba3 shou3	1	門的把手壞了，打不開。	门的把手坏了，打不开。	把手	[[2, 4]]		
投|投|tou2~5	0	投奔	投奔	tou2 ben4	投奔|投奔|tou2 ben4	1	戰爭時他投奔了南方的親戚。	战争时他投奔了南方的亲戚。	投奔	[[4, 6]]		
投|投|tou2~5	1	投靠	投靠	tou2 kao4	投靠|投靠|tou2 kao4	1	這些人都是來投靠他的。	这些人都是来投靠他的。	投靠	[[6, 8]]		
拉|拉|la1~4	0	拉家常	拉家常	la1 jia1 chang2	拉家常|拉家常|la1 jia1 chang2	1	兩位老人坐在門前拉家常。	两位老人坐在门前拉家常。	拉家常	[[8, 11]]		
拍|拍|pai1~3	0	球拍	球拍	qiu2 pai1	球拍|球拍|qiu2 pai1	1	他新買的球拍很輕。	他新买的球拍很轻。	球拍	[[4, 6]]		
拍|拍|pai1~3	1	拍子	拍子	pai1 zi5	拍子|拍子|pai1 zi5	1	我把拍子放在包裡了。	我把拍子放在包里了。	拍子	[[2, 4]]		
拜|拜|bai4~2	0	拜年	拜年	bai4 nian2	拜年|拜年|bai4 nian2	1	過年的時候，我們去給老師拜年。	过年的时候，我们去给老师拜年。	拜年	[[12, 14]]		
拜|拜|bai4~2	1	拜訪	拜访	bai4 fang3	拜訪|拜访|bai4 fang3	1	他昨天拜訪了一位老朋友。	他昨天拜访了一位老朋友。	拜訪	[[3, 5]]		
拜|拜|bai4~2	2	拜見	拜见	bai4 jian4	拜見|拜见|bai4 jian4	1	學生們一起去拜見校長。	学生们一起去拜见校长。	拜見	[[6, 8]]		
拜|拜|bai4~3	0	拜託	拜托	bai4 tuo1	拜託|拜托|bai4 tuo1	1	這件事就拜託你了。	这件事就拜托你了。	拜託	[[4, 6]]	請求別人	请求别人
拜|拜|bai4~3	1	拜讀	拜读	bai4 du2	拜讀|拜读|bai4 du2	1	您的文章我已經拜讀過了。	您的文章我已经拜读过了。	拜讀	[[7, 9]]	說自己的動作	说自己的动作
指|指|zhi3~1	0	手指	手指	shou3 zhi3	手指|手指|shou3 zhi3	1	他的手指又細又長，很好看。	他的手指又细又长，很好看。	手指	[[2, 4]]		
指|指|zhi3~1	1	指尖	指尖	zhi3 jian1	指尖|指尖|zhi3 jian1	1	她用指尖輕輕碰了一下。	她用指尖轻轻碰了一下。	指尖	[[2, 4]]		
指|指|zhi3~1	2	指紋	指纹	zhi3 wen2	指紋|指纹|zhi3 wen2	1	警察在門上找到了指紋。	警察在门上找到了指纹。	指紋	[[8, 10]]		
指|指|zhi3~5	0	令人髮指	令人发指	ling4 ren2 fa4 zhi3	令人髮指|令人发指|ling4 ren2 fa4 zhi3	1	他做出的事實在令人髮指。	他做出的事实在令人发指。	令人髮指	[[7, 11]]		
按|按|an4~4	0	按語	按语	an4 yu3	按語|按语|an4 yu3	1	這篇報道後面有一段按語。	这篇报道后面有一段按语。	按語	[[9, 11]]		
按|按|an4~4	1	編者按	编者按	bian1 zhe3 an4	編者按|编者按|bian1 zhe3 an4	1	編者按說明了寫這篇文章的原因。	编者按说明了写这篇文章的原因。	編者按	[[0, 3]]		
排|排|pai2~5	0	牛排	牛排	niu2 pai2	牛排|牛排|niu2 pai2	1	他點的牛排還沒送來。	他点的牛排还没送来。	牛排	[[3, 5]]		
排|排|pai2~5	1	豬排	猪排	zhu1 pai2	豬排|猪排|zhu1 pai2	1	這家店的豬排很好吃。	这家店的猪排很好吃。	豬排	[[4, 6]]		
排|排|pai2~8	0	排山倒海	排山倒海	pai2 shan1 dao3 hai3	排山倒海|排山倒海|pai2 shan1 dao3 hai3	1	這件事引起排山倒海的反對。	这件事引起排山倒海的反对。	排山倒海	[[5, 9]]		
排|排|pai2~9	0	竹排	竹排	zhu2 pai2	竹排|竹排|zhu2 pai2	1	這條河上常常能看到竹排。	这条河上常常能看到竹排。	竹排	[[9, 11]]		
推|推|tui1~5	0	推動	推动	tui1 dong4	推動|推动|tui1 dong4	1	大家一起努力，把工作推動起來。	大家一起努力，把工作推动起来。	推動	[[10, 12]]		
推|推|tui1~5	1	推進	推进	tui1 jin4	推進|推进|tui1 jin4	1	工程正在順利推進。	工程正在顺利推进。	推進	[[6, 8]]		
推|推|tui1~6	0	推拿	推拿	tui1 na2	推拿|推拿|tui1 na2	1	他每週去做一次推拿。	他每周去做一次推拿。	推拿	[[7, 9]]		
摩|摩|mo2~1	0	按摩	按摩	an4 mo2	按摩|按摩|an4 mo2	1	他請人給他按摩肩膀。	他请人给他按摩肩膀。	按摩	[[5, 7]]		
摩|摩|mo2~1	1	摩擦	摩擦	mo2 ca1	摩擦|摩擦|mo2 ca1	1	兩塊石頭用力摩擦起來。	两块石头用力摩擦起来。	摩擦	[[6, 8]]		
播|播|bo1~1	0	播出	播出	bo1 chu1	播出|播出|bo1 chu1	1	這部電視劇下週開始播出。	这部电视剧下周开始播出。	播出	[[9, 11]]		
播|播|bo1~1	1	廣播	广播	guang3 bo1	廣播|广播|guang3 bo1	1	電臺正在廣播今天的新聞。	电台正在广播今天的新闻。	廣播	[[4, 6]]		
播|播|bo1~1	2	直播	直播	zhi2 bo1	直播|直播|zhi2 bo1	1	他每天晚上都在網上直播。	他每天晚上都在网上直播。	直播	[[9, 11]]		
播|播|bo1~2	0	傳播	传播	chuan2 bo1	傳播|传播|chuan2 bo1	1	網路讓消息傳播得很快。	网路让消息传播得很快。	傳播	[[5, 7]]		
播|播|bo1~2	1	散播	散播	san4 bo1	散播|散播|san4 bo1	1	不要隨便散播沒有根據的話。	不要随便散播没有根据的话。	散播	[[4, 6]]		
播|播|bo1~3	0	播種	播种	bo1 zhong3	播種|播种|bo1 zhong3	1	春天到了，農民在田裡播種。	春天到了，农民在田里播种。	播種	[[10, 12]]		
擊|击|ji1~1	0	攻擊	攻击	gong1 ji1	攻擊|攻击|gong1 ji1	1	那隻狗突然攻擊路人。	那只狗突然攻击路人。	攻擊	[[5, 7]]		
擊|击|ji1~1	1	打擊	打击	da3 ji1	打擊|打击|da3 ji1	1	警方決定打擊這種犯罪。	警方决定打击这种犯罪。	打擊	[[4, 6]]		
擊|击|ji1~1	2	擊中	击中	ji1 zhong4	擊中|击中|ji1 zhong4	1	子彈正好擊中了目標。	子弹正好击中了目标。	擊中	[[4, 6]]		
支|支|zhi1~2	0	支流	支流	zhi1 liu2	支流|支流|zhi1 liu2	1	這條支流最後流進大海。	这条支流最后流进大海。	支流	[[2, 4]]		
支|支|zhi1~2	1	分支	分支	fen1 zhi1	分支|分支|fen1 zhi1	1	這門學問有好幾個分支。	这门学问有好几个分支。	分支	[[8, 10]]		
支|支|zhi1~3	0	支付	支付	zhi1 fu4	支付|支付|zhi1 fu4	1	這筆費用由公司支付。	这笔费用由公司支付。	支付	[[7, 9]]		
支|支|zhi1~3	1	開支	开支	kai1 zhi1	開支|开支|kai1 zhi1	1	家裡每月的開支不小。	家里每月的开支不小。	開支	[[5, 7]]		
教|教|jiao4~1	0	教育	教育	jiao4 yu4	教育|教育|jiao4 yu4	1	學校教育對孩子很重要。	学校教育对孩子很重要。	教育	[[2, 4]]		
教|教|jiao4~1	1	教師	教师	jiao4 shi1	教師|教师|jiao4 shi1	1	他當了三十年的教師。	他当了三十年的教师。	教師	[[7, 9]]		
教|教|jiao4~1	2	教室	教室	jiao4 shi4	教室|教室|jiao4 shi4	1	教室裡只剩下幾個學生。	教室里只剩下几个学生。	教室	[[0, 2]]		
教|教|jiao4~2	0	宗教	宗教	zong1 jiao4	宗教|宗教|zong1 jiao4	1	這個國家有很多種宗教。	这个国家有很多种宗教。	宗教	[[8, 10]]		
教|教|jiao4~2	1	佛教	佛教	Fo2 jiao4	佛教|佛教|Fo2 jiao4	1	他對佛教很有興趣。	他对佛教很有兴趣。	佛教	[[2, 4]]		
教|教|jiao4~2	2	教堂	教堂	jiao4 tang2	教堂|教堂|jiao4 tang2	1	星期天他們都去教堂。	星期天他们都去教堂。	教堂	[[7, 9]]		
敬|敬|jing4~1	0	尊敬	尊敬	zun1 jing4	尊敬|尊敬|zun1 jing4	1	學生都很尊敬這位老師。	学生都很尊敬这位老师。	尊敬	[[4, 6]]	動	动
敬|敬|jing4~1	1	恭敬	恭敬	gong1 jing4	恭敬|恭敬|gong1 jing4	1	他恭敬地向客人問好。	他恭敬地向客人问好。	恭敬	[[1, 3]]	形	形
整|整|zheng3~1	0	整天	整天	zheng3 tian1	整天|整天|zheng3 tian1	1	他整天待在家裡看書。	他整天待在家里看书。	整天	[[1, 3]]		
整|整|zheng3~1	1	整個	整个	zheng3 ge4	整個|整个|zheng3 ge4	1	這場雨下了整個晚上。	这场雨下了整个晚上。	整個	[[5, 7]]		
整|整|zheng3~1	2	完整	完整	wan2 zheng3	完整|完整|wan2 zheng3	1	我們需要一份完整的名單。	我们需要一份完整的名单。	完整	[[6, 8]]		
整|整|zheng3~2	0	整整	整整	zheng3 zheng3	整整|整整|zheng3 zheng3	1	他整整等了三個小時。	他整整等了三个小时。	整整	[[1, 3]]		
整|整|zheng3~2	1	整數	整数	zheng3 shu4	整數|整数|zheng3 shu4	1	老闆算錢時只收了整數。	老板算钱时只收了整数。	整數	[[8, 10]]		
整|整|zheng3~3	0	整齊	整齐	zheng3 qi2	整齊|整齐|zheng3 qi2	1	書架上的書放得很整齊。	书架上的书放得很整齐。	整齊	[[8, 10]]		
整|整|zheng3~3	1	工整	工整	gong1 zheng3	工整|工整|gong1 zheng3	1	他寫的字很工整，一看就懂。	他写的字很工整，一看就懂。	工整	[[5, 7]]		
整|整|zheng3~4	0	整理	整理	zheng3 li3	整理|整理|zheng3 li3	1	媽媽把衣服整理好了。	妈妈把衣服整理好了。	整理	[[5, 7]]		
整|整|zheng3~4	1	整頓	整顿	zheng3 dun4	整頓|整顿|zheng3 dun4	1	公司決定整頓內部的管理。	公司决定整顿内部的管理。	整頓	[[4, 6]]		
整|整|zheng3~5	0	整修	整修	zheng3 xiu1	整修|整修|zheng3 xiu1	1	這條路正在整修，不能走。	这条路正在整修，不能走。	整修	[[5, 7]]		
整|整|zheng3~5	1	修整	修整	xiu1 zheng3	修整|修整|xiu1 zheng3	1	他每個月都會修整院子裡的樹。	他每个月都会修整院子里的树。	修整	[[6, 8]]		
文|文|wen2~1	0	中文	中文	Zhong1 wen2	中文|中文|Zhong1 wen2	1	他從小就開始學中文。	他从小就开始学中文。	中文	[[7, 9]]		
文|文|wen2~1	1	文章	文章	wen2 zhang1	文章|文章|wen2 zhang1	1	這篇文章我讀了兩遍。	这篇文章我读了两遍。	文章	[[2, 4]]		
文|文|wen2~1	2	作文	作文	zuo4 wen2	作文|作文|zuo4 wen2	1	老師讓我們寫一篇作文。	老师让我们写一篇作文。	作文	[[8, 10]]		
文|文|wen2~2	0	文化	文化	wen2 hua4	文化|文化|wen2 hua4	1	兩國之間的文化交流很多。	两国之间的文化交流很多。	文化	[[5, 7]]		
文|文|wen2~2	1	文明	文明	wen2 ming2	文明|文明|wen2 ming2	1	這是世界上最古老的文明之一。	这是世界上最古老的文明之一。	文明	[[9, 11]]		
文|文|wen2~3	0	文靜	文静	wen2 jing4	文靜|文静|wen2 jing4	1	妹妹性格文靜，不愛說話。	妹妹性格文静，不爱说话。	文靜	[[4, 6]]		
文|文|wen2~3	1	斯文	斯文	si1 wen2	斯文|斯文|si1 wen2	1	他說話的樣子十分斯文。	他说话的样子十分斯文。	斯文	[[8, 10]]		
斗|斗|dou3~2	0	漏斗	漏斗	lou4 dou3	漏斗|漏斗|lou4 dou3	1	廚房裡有一個小漏斗。	厨房里有一个小漏斗。	漏斗	[[7, 9]]		
斗|斗|dou3~2	1	煙斗	烟斗	yan1 dou3	煙斗|烟斗|yan1 dou3	1	老先生喜歡抽煙斗。	老先生喜欢抽烟斗。	煙斗	[[6, 8]]		
斗|斗|dou3~2	2	熨斗	熨斗	yun4 dou3	熨斗|熨斗|yun4 dou3	1	她拿熨斗把衣服弄平了。	她拿熨斗把衣服弄平了。	熨斗	[[2, 4]]		
斯|斯|si1~1	0	俄羅斯	俄罗斯	E2 luo2 si1	俄羅斯|俄罗斯|E2 luo2 si1	1	我朋友去年去過俄羅斯。	我朋友去年去过俄罗斯。	俄羅斯	[[7, 10]]		
斯|斯|si1~1	1	莫斯科	莫斯科	Mo4 si1 ke1	莫斯科|莫斯科|Mo4 si1 ke1	1	莫斯科的冬天非常冷。	莫斯科的冬天非常冷。	莫斯科	[[0, 3]]		
斷|断|duan4~3	0	判斷	判断	pan4 duan4	判斷|判断|pan4 duan4	1	他的判斷完全正確。	他的判断完全正确。	判斷	[[2, 4]]		
斷|断|duan4~3	1	斷定	断定	duan4 ding4	斷定|断定|duan4 ding4	1	我不敢斷定他明天會來。	我不敢断定他明天会来。	斷定	[[3, 5]]		
方|方|fang1~1	0	地方	地方	di4 fang5	地方|地方|di4 fang5	1	那個地方離這裡很遠。	那个地方离这里很远。	地方	[[2, 4]]		
方|方|fang1~1	1	遠方	远方	yuan3 fang1	遠方|远方|yuan3 fang1	1	他的朋友從遠方寄來一封信。	他的朋友从远方寄来一封信。	遠方	[[5, 7]]		
方|方|fang1~10	0	方正	方正	fang1 zheng4	方正|方正|fang1 zheng4	1	他為人方正，大家都信任他。	他为人方正，大家都信任他。	方正	[[3, 5]]		
方|方|fang1~2	0	方法	方法	fang1 fa3	方法|方法|fang1 fa3	1	用這個方法可以省下不少時間。	用这个方法可以省下不少时间。	方法	[[3, 5]]		
方|方|fang1~2	1	方式	方式	fang1 shi4	方式|方式|fang1 shi4	1	每個人的生活方式都不同。	每个人的生活方式都不同。	方式	[[6, 8]]		
方|方|fang1~3	0	前方	前方	qian2 fang1	前方|前方|qian2 fang1	1	前方出現了一片樹林。	前方出现了一片树林。	前方	[[0, 2]]		
方|方|fang1~3	1	南方	南方	nan2 fang1	南方|南方|nan2 fang1	1	他這次到南方出差了半個月。	他这次到南方出差了半个月。	南方	[[4, 6]]		
方|方|fang1~4	0	對方	对方	dui4 fang1	對方|对方|dui4 fang1	1	談話時要多為對方著想。	谈话时要多为对方着想。	對方	[[6, 8]]		
方|方|fang1~4	1	雙方	双方	shuang1 fang1	雙方|双方|shuang1 fang1	1	雙方最後達成了協議。	双方最后达成了协议。	雙方	[[0, 2]]		
方|方|fang1~6	0	平方	平方	ping2 fang1	平方|平方|ping2 fang1	1	五的平方等於二十五。	五的平方等于二十五。	平方	[[2, 4]]		
方|方|fang1~6	1	立方	立方	li4 fang1	立方|立方|li4 fang1	1	請算出這個數的立方。	请算出这个数的立方。	立方	[[7, 9]]		
方|方|fang1~7	0	藥方	药方	yao4 fang1	藥方|药方|yao4 fang1	1	醫生按病情開出藥方。	医生按病情开出药方。	藥方	[[7, 9]]		
方|方|fang1~7	1	處方	处方	chu3 fang1	處方|处方|chu3 fang1	1	沒有處方，這種藥不能買。	没有处方，这种药不能买。	處方	[[2, 4]]		
施|施|shi1~1	0	實施	实施	shi2 shi1	實施|实施|shi2 shi1	1	新的規定下個月開始實施。	新的规定下个月开始实施。	實施	[[9, 11]]		
施|施|shi1~1	1	施行	施行	shi1 xing2	施行|施行|shi1 xing2	1	這條法律已經施行了三年。	这条法律已经施行了三年。	施行	[[6, 8]]		
施|施|shi1~1	2	施工	施工	shi1 gong1	施工|施工|shi1 gong1	1	工人正在路口施工。	工人正在路口施工。	施工	[[6, 8]]		
施|施|shi1~2	0	施捨	施舍	shi1 she3	施捨|施舍|shi1 she3	1	他常常施捨食物給路邊的人。	他常常施舍食物给路边的人。	施捨	[[3, 5]]		
施|施|shi1~2	1	布施	布施	bu4 shi1	布施|布施|bu4 shi1	1	信徒到寺裡布施了一些錢。	信徒到寺里布施了一些钱。	布施	[[5, 7]]		
施|施|shi1~3	0	施肥	施肥	shi1 fei2	施肥|施肥|shi1 fei2	1	農民一早就到田裡施肥。	农民一早就到田里施肥。	施肥	[[8, 10]]		
旅|旅|lu:3~1	0	旅行	旅行	lu:3 xing2	旅行|旅行|lu:3 xing2	1	他們打算暑假去南方旅行。	他们打算暑假去南方旅行。	旅行	[[9, 11]]		
旅|旅|lu:3~1	1	旅客	旅客	lu:3 ke4	旅客|旅客|lu:3 ke4	1	車站裡的旅客越來越多。	车站里的旅客越来越多。	旅客	[[4, 6]]		
旅|旅|lu:3~1	2	旅程	旅程	lu:3 cheng2	旅程|旅程|lu:3 cheng2	1	這段旅程一共走了十天。	这段旅程一共走了十天。	旅程	[[2, 4]]		
族|族|zu2~1	0	民族	民族	min2 zu2	民族|民族|min2 zu2	1	這個國家有很多不同的民族。	这个国家有很多不同的民族。	民族	[[10, 12]]		
族|族|zu2~1	1	種族	种族	zhong3 zu2	種族|种族|zhong3 zu2	1	他反對一切種族歧視。	他反对一切种族歧视。	種族	[[5, 7]]		
族|族|zu2~2	0	家族	家族	jia1 zu2	家族|家族|jia1 zu2	1	這是他們家族傳下來的房子。	这是他们家族传下来的房子。	家族	[[4, 6]]		
族|族|zu2~2	1	宗族	宗族	zong1 zu2	宗族|宗族|zong1 zu2	1	村子裡的宗族關係很複雜。	村子里的宗族关系很复杂。	宗族	[[4, 6]]		
族|族|zu2~3	0	上班族	上班族	shang4 ban1 zu2	上班族|上班族|shang4 ban1 zu2	1	很多上班族早上喝一杯咖啡。	很多上班族早上喝一杯咖啡。	上班族	[[2, 5]]		
族|族|zu2~3	1	追星族	追星族	zhui1 xing1 zu2	追星族|追星族|zhui1 xing1 zu2	1	追星族為了偶像什麼都肯做。	追星族为了偶像什么都肯做。	追星族	[[0, 3]]		
既|既|ji4~3	0	既定	既定	ji4 ding4	既定|既定|ji4 ding4	1	我們按既定的計劃進行。	我们按既定的计划进行。	既定	[[3, 5]]		
既|既|ji4~3	1	既成事實	既成事实	ji4 cheng2 shi4 shi2	既成事實|既成事实|ji4 cheng2 shi4 shi2	1	他把這件事變成了既成事實。	他把这件事变成了既成事实。	既成事實	[[8, 12]]		
既|既|ji4~3	2	既得利益	既得利益	ji4 de2 li4 yi4	既得利益|既得利益|ji4 de2 li4 yi4	1	他們不肯放棄既得利益。	他们不肯放弃既得利益。	既得利益	[[6, 10]]		
早|早|zao3~2	0	早上	早上	zao3 shang5	早上|早上|zao3 shang5	1	他每天早上六點起床。	他每天早上六点起床。	早上	[[3, 5]]		
早|早|zao3~2	1	早晨	早晨	zao3 chen2	早晨|早晨|zao3 chen2	1	早晨的空氣很新鮮。	早晨的空气很新鲜。	早晨	[[0, 2]]		
早|早|zao3~2	2	早飯	早饭	zao3 fan4	早飯|早饭|zao3 fan4	1	我今天沒有吃早飯。	我今天没有吃早饭。	早飯	[[6, 8]]		
明|明|ming2~1	0	明白	明白	ming2 bai5	明白|明白|ming2 bai5	1	這件事我終於明白了。	这件事我终于明白了。	明白	[[6, 8]]		
明|明|ming2~1	1	明知	明知	ming2 zhi1	明知|明知|ming2 zhi1	1	他明知有危險，還是去了。	他明知有危险，还是去了。	明知	[[1, 3]]		
明|明|ming2~2	0	明天	明天	ming2 tian1	明天|明天|ming2 tian1	1	明天我要去看醫生。	明天我要去看医生。	明天	[[0, 2]]		
明|明|ming2~2	1	明年	明年	ming2 nian2	明年|明年|ming2 nian2	1	他明年就要畢業了。	他明年就要毕业了。	明年	[[1, 3]]		
明|明|ming2~3	0	說明	说明	shuo1 ming2	說明|说明|shuo1 ming2	1	請你說明一下事情的經過。	请你说明一下事情的经过。	說明	[[2, 4]]		
明|明|ming2~3	1	明確	明确	ming2 que4	明確|明确|ming2 que4	1	老師的要求很明確。	老师的要求很明确。	明確	[[6, 8]]		
明|明|ming2~4	0	明亮	明亮	ming2 liang4	明亮|明亮|ming2 liang4	1	這個房間又大又明亮。	这个房间又大又明亮。	明亮	[[7, 9]]		
明|明|ming2~4	1	光明	光明	guang1 ming2	光明|光明|guang1 ming2	1	走出山洞，眼前一片光明。	走出山洞，眼前一片光明。	光明	[[9, 11]]		
明|明|ming2~5	0	高明	高明	gao1 ming2	高明|高明|gao1 ming2	1	他的辦法比我的高明。	他的办法比我的高明。	高明	[[7, 9]]		
明|明|ming2~5	1	英明	英明	ying1 ming2	英明|英明|ying1 ming2	1	大家都說這是英明的決定。	大家都说这是英明的决定。	英明	[[6, 8]]		
易|易|yi4~2	0	交易	交易	jiao1 yi4	交易|交易|jiao1 yi4	1	他們談了很久，終於完成這筆交易。	他们谈了很久，终于完成这笔交易。	交易	[[13, 15]]		
易|易|yi4~2	1	貿易	贸易	mao4 yi4	貿易|贸易|mao4 yi4	1	兩國之間的貿易越來越多。	两国之间的贸易越来越多。	貿易	[[5, 7]]		
易|易|yi4~3	0	移風易俗	移风易俗	yi2 feng1 yi4 su2	移風易俗|移风易俗|yi2 feng1 yi4 su2	1	政府希望用教育移風易俗。	政府希望用教育移风易俗。	移風易俗	[[7, 11]]		
易|易|yi4~3	1	改弦易轍	改弦易辙	gai3 xian2 yi4 zhe2	改弦易轍|改弦易辙|gai3 xian2 yi4 zhe2	1	公司經營不好，只能改弦易轍。	公司经营不好，只能改弦易辙。	改弦易轍	[[9, 13]]		
易|易|yi4~4	0	平易近人	平易近人	ping2 yi4 jin4 ren2	平易近人|平易近人|ping2 yi4 jin4 ren2	1	這位老師平易近人，學生都喜歡他。	这位老师平易近人，学生都喜欢他。	平易近人	[[4, 8]]		
星|星|xing1~2	0	明星	明星	ming2 xing1	明星|明星|ming2 xing1	1	她從小就想當明星。	她从小就想当明星。	明星	[[6, 8]]		
星|星|xing1~2	1	歌星	歌星	ge1 xing1	歌星|歌星|ge1 xing1	1	這位歌星的新歌很好聽。	这位歌星的新歌很好听。	歌星	[[2, 4]]		
星|星|xing1~2	2	球星	球星	qiu2 xing1	球星|球星|qiu2 xing1	1	這位球星昨天進了三球。	这位球星昨天进了三球。	球星	[[2, 4]]		
星|星|xing1~3	0	零星	零星	ling2 xing1	零星|零星|ling2 xing1	1	街上只有零星幾個人。	街上只有零星几个人。	零星	[[4, 6]]		
星|星|xing1~3	1	一星半點	一星半点	yi1 xing1 ban4 dian3	一星半點|一星半点|yi1 xing1 ban4 dian3	1	這件事他一星半點都不知道。	这件事他一星半点都不知道。	一星半點	[[4, 8]]		
時|时|shi2~1	0	時間	时间	shi2 jian1	時間|时间|shi2 jian1	1	我最近沒有時間運動。	我最近没有时间运动。	時間	[[5, 7]]		
時|时|shi2~1	1	時候	时候	shi2 hou5	時候|时候|shi2 hou5	1	你打算什麼時候回家？	你打算什么时候回家？	時候	[[5, 7]]		
時|时|shi2~1	2	當時	当时	dang1 shi2	當時|当时|dang1 shi2	1	當時我還不認識他。	当时我还不认识他。	當時	[[0, 2]]		
時|时|shi2~1	3	隨時	随时	sui2 shi2	隨時|随时|sui2 shi2	1	有問題可以隨時來找我。	有问题可以随时来找我。	隨時	[[5, 7]]		
時|时|shi2~4	0	四時	四时	si4 shi2	四時|四时|si4 shi2	1	這座山四時的風景都不同。	这座山四时的风景都不同。	四時	[[3, 5]]		
時|时|shi2~4	1	時令	时令	shi2 ling4	時令|时令|shi2 ling4	1	多吃時令水果對身體好。	多吃时令水果对身体好。	時令	[[2, 4]]		
普|普|pu3~1	0	普通	普通	pu3 tong1	普通|普通|pu3 tong1	1	他只是一個普通的學生。	他只是一个普通的学生。	普通	[[5, 7]]		
普|普|pu3~1	1	普遍	普遍	pu3 bian4	普遍|普遍|pu3 bian4	1	這種想法在年輕人中很普遍。	这种想法在年轻人中很普遍。	普遍	[[10, 12]]		
普|普|pu3~1	2	普及	普及	pu3 ji2	普及|普及|pu3 ji2	1	電腦現在已經很普及了。	电脑现在已经很普及了。	普及	[[7, 9]]		
曲|曲|qu1~1	0	彎曲	弯曲	wan1 qu1	彎曲|弯曲|wan1 qu1	1	山上的小路又窄又彎曲。	山上的小路又窄又弯曲。	彎曲	[[8, 10]]		
曲|曲|qu1~1	1	曲線	曲线	qu1 xian4	曲線|曲线|qu1 xian4	1	他在紙上畫了一條曲線。	他在纸上画了一条曲线。	曲線	[[8, 10]]		
曲|曲|qu1~1	2	曲折	曲折	qu1 zhe2	曲折|曲折|qu1 zhe2	1	他們的故事十分曲折。	他们的故事十分曲折。	曲折	[[7, 9]]		
曲|曲|qu1~2	0	曲直	曲直	qu1 zhi2	曲直|曲直|qu1 zhi2	1	這件事的曲直，大家心裡都清楚。	这件事的曲直，大家心里都清楚。	曲直	[[4, 6]]		
曲|曲|qu1~2	1	是非曲直	是非曲直	shi4 fei1 qu1 zhi2	是非曲直|是非曲直|shi4 fei1 qu1 zhi2	1	法官會查清其中的是非曲直。	法官会查清其中的是非曲直。	是非曲直	[[8, 12]]		
更|更|geng1~1	0	更換	更换	geng1 huan4	更換|更换|geng1 huan4	1	這臺機器的零件需要更換了。	这台机器的零件需要更换了。	更換	[[9, 11]]		
更|更|geng1~1	1	更新	更新	geng1 xin1	更新|更新|geng1 xin1	1	手機系統又更新了一次。	手机系统又更新了一次。	更新	[[5, 7]]		
更|更|geng1~1	2	更改	更改	geng1 gai3	更改|更改|geng1 gai3	1	他更改了原來的計劃。	他更改了原来的计划。	更改	[[1, 3]]		
更|更|geng1~2	0	三更半夜	三更半夜	san1 geng1 ban4 ye4	三更半夜|三更半夜|san1 geng1 ban4 ye4	1	三更半夜的，你怎麼還不睡？	三更半夜的，你怎么还不睡？	三更半夜	[[0, 4]]		
更|更|geng1~2	1	打更	打更	da3 geng1	打更|打更|da3 geng1	1	舊時每到晚上都有人打更報時。	旧时每到晚上都有人打更报时。	打更	[[9, 11]]		
更|更|geng1~2	2	五更	五更	wu3 geng1	五更|五更|wu3 geng1	1	爺爺五更就起來做事了。	爷爷五更就起来做事了。	五更	[[2, 4]]		
更|更|geng1~3	0	少不更事	少不更事	shao4 bu4 geng1 shi4	少不更事|少不更事|shao4 bu4 geng1 shi4	1	這孩子少不更事，說話不知輕重。	这孩子少不更事，说话不知轻重。	少不更事	[[3, 7]]		
書|书|shu1~2	0	證書	证书	zheng4 shu1	證書|证书|zheng4 shu1	1	通過考試以後可以拿到證書。	通过考试以后可以拿到证书。	證書	[[10, 12]]		
書|书|shu1~2	1	說明書	说明书	shuo1 ming2 shu1	說明書|说明书|shuo1 ming2 shu1	1	使用前請先看說明書。	使用前请先看说明书。	說明書	[[6, 9]]		
書|书|shu1~2	2	申請書	申请书	shen1 qing3 shu1	申請書|申请书|shen1 qing3 shu1	1	他把申請書交給了學校。	他把申请书交给了学校。	申請書	[[2, 5]]		
書|书|shu1~3	0	書信	书信	shu1 xin4	書信|书信|shu1 xin4	1	他們一直用書信保持聯繫。	他们一直用书信保持联系。	書信	[[5, 7]]		
書|书|shu1~3	1	情書	情书	qing2 shu1	情書|情书|qing2 shu1	1	他寫了一封情書給喜歡的女孩。	他写了一封情书给喜欢的女孩。	情書	[[5, 7]]		
書|书|shu1~3	2	家書	家书	jia1 shu1	家書|家书|jia1 shu1	1	他每個月都寄一封家書回家。	他每个月都寄一封家书回家。	家書	[[8, 10]]		
書|书|shu1~4	0	書寫	书写	shu1 xie3	書寫|书写|shu1 xie3	1	請用黑筆書寫姓名。	请用黑笔书写姓名。	書寫	[[4, 6]]		
書|书|shu1~4	1	書法	书法	shu1 fa3	書法|书法|shu1 fa3	1	他的書法寫得很好。	他的书法写得很好。	書法	[[2, 4]]		
書|书|shu1~4	2	書面	书面	shu1 mian4	書面|书面|shu1 mian4	1	公司要求提出書面意見。	公司要求提出书面意见。	書面	[[6, 8]]		
曼|曼|man4~1	0	曼妙	曼妙	man4 miao4	曼妙|曼妙|man4 miao4	1	她的舞姿十分曼妙。	她的舞姿十分曼妙。	曼妙	[[6, 8]]		
曾|曾|zeng1~1	0	曾祖父	曾祖父	zeng1 zu3 fu4	曾祖父|曾祖父|zeng1 zu3 fu4	1	他的曾祖父是位醫生。	他的曾祖父是位医生。	曾祖父	[[2, 5]]		
曾|曾|zeng1~1	1	曾孫	曾孙	zeng1 sun1	曾孫|曾孙|zeng1 sun1	1	老人今年有了第一個曾孫。	老人今年有了第一个曾孙。	曾孫	[[9, 11]]		
曾|曾|zeng1~1	2	曾祖母	曾祖母	zeng1 zu3 mu3	曾祖母|曾祖母|zeng1 zu3 mu3	1	這張照片上的是我的曾祖母。	这张照片上的是我的曾祖母。	曾祖母	[[9, 12]]		
會|会|kuai4~1	0	會計	会计	kuai4 ji4	會計|会计|kuai4 ji4	1	她大學畢業後在公司做會計。	她大学毕业后在公司做会计。	會計	[[10, 12]]		
會|会|kuai4~1	1	會計師	会计师	kuai4 ji4 shi1	會計師|会计师|kuai4 ji4 shi1	1	這家公司請了一位會計師。	这家公司请了一位会计师。	會計師	[[8, 11]]		
月|月|yue4~2	0	月亮	月亮	yue4 liang5	月亮|月亮|yue4 liang5	1	今晚的月亮又大又圓。	今晚的月亮又大又圆。	月亮	[[3, 5]]		
月|月|yue4~2	1	月光	月光	yue4 guang1	月光|月光|yue4 guang1	1	月光照進了安靜的房間。	月光照进了安静的房间。	月光	[[0, 2]]		
月|月|yue4~2	2	月球	月球	yue4 qiu2	月球|月球|yue4 qiu2	1	科學家一直在研究月球。	科学家一直在研究月球。	月球	[[8, 10]]		
朗|朗|lang3~1	0	晴朗	晴朗	qing2 lang3	晴朗|晴朗|qing2 lang3	1	今天天氣晴朗，適合出去走走。	今天天气晴朗，适合出去走走。	晴朗	[[4, 6]]		
朗|朗|lang3~1	1	明朗	明朗	ming2 lang3	明朗|明朗|ming2 lang3	1	雨停了，天色漸漸明朗起來。	雨停了，天色渐渐明朗起来。	明朗	[[8, 10]]		
朗|朗|lang3~2	0	朗讀	朗读	lang3 du2	朗讀|朗读|lang3 du2	1	老師請他朗讀第一段。	老师请他朗读第一段。	朗讀	[[4, 6]]		
朗|朗|lang3~2	1	朗誦	朗诵	lang3 song4	朗誦|朗诵|lang3 song4	1	她在臺上朗誦了一首詩。	她在台上朗诵了一首诗。	朗誦	[[4, 6]]		
朝|朝|chao2~2	0	朝代	朝代	chao2 dai4	朝代|朝代|chao2 dai4	1	中國歷史上有許多朝代。	中国历史上有许多朝代。	朝代	[[8, 10]]		
朝|朝|chao2~2	1	王朝	王朝	wang2 chao2	王朝|王朝|wang2 chao2	1	這個王朝統治了三百多年。	这个王朝统治了三百多年。	王朝	[[2, 4]]		
朝|朝|chao2~3	0	朝廷	朝廷	chao2 ting2	朝廷|朝廷|chao2 ting2	1	當時朝廷派人去查這件事。	当时朝廷派人去查这件事。	朝廷	[[2, 4]]		
朝|朝|chao2~3	1	朝野	朝野	chao2 ye3	朝野|朝野|chao2 ye3	1	消息傳開後，朝野都很關心。	消息传开后，朝野都很关心。	朝野	[[6, 8]]		
朝|朝|chao2~4	0	朝聖	朝圣	chao2 sheng4	朝聖|朝圣|chao2 sheng4	1	每年都有很多人來這座山朝聖。	每年都有很多人来这座山朝圣。	朝聖	[[11, 13]]		
朝|朝|chao2~4	1	朝拜	朝拜	chao2 bai4	朝拜|朝拜|chao2 bai4	1	他每個月都去朝拜一次。	他每个月都去朝拜一次。	朝拜	[[6, 8]]		
朝|朝|zhao1~1	0	朝陽	朝阳	zhao1 yang2	朝陽|朝阳|zhao1 yang2	1	朝陽照在山上，十分好看。	朝阳照在山上，十分好看。	朝陽	[[0, 2]]		
朝|朝|zhao1~1	1	朝夕	朝夕	zhao1 xi1	朝夕|朝夕|zhao1 xi1	1	他們朝夕相處，關係很好。	他们朝夕相处，关系很好。	朝夕	[[2, 4]]		
期|期|qi1~1	0	時期	时期	shi2 qi1	時期|时期|shi2 qi1	1	那是他一生中最快樂的時期。	那是他一生中最快乐的时期。	時期	[[10, 12]]		
期|期|qi1~1	1	學期	学期	xue2 qi1	學期|学期|xue2 qi1	1	這學期我選了五門課。	这学期我选了五门课。	學期	[[1, 3]]		
期|期|qi1~1	2	假期	假期	jia4 qi1	假期|假期|jia4 qi1	1	假期結束後，大家都回到學校。	假期结束后，大家都回到学校。	假期	[[0, 2]]		
期|期|qi1~2	0	期待	期待	qi1 dai4	期待|期待|qi1 dai4	1	我很期待這部新電影。	我很期待这部新电影。	期待	[[2, 4]]		
期|期|qi1~2	1	期望	期望	qi1 wang4	期望|期望|qi1 wang4	1	老師期望我們考出好成績。	老师期望我们考出好成绩。	期望	[[2, 4]]		
木|木|mu4~1	0	木頭	木头	mu4 tou5	木頭|木头|mu4 tou5	1	這張桌子是木頭做的。	这张桌子是木头做的。	木頭	[[5, 7]]		
木|木|mu4~1	1	木材	木材	mu4 cai2	木材|木材|mu4 cai2	1	工人把木材搬進了屋裡。	工人把木材搬进了屋里。	木材	[[3, 5]]		
木|木|mu4~2	0	樹木	树木	shu4 mu4	樹木|树木|shu4 mu4	1	公園裡種了很多樹木。	公园里种了很多树木。	樹木	[[7, 9]]		
木|木|mu4~2	1	草木	草木	cao3 mu4	草木|草木|cao3 mu4	1	雨後山上的草木特別綠。	雨后山上的草木特别绿。	草木	[[5, 7]]		
本|本|ben3~1	0	根本	根本	gen1 ben3	根本|根本|gen1 ben3	1	這個辦法沒有從根本上解決問題。	这个办法没有从根本上解决问题。	根本	[[7, 9]]		
本|本|ben3~1	1	基本	基本	ji1 ben3	基本|基本|ji1 ben3	1	他們已經掌握了基本的方法。	他们已经掌握了基本的方法。	基本	[[7, 9]]		
本|本|ben3~1	2	本質	本质	ben3 zhi4	本質|本质|ben3 zhi4	1	這件事的本質並不複雜。	这件事的本质并不复杂。	本質	[[4, 6]]		
本|本|ben3~2	0	本能	本能	ben3 neng2	本能|本能|ben3 neng2	1	保護孩子是母親的本能。	保护孩子是母亲的本能。	本能	[[8, 10]]		
本|本|ben3~2	1	本性	本性	ben3 xing4	本性|本性|ben3 xing4	1	他的本性一直沒有改變。	他的本性一直没有改变。	本性	[[2, 4]]		
本|本|ben3~3	0	本人	本人	ben3 ren2	本人|本人|ben3 ren2	1	這份文件必須由本人親自送去。	这份文件必须由本人亲自送去。	本人	[[7, 9]]		
本|本|ben3~3	1	本地	本地	ben3 di4	本地|本地|ben3 di4	1	他不是本地人，去年才搬來。	他不是本地人，去年才搬来。	本地	[[3, 5]]		
本|本|ben3~3	2	本國	本国	ben3 guo2	本國|本国|ben3 guo2	1	政府決定支持本國的產品。	政府决定支持本国的产品。	本國	[[6, 8]]		
本|本|ben3~5	0	成本	成本	cheng2 ben3	成本|成本|cheng2 ben3	1	這種做法可以降低生產成本。	这种做法可以降低生产成本。	成本	[[10, 12]]		
本|本|ben3~5	1	資本	资本	zi1 ben3	資本|资本|zi1 ben3	1	公司需要更多的資本才能發展。	公司需要更多的资本才能发展。	資本	[[7, 9]]		
本|本|ben3~5	2	本錢	本钱	ben3 qian2	本錢|本钱|ben3 qian2	1	他做生意賠了不少本錢。	他做生意赔了不少本钱。	本錢	[[8, 10]]		
李|李|li3~1	0	李子	李子	li3 zi5	李子|李子|li3 zi5	1	這些李子吃起來很甜。	这些李子吃起来很甜。	李子	[[2, 4]]		
杜|杜|du4~1	0	杜絕	杜绝	du4 jue2	杜絕|杜绝|du4 jue2	1	學校要杜絕這種現象。	学校要杜绝这种现象。	杜絕	[[3, 5]]		
杜|杜|du4~1	1	防微杜漸	防微杜渐	fang2 wei1 du4 jian4	防微杜漸|防微杜渐|fang2 wei1 du4 jian4	1	防微杜漸才能避免大問題。	防微杜渐才能避免大问题。	防微杜漸	[[0, 4]]		
杜|杜|du4~2	0	杜梨	杜梨	du4 li2	杜梨|杜梨|du4 li2	1	老家的山上有很多杜梨。	老家的山上有很多杜梨。	杜梨	[[8, 10]]		
杯|杯|bei1~1	0	杯子	杯子	bei1 zi5	杯子|杯子|bei1 zi5	1	他把杯子洗乾淨了。	他把杯子洗干净了。	杯子	[[2, 4]]		
杯|杯|bei1~1	1	茶杯	茶杯	cha2 bei1	茶杯|茶杯|cha2 bei1	1	這套茶杯是媽媽買的。	这套茶杯是妈妈买的。	茶杯	[[2, 4]]		
杯|杯|bei1~2	0	獎杯	奖杯	jiang3 bei1	獎杯|奖杯|jiang3 bei1	1	隊長高高舉起了獎杯。	队长高高举起了奖杯。	獎杯	[[7, 9]]		
杯|杯|bei1~2	1	世界杯	世界杯	Shi4 jie4 bei1	世界杯|世界杯|Shi4 jie4 bei1	1	今年的世界杯在哪裡舉行？	今年的世界杯在哪里举行？	世界杯	[[3, 6]]		
東|东|dong1~2	0	做東	做东	zuo4 dong1	做東|做东|zuo4 dong1	1	這次的晚飯由我做東，大家隨便點。	这次的晚饭由我做东，大家随便点。	做東	[[7, 9]]		
東|东|dong1~2	1	房東	房东	fang2 dong1	房東|房东|fang2 dong1	1	我們的房東是個很好的人。	我们的房东是个很好的人。	房東	[[3, 5]]		
東|东|dong1~2	2	股東	股东	gu3 dong1	股東|股东|gu3 dong1	1	公司的股東今天開會。	公司的股东今天开会。	股東	[[3, 5]]		
板|板|ban3~1	0	木板	木板	mu4 ban3	木板|木板|mu4 ban3	1	他用木板把窗戶擋住了。	他用木板把窗户挡住了。	木板	[[2, 4]]		
板|板|ban3~1	1	黑板	黑板	hei1 ban3	黑板|黑板|hei1 ban3	1	老師在黑板上寫了幾個字。	老师在黑板上写了几个字。	黑板	[[3, 5]]		
板|板|ban3~1	2	地板	地板	di4 ban3	地板|地板|di4 ban3	1	這間屋子的地板是木頭做的。	这间屋子的地板是木头做的。	地板	[[5, 7]]		
板|板|ban3~2	0	死板	死板	si3 ban3	死板|死板|si3 ban3	1	他的想法有點死板。	他的想法有点死板。	死板	[[6, 8]]		
板|板|ban3~2	1	呆板	呆板	dai1 ban3	呆板|呆板|dai1 ban3	1	這篇文章寫得很呆板。	这篇文章写得很呆板。	呆板	[[7, 9]]		
板|板|ban3~2	2	古板	古板	gu3 ban3	古板|古板|gu3 ban3	1	他為人古板，不喜歡開玩笑。	他为人古板，不喜欢开玩笑。	古板	[[3, 5]]		
板|板|ban3~4	0	快板	快板	kuai4 ban3	快板|快板|kuai4 ban3	1	他在臺上打起了快板。	他在台上打起了快板。	快板	[[7, 9]]		
板|板|ban3~4	1	板眼	板眼	ban3 yan3	板眼|板眼|ban3 yan3	1	這段唱得很有板眼。	这段唱得很有板眼。	板眼	[[6, 8]]		
架|架|jia4~4	0	打架	打架	da3 jia4	打架|打架|da3 jia4	1	兩個孩子為了玩具打架。	两个孩子为了玩具打架。	打架	[[8, 10]]		
架|架|jia4~4	1	吵架	吵架	chao3 jia4	吵架|吵架|chao3 jia4	1	他和太太昨天晚上吵架了。	他和太太昨天晚上吵架了。	吵架	[[8, 10]]		
架|架|jia4~4	2	勸架	劝架	quan4 jia4	勸架|劝架|quan4 jia4	1	大家都過來勸架，兩個人才停手。	大家都过来劝架，两个人才停手。	勸架	[[5, 7]]		
校|校|xiao4~1	0	學校	学校	xue2 xiao4	學校|学校|xue2 xiao4	1	我們學校明天開始放假。	我们学校明天开始放假。	學校	[[2, 4]]		
校|校|xiao4~1	1	校長	校长	xiao4 zhang3	校長|校长|xiao4 zhang3	1	校長在會上講了幾句話。	校长在会上讲了几句话。	校長	[[0, 2]]		
校|校|xiao4~1	2	校園	校园	xiao4 yuan2	校園|校园|xiao4 yuan2	1	校園裡種了很多樹。	校园里种了很多树。	校園	[[0, 2]]		
校|校|xiao4~2	0	上校	上校	shang4 xiao4	上校|上校|shang4 xiao4	1	那位上校帶著士兵走進了城。	那位上校带着士兵走进了城。	上校	[[2, 4]]		
校|校|xiao4~2	1	少校	少校	shao4 xiao4	少校|少校|shao4 xiao4	1	他三十歲就當上了少校。	他三十岁就当上了少校。	少校	[[8, 10]]		
根|根|gen1~3	0	根本	根本	gen1 ben3	根本|根本|gen1 ben3	1	我們要從根本上解決這個問題。	我们要从根本上解决这个问题。	根本	[[4, 6]]		
根|根|gen1~3	1	根源	根源	gen1 yuan2	根源|根源|gen1 yuan2	1	大家都在找這次事故的根源。	大家都在找这次事故的根源。	根源	[[10, 12]]		
根|根|gen1~3	2	根據	根据	gen1 ju4	根據|根据|gen1 ju4	1	他的說法沒有任何根據。	他的说法没有任何根据。	根據	[[8, 10]]		
根|根|gen1~4	0	酸根	酸根	suan1 gen1	酸根|酸根|suan1 gen1	1	鹽是由金屬和酸根組成的。	盐是由金属和酸根组成的。	酸根	[[6, 8]]		
根|根|gen1~4	1	氫氧根	氢氧根	qing1 yang3 gen1	氫氧根|氢氧根|qing1 yang3 gen1	1	老師在化學課上講到氫氧根。	老师在化学课上讲到氢氧根。	氫氧根	[[9, 12]]		
格|格|ge2~2	0	規格	规格	gui1 ge2	規格|规格|gui1 ge2	1	買電腦要看清楚規格。	买电脑要看清楚规格。	規格	[[7, 9]]		
格|格|ge2~2	1	合格	合格	he2 ge2	合格|合格|he2 ge2	1	經過檢查，這些食物全部合格。	经过检查，这些食物全部合格。	合格	[[11, 13]]		
格|格|ge2~2	2	及格	及格	ji2 ge2	及格|及格|ji2 ge2	1	他這次數學考試沒有及格。	他这次数学考试没有及格。	及格	[[9, 11]]		
格|格|ge2~2	3	格式	格式	ge2 shi4	格式|格式|ge2 shi4	1	他的報告格式錯了。	他的报告格式错了。	格式	[[4, 6]]		
格|格|ge2~3	0	性格	性格	xing4 ge2	性格|性格|xing4 ge2	1	她性格開朗，朋友很多。	她性格开朗，朋友很多。	性格	[[1, 3]]		
格|格|ge2~3	1	人格	人格	ren2 ge2	人格|人格|ren2 ge2	1	這件事關係到一個人的人格。	这件事关系到一个人的人格。	人格	[[10, 12]]		
格|格|ge2~3	2	風格	风格	feng1 ge2	風格|风格|feng1 ge2	1	我很喜歡這首歌的風格。	我很喜欢这首歌的风格。	風格	[[8, 10]]		
格|格|ge2~5	0	格格不入	格格不入	ge2 ge2 bu4 ru4	格格不入|格格不入|ge2 ge2 bu4 ru4	1	他的想法和大家格格不入。	他的想法和大家格格不入。	格格不入	[[7, 11]]		
格|格|ge2~6	0	主格	主格	zhu3 ge2	主格|主格|zhu3 ge2	1	這句話裡的名詞用的是主格。	这句话里的名词用的是主格。	主格	[[10, 12]]		
格|格|ge2~6	1	賓格	宾格	bin1 ge2	賓格|宾格|bin1 ge2	1	老師在課上講了賓格的用法。	老师在课上讲了宾格的用法。	賓格	[[7, 9]]		
格|格|ge2~7	0	格物致知	格物致知	ge2 wu4 zhi4 zhi1	格物致知|格物致知|ge2 wu4 zhi4 zhi1	1	古人講格物致知，重視親自觀察。	古人讲格物致知，重视亲自观察。	格物致知	[[3, 7]]		
案|案|an4~2	0	方案	方案	fang1 an4	方案|方案|fang1 an4	1	大家一起討論了新方案。	大家一起讨论了新方案。	方案	[[8, 10]]		
案|案|an4~2	1	提案	提案	ti2 an4	提案|提案|ti2 an4	1	這個提案得到了大家的支持。	这个提案得到了大家的支持。	提案	[[2, 4]]		
案|案|an4~3	0	檔案	档案	dang4 an4	檔案|档案|dang4 an4	1	這些檔案要好好保存。	这些档案要好好保存。	檔案	[[2, 4]]		
案|案|an4~3	1	備案	备案	bei4 an4	備案|备案|bei4 an4	1	新公司已經在政府備案了。	新公司已经在政府备案了。	備案	[[8, 10]]		
案|案|an4~4	0	案板	案板	an4 ban3	案板|案板|an4 ban3	1	媽媽在案板上切菜。	妈妈在案板上切菜。	案板	[[3, 5]]		
案|案|an4~4	1	伏案	伏案	fu2 an4	伏案|伏案|fu2 an4	1	他伏案寫了一個晚上。	他伏案写了一个晚上。	伏案	[[1, 3]]		
梅|梅|mei2~1	0	梅子	梅子	mei2 zi5	梅子|梅子|mei2 zi5	1	樹上的梅子還沒熟，不能吃。	树上的梅子还没熟，不能吃。	梅子	[[3, 5]]		
梅|梅|mei2~1	1	話梅	话梅	hua4 mei2	話梅|话梅|hua4 mei2	1	她包裡總是帶著幾顆話梅。	她包里总是带着几颗话梅。	話梅	[[9, 11]]		
條|条|tiao2~1	0	麵條	面条	mian4 tiao2	麵條|面条|mian4 tiao2	1	他中午吃了一碗麵條。	他中午吃了一碗面条。	麵條	[[7, 9]]		
條|条|tiao2~1	1	紙條	纸条	zhi3 tiao2	紙條|纸条|zhi3 tiao2	1	桌上留著一張紙條。	桌上留着一张纸条。	紙條	[[6, 8]]		
條|条|tiao2~1	2	線條	线条	xian4 tiao2	線條|线条|xian4 tiao2	1	這張畫的線條很簡單。	这张画的线条很简单。	線條	[[4, 6]]		
棒|棒|bang4~2	0	棒子	棒子	bang4 zi5	棒子|棒子|bang4 zi5	1	小孩子拿棒子在地上畫圈。	小孩子拿棒子在地上画圈。	棒子	[[4, 6]]		
棒|棒|bang4~2	1	棒球	棒球	bang4 qiu2	棒球|棒球|bang4 qiu2	1	弟弟從小就喜歡打棒球。	弟弟从小就喜欢打棒球。	棒球	[[8, 10]]		
棒|棒|bang4~2	2	接力棒	接力棒	jie1 li4 bang4	接力棒|接力棒|jie1 li4 bang4	1	他接過接力棒，用力向前跑。	他接过接力棒，用力向前跑。	接力棒	[[3, 6]]		
森|森|sen1~1	0	森林	森林	sen1 lin2	森林|森林|sen1 lin2	1	我們在森林裡走了一天。	我们在森林里走了一天。	森林	[[3, 5]]		
森|森|sen1~2	0	陰森	阴森	yin1 sen1	陰森|阴森|yin1 sen1	1	走進那間老房子，覺得很陰森。	走进那间老房子，觉得很阴森。	陰森	[[11, 13]]		
森|森|sen1~2	1	森嚴	森严	sen1 yan2	森嚴|森严|sen1 yan2	1	這座監獄的看守十分森嚴。	这座监狱的看守十分森严。	森嚴	[[9, 11]]		
業|业|ye4~1	0	工業	工业	gong1 ye4	工業|工业|gong1 ye4	1	這個地區的工業發展得很快。	这个地区的工业发展得很快。	工業	[[5, 7]]		
業|业|ye4~1	1	職業	职业	zhi2 ye4	職業|职业|zhi2 ye4	1	他的職業是醫生。	他的职业是医生。	職業	[[2, 4]]		
業|业|ye4~1	2	行業	行业	hang2 ye4	行業|行业|hang2 ye4	1	近年來旅遊行業越來越熱。	近年来旅游行业越来越热。	行業	[[5, 7]]		
業|业|ye4~2	0	學業	学业	xue2 ye4	學業|学业|xue2 ye4	1	他完成了大學的學業。	他完成了大学的学业。	學業	[[7, 9]]		
業|业|ye4~2	1	畢業	毕业	bi4 ye4	畢業|毕业|bi4 ye4	1	我妹妹明年就要畢業了。	我妹妹明年就要毕业了。	畢業	[[7, 9]]		
業|业|ye4~3	0	營業	营业	ying2 ye4	營業|营业|ying2 ye4	1	那家店晚上十點才停止營業。	那家店晚上十点才停止营业。	營業	[[10, 12]]		
業|业|ye4~3	1	就業	就业	jiu4 ye4	就業|就业|jiu4 ye4	1	學校幫助學生順利就業。	学校帮助学生顺利就业。	就業	[[8, 10]]		
業|业|ye4~3	2	開業	开业	kai1 ye4	開業|开业|kai1 ye4	1	這家醫院上個月正式開業。	这家医院上个月正式开业。	開業	[[9, 11]]		
業|业|ye4~4	0	家業	家业	jia1 ye4	家業|家业|jia1 ye4	1	他繼承了父親的家業。	他继承了父亲的家业。	家業	[[7, 9]]		
業|业|ye4~5	0	業力	业力	ye4 li4	業力|业力|ye4 li4	1	佛教相信人的業力會影響來世。	佛教相信人的业力会影响来世。	業力	[[6, 8]]		
業|业|ye4~5	1	業障	业障	ye4 zhang4	業障|业障|ye4 zhang4	1	他認為生病是自己的業障。	他认为生病是自己的业障。	業障	[[9, 11]]		
業|业|ye4~6	0	業已	业已	ye4 yi3	業已|业已|ye4 yi3	1	這項計劃業已完成。	这项计划业已完成。	業已	[[4, 6]]		
極|极|ji2~2	0	北極	北极	bei3 ji2	北極|北极|bei3 ji2	1	北極的天氣冷得可怕。	北极的天气冷得可怕。	北極	[[0, 2]]		
極|极|ji2~2	1	南極	南极	nan2 ji2	南極|南极|nan2 ji2	1	他們坐船去南極研究動物。	他们坐船去南极研究动物。	南極	[[5, 7]]		
極|极|ji2~2	2	極限	极限	ji2 xian4	極限|极限|ji2 xian4	1	他的體力已經到了極限。	他的体力已经到了极限。	極限	[[8, 10]]		
榮|荣|rong2~1	0	光榮	光荣	guang1 rong2	光榮|光荣|guang1 rong2	1	他覺得能參加這次比賽很光榮。	他觉得能参加这次比赛很光荣。	光榮	[[11, 13]]		
榮|荣|rong2~1	1	榮譽	荣誉	rong2 yu4	榮譽|荣誉|rong2 yu4	1	這是學校最高的榮譽。	这是学校最高的荣誉。	榮譽	[[7, 9]]		
榮|荣|rong2~1	2	榮幸	荣幸	rong2 xing4	榮幸|荣幸|rong2 xing4	1	能認識您，我感到十分榮幸。	能认识您，我感到十分荣幸。	榮幸	[[10, 12]]		
榮|荣|rong2~2	0	繁榮	繁荣	fan2 rong2	繁榮|繁荣|fan2 rong2	1	這座城市這幾年越來越繁榮。	这座城市这几年越来越繁荣。	繁榮	[[10, 12]]		
榮|荣|rong2~2	1	欣欣向榮	欣欣向荣	xin1 xin1 xiang4 rong2	欣欣向榮|欣欣向荣|xin1 xin1 xiang4 rong2	1	春天到了，田野一片欣欣向榮。	春天到了，田野一片欣欣向荣。	欣欣向榮	[[9, 13]]		
槍|枪|qiang1~3	0	水槍	水枪	shui3 qiang1	水槍|水枪|shui3 qiang1	1	孩子們拿著水槍在院子裡玩。	孩子们拿着水枪在院子里玩。	水槍	[[5, 7]]		
槍|枪|qiang1~3	1	噴槍	喷枪	pen1 qiang1	噴槍|喷枪|pen1 qiang1	1	工人正在用噴槍給車門上色。	工人正在用喷枪给车门上色。	噴槍	[[5, 7]]		
槍|枪|qiang1~4	0	槍手	枪手	qiang1 shou3	槍手|枪手|qiang1 shou3	1	他請槍手替他去考試，結果被發現了。	他请枪手替他去考试，结果被发现了。	槍手	[[2, 4]]		
樂|乐|le4~1	0	快樂	快乐	kuai4 le4	快樂|快乐|kuai4 le4	1	希望你天天都過得快樂。	希望你天天都过得快乐。	快樂	[[8, 10]]		
樂|乐|le4~1	1	歡樂	欢乐	huan1 le4	歡樂|欢乐|huan1 le4	1	屋子裡充滿了歡樂。	屋子里充满了欢乐。	歡樂	[[6, 8]]		
樂|乐|le4~1	2	樂意	乐意	le4 yi4	樂意|乐意|le4 yi4	1	我很樂意幫你這個忙。	我很乐意帮你这个忙。	樂意	[[2, 4]]		
樂|乐|yue4~1	0	音樂	音乐	yin1 yue4	音樂|音乐|yin1 yue4	1	他一邊做飯一邊聽音樂。	他一边做饭一边听音乐。	音樂	[[8, 10]]		
樂|乐|yue4~1	1	樂隊	乐队	yue4 dui4	樂隊|乐队|yue4 dui4	1	這支樂隊在學校裡很有名。	这支乐队在学校里很有名。	樂隊	[[2, 4]]		
樂|乐|yue4~1	2	樂曲	乐曲	yue4 qu3	樂曲|乐曲|yue4 qu3	1	他寫的樂曲很受歡迎。	他写的乐曲很受欢迎。	樂曲	[[3, 5]]		
模|模|mo2~1	0	模仿	模仿	mo2 fang3	模仿|模仿|mo2 fang3	1	這孩子很會模仿大人說話。	这孩子很会模仿大人说话。	模仿	[[5, 7]]		
模|模|mo2~1	1	模擬	模拟	mo2 ni3	模擬|模拟|mo2 ni3	1	他們用電腦模擬真實的情況。	他们用电脑模拟真实的情况。	模擬	[[5, 7]]		
模|模|mo2~2	0	模範	模范	mo2 fan4	模範|模范|mo2 fan4	1	他是全校學生的模範。	他是全校学生的模范。	模範	[[7, 9]]		
模|模|mo2~2	1	模式	模式	mo2 shi4	模式|模式|mo2 shi4	1	這家公司的經營模式很特別。	这家公司的经营模式很特别。	模式	[[7, 9]]		
模|模|mu2~1	0	模子	模子	mu2 zi5	模子|模子|mu2 zi5	1	這些餅乾都是用同一個模子做的。	这些饼干都是用同一个模子做的。	模子	[[10, 12]]		
模|模|mu2~1	1	模具	模具	mu2 ju4	模具|模具|mu2 ju4	1	工廠裡的模具壞了。	工厂里的模具坏了。	模具	[[4, 6]]		
樹|树|shu4~2	0	樹立	树立	shu4 li4	樹立|树立|shu4 li4	1	這次成功讓他樹立了信心。	这次成功让他树立了信心。	樹立	[[6, 8]]		
樹|树|shu4~2	1	樹敵	树敌	shu4 di2	樹敵|树敌|shu4 di2	1	他說話太直，樹敵不少。	他说话太直，树敌不少。	樹敵	[[6, 8]]		
權|权|quan2~1	0	權力	权力	quan2 li4	權力|权力|quan2 li4	1	他手裡有很大的權力。	他手里有很大的权力。	權力	[[7, 9]]		
權|权|quan2~1	1	政權	政权	zheng4 quan2	政權|政权|zheng4 quan2	1	新政權得到了人民的支持。	新政权得到了人民的支持。	政權	[[1, 3]]		
權|权|quan2~1	2	掌權	掌权	zhang3 quan2	掌權|掌权|zhang3 quan2	1	他掌權以後改了不少規定。	他掌权以后改了不少规定。	掌權	[[1, 3]]		
權|权|quan2~2	0	權利	权利	quan2 li4	權利|权利|quan2 li4	1	每個人都有說話的權利。	每个人都有说话的权利。	權利	[[8, 10]]		
權|权|quan2~2	1	人權	人权	ren2 quan2	人權|人权|ren2 quan2	1	保護人權是政府的責任。	保护人权是政府的责任。	人權	[[2, 4]]		
權|权|quan2~2	2	版權	版权	ban3 quan2	版權|版权|ban3 quan2	1	沒有版權，這首歌不能用。	没有版权，这首歌不能用。	版權	[[2, 4]]		
權|权|quan2~3	0	權衡	权衡	quan2 heng2	權衡|权衡|quan2 heng2	1	他權衡了很久才做出決定。	他权衡了很久才做出决定。	權衡	[[1, 3]]		
權|权|quan2~4	0	權宜之計	权宜之计	quan2 yi2 zhi1 ji4	權宜之計|权宜之计|quan2 yi2 zhi1 ji4	1	這只是權宜之計，不能長期這樣。	这只是权宜之计，不能长期这样。	權宜之計	[[3, 7]]		
權|权|quan2~4	1	權且	权且	quan2 qie3	權且|权且|quan2 qie3	1	你權且在這裡住幾天吧。	你权且在这里住几天吧。	權且	[[1, 3]]		
次|次|ci4~2	0	次要	次要	ci4 yao4	次要|次要|ci4 yao4	1	這個問題比較次要，先放一放。	这个问题比较次要，先放一放。	次要	[[6, 8]]		
次|次|ci4~2	1	主次	主次	zhu3 ci4	主次|主次|zhu3 ci4	1	做事情要分清主次，不能亂來。	做事情要分清主次，不能乱来。	主次	[[6, 8]]		
次|次|ci4~3	0	次日	次日	ci4 ri4	次日|次日|ci4 ri4	1	我們當天下午到達，次日就開始工作。	我们当天下午到达，次日就开始工作。	次日	[[9, 11]]		
次|次|ci4~3	1	次子	次子	ci4 zi3	次子|次子|ci4 zi3	1	她的次子今年上大學。	她的次子今年上大学。	次子	[[2, 4]]		
次|次|ci4~4	0	次序	次序	ci4 xu4	次序|次序|ci4 xu4	1	請按照次序排隊上車。	请按照次序排队上车。	次序	[[3, 5]]		
次|次|ci4~4	1	名次	名次	ming2 ci4	名次|名次|ming2 ci4	1	她在比賽中得到很好的名次。	她在比赛中得到很好的名次。	名次	[[10, 12]]		
次|次|ci4~4	2	依次	依次	yi1 ci4	依次|依次|yi1 ci4	1	觀眾依次進入會場坐好。	观众依次进入会场坐好。	依次	[[2, 4]]		
歌|歌|ge1~2	0	歌唱	歌唱	ge1 chang4	歌唱|歌唱|ge1 chang4	1	孩子們正在臺上歌唱。	孩子们正在台上歌唱。	歌唱	[[7, 9]]		
歌|歌|ge1~2	1	高歌	高歌	gao1 ge1	高歌|高歌|gao1 ge1	1	大家一路高歌，非常開心。	大家一路高歌，非常开心。	高歌	[[4, 6]]		
歐|欧|ou1~3	0	歐姆	欧姆	ou1 mu3	歐姆|欧姆|ou1 mu3	1	電阻的單位叫做歐姆。	电阻的单位叫做欧姆。	歐姆	[[7, 9]]		
歐|欧|ou1~3	1	歐元	欧元	ou1 yuan2	歐元|欧元|ou1 yuan2	1	他手上還有一些歐元。	他手上还有一些欧元。	歐元	[[7, 9]]		
正|正|zheng1~1	0	正月	正月	Zheng1 yue4	正月|正月|Zheng1 yue4	1	他們打算正月回家看父母。	他们打算正月回家看父母。	正月	[[4, 6]]		
正|正|zheng4~3	0	正確	正确	zheng4 que4	正確|正确|zheng4 que4	1	他的答案完全正確。	他的答案完全正确。	正確	[[6, 8]]		
正|正|zheng4~3	1	正常	正常	zheng4 chang2	正常|正常|zheng4 chang2	1	機器現在運轉正常。	机器现在运转正常。	正常	[[6, 8]]		
正|正|zheng4~3	2	正式	正式	zheng4 shi4	正式|正式|zheng4 shi4	1	我們明天正式開始工作。	我们明天正式开始工作。	正式	[[4, 6]]		
正|正|zheng4~4	0	正門	正门	zheng4 men2	正門|正门|zheng4 men2	1	學校的正門在南邊。	学校的正门在南边。	正門	[[3, 5]]		
正|正|zheng4~4	1	正面	正面	zheng4 mian4	正面|正面|zheng4 mian4	1	這張紙的正面寫著名字。	这张纸的正面写着名字。	正面	[[4, 6]]		
正|正|zheng4~6	0	糾正	纠正	jiu1 zheng4	糾正|纠正|jiu1 zheng4	1	老師糾正了我的發音。	老师纠正了我的发音。	糾正	[[2, 4]]		
正|正|zheng4~6	1	更正	更正	geng1 zheng4	更正|更正|geng1 zheng4	1	這個錯誤明天會在報紙上更正。	这个错误明天会在报纸上更正。	更正	[[11, 13]]		
步|步|bu4~2	0	步行	步行	bu4 xing2	步行|步行|bu4 xing2	1	從這裡步行過去只要十分鐘。	从这里步行过去只要十分钟。	步行	[[3, 5]]		
步|步|bu4~2	1	散步	散步	san4 bu4	散步|散步|san4 bu4	1	下班後我們常去公園散步。	下班后我们常去公园散步。	散步	[[9, 11]]		
歲|岁|sui4~2	0	歲月	岁月	sui4 yue4	歲月|岁月|sui4 yue4	1	那段歲月他過得很苦。	那段岁月他过得很苦。	歲月	[[2, 4]]		
歲|岁|sui4~2	1	歲末	岁末	sui4 mo4	歲末|岁末|sui4 mo4	1	歲末的街上到處都是人。	岁末的街上到处都是人。	歲末	[[0, 2]]		
歲|岁|sui4~2	2	守歲	守岁	shou3 sui4	守歲|守岁|shou3 sui4	1	除夕夜全家人一起守歲。	除夕夜全家人一起守岁。	守歲	[[8, 10]]		
死|死|si3~4	0	死路	死路	si3 lu4	死路|死路|si3 lu4	1	前面是死路，只能回頭。	前面是死路，只能回头。	死路	[[3, 5]]		
死|死|si3~4	1	死角	死角	si3 jiao3	死角|死角|si3 jiao3	1	打掃時別忘了牆邊的死角。	打扫时别忘了墙边的死角。	死角	[[9, 11]]		
段|段|duan4~4	0	階段	阶段	jie1 duan4	階段|阶段|jie1 duan4	1	這項工作還在第一階段。	这项工作还在第一阶段。	階段	[[8, 10]]		
段|段|duan4~4	1	段落	段落	duan4 luo4	段落|段落|duan4 luo4	1	請把課文的第二個段落讀一讀。	请把课文的第二个段落读一读。	段落	[[8, 10]]		
段|段|duan4~4	2	片段	片段	pian4 duan4	片段|片段|pian4 duan4	1	我還記得電影裡的幾個片段。	我还记得电影里的几个片段。	片段	[[10, 12]]		
殺|杀|sha1~2	0	殺價	杀价	sha1 jia4	殺價|杀价|sha1 jia4	1	買東西時她很會殺價。	买东西时她很会杀价。	殺價	[[7, 9]]		
毀|毁|hui3~2	0	毀謗	毁谤	hui3 bang4	毀謗|毁谤|hui3 bang4	1	他在報上毀謗一位醫生。	他在报上毁谤一位医生。	毀謗	[[4, 6]]		
毀|毁|hui3~2	1	詆毀	诋毁	di3 hui3	詆毀|诋毁|di3 hui3	1	競爭時不該互相詆毀。	竞争时不该互相诋毁。	詆毀	[[7, 9]]		
母|母|mu3~1	0	母親	母亲	mu3 qin1	母親|母亲|mu3 qin1	1	他從小跟著母親生活。	他从小跟着母亲生活。	母親	[[5, 7]]		
母|母|mu3~1	1	父母	父母	fu4 mu3	父母|父母|fu4 mu3	1	父母都希望孩子過得好。	父母都希望孩子过得好。	父母	[[0, 2]]		
母|母|mu3~1	2	母愛	母爱	mu3 ai4	母愛|母爱|mu3 ai4	1	這首歌唱的是母愛。	这首歌唱的是母爱。	母愛	[[6, 8]]		
母|母|mu3~2	0	祖母	祖母	zu3 mu3	祖母|祖母|zu3 mu3	1	祖母今年八十歲了。	祖母今年八十岁了。	祖母	[[0, 2]]		
母|母|mu3~2	1	姑母	姑母	gu1 mu3	姑母|姑母|gu1 mu3	1	我小時候常去姑母家玩。	我小时候常去姑母家玩。	姑母	[[6, 8]]		
母|母|mu3~2	2	伯母	伯母	bo2 mu3	伯母|伯母|bo2 mu3	1	伯母做的菜很好吃。	伯母做的菜很好吃。	伯母	[[0, 2]]		
母|母|mu3~4	0	母公司	母公司	mu3 gong1 si1	母公司|母公司|mu3 gong1 si1	1	這家工廠的母公司在外國。	这家工厂的母公司在外国。	母公司	[[5, 8]]		
母|母|mu3~4	1	母校	母校	mu3 xiao4	母校|母校|mu3 xiao4	1	他每年都回母校看老師。	他每年都回母校看老师。	母校	[[5, 7]]		
母|母|mu3~4	2	母語	母语	mu3 yu3	母語|母语|mu3 yu3	1	他在國外還常說母語。	他在国外还常说母语。	母語	[[7, 9]]		
毒|毒|du2~2	0	毒品	毒品	du2 pin3	毒品|毒品|du2 pin3	1	警察在車上找到毒品。	警察在车上找到毒品。	毒品	[[7, 9]]		
毒|毒|du2~2	1	吸毒	吸毒	xi1 du2	吸毒|吸毒|xi1 du2	1	他因為吸毒被抓了。	他因为吸毒被抓了。	吸毒	[[3, 5]]		
毒|毒|du2~2	2	販毒	贩毒	fan4 du2	販毒|贩毒|fan4 du2	1	販毒是很重的罪。	贩毒是很重的罪。	販毒	[[0, 2]]		
毛|毛|mao2~4	0	毛手毛腳	毛手毛脚	mao2 shou3 mao2 jiao3	毛手毛腳|毛手毛脚|mao2 shou3 mao2 jiao3	1	弟弟做事毛手毛腳，常常打破東西。	弟弟做事毛手毛脚，常常打破东西。	毛手毛腳	[[4, 8]]		
毛|毛|mao2~6	0	毛重	毛重	mao2 zhong4	毛重|毛重|mao2 zhong4	1	這包茶葉的毛重是三百克。	这包茶叶的毛重是三百克。	毛重	[[5, 7]]		
民|民|min2~1	0	人民	人民	ren2 min2	人民|人民|ren2 min2	1	政府應該為人民做事。	政府应该为人民做事。	人民	[[5, 7]]		
民|民|min2~1	1	居民	居民	ju1 min2	居民|居民|ju1 min2	1	附近的居民都反對這個計劃。	附近的居民都反对这个计划。	居民	[[3, 5]]		
民|民|min2~1	2	國民	国民	guo2 min2	國民|国民|guo2 min2	1	這是每個國民的權利。	这是每个国民的权利。	國民	[[4, 6]]		
沒|没|mo4~2	0	沒收	没收	mo4 shou1	沒收|没收|mo4 shou1	1	上課玩手機會被老師沒收。	上课玩手机会被老师没收。	沒收	[[9, 11]]		
沙|沙|sha1~2	0	沙啞	沙哑	sha1 ya3	沙啞|沙哑|sha1 ya3	1	他唱了一晚上歌，聲音變得沙啞。	他唱了一晚上歌，声音变得沙哑。	沙啞	[[12, 14]]		
河|河|he2~2	0	河南	河南	He2 nan2	河南|河南|He2 nan2	1	他老家在河南，離這裡很遠。	他老家在河南，离这里很远。	河南	[[4, 6]]		
河|河|he2~2	1	河北	河北	He2 bei3	河北|河北|He2 bei3	1	火車開了六個小時才到河北。	火车开了六个小时才到河北。	河北	[[10, 12]]		
河|河|he2~3	0	銀河	银河	Yin2 he2	銀河|银河|Yin2 he2	1	那天夜裡我們看見了銀河。	那天夜里我们看见了银河。	銀河	[[9, 11]]		
河|河|he2~3	1	天河	天河	Tian1 he2	天河|天河|Tian1 he2	1	山上沒有燈，天河看得很清楚。	山上没有灯，天河看得很清楚。	天河	[[6, 8]]		
河|河|he2~4	0	河粉	河粉	he2 fen3	河粉|河粉|he2 fen3	1	我在店裡點了一份炒河粉。	我在店里点了一份炒河粉。	河粉	[[9, 11]]		
治|治|zhi4~2	0	統治	统治	tong3 zhi4	統治|统治|tong3 zhi4	1	這個家族統治了很多年。	这个家族统治了很多年。	統治	[[4, 6]]		
治|治|zhi4~2	1	治理	治理	zhi4 li3	治理|治理|zhi4 li3	1	治理一個國家並不容易。	治理一个国家并不容易。	治理	[[0, 2]]		
治|治|zhi4~2	2	自治	自治	zi4 zhi4	自治|自治|zi4 zhi4	1	當地人民要求自治。	当地人民要求自治。	自治	[[6, 8]]		
治|治|zhi4~5	0	治學	治学	zhi4 xue2	治學|治学|zhi4 xue2	1	他治學非常認真。	他治学非常认真。	治學	[[1, 3]]		
法|法|fa3~1	0	方法	方法	fang1 fa3	方法|方法|fang1 fa3	1	他用新的方法解決了問題。	他用新的方法解决了问题。	方法	[[4, 6]]		
法|法|fa3~1	1	辦法	办法	ban4 fa3	辦法|办法|ban4 fa3	1	我們得想個辦法才行。	我们得想个办法才行。	辦法	[[5, 7]]		
法|法|fa3~1	2	用法	用法	yong4 fa3	用法|用法|yong4 fa3	1	這個詞的用法比較特別。	这个词的用法比较特别。	用法	[[4, 6]]		
法|法|fa3~2	0	法律	法律	fa3 lu:4	法律|法律|fa3 lu:4	1	政府剛剛通過了一條新法律。	政府刚刚通过了一条新法律。	法律	[[10, 12]]		
法|法|fa3~2	1	犯法	犯法	fan4 fa3	犯法|犯法|fan4 fa3	1	這樣做是要犯法的。	这样做是要犯法的。	犯法	[[5, 7]]		
法|法|fa3~2	2	合法	合法	he2 fa3	合法|合法|he2 fa3	1	這家公司的經營完全合法。	这家公司的经营完全合法。	合法	[[9, 11]]		
法|法|fa3~3	0	佛法	佛法	fo2 fa3	佛法|佛法|fo2 fa3	1	他這幾年一直在研究佛法。	他这几年一直在研究佛法。	佛法	[[9, 11]]		
法|法|fa3~3	1	法師	法师	fa3 shi1	法師|法师|fa3 shi1	1	這位法師講得很清楚。	这位法师讲得很清楚。	法師	[[2, 4]]		
法|法|fa3~4	0	效法	效法	xiao4 fa3	效法|效法|xiao4 fa3	1	他的認真值得我們效法。	他的认真值得我们效法。	效法	[[8, 10]]		
波|波|bo1~1	0	波浪	波浪	bo1 lang4	波浪|波浪|bo1 lang4	1	海上的波浪一個接著一個。	海上的波浪一个接着一个。	波浪	[[3, 5]]		
波|波|bo1~1	1	波紋	波纹	bo1 wen2	波紋|波纹|bo1 wen2	1	石頭丟進水裡，水面出現了波紋。	石头丢进水里，水面出现了波纹。	波紋	[[12, 14]]		
波|波|bo1~2	0	聲波	声波	sheng1 bo1	聲波|声波|sheng1 bo1	1	醫生用聲波檢查病人的身體。	医生用声波检查病人的身体。	聲波	[[3, 5]]		
波|波|bo1~2	1	電波	电波	dian4 bo1	電波|电波|dian4 bo1	1	電波可以把聲音送到很遠的地方。	电波可以把声音送到很远的地方。	電波	[[0, 2]]		
波|波|bo1~3	0	風波	风波	feng1 bo1	風波|风波|feng1 bo1	1	這件事在學校裡引起了一場風波。	这件事在学校里引起了一场风波。	風波	[[12, 14]]		
波|波|bo1~3	1	波折	波折	bo1 zhe2	波折|波折|bo1 zhe2	1	他們的婚姻經過了不少波折。	他们的婚姻经过了不少波折。	波折	[[10, 12]]		
注|注|zhu4~1	0	注意	注意	zhu4 yi4	注意|注意|zhu4 yi4	1	過馬路要注意來往的車子。	过马路要注意来往的车子。	注意	[[4, 6]]		
注|注|zhu4~1	1	注視	注视	zhu4 shi4	注視|注视|zhu4 shi4	1	他注視著前面的路。	他注视着前面的路。	注視	[[1, 3]]		
注|注|zhu4~2	0	注入	注入	zhu4 ru4	注入|注入|zhu4 ru4	1	他把熱水注入杯子裡。	他把热水注入杯子里。	注入	[[4, 6]]		
注|注|zhu4~2	1	注射	注射	zhu4 she4	注射|注射|zhu4 she4	1	醫生給病人注射了藥。	医生给病人注射了药。	注射	[[5, 7]]		
注|注|zhu4~3	0	賭注	赌注	du3 zhu4	賭注|赌注|du3 zhu4	1	這場比賽的賭注很大。	这场比赛的赌注很大。	賭注	[[5, 7]]		
注|注|zhu4~3	1	下注	下注	xia4 zhu4	下注|下注|xia4 zhu4	1	不少人在那匹馬身上下注。	不少人在那匹马身上下注。	下注	[[9, 11]]		
泰|泰|tai4~1	0	國泰民安	国泰民安	guo2 tai4 min2 an1	國泰民安|国泰民安|guo2 tai4 min2 an1	1	大家都希望國泰民安。	大家都希望国泰民安。	國泰民安	[[5, 9]]		
泰|泰|tai4~1	1	泰然	泰然	tai4 ran2	泰然|泰然|tai4 ran2	1	面對困難，他顯得十分泰然。	面对困难，他显得十分泰然。	泰然	[[10, 12]]		
泰|泰|tai4~2	0	泰斗	泰斗	tai4 dou3	泰斗|泰斗|tai4 dou3	1	他是醫學界的泰斗。	他是医学界的泰斗。	泰斗	[[6, 8]]		
泰|泰|tai4~2	1	泰半	泰半	tai4 ban4	泰半|泰半|tai4 ban4	1	在場的人泰半是學生。	在场的人泰半是学生。	泰半	[[4, 6]]		
派|派|pai4~2	0	學派	学派	xue2 pai4	學派|学派|xue2 pai4	1	他是這個學派的代表人物。	他是这个学派的代表人物。	學派	[[4, 6]]		
派|派|pai4~2	1	流派	流派	liu2 pai4	流派|流派|liu2 pai4	1	音樂上有很多不同的流派。	音乐上有很多不同的流派。	流派	[[9, 11]]		
派|派|pai4~2	2	派別	派别	pai4 bie2	派別|派别|pai4 bie2	1	他們屬於不同的派別。	他们属于不同的派别。	派別	[[7, 9]]		
派|派|pai4~5	0	氣派	气派	qi4 pai4	氣派|气派|qi4 pai4	1	這座大樓看起來很有氣派。	这座大楼看起来很有气派。	氣派	[[9, 11]]		
派|派|pai4~5	1	派頭	派头	pai4 tou2	派頭|派头|pai4 tou2	1	他走路的派頭很大。	他走路的派头很大。	派頭	[[4, 6]]		
流|流|liu2~2	0	流行	流行	liu2 xing2	流行|流行|liu2 xing2	1	這首歌去年非常流行。	这首歌去年非常流行。	流行	[[7, 9]]		
流|流|liu2~2	1	流傳	流传	liu2 chuan2	流傳|流传|liu2 chuan2	1	這個故事流傳了幾百年。	这个故事流传了几百年。	流傳	[[4, 6]]		
流|流|liu2~2	2	流通	流通	liu2 tong1	流通|流通|liu2 tong1	1	開窗可以讓空氣流通。	开窗可以让空气流通。	流通	[[7, 9]]		
流|流|liu2~3	0	河流	河流	he2 liu2	河流|河流|he2 liu2	1	這條河流的水又清又深。	这条河流的水又清又深。	河流	[[2, 4]]		
流|流|liu2~3	1	電流	电流	dian4 liu2	電流|电流|dian4 liu2	1	電流太強，可能會傷人。	电流太强，可能会伤人。	電流	[[0, 2]]		
流|流|liu2~3	2	氣流	气流	qi4 liu2	氣流|气流|qi4 liu2	1	飛機遇到了強烈的氣流。	飞机遇到了强烈的气流。	氣流	[[8, 10]]		
流|流|liu2~4	0	一流	一流	yi1 liu2	一流|一流|yi1 liu2	1	這家公司的產品是一流的。	这家公司的产品是一流的。	一流	[[8, 10]]		
流|流|liu2~4	1	二流	二流	er4 liu2	二流|二流|er4 liu2	1	他只是一個二流的演員。	他只是一个二流的演员。	二流	[[5, 7]]		
流|流|liu2~5	0	流放	流放	liu2 fang4	流放|流放|liu2 fang4	1	他被流放到很遠的地方。	他被流放到很远的地方。	流放	[[2, 4]]		
流|流|liu2~6	0	流於	流于	liu2 yu2	流於|流于|liu2 yu2	1	檢查工作不能流於形式。	检查工作不能流于形式。	流於	[[6, 8]]		
混|混|hun2~1	0	混蛋	混蛋	hun2 dan4	混蛋|混蛋|hun2 dan4	1	他氣得大罵對方是混蛋。	他气得大骂对方是混蛋。	混蛋	[[8, 10]]		
混|混|hun2~2	0	混水摸魚	混水摸鱼	hun2 shui3 mo1 yu2	混水摸魚|混水摸鱼|hun2 shui3 mo1 yu2	1	有人想趁亂混水摸魚。	有人想趁乱混水摸鱼。	混水摸魚	[[5, 9]]		
清|清|qing1~4	0	清靜	清静	qing1 jing4	清靜|清静|qing1 jing4	1	這裡很清靜，適合看書。	这里很清静，适合看书。	清靜	[[3, 5]]		
清|清|qing1~4	1	冷清	冷清	leng3 qing1	冷清|冷清|leng3 qing1	1	晚上的車站有點冷清。	晚上的车站有点冷清。	冷清	[[7, 9]]		
清|清|qing1~5	0	清白	清白	qing1 bai2	清白|清白|qing1 bai2	1	他要證明自己是清白的。	他要证明自己是清白的。	清白	[[7, 9]]		
清|清|qing1~5	1	清廉	清廉	qing1 lian2	清廉|清廉|qing1 lian2	1	這位官員做事一直很清廉。	这位官员做事一直很清廉。	清廉	[[9, 11]]		
湯|汤|tang1~2	0	湯藥	汤药	tang1 yao4	湯藥|汤药|tang1 yao4	1	這種湯藥每天要喝兩次。	这种汤药每天要喝两次。	湯藥	[[2, 4]]		
準|准|zhun3~2	0	標準	标准	biao1 zhun3	標準|标准|biao1 zhun3	1	這批產品都合乎標準。	这批产品都合乎标准。	標準	[[7, 9]]		
準|准|zhun3~2	1	水準	水准	shui3 zhun3	水準|水准|shui3 zhun3	1	他的中文水準很高。	他的中文水准很高。	水準	[[4, 6]]		
準|准|zhun3~4	0	準決賽	准决赛	zhun3 jue2 sai4	準決賽|准决赛|zhun3 jue2 sai4	1	他們昨天進了準決賽。	他们昨天进了准决赛。	準決賽	[[6, 9]]		
準|准|zhun3~4	1	準媽媽	准妈妈	zhun3 ma1 ma5	準媽媽|准妈妈|zhun3 ma1 ma5	1	這本書是給準媽媽看的。	这本书是给准妈妈看的。	準媽媽	[[5, 8]]		
滅|灭|mie4~4	0	滅頂	灭顶	mie4 ding3	滅頂|灭顶|mie4 ding3	1	這場大水讓全村遭到滅頂之災。	这场大水让全村遭到灭顶之灾。	滅頂	[[9, 11]]		
滿|满|man3~2	0	滿意	满意	man3 yi4	滿意|满意|man3 yi4	1	老師對這次的成績很滿意。	老师对这次的成绩很满意。	滿意	[[9, 11]]		
滿|满|man3~2	1	滿足	满足	man3 zu2	滿足|满足|man3 zu2	1	他過著簡單的生活，覺得很滿足。	他过着简单的生活，觉得很满足。	滿足	[[12, 14]]		
演|演|yan3~2	0	演變	演变	yan3 bian4	演變|演变|yan3 bian4	1	社會的演變影響了人們的生活。	社会的演变影响了人们的生活。	演變	[[3, 5]]		
演|演|yan3~2	1	演化	演化	yan3 hua4	演化|演化|yan3 hua4	1	這些動物是由古代的魚演化來的。	这些动物是由古代的鱼演化来的。	演化	[[10, 12]]		
演|演|yan3~2	2	演進	演进	yan3 jin4	演進|演进|yan3 jin4	1	人類的工具在不斷演進。	人类的工具在不断演进。	演進	[[8, 10]]		
演|演|yan3~3	0	演習	演习	yan3 xi2	演習|演习|yan3 xi2	1	這場軍事演習持續了三天。	这场军事演习持续了三天。	演習	[[4, 6]]		
演|演|yan3~3	1	演算	演算	yan3 suan4	演算|演算|yan3 suan4	1	學生正在紙上演算這些數字。	学生正在纸上演算这些数字。	演算	[[6, 8]]		
演|演|yan3~3	2	演練	演练	yan3 lian4	演練|演练|yan3 lian4	1	士兵每天都要演練幾個動作。	士兵每天都要演练几个动作。	演練	[[6, 8]]		
漢|汉|han4~1	0	好漢	好汉	hao3 han4	好漢|好汉|hao3 han4	1	大家都說他是條好漢。	大家都说他是条好汉。	好漢	[[7, 9]]		
漢|汉|han4~1	1	男子漢	男子汉	nan2 zi3 han4	男子漢|男子汉|nan2 zi3 han4	1	真正的男子漢不怕困難。	真正的男子汉不怕困难。	男子漢	[[3, 6]]		
漢|汉|han4~1	2	漢子	汉子	han4 zi5	漢子|汉子|han4 zi5	1	那個漢子力氣特別大。	那个汉子力气特别大。	漢子	[[2, 4]]		
灣|湾|wan1~1	0	海灣	海湾	hai3 wan1	海灣|海湾|hai3 wan1	1	這個海灣的水很平靜。	这个海湾的水很平静。	海灣	[[2, 4]]		
灣|湾|wan1~1	1	港灣	港湾	gang3 wan1	港灣|港湾|gang3 wan1	1	漁船晚上都停在港灣裡。	渔船晚上都停在港湾里。	港灣	[[7, 9]]		
火|火|huo3~4	0	上火	上火	shang4 huo3	上火|上火|shang4 huo3	1	天氣乾，他這幾天上火了。	天气干，他这几天上火了。	上火	[[8, 10]]		
火|火|huo3~4	1	火氣	火气	huo3 qi4	火氣|火气|huo3 qi4	1	醫生說他火氣太大，要多喝水。	医生说他火气太大，要多喝水。	火氣	[[4, 6]]		
火|火|huo3~5	0	軍火	军火	jun1 huo3	軍火|军火|jun1 huo3	1	這批軍火是從國外運來的。	这批军火是从国外运来的。	軍火	[[2, 4]]		
火|火|huo3~5	1	開火	开火	kai1 huo3	開火|开火|kai1 huo3	1	兩邊的部隊在山下開火了。	两边的部队在山下开火了。	開火	[[8, 10]]		
火|火|huo3~5	2	火力	火力	huo3 li4	火力|火力|huo3 li4	1	我軍的火力壓住了對方。	我军的火力压住了对方。	火力	[[3, 5]]		
火|火|huo3~6	0	火紅	火红	huo3 hong2	火紅|火红|huo3 hong2	1	太陽下山時，天空一片火紅。	太阳下山时，天空一片火红。	火紅	[[10, 12]]		
火|火|huo3~6	1	火熱	火热	huo3 re4	火熱|火热|huo3 re4	1	他的手心火熱，好像發燒了。	他的手心火热，好像发烧了。	火熱	[[4, 6]]		
火|火|huo3~7	0	火急	火急	huo3 ji2	火急|火急|huo3 ji2	1	這封信火急，請馬上送去。	这封信火急，请马上送去。	火急	[[3, 5]]		
火|火|huo3~7	1	火速	火速	huo3 su4	火速|火速|huo3 su4	1	消息一到，他們火速趕了過去。	消息一到，他们火速赶了过去。	火速	[[7, 9]]		
為|为|wei2~2	0	成為	成为	cheng2 wei2	成為|成为|cheng2 wei2	1	他終於成為一名醫生。	他终于成为一名医生。	成為	[[3, 5]]		
為|为|wei2~2	1	分為	分为	fen1 wei2	分為|分为|fen1 wei2	1	這本書分為三個部分。	这本书分为三个部分。	分為	[[3, 5]]		
為|为|wei2~2	2	變為	变为	bian4 wei2	變為|变为|bian4 wei2	1	他的態度由反對變為支持。	他的态度由反对变为支持。	變為	[[7, 9]]		
為|为|wei2~4	0	行為	行为	xing2 wei2	行為|行为|xing2 wei2	1	他要對自己的行為負責。	他要对自己的行为负责。	行為	[[6, 8]]		
為|为|wei2~4	1	人為	人为	ren2 wei2	人為|人为|ren2 wei2	1	這次事故是人為造成的。	这次事故是人为造成的。	人為	[[5, 7]]		
為|为|wei2~4	2	為人	为人	wei2 ren2	為人|为人|wei2 ren2	1	他為人熱情，朋友很多。	他为人热情，朋友很多。	為人	[[1, 3]]		
為|为|wei2~5	0	極為	极为	ji2 wei2	極為|极为|ji2 wei2	1	安全問題極為重要。	安全问题极为重要。	極為	[[4, 6]]		
為|为|wei2~5	1	大為	大为	da4 wei2	大為|大为|da4 wei2	1	看到成績，他大為高興。	看到成绩，他大为高兴。	大為	[[6, 8]]		
為|为|wei2~5	2	廣為	广为	guang3 wei2	廣為|广为|guang3 wei2	1	這個故事在民間廣為流傳。	这个故事在民间广为流传。	廣為	[[7, 9]]		
無|无|wu2~2	0	無須	无须	wu2 xu1	無須|无须|wu2 xu1	1	這點小事無須擔心。	这点小事无须担心。	無須	[[4, 6]]		
無|无|wu2~2	1	無妨	无妨	wu2 fang2	無妨|无妨|wu2 fang2	1	你想去看看也無妨。	你想去看看也无妨。	無妨	[[6, 8]]		
無|无|wu2~2	2	無論	无论	wu2 lun4	無論|无论|wu2 lun4	1	無論多晚，他都會回家。	无论多晚，他都会回家。	無論	[[0, 2]]		
然|然|ran2~1	0	突然	突然	tu1 ran2	突然|突然|tu1 ran2	1	他突然停下來，回頭看我。	他突然停下来，回头看我。	突然	[[1, 3]]		
然|然|ran2~1	1	顯然	显然	xian3 ran2	顯然|显然|xian3 ran2	1	這件事顯然還沒有結束。	这件事显然还没有结束。	顯然	[[3, 5]]		
然|然|ran2~1	2	忽然	忽然	hu1 ran2	忽然|忽然|hu1 ran2	1	天忽然下起了大雨。	天忽然下起了大雨。	忽然	[[1, 3]]		
然|然|ran2~2	0	當然	当然	dang1 ran2	當然|当然|dang1 ran2	1	你要去的話，我當然陪你。	你要去的话，我当然陪你。	當然	[[7, 9]]		
然|然|ran2~2	1	不然	不然	bu4 ran2	不然|不然|bu4 ran2	1	快走吧，不然就遲到了。	快走吧，不然就迟到了。	不然	[[4, 6]]		
然|然|ran2~2	2	然後	然后	ran2 hou4	然後|然后|ran2 hou4	1	我們先吃飯，然後再談。	我们先吃饭，然后再谈。	然後	[[6, 8]]		
然|然|ran2~3	0	不以為然	不以为然	bu4 yi3 wei2 ran2	不以為然|不以为然|bu4 yi3 wei2 ran2	1	他聽了我的話，有點不以為然。	他听了我的话，有点不以为然。	不以為然	[[9, 13]]		
熱|热|re4~4	0	熱情	热情	re4 qing2	熱情|热情|re4 qing2	1	他對客人非常熱情。	他对客人非常热情。	熱情	[[6, 8]]		
熱|热|re4~4	1	熱心	热心	re4 xin1	熱心|热心|re4 xin1	1	王老師很熱心，常幫助學生。	王老师很热心，常帮助学生。	熱心	[[4, 6]]		
熱|热|re4~4	2	熱愛	热爱	re4 ai4	熱愛|热爱|re4 ai4	1	她從小就熱愛音樂。	她从小就热爱音乐。	熱愛	[[4, 6]]		
營|营|ying2~1	0	經營	经营	jing1 ying2	經營|经营|jing1 ying2	1	他經營一家小小的書店。	他经营一家小小的书店。	經營	[[1, 3]]		
營|营|ying2~1	1	營業	营业	ying2 ye4	營業|营业|ying2 ye4	1	這家店明天開始營業。	这家店明天开始营业。	營業	[[7, 9]]		
營|营|ying2~4	0	營造	营造	ying2 zao4	營造|营造|ying2 zao4	1	這座橋是十年前營造的。	这座桥是十年前营造的。	營造	[[7, 9]]		
營|营|ying2~4	1	營建	营建	ying2 jian4	營建|营建|ying2 jian4	1	政府正在營建一批新住宅。	政府正在营建一批新住宅。	營建	[[4, 6]]		
營|营|ying2~5	0	營利	营利	ying2 li4	營利|营利|ying2 li4	1	這個機構不以營利為目的。	这个机构不以营利为目的。	營利	[[6, 8]]		
營|营|ying2~5	1	營生	营生	ying2 sheng1	營生|营生|ying2 sheng1	1	他靠修理電器營生。	他靠修理电器营生。	營生	[[6, 8]]		
父|父|fu4~1	0	父親	父亲	fu4 qin1	父親|父亲|fu4 qin1	1	父親每天早上送我上學。	父亲每天早上送我上学。	父親	[[0, 2]]		
父|父|fu4~1	1	父母	父母	fu4 mu3	父母|父母|fu4 mu3	1	他的父母都在醫院工作。	他的父母都在医院工作。	父母	[[2, 4]]		
父|父|fu4~1	2	父子	父子	fu4 zi3	父子|父子|fu4 zi3	1	這對父子長得非常像。	这对父子长得非常像。	父子	[[2, 4]]		
父|父|fu4~2	0	伯父	伯父	bo2 fu4	伯父|伯父|bo2 fu4	1	伯父從外地回來看我們。	伯父从外地回来看我们。	伯父	[[0, 2]]		
父|父|fu4~2	1	叔父	叔父	shu1 fu4	叔父|叔父|shu1 fu4	1	我叔父下個月要結婚了。	我叔父下个月要结婚了。	叔父	[[1, 3]]		
父|父|fu4~2	2	舅父	舅父	jiu4 fu4	舅父|舅父|jiu4 fu4	1	舅父帶我去公園玩。	舅父带我去公园玩。	舅父	[[0, 2]]		
父|父|fu4~3	0	父目錄	父目录	fu4 mu4 lu4	父目錄|父目录|fu4 mu4 lu4	1	請把檔案放到父目錄裡。	请把档案放到父目录里。	父目錄	[[6, 9]]		
片|片|pian1~1	0	唱片	唱片	chang4 pian4	唱片|唱片|chang4 pian4	1	他收藏了不少老唱片。	他收藏了不少老唱片。	唱片	[[7, 9]]		
片|片|pian1~1	1	相片	相片	xiang4 pian4	相片|相片|xiang4 pian4	1	牆上掛著一張全家相片。	墙上挂着一张全家相片。	相片	[[8, 10]]		
片|片|pian4~2	0	影片	影片	ying3 pian4	影片|影片|ying3 pian4	1	這部影片講的是一個真實的故事。	这部影片讲的是一个真实的故事。	影片	[[2, 4]]		
片|片|pian4~2	1	片子	片子	pian4 zi5	片子|片子|pian4 zi5	1	他拍的片子得了獎。	他拍的片子得了奖。	片子	[[3, 5]]		
片|片|pian4~5	0	片面	片面	pian4 mian4	片面|片面|pian4 mian4	1	他的看法有些片面。	他的看法有些片面。	片面	[[6, 8]]		
片|片|pian4~5	1	片段	片段	pian4 duan4	片段|片段|pian4 duan4	1	我只記得電影的幾個片段。	我只记得电影的几个片段。	片段	[[9, 11]]		
版|版|ban3~3	0	排版	排版	pai2 ban3	排版|排版|pai2 ban3	1	這份雜誌的排版很清楚。	这份杂志的排版很清楚。	排版	[[5, 7]]		
版|版|ban3~3	1	版畫	版画	ban3 hua4	版畫|版画|ban3 hua4	1	他收集了不少版畫。	他收集了不少版画。	版畫	[[6, 8]]		
牌|牌|pai2~3	0	品牌	品牌	pin3 pai2	品牌|品牌|pin3 pai2	1	這個品牌的衣服很受歡迎。	这个品牌的衣服很受欢迎。	品牌	[[2, 4]]		
牌|牌|pai2~3	1	名牌	名牌	ming2 pai2	名牌|名牌|ming2 pai2	1	她這幾年很喜歡買名牌。	她这几年很喜欢买名牌。	名牌	[[8, 10]]		
牌|牌|pai2~4	0	詞牌	词牌	ci2 pai2	詞牌|词牌|ci2 pai2	1	老師能背出很多詞牌的名字。	老师能背出很多词牌的名字。	詞牌	[[7, 9]]		
物|物|wu4~1	0	動物	动物	dong4 wu4	動物|动物|dong4 wu4	1	這個公園裡有很多小動物。	这个公园里有很多小动物。	動物	[[9, 11]]		
物|物|wu4~1	1	食物	食物	shi2 wu4	食物|食物|shi2 wu4	1	天氣熱的時候，食物容易壞。	天气热的时候，食物容易坏。	食物	[[7, 9]]		
物|物|wu4~1	2	禮物	礼物	li3 wu4	禮物|礼物|li3 wu4	1	我買了一份禮物送給朋友。	我买了一份礼物送给朋友。	禮物	[[5, 7]]		
物|物|wu4~2	0	待人接物	待人接物	dai4 ren2 jie1 wu4	待人接物|待人接物|dai4 ren2 jie1 wu4	1	這位先生待人接物很有禮貌。	这位先生待人接物很有礼貌。	待人接物	[[4, 8]]		
物|物|wu4~2	1	恃才傲物	恃才傲物	shi4 cai2 ao4 wu4	恃才傲物|恃才傲物|shi4 cai2 ao4 wu4	1	他恃才傲物，很難跟人相處。	他恃才傲物，很难跟人相处。	恃才傲物	[[1, 5]]		
特|特|te4~1	0	特別	特别	te4 bie2	特別|特别|te4 bie2	1	他送了我一件很特別的禮物。	他送了我一件很特别的礼物。	特別	[[7, 9]]		
特|特|te4~1	1	特點	特点	te4 dian3	特點|特点|te4 dian3	1	這種材料的特點是很輕。	这种材料的特点是很轻。	特點	[[5, 7]]		
特|特|te4~1	2	特殊	特殊	te4 shu1	特殊|特殊|te4 shu1	1	這是一種特殊的情況。	这是一种特殊的情况。	特殊	[[4, 6]]		
犯|犯|fan4~3	0	罪犯	罪犯	zui4 fan4	罪犯|罪犯|zui4 fan4	1	警方抓住了那名罪犯。	警方抓住了那名罪犯。	罪犯	[[7, 9]]		
犯|犯|fan4~3	1	犯人	犯人	fan4 ren2	犯人|犯人|fan4 ren2	1	監獄裡有幾百個犯人。	监狱里有几百个犯人。	犯人	[[7, 9]]		
犯|犯|fan4~4	0	侵犯	侵犯	qin1 fan4	侵犯|侵犯|qin1 fan4	1	我們不該侵犯別人的權利。	我们不该侵犯别人的权利。	侵犯	[[4, 6]]		
犯|犯|fan4~4	1	冒犯	冒犯	mao4 fan4	冒犯|冒犯|mao4 fan4	1	他的話冒犯了在場的客人。	他的话冒犯了在场的客人。	冒犯	[[3, 5]]		
狀|状|zhuang4~1	0	形狀	形状	xing2 zhuang4	形狀|形状|xing2 zhuang4	1	這塊石頭的形狀很特別。	这块石头的形状很特别。	形狀	[[5, 7]]		
狀|状|zhuang4~1	1	奇形怪狀	奇形怪状	qi2 xing2 guai4 zhuang4	奇形怪狀|奇形怪状|qi2 xing2 guai4 zhuang4	1	他畫了一隻奇形怪狀的動物。	他画了一只奇形怪状的动物。	奇形怪狀	[[5, 9]]		
狀|状|zhuang4~2	0	狀態	状态	zhuang4 tai4	狀態|状态|zhuang4 tai4	1	他今天的狀態不太好。	他今天的状态不太好。	狀態	[[4, 6]]		
狀|状|zhuang4~2	1	狀況	状况	zhuang4 kuang4	狀況|状况|zhuang4 kuang4	1	醫生說病人的狀況已經穩定。	医生说病人的状况已经稳定。	狀況	[[6, 8]]		
狀|状|zhuang4~2	2	現狀	现状	xian4 zhuang4	現狀|现状|xian4 zhuang4	1	我們不能滿足於現狀。	我们不能满足于现状。	現狀	[[7, 9]]		
狀|状|zhuang4~3	0	不可名狀	不可名状	bu4 ke3 ming2 zhuang4	不可名狀|不可名状|bu4 ke3 ming2 zhuang4	1	他心中有一種不可名狀的不安。	他心中有一种不可名状的不安。	不可名狀	[[6, 10]]		
狀|状|zhuang4~4	0	訴狀	诉状	su4 zhuang4	訴狀|诉状|su4 zhuang4	1	律師幫他寫好了訴狀。	律师帮他写好了诉状。	訴狀	[[7, 9]]		
狀|状|zhuang4~4	1	告狀	告状	gao4 zhuang4	告狀|告状|gao4 zhuang4	1	他準備到法庭去告狀。	他准备到法庭去告状。	告狀	[[7, 9]]		
狀|状|zhuang4~5	0	獎狀	奖状	jiang3 zhuang4	獎狀|奖状|jiang3 zhuang4	1	他在牆上掛了一張獎狀。	他在墙上挂了一张奖状。	獎狀	[[8, 10]]		
獎|奖|jiang3~2	0	誇獎	夸奖	kua1 jiang3	誇獎|夸奖|kua1 jiang3	1	老師誇獎他寫的字很好看。	老师夸奖他写的字很好看。	誇獎	[[2, 4]]		
獎|奖|jiang3~2	1	嘉獎	嘉奖	jia1 jiang3	嘉獎|嘉奖|jia1 jiang3	1	這位警察受到上級的嘉獎。	这位警察受到上级的嘉奖。	嘉獎	[[9, 11]]		
獲|获|huo4~2	0	捕獲	捕获	bu3 huo4	捕獲|捕获|bu3 huo4	1	他們捕獲了一隻大魚。	他们捕获了一只大鱼。	捕獲	[[2, 4]]		
獲|获|huo4~2	1	俘獲	俘获	fu2 huo4	俘獲|俘获|fu2 huo4	1	這次戰鬥俘獲了不少敵人。	这次战斗俘获了不少敌人。	俘獲	[[4, 6]]		
率|率|lu:4~1	0	效率	效率	xiao4 lu:4	效率|效率|xiao4 lu:4	1	用了新工具，工作效率高了很多。	用了新工具，工作效率高了很多。	效率	[[8, 10]]		
率|率|lu:4~1	1	比率	比率	bi3 lu:4	比率|比率|bi3 lu:4	1	這兩種東西的比率是三比一。	这两种东西的比率是三比一。	比率	[[6, 8]]		
率|率|lu:4~1	2	利率	利率	li4 lu:4	利率|利率|li4 lu:4	1	銀行今年又調低了利率。	银行今年又调低了利率。	利率	[[8, 10]]		
率|率|shuai4~2	0	坦率	坦率	tan3 shuai4	坦率|坦率|tan3 shuai4	1	他說話一向很坦率。	他说话一向很坦率。	坦率	[[6, 8]]		
率|率|shuai4~2	1	直率	直率	zhi2 shuai4	直率|直率|zhi2 shuai4	1	我喜歡他直率的性格。	我喜欢他直率的性格。	直率	[[4, 6]]		
率|率|shuai4~3	0	輕率	轻率	qing1 shuai4	輕率|轻率|qing1 shuai4	1	這個決定下得太輕率了。	这个决定下得太轻率了。	輕率	[[7, 9]]		
率|率|shuai4~3	1	草率	草率	cao3 shuai4	草率|草率|cao3 shuai4	1	他草率地答應了這件事。	他草率地答应了这件事。	草率	[[1, 3]]		
玩|玩|wan2~2	0	玩具	玩具	wan2 ju4	玩具|玩具|wan2 ju4	1	弟弟的玩具都放在床下。	弟弟的玩具都放在床下。	玩具	[[3, 5]]		
玩|玩|wan2~2	1	玩偶	玩偶	wan2 ou3	玩偶|玩偶|wan2 ou3	1	她收集了很多可愛的玩偶。	她收集了很多可爱的玩偶。	玩偶	[[9, 11]]		
玩|玩|wan2~5	0	古玩	古玩	gu3 wan2	古玩|古玩|gu3 wan2	1	他在市場上買了幾件古玩。	他在市场上买了几件古玩。	古玩	[[9, 11]]		
現|现|xian4~1	0	現在	现在	xian4 zai4	現在|现在|xian4 zai4	1	現在的年輕人都用手機付錢。	现在的年轻人都用手机付钱。	現在	[[0, 2]]		
現|现|xian4~1	1	現代	现代	xian4 dai4	現代|现代|xian4 dai4	1	這是一部現代小說。	这是一部现代小说。	現代	[[4, 6]]		
現|现|xian4~1	2	現有	现有	xian4 you3	現有|现有|xian4 you3	1	公司現有的設備已經不夠用了。	公司现有的设备已经不够用了。	現有	[[2, 4]]		
現|现|xian4~2	0	出現	出现	chu1 xian4	出現|出现|chu1 xian4	1	天空中出現了一道彩虹。	天空中出现了一道彩虹。	出現	[[3, 5]]		
現|现|xian4~2	1	呈現	呈现	cheng2 xian4	呈現|呈现|cheng2 xian4	1	山上的景色呈現在眼前。	山上的景色呈现在眼前。	呈現	[[5, 7]]		
現|现|xian4~2	2	現身	现身	xian4 shen1	現身|现身|xian4 shen1	1	他到最後才在會場現身。	他到最后才在会场现身。	現身	[[8, 10]]		
理|理|li3~4	0	理科	理科	li3 ke1	理科|理科|li3 ke1	1	他從高中就對理科很有興趣。	他从高中就对理科很有兴趣。	理科	[[6, 8]]		
理|理|li3~4	1	理工	理工	li3 gong1	理工|理工|li3 gong1	1	他哥哥在理工大學讀書。	他哥哥在理工大学读书。	理工	[[4, 6]]		
理|理|li3~5	0	紋理	纹理	wen2 li3	紋理|纹理|wen2 li3	1	這塊木板的紋理很好看。	这块木板的纹理很好看。	紋理	[[5, 7]]		
瑞|瑞|rui4~1	0	瑞雪	瑞雪	rui4 xue3	瑞雪|瑞雪|rui4 xue3	1	今年的瑞雪讓農民很高興。	今年的瑞雪让农民很高兴。	瑞雪	[[3, 5]]		
瑞|瑞|rui4~1	1	祥瑞	祥瑞	xiang2 rui4	祥瑞|祥瑞|xiang2 rui4	1	古人把這種鳥看作祥瑞。	古人把这种鸟看作祥瑞。	祥瑞	[[8, 10]]		
用|用|yong4~5	0	費用	费用	fei4 yong4	費用|费用|fei4 yong4	1	這次旅行的費用不高。	这次旅行的费用不高。	費用	[[5, 7]]		
用|用|yong4~5	1	家用	家用	jia1 yong4	家用|家用|jia1 yong4	1	他每個月給家裡一些家用。	他每个月给家里一些家用。	家用	[[9, 11]]		
用|用|yong4~5	2	零用錢	零用钱	ling2 yong4 qian2	零用錢|零用钱|ling2 yong4 qian2	1	弟弟的零用錢都花在書上了。	弟弟的零用钱都花在书上了。	零用錢	[[3, 6]]		
甲|甲|jia3~1	0	指甲	指甲	zhi3 jia5	指甲|指甲|zhi3 jia5	1	她的指甲留得很長。	她的指甲留得很长。	指甲	[[2, 4]]		
甲|甲|jia3~1	1	指甲油	指甲油	zhi3 jia5 you2	指甲油|指甲油|zhi3 jia5 you2	1	她買了一瓶紅色的指甲油。	她买了一瓶红色的指甲油。	指甲油	[[8, 11]]		
甲|甲|jia3~3	0	盔甲	盔甲	kui1 jia3	盔甲|盔甲|kui1 jia3	1	古時候士兵打仗要穿盔甲。	古时候士兵打仗要穿盔甲。	盔甲	[[9, 11]]		
甲|甲|jia3~3	1	裝甲	装甲	zhuang1 jia3	裝甲|装甲|zhuang1 jia3	1	這輛車的裝甲很厚。	这辆车的装甲很厚。	裝甲	[[4, 6]]		
甲|甲|jia3~3	2	甲蟲	甲虫	jia3 chong2	甲蟲|甲虫|jia3 chong2	1	樹上停著一隻很大的甲蟲。	树上停着一只很大的甲虫。	甲蟲	[[9, 11]]		
甲|甲|jia3~4	0	甲子	甲子	jia3 zi3	甲子|甲子|jia3 zi3	1	老人家今年剛過了一個甲子。	老人家今年刚过了一个甲子。	甲子	[[10, 12]]		
甲|甲|jia3~5	0	保甲	保甲	bao3 jia3	保甲|保甲|bao3 jia3	1	那時候每個保甲都要出人當兵。	那时候每个保甲都要出人当兵。	保甲	[[5, 7]]		
男|男|nan2~1	0	男人	男人	nan2 ren2	男人|男人|nan2 ren2	1	那個男人是我的老師。	那个男人是我的老师。	男人	[[2, 4]]		
男|男|nan2~1	1	男孩	男孩	nan2 hai2	男孩|男孩|nan2 hai2	1	他們家生了一個男孩。	他们家生了一个男孩。	男孩	[[7, 9]]		
男|男|nan2~1	2	男性	男性	nan2 xing4	男性|男性|nan2 xing4	1	這份工作男性女性都可以做。	这份工作男性女性都可以做。	男性	[[4, 6]]		
男|男|nan2~2	0	男爵	男爵	nan2 jue2	男爵|男爵|nan2 jue2	1	這位男爵住在城外的大房子裡。	这位男爵住在城外的大房子里。	男爵	[[2, 4]]		
界|界|jie4~1	0	邊界	边界	bian1 jie4	邊界|边界|bian1 jie4	1	兩國的邊界在河的中間。	两国的边界在河的中间。	邊界	[[3, 5]]		
界|界|jie4~1	1	國界	国界	guo2 jie4	國界|国界|guo2 jie4	1	這條路正好是國界。	这条路正好是国界。	國界	[[6, 8]]		
界|界|jie4~1	2	界線	界线	jie4 xian4	界線|界线|jie4 xian4	1	地上畫了一條白色的界線。	地上画了一条白色的界线。	界線	[[9, 11]]		
界|界|jie4~2	0	各界	各界	ge4 jie4	各界|各界|ge4 jie4	1	這件事引起了各界注意。	这件事引起了各界注意。	各界	[[6, 8]]		
界|界|jie4~2	1	外界	外界	wai4 jie4	外界|外界|wai4 jie4	1	他不想聽外界的說法。	他不想听外界的说法。	外界	[[4, 6]]		
界|界|jie4~2	2	自然界	自然界	zi4 ran2 jie4	自然界|自然界|zi4 ran2 jie4	1	自然界裡有很多神奇的動物。	自然界里有很多神奇的动物。	自然界	[[0, 3]]		
異|异|yi4~1	0	差異	差异	cha1 yi4	差異|差异|cha1 yi4	1	兩種說法的差異很小。	两种说法的差异很小。	差異	[[5, 7]]		
異|异|yi4~1	1	異性	异性	yi4 xing4	異性|异性|yi4 xing4	1	他跟異性說話總是很緊張。	他跟异性说话总是很紧张。	異性	[[2, 4]]		
異|异|yi4~2	0	異國	异国	yi4 guo2	異國|异国|yi4 guo2	1	他在異國生活了十年。	他在异国生活了十年。	異國	[[2, 4]]		
異|异|yi4~2	1	異鄉	异乡	yi4 xiang1	異鄉|异乡|yi4 xiang1	1	一個人在異鄉過年很不好受。	一个人在异乡过年很不好受。	異鄉	[[4, 6]]		
異|异|yi4~3	0	奇異	奇异	qi2 yi4	奇異|奇异|qi2 yi4	1	天上出現了一片奇異的光。	天上出现了一片奇异的光。	奇異	[[7, 9]]		
異|异|yi4~3	1	異常	异常	yi4 chang2	異常|异常|yi4 chang2	1	機器的聲音有點異常。	机器的声音有点异常。	異常	[[7, 9]]		
異|异|yi4~4	0	求同存異	求同存异	qiu2 tong2 cun2 yi4	求同存異|求同存异|qiu2 tong2 cun2 yi4	1	兩邊求同存異，終於談成了。	两边求同存异，终于谈成了。	求同存異	[[2, 6]]		
當|当|dang1~3	0	當時	当时	dang1 shi2	當時|当时|dang1 shi2	1	當時我還不認識他。	当时我还不认识他。	當時	[[0, 2]]		
當|当|dang1~3	1	當地	当地	dang1 di4	當地|当地|dang1 di4	1	到了那裡要多聽當地人的意見。	到了那里要多听当地人的意见。	當地	[[7, 9]]		
當|当|dang1~3	2	當場	当场	dang1 chang3	當場|当场|dang1 chang3	1	老師當場回答了學生的問題。	老师当场回答了学生的问题。	當場	[[2, 4]]		
當|当|dang1~4	0	應當	应当	ying1 dang1	應當|应当|ying1 dang1	1	這件事你應當早點告訴我。	这件事你应当早点告诉我。	應當	[[4, 6]]		
當|当|dang1~4	1	理所當然	理所当然	li3 suo3 dang1 ran2	理所當然|理所当然|li3 suo3 dang1 ran2	1	他把別人的幫助看成理所當然。	他把别人的帮助看成理所当然。	理所當然	[[9, 13]]		
當|当|dang1~5	0	相當	相当	xiang1 dang1	相當|相当|xiang1 dang1	1	這兩個隊實力相當，比賽很好看。	这两个队实力相当，比赛很好看。	相當	[[6, 8]]		
當|当|dang1~5	1	門當戶對	门当户对	men2 dang1 hu4 dui4	門當戶對|门当户对|men2 dang1 hu4 dui4	1	舊時結婚講究門當戶對。	旧时结婚讲究门当户对。	門當戶對	[[6, 10]]		
當|当|dang1~6	0	銳不可當	锐不可当	rui4 bu4 ke3 dang1	銳不可當|锐不可当|rui4 bu4 ke3 dang1	1	他們的攻勢銳不可當，對手很快就輸了。	他们的攻势锐不可当，对手很快就输了。	銳不可當	[[5, 9]]		
當|当|dang1~6	1	勢不可當	势不可当	shi4 bu4 ke3 dang1	勢不可當|势不可当|shi4 bu4 ke3 dang1	1	時代的變化勢不可當，誰也阻止不了。	时代的变化势不可当，谁也阻止不了。	勢不可當	[[5, 9]]		
當|当|dang1~6	2	螳臂當車	螳臂当车	tang2 bi4 dang1 che1	螳臂當車|螳臂当车|tang2 bi4 dang1 che1	1	你這樣做就像螳臂當車，改變不了結果。	你这样做就像螳臂当车，改变不了结果。	螳臂當車	[[6, 10]]		
當|当|dang4~2	0	適當	适当	shi4 dang4	適當|适当|shi4 dang4	1	老師會給學生適當的幫助。	老师会给学生适当的帮助。	適當	[[6, 8]]		
當|当|dang4~2	1	恰當	恰当	qia4 dang4	恰當|恰当|qia4 dang4	1	在會議上這樣說話不太恰當。	在会议上这样说话不太恰当。	恰當	[[10, 12]]		
當|当|dang4~2	2	得當	得当	de2 dang4	得當|得当|de2 dang4	1	這次活動安排得當，沒有出問題。	这次活动安排得当，没有出问题。	得當	[[6, 8]]		
當|当|dang4~3	0	當天	当天	dang4 tian1	當天|当天|dang4 tian1	1	比賽當天，他很早就到了現場。	比赛当天，他很早就到了现场。	當天	[[2, 4]]		
當|当|dang4~3	1	當年	当年	dang4 nian2	當年|当年|dang4 nian2	1	他一月開始寫書，當年就寫完了。	他一月开始写书，当年就写完了。	當年	[[8, 10]]		
病|病|bing4~3	0	毛病	毛病	mao2 bing4	毛病|毛病|mao2 bing4	1	這臺機器最近老出毛病。	这台机器最近老出毛病。	毛病	[[8, 10]]		
病|病|bing4~3	1	語病	语病	yu3 bing4	語病|语病|yu3 bing4	1	你這句話有語病。	你这句话有语病。	語病	[[5, 7]]		
病|病|bing4~3	2	通病	通病	tong1 bing4	通病|通病|tong1 bing4	1	粗心是很多學生的通病。	粗心是很多学生的通病。	通病	[[8, 10]]		
百|百|bai3~2	0	百貨公司	百货公司	bai3 huo4 gong1 si1	百貨公司|百货公司|bai3 huo4 gong1 si1	1	我們去百貨公司買衣服。	我们去百货公司买衣服。	百貨公司	[[3, 7]]		
百|百|bai3~2	1	百般	百般	bai3 ban1	百般|百般|bai3 ban1	1	他百般解釋，還是沒人相信。	他百般解释，还是没人相信。	百般	[[1, 3]]		
的|的|di1~1	0	打的	打的	da3 di1	打的|打的|da3 di1	1	時間不多了，我們打的去機場吧。	时间不多了，我们打的去机场吧。	打的	[[8, 10]]		
的|的|di1~1	1	的哥	的哥	di1 ge1	的哥|的哥|di1 ge1	1	這位的哥每天要工作十個小時。	这位的哥每天要工作十个小时。	的哥	[[2, 4]]		
的|的|di1~1	2	摩的	摩的	mo2 di1	摩的|摩的|mo2 di1	1	他在車站門口坐上了一輛摩的。	他在车站门口坐上了一辆摩的。	摩的	[[11, 13]]		
的|的|di2~1	0	的確	的确	di2 que4	的確|的确|di2 que4	1	這個辦法的確很有用。	这个办法的确很有用。	的確	[[4, 6]]		
的|的|di4~1	0	目的	目的	mu4 di4	目的|目的|mu4 di4	1	他這麼做的目的是什麼？	他这么做的目的是什么？	目的	[[5, 7]]		
的|的|di4~1	1	目的地	目的地	mu4 di4 di4	目的地|目的地|mu4 di4 di4	1	我們終於到達了目的地。	我们终于到达了目的地。	目的地	[[7, 10]]		
的|的|di4~1	2	眾矢之的	众矢之的	zhong4 shi3 zhi1 di4	眾矢之的|众矢之的|zhong4 shi3 zhi1 di4	1	他因為這件事成了眾矢之的。	他因为这件事成了众矢之的。	眾矢之的	[[8, 12]]		
皮|皮|pi2~6	0	皮秒	皮秒	pi2 miao3	皮秒|皮秒|pi2 miao3	1	光走過這段路只要幾皮秒。	光走过这段路只要几皮秒。	皮秒	[[9, 11]]		
盤|盘|pan2~2	0	硬盤	硬盘	ying4 pan2	硬盤|硬盘|ying4 pan2	1	這臺電腦的硬盤壞了。	这台电脑的硬盘坏了。	硬盤	[[5, 7]]		
盤|盘|pan2~2	1	光盤	光盘	guang1 pan2	光盤|光盘|guang1 pan2	1	這部電影我存在光盤上了。	这部电影我存在光盘上了。	光盤	[[7, 9]]		
盤|盘|pan2~7	0	盤問	盘问	pan2 wen4	盤問|盘问|pan2 wen4	1	警察盤問了他很久。	警察盘问了他很久。	盤問	[[2, 4]]		
盤|盘|pan2~7	1	盤點	盘点	pan2 dian3	盤點|盘点|pan2 dian3	1	商店每個月都要盤點一次。	商店每个月都要盘点一次。	盤點	[[7, 9]]		
盤|盘|pan2~8	0	開盤	开盘	kai1 pan2	開盤|开盘|kai1 pan2	1	今天股市一開盤就往上走。	今天股市一开盘就往上走。	開盤	[[5, 7]]		
盤|盘|pan2~8	1	收盤	收盘	shou1 pan2	收盤|收盘|shou1 pan2	1	收盤時價格比早上低了不少。	收盘时价格比早上低了不少。	收盤	[[0, 2]]		
直|直|zhi2~4	0	正直	正直	zheng4 zhi2	正直|正直|zheng4 zhi2	1	他是個正直的人，大家都相信他。	他是个正直的人，大家都相信他。	正直	[[3, 5]]		
直|直|zhi2~4	1	理直氣壯	理直气壮	li3 zhi2 qi4 zhuang4	理直氣壯|理直气壮|li3 zhi2 qi4 zhuang4	1	她理直氣壯地說出了自己的看法。	她理直气壮地说出了自己的看法。	理直氣壯	[[1, 5]]		
直|直|zhi2~4	2	是非曲直	是非曲直	shi4 fei1 qu1 zhi2	是非曲直|是非曲直|shi4 fei1 qu1 zhi2	1	這件事的是非曲直，法官會查清楚。	这件事的是非曲直，法官会查清楚。	是非曲直	[[4, 8]]		
相|相|xiang1~1	0	互相	互相	hu4 xiang1	互相|互相|hu4 xiang1	1	同學之間要互相幫助。	同学之间要互相帮助。	互相	[[5, 7]]		
相|相|xiang1~1	1	相同	相同	xiang1 tong2	相同|相同|xiang1 tong2	1	我們兩個的想法完全相同。	我们两个的想法完全相同。	相同	[[9, 11]]		
相|相|xiang1~1	2	相處	相处	xiang1 chu3	相處|相处|xiang1 chu3	1	他跟同事相處得不錯。	他跟同事相处得不错。	相處	[[4, 6]]		
相|相|xiang4~1	0	照相	照相	zhao4 xiang4	照相|照相|zhao4 xiang4	1	我們在門口照相吧。	我们在门口照相吧。	照相	[[5, 7]]		
相|相|xiang4~1	1	相片	相片	xiang4 pian4	相片|相片|xiang4 pian4	1	牆上掛著幾張老相片。	墙上挂着几张老相片。	相片	[[7, 9]]		
相|相|xiang4~1	2	相機	相机	xiang4 ji1	相機|相机|xiang4 ji1	1	他買了一臺新相機。	他买了一台新相机。	相機	[[6, 8]]		
相|相|xiang4~2	0	長相	长相	zhang3 xiang4	長相|长相|zhang3 xiang4	1	他們兩個的長相差不多。	他们两个的长相差不多。	長相	[[5, 7]]		
相|相|xiang4~2	1	相貌	相貌	xiang4 mao4	相貌|相貌|xiang4 mao4	1	從相貌看，他們像是兄弟。	从相貌看，他们像是兄弟。	相貌	[[1, 3]]		
相|相|xiang4~3	0	首相	首相	shou3 xiang4	首相|首相|shou3 xiang4	1	首相今天發表了談話。	首相今天发表了谈话。	首相	[[0, 2]]		
相|相|xiang4~3	1	宰相	宰相	zai3 xiang4	宰相|宰相|zai3 xiang4	1	古時候宰相的權力很大。	古时候宰相的权力很大。	宰相	[[3, 5]]		
相|相|xiang4~4	0	看相	看相	kan4 xiang4	看相|看相|kan4 xiang4	1	老人家喜歡找人看相。	老人家喜欢找人看相。	看相	[[7, 9]]		
相|相|xiang4~4	1	相面	相面	xiang4 mian4	相面|相面|xiang4 mian4	1	他跟著師父學相面。	他跟着师父学相面。	相面	[[6, 8]]		
省|省|sheng3~4	0	外務省	外务省	wai4 wu4 sheng3	外務省|外务省|wai4 wu4 sheng3	1	這個消息是日本外務省發出的。	这个消息是日本外务省发出的。	外務省	[[7, 10]]		
省|省|sheng3~4	1	文部省	文部省	Wen2 bu4 sheng3	文部省|文部省|Wen2 bu4 sheng3	1	他在日本的文部省工作過。	他在日本的文部省工作过。	文部省	[[5, 8]]		
省|省|xing3~1	0	反省	反省	fan3 xing3	反省|反省|fan3 xing3	1	做錯了事就要好好反省。	做错了事就要好好反省。	反省	[[8, 10]]		
省|省|xing3~1	1	自省	自省	zi4 xing3	自省|自省|zi4 xing3	1	他每天晚上都會自省一下。	他每天晚上都会自省一下。	自省	[[7, 9]]		
省|省|xing3~2	0	省悟	省悟	xing3 wu4	省悟|省悟|xing3 wu4	1	他終於省悟到自己錯了。	他终于省悟到自己错了。	省悟	[[3, 5]]		
省|省|xing3~3	0	省親	省亲	xing3 qin1	省親|省亲|xing3 qin1	1	他請了幾天假回家省親。	他请了几天假回家省亲。	省親	[[8, 10]]		
眼|眼|yan3~3	0	針眼	针眼	zhen1 yan3	針眼|针眼|zhen1 yan3	1	他把線穿進了針眼。	他把线穿进了针眼。	針眼	[[6, 8]]		
眼|眼|yan3~3	1	槍眼	枪眼	qiang1 yan3	槍眼|枪眼|qiang1 yan3	1	牆上留下了幾個槍眼。	墙上留下了几个枪眼。	槍眼	[[7, 9]]		
眼|眼|yan3~4	0	節骨眼	节骨眼	jie1 gu5 yan3	節骨眼|节骨眼|jie1 gu5 yan3	1	就在這個節骨眼上，他來了。	就在这个节骨眼上，他来了。	節骨眼	[[4, 7]]		
知|知|zhi1~1	0	得知	得知	de2 zhi1	得知|得知|de2 zhi1	1	我剛得知這個好消息。	我刚得知这个好消息。	得知	[[2, 4]]		
知|知|zhi1~1	1	知情	知情	zhi1 qing2	知情|知情|zhi1 qing2	1	這件事她完全不知情。	这件事她完全不知情。	知情	[[7, 9]]		
知|知|zhi1~1	2	明知	明知	ming2 zhi1	明知|明知|ming2 zhi1	1	他明知有困難，還是去了。	他明知有困难，还是去了。	明知	[[1, 3]]		
知|知|zhi1~2	0	通知	通知	tong1 zhi1	通知|通知|tong1 zhi1	1	學校通知學生下午開會。	学校通知学生下午开会。	通知	[[2, 4]]		
知|知|zhi1~2	1	告知	告知	gao4 zhi1	告知|告知|gao4 zhi1	1	請把結果告知我們。	请把结果告知我们。	告知	[[4, 6]]		
石|石|shi2~1	0	石頭	石头	shi2 tou5	石頭|石头|shi2 tou5	1	他搬開了路中間的大石頭。	他搬开了路中间的大石头。	石頭	[[9, 11]]		
石|石|shi2~1	1	岩石	岩石	yan2 shi2	岩石|岩石|yan2 shi2	1	這座山的岩石顏色很深。	这座山的岩石颜色很深。	岩石	[[4, 6]]		
石|石|shi2~1	2	化石	化石	hua4 shi2	化石|化石|hua4 shi2	1	他們在山裡找到了一塊化石。	他们在山里找到了一块化石。	化石	[[10, 12]]		
石|石|shi2~2	0	金石	金石	jin1 shi2	金石|金石|jin1 shi2	1	他花了很多年研究古代金石。	他花了很多年研究古代金石。	金石	[[10, 12]]		
破|破|po4~4	0	破例	破例	po4 li4	破例|破例|po4 li4	1	今天他破例讓孩子晚一點睡。	今天他破例让孩子晚一点睡。	破例	[[3, 5]]		
破|破|po4~4	1	破除	破除	po4 chu2	破除|破除|po4 chu2	1	我們要破除這種舊想法。	我们要破除这种旧想法。	破除	[[3, 5]]		
破|破|po4~6	0	攻破	攻破	gong1 po4	攻破|攻破|gong1 po4	1	軍隊當天就攻破了那座城。	军队当天就攻破了那座城。	攻破	[[5, 7]]		
碼|码|ma3~1	0	號碼	号码	hao4 ma3	號碼|号码|hao4 ma3	1	請把你的電話號碼留給我。	请把你的电话号码留给我。	號碼	[[6, 8]]		
碼|码|ma3~1	1	頁碼	页码	ye4 ma3	頁碼|页码|ye4 ma3	1	這本書每一頁都印有頁碼。	这本书每一页都印有页码。	頁碼	[[9, 11]]		
碼|码|ma3~2	0	密碼	密码	mi4 ma3	密碼|密码|mi4 ma3	1	我忘記了電腦的密碼。	我忘记了电脑的密码。	密碼	[[7, 9]]		
碼|码|ma3~2	1	代碼	代码	dai4 ma3	代碼|代码|dai4 ma3	1	這段代碼還有一個錯誤。	这段代码还有一个错误。	代碼	[[2, 4]]		
碼|码|ma3~9	0	砝碼	砝码	fa3 ma3	砝碼|砝码|fa3 ma3	1	他在天平上放了一個砝碼。	他在天平上放了一个砝码。	砝碼	[[9, 11]]		
社|社|she4~1	0	報社	报社	bao4 she4	報社|报社|bao4 she4	1	他在報社工作了三十年。	他在报社工作了三十年。	報社	[[2, 4]]		
社|社|she4~1	1	出版社	出版社	chu1 ban3 she4	出版社|出版社|chu1 ban3 she4	1	出版社決定明年出這本書。	出版社决定明年出这本书。	出版社	[[0, 3]]		
社|社|she4~1	2	旅行社	旅行社	lu:3 xing2 she4	旅行社|旅行社|lu:3 xing2 she4	1	我們請旅行社安排這次行程。	我们请旅行社安排这次行程。	旅行社	[[3, 6]]		
神|神|shen2~2	0	走神	走神	zou3 shen2	走神|走神|zou3 shen2	1	上課的時候他常常走神。	上课的时候他常常走神。	走神	[[8, 10]]		
神|神|shen2~2	1	留神	留神	liu2 shen2	留神|留神|liu2 shen2	1	過馬路要留神來往的車。	过马路要留神来往的车。	留神	[[4, 6]]		
神|神|shen2~2	2	費神	费神	fei4 shen2	費神|费神|fei4 shen2	1	這件事不用太費神。	这件事不用太费神。	費神	[[6, 8]]		
神|神|shen2~3	0	神奇	神奇	shen2 qi2	神奇|神奇|shen2 qi2	1	這種藥的效果十分神奇。	这种药的效果十分神奇。	神奇	[[8, 10]]		
神|神|shen2~3	1	神秘	神秘	shen2 mi4	神秘|神秘|shen2 mi4	1	他笑得很神秘，什麼也不說。	他笑得很神秘，什么也不说。	神秘	[[4, 6]]		
神|神|shen2~4	0	眼神	眼神	yan3 shen2	眼神|眼神|yan3 shen2	1	他看了我一眼，眼神很冷。	他看了我一眼，眼神很冷。	眼神	[[7, 9]]		
神|神|shen2~4	1	神情	神情	shen2 qing2	神情|神情|shen2 qing2	1	她的神情突然變了。	她的神情突然变了。	神情	[[2, 4]]		
票|票|piao4~3	0	鈔票	钞票	chao1 piao4	鈔票|钞票|chao1 piao4	1	他手裡拿著一張百元鈔票。	他手里拿着一张百元钞票。	鈔票	[[9, 11]]		
票|票|piao4~3	1	票子	票子	piao4 zi5	票子|票子|piao4 zi5	1	錢包裡只剩下幾張票子。	钱包里只剩下几张票子。	票子	[[8, 10]]		
票|票|piao4~4	0	綁票	绑票	bang3 piao4	綁票|绑票|bang3 piao4	1	他們綁票以後打電話來要錢。	他们绑票以后打电话来要钱。	綁票	[[2, 4]]		
票|票|piao4~4	1	撕票	撕票	si1 piao4	撕票|撕票|si1 piao4	1	警方擔心對方撕票，行動十分小心。	警方担心对方撕票，行动十分小心。	撕票	[[6, 8]]		
票|票|piao4~5	0	票友	票友	piao4 you3	票友|票友|piao4 you3	1	這場戲請了幾位票友來演。	这场戏请了几位票友来演。	票友	[[7, 9]]		
禮|礼|li3~2	0	婚禮	婚礼	hun1 li3	婚禮|婚礼|hun1 li3	1	他們的婚禮辦得十分熱鬧。	他们的婚礼办得十分热闹。	婚禮	[[3, 5]]		
禮|礼|li3~2	1	典禮	典礼	dian3 li3	典禮|典礼|dian3 li3	1	畢業典禮明天上午舉行。	毕业典礼明天上午举行。	典禮	[[2, 4]]		
禮|礼|li3~2	2	葬禮	葬礼	zang4 li3	葬禮|葬礼|zang4 li3	1	很多朋友來參加了老人的葬禮。	很多朋友来参加了老人的葬礼。	葬禮	[[11, 13]]		
禮|礼|li3~3	0	禮貌	礼貌	li3 mao4	禮貌|礼貌|li3 mao4	1	這孩子見人就問好，很有禮貌。	这孩子见人就问好，很有礼貌。	禮貌	[[11, 13]]		
禮|礼|li3~3	1	禮節	礼节	li3 jie2	禮節|礼节|li3 jie2	1	拜訪長輩要注意基本的禮節。	拜访长辈要注意基本的礼节。	禮節	[[10, 12]]		
秀|秀|xiu4~1	0	優秀	优秀	you1 xiu4	優秀|优秀|you1 xiu4	1	他是班上最優秀的學生。	他是班上最优秀的学生。	優秀	[[5, 7]]		
秀|秀|xiu4~1	1	新秀	新秀	xin1 xiu4	新秀|新秀|xin1 xiu4	1	這位新秀今年進步很快。	这位新秀今年进步很快。	新秀	[[2, 4]]		
秀|秀|xiu4~2	0	清秀	清秀	qing1 xiu4	清秀|清秀|qing1 xiu4	1	她的女兒長得十分清秀。	她的女儿长得十分清秀。	清秀	[[8, 10]]		
秀|秀|xiu4~2	1	秀麗	秀丽	xiu4 li4	秀麗|秀丽|xiu4 li4	1	這裡的山水非常秀麗。	这里的山水非常秀丽。	秀麗	[[7, 9]]		
科|科|ke1~4	0	作姦犯科	作奸犯科	zuo4 jian1 fan4 ke1	作姦犯科|作奸犯科|zuo4 jian1 fan4 ke1	1	他一向守法，從不作姦犯科。	他一向守法，从不作奸犯科。	作姦犯科	[[8, 12]]		
科|科|ke1~4	1	金科玉律	金科玉律	jin1 ke1 yu4 lu:4	金科玉律|金科玉律|jin1 ke1 yu4 lu:4	1	這句話被大家當成金科玉律。	这句话被大家当成金科玉律。	金科玉律	[[8, 12]]		
移|移|yi2~2	0	堅定不移	坚定不移	jian1 ding4 bu4 yi2	堅定不移|坚定不移|jian1 ding4 bu4 yi2	1	他堅定不移地支持這個計劃。	他坚定不移地支持这个计划。	堅定不移	[[1, 5]]		
移|移|yi2~2	1	移風易俗	移风易俗	yi2 feng1 yi4 su2	移風易俗|移风易俗|yi2 feng1 yi4 su2	1	政府希望用教育移風易俗。	政府希望用教育移风易俗。	移風易俗	[[7, 11]]		
種|种|zhong3~1	0	種類	种类	zhong3 lei4	種類|种类|zhong3 lei4	1	公園裡花的種類非常多。	公园里花的种类非常多。	種類	[[5, 7]]		
種|种|zhong3~1	1	品種	品种	pin3 zhong3	品種|品种|pin3 zhong3	1	這隻貓是很少見的品種。	这只猫是很少见的品种。	品種	[[8, 10]]		
種|种|zhong3~1	2	物種	物种	wu4 zhong3	物種|物种|wu4 zhong3	1	海裡有很多人類還不認識的物種。	海里有很多人类还不认识的物种。	物種	[[12, 14]]		
種|种|zhong3~2	0	種子	种子	zhong3 zi5	種子|种子|zhong3 zi5	1	他在土裡放了幾顆種子。	他在土里放了几颗种子。	種子	[[8, 10]]		
種|种|zhong3~2	1	播種	播种	bo1 zhong3	播種|播种|bo1 zhong3	1	春天到了，田裡開始播種了。	春天到了，田里开始播种了。	播種	[[9, 11]]		
稱|称|chen4~1	0	稱職	称职	chen4 zhi2	稱職|称职|chen4 zhi2	1	他工作認真，是個稱職的老師。	他工作认真，是个称职的老师。	稱職	[[8, 10]]		
稱|称|chen4~1	1	相稱	相称	xiang1 chen4	相稱|相称|xiang1 chen4	1	這兩種顏色放在一起很相稱。	这两种颜色放在一起很相称。	相稱	[[10, 12]]		
稱|称|chen4~1	2	稱心	称心	chen4 xin1	稱心|称心|chen4 xin1	1	他終於買到了一件稱心的衣服。	他终于买到了一件称心的衣服。	稱心	[[8, 10]]		
稱|称|cheng1~3	0	名稱	名称	ming2 cheng1	名稱|名称|ming2 cheng1	1	這種花的名稱很少有人知道。	这种花的名称很少有人知道。	名稱	[[4, 6]]		
稱|称|cheng1~3	1	簡稱	简称	jian3 cheng1	簡稱|简称|jian3 cheng1	1	這個名字太長，一般用簡稱。	这个名字太长，一般用简称。	簡稱	[[10, 12]]		
稱|称|cheng1~3	2	職稱	职称	zhi2 cheng1	職稱|职称|zhi2 cheng1	1	他去年拿到了教授職稱。	他去年拿到了教授职称。	職稱	[[8, 10]]		
稱|称|cheng1~4	0	稱讚	称赞	cheng1 zan4	稱讚|称赞|cheng1 zan4	1	老師稱讚他這次進步很大。	老师称赞他这次进步很大。	稱讚	[[2, 4]]		
稱|称|cheng1~4	1	稱道	称道	cheng1 dao4	稱道|称道|cheng1 dao4	1	這家店的服務很受人稱道。	这家店的服务很受人称道。	稱道	[[9, 11]]		
空|空|kong1~2	0	天空	天空	tian1 kong1	天空|天空|tian1 kong1	1	夜裡的天空有很多星星。	夜里的天空有很多星星。	天空	[[3, 5]]		
空|空|kong1~2	1	空中	空中	kong1 zhong1	空中|空中|kong1 zhong1	1	一隻鳥在空中飛來飛去。	一只鸟在空中飞来飞去。	空中	[[4, 6]]		
空|空|kong1~2	2	航空	航空	hang2 kong1	航空|航空|hang2 kong1	1	他在一家航空公司工作。	他在一家航空公司工作。	航空	[[4, 6]]		
空間|空间|kong1 jian1~3	0	空間站	空间站	kong1 jian1 zhan4	空間站|空间站|kong1 jian1 zhan4	1	太空人在空間站上住了半年。	太空人在空间站上住了半年。	空間站	[[4, 7]]		
空間|空间|kong1 jian1~3	1	外層空間	外层空间	wai4 ceng2 kong1 jian1	外層空間|外层空间|wai4 ceng2 kong1 jian1	1	這個信號可能來自外層空間。	这个信号可能来自外层空间。	外層空間	[[8, 12]]		
穿|穿|chuan1~5	0	看穿	看穿	kan4 chuan1	看穿|看穿|kan4 chuan1	1	他一眼就看穿了對方的想法。	他一眼就看穿了对方的想法。	看穿	[[4, 6]]		
穿|穿|chuan1~5	1	拆穿	拆穿	chai1 chuan1	拆穿|拆穿|chai1 chuan1	1	他說的話當場就被拆穿了。	他说的话当场就被拆穿了。	拆穿	[[8, 10]]		
穿|穿|chuan1~5	2	揭穿	揭穿	jie1 chuan1	揭穿|揭穿|jie1 chuan1	1	記者揭穿了那件事的真相。	记者揭穿了那件事的真相。	揭穿	[[2, 4]]		
立|立|li4~3	0	立刻	立刻	li4 ke4	立刻|立刻|li4 ke4	1	他一聽見消息就立刻跑了出去。	他一听见消息就立刻跑了出去。	立刻	[[7, 9]]		
立|立|li4~3	1	立即	立即	li4 ji2	立即|立即|li4 ji2	1	收到通知後他立即出發了。	收到通知后他立即出发了。	立即	[[6, 8]]		
站|站|zhan4~3	0	加油站	加油站	jia1 you2 zhan4	加油站|加油站|jia1 you2 zhan4	1	車子快沒油了，去加油站吧。	车子快没油了，去加油站吧。	加油站	[[8, 11]]		
站|站|zhan4~3	1	氣象站	气象站	qi4 xiang4 zhan4	氣象站|气象站|qi4 xiang4 zhan4	1	山上有一個氣象站。	山上有一个气象站。	氣象站	[[5, 8]]		
站|站|zhan4~4	0	網站	网站	wang3 zhan4	網站|网站|wang3 zhan4	1	這個網站每天更新新聞。	这个网站每天更新新闻。	網站	[[2, 4]]		
章|章|zhang1~3	0	章程	章程	zhang1 cheng2	章程|章程|zhang1 cheng2	1	公司的章程寫得很清楚。	公司的章程写得很清楚。	章程	[[3, 5]]		
章|章|zhang1~3	1	規章	规章	gui1 zhang1	規章|规章|gui1 zhang1	1	這些規章大家都要記住。	这些规章大家都要记住。	規章	[[2, 4]]		
章|章|zhang1~4	0	獎章	奖章	jiang3 zhang1	獎章|奖章|jiang3 zhang1	1	這次比賽他拿到了獎章。	这次比赛他拿到了奖章。	獎章	[[8, 10]]		
章|章|zhang1~4	1	徽章	徽章	hui1 zhang1	徽章|徽章|hui1 zhang1	1	他的衣服上有一個學校徽章。	他的衣服上有一个学校徽章。	徽章	[[10, 12]]		
端|端|duan1~2	0	頂端	顶端	ding3 duan1	頂端|顶端|ding3 duan1	1	山的頂端有一座塔。	山的顶端有一座塔。	頂端	[[2, 4]]		
端|端|duan1~2	1	末端	末端	mo4 duan1	末端|末端|mo4 duan1	1	這條線的末端打了個結。	这条线的末端打了个结。	末端	[[4, 6]]		
端|端|duan1~3	0	端正	端正	duan1 zheng4	端正|端正|duan1 zheng4	1	他寫的字很端正。	他写的字很端正。	端正	[[5, 7]]		
端|端|duan1~3	1	端莊	端庄	duan1 zhuang1	端莊|端庄|duan1 zhuang1	1	她看起來十分端莊。	她看起来十分端庄。	端莊	[[6, 8]]		
端|端|duan1~4	0	弊端	弊端	bi4 duan1	弊端|弊端|bi4 duan1	1	這種做法有不少弊端。	这种做法有不少弊端。	弊端	[[7, 9]]		
端|端|duan1~4	1	事端	事端	shi4 duan1	事端|事端|shi4 duan1	1	他們不想再引起事端。	他们不想再引起事端。	事端	[[7, 9]]		
第|第|di4~2	0	及第	及第	ji2 di4	及第|及第|ji2 di4	1	他考了很多年，最後終於及第。	他考了很多年，最后终于及第。	及第	[[11, 13]]		
第|第|di4~2	1	落第	落第	luo4 di4	落第|落第|luo4 di4	1	他落第以後，回家繼續讀書。	他落第以后，回家继续读书。	落第	[[1, 3]]		
第|第|di4~3	0	府第	府第	fu3 di4	府第|府第|fu3 di4	1	從前這裡是一位大官的府第。	从前这里是一位大官的府第。	府第	[[10, 12]]		
第|第|di4~3	1	宅第	宅第	zhai2 di4	宅第|宅第|zhai2 di4	1	那座宅第已經有兩百年歷史。	那座宅第已经有两百年历史。	宅第	[[2, 4]]		
筆|笔|bi3~4	0	文筆	文笔	wen2 bi3	文筆|文笔|wen2 bi3	1	這篇文章的文筆很好。	这篇文章的文笔很好。	文筆	[[5, 7]]		
筆|笔|bi3~4	1	筆法	笔法	bi3 fa3	筆法|笔法|bi3 fa3	1	老師教我們古人的筆法。	老师教我们古人的笔法。	筆法	[[8, 10]]		
筆|笔|bi3~4	2	筆調	笔调	bi3 diao4	筆調|笔调|bi3 diao4	1	他用輕鬆的筆調寫這件事。	他用轻松的笔调写这件事。	筆調	[[5, 7]]		
筆|笔|bi3~5	0	代筆	代笔	dai4 bi3	代筆|代笔|dai4 bi3	1	這封信是請人代筆的。	这封信是请人代笔的。	代筆	[[6, 8]]		
筆|笔|bi3~5	1	親筆	亲笔	qin1 bi3	親筆|亲笔|qin1 bi3	1	信上有他的親筆簽名。	信上有他的亲笔签名。	親筆	[[5, 7]]		
筆|笔|bi3~5	2	筆錄	笔录	bi3 lu4	筆錄|笔录|bi3 lu4	1	警察把他說的話做了筆錄。	警察把他说的话做了笔录。	筆錄	[[9, 11]]		
等|等|deng3~4	0	等級	等级	deng3 ji2	等級|等级|deng3 ji2	1	這個遊戲的武器分成不同的等級。	这个游戏的武器分成不同的等级。	等級	[[12, 14]]		
等|等|deng3~4	1	中等	中等	zhong1 deng3	中等|中等|zhong1 deng3	1	他的成績在班上屬於中等。	他的成绩在班上属于中等。	中等	[[9, 11]]		
等|等|deng3~4	2	頭等	头等	tou2 deng3	頭等|头等|tou2 deng3	1	對公司來說，安全是頭等大事。	对公司来说，安全是头等大事。	頭等	[[9, 11]]		
等|等|deng3~5	0	等於	等于	deng3 yu2	等於|等于|deng3 yu2	1	三個小時等於一百八十分鐘。	三个小时等于一百八十分钟。	等於	[[4, 6]]		
等|等|deng3~5	1	相等	相等	xiang1 deng3	相等|相等|xiang1 deng3	1	這兩條線的長度相等。	这两条线的长度相等。	相等	[[7, 9]]		
等|等|deng3~5	2	平等	平等	ping2 deng3	平等|平等|ping2 deng3	1	人人都應該受到平等的對待。	人人都应该受到平等的对待。	平等	[[7, 9]]		
等|等|deng3~6	0	我等	我等	wo3 deng3	我等|我等|wo3 deng3	1	我等三人明天一起前往。	我等三人明天一起前往。	我等	[[0, 2]]		
等|等|deng3~6	1	爾等	尔等	er3 deng3	爾等|尔等|er3 deng3	1	爾等的心意，我都明白。	尔等的心意，我都明白。	爾等	[[0, 2]]		
管|管|guan3~3	0	水管	水管	shui3 guan3	水管|水管|shui3 guan3	1	天氣太冷，水管裡的水結冰了。	天气太冷，水管里的水结冰了。	水管	[[5, 7]]		
管|管|guan3~3	1	血管	血管	xue4 guan3	血管|血管|xue4 guan3	1	醫生找不到他的血管。	医生找不到他的血管。	血管	[[7, 9]]		
管|管|guan3~3	2	管子	管子	guan3 zi5	管子|管子|guan3 zi5	1	他用一根管子把水引出來。	他用一根管子把水引出来。	管子	[[4, 6]]		
管|管|guan3~3	3	管樂器	管乐器	guan3 yue4 qi4	管樂器|管乐器|guan3 yue4 qi4	1	他會吹好幾種管樂器。	他会吹好几种管乐器。	管樂器	[[6, 9]]		
節|节|jie2~1	0	節日	节日	jie2 ri4	節日|节日|jie2 ri4	1	春天有好幾個重要的節日。	春天有好几个重要的节日。	節日	[[9, 11]]		
節|节|jie2~1	1	春節	春节	Chun1 jie2	春節|春节|Chun1 jie2	1	春節前大家都忙著買東西。	春节前大家都忙着买东西。	春節	[[0, 2]]		
節|节|jie2~1	2	節氣	节气	jie2 qi5	節氣|节气|jie2 qi5	1	這個節氣過後天氣就熱了。	这个节气过后天气就热了。	節氣	[[2, 4]]		
節|节|jie2~2	0	章節	章节	zhang1 jie2	章節|章节|zhang1 jie2	1	他把文章分成了五個章節。	他把文章分成了五个章节。	章節	[[9, 11]]		
節|节|jie2~2	1	音節	音节	yin1 jie2	音節|音节|yin1 jie2	1	這個詞由三個音節組成。	这个词由三个音节组成。	音節	[[6, 8]]		
節|节|jie2~2	2	細節	细节	xi4 jie2	細節|细节|xi4 jie2	1	這件事的細節還沒有確定。	这件事的细节还没有确定。	細節	[[4, 6]]		
節|节|jie2~4	0	節約	节约	jie2 yue1	節約|节约|jie2 yue1	1	大家要節約用水。	大家要节约用水。	節約	[[3, 5]]		
節|节|jie2~4	1	節省	节省	jie2 sheng3	節省|节省|jie2 sheng3	1	這樣做可以節省不少時間。	这样做可以节省不少时间。	節省	[[5, 7]]		
節|节|jie2~6	0	氣節	气节	qi4 jie2	氣節|气节|qi4 jie2	1	他是個很有氣節的人。	他是个很有气节的人。	氣節	[[5, 7]]		
節|节|jie2~6	1	節操	节操	jie2 cao1	節操|节操|jie2 cao1	1	為了錢出賣朋友，真是沒有節操。	为了钱出卖朋友，真是没有节操。	節操	[[12, 14]]		
篇|篇|pian1~2	0	篇章	篇章	pian1 zhang1	篇章|篇章|pian1 zhang1	1	這本書的篇章安排得很好。	这本书的篇章安排得很好。	篇章	[[4, 6]]		
篇|篇|pian1~2	1	長篇小說	长篇小说	chang2 pian1 xiao3 shuo1	長篇小說|长篇小说|chang2 pian1 xiao3 shuo1	1	她花了三年才寫完這部長篇小說。	她花了三年才写完这部长篇小说。	長篇小說	[[10, 14]]		
系|系|xi4~2	0	太陽系	太阳系	tai4 yang2 xi4	太陽系|太阳系|tai4 yang2 xi4	1	地球是太陽系裡的一顆行星。	地球是太阳系里的一颗行星。	太陽系	[[3, 6]]		
系|系|xi4~2	1	語系	语系	yu3 xi4	語系|语系|yu3 xi4	1	這幾種語言屬於同一個語系。	这几种语言属于同一个语系。	語系	[[10, 12]]		
系|系|xi4~2	2	體系	体系	ti3 xi4	體系|体系|ti3 xi4	1	這套管理體系已經用了很多年。	这套管理体系已经用了很多年。	體系	[[4, 6]]		
約|约|yue1~3	0	條約	条约	tiao2 yue1	條約|条约|tiao2 yue1	1	兩國簽下了和平條約。	两国签下了和平条约。	條約	[[7, 9]]		
約|约|yue1~3	1	合約	合约	he2 yue1	合約|合约|he2 yue1	1	這份合約下個月到期。	这份合约下个月到期。	合約	[[2, 4]]		
約|约|yue1~3	2	契約	契约	qi4 yue1	契約|契约|qi4 yue1	1	他們在契約上寫明了條件。	他们在契约上写明了条件。	契約	[[3, 5]]		
約|约|yue1~4	0	約束	约束	yue1 shu4	約束|约束|yue1 shu4	1	學校對學生有一些約束。	学校对学生有一些约束。	約束	[[8, 10]]		
約|约|yue1~4	1	制約	制约	zhi4 yue1	制約|制约|zhi4 yue1	1	這件事受到條件的制約。	这件事受到条件的制约。	制約	[[8, 10]]		
約|约|yue1~5	0	節約	节约	jie2 yue1	節約|节约|jie2 yue1	1	我們應該節約用水。	我们应该节约用水。	節約	[[4, 6]]		
約|约|yue1~6	0	簡約	简约	jian3 yue1	簡約|简约|jian3 yue1	1	這家店的設計很簡約。	这家店的设计很简约。	簡約	[[7, 9]]		
約|约|yue1~7	0	約分	约分	yue1 fen1	約分|约分|yue1 fen1	1	這個分數還可以約分。	这个分数还可以约分。	約分	[[7, 9]]		
紅|红|hong2~3	0	紅利	红利	hong2 li4	紅利|红利|hong2 li4	1	今年公司發了不少紅利。	今年公司发了不少红利。	紅利	[[8, 10]]		
紅|红|hong2~3	1	分紅	分红	fen1 hong2	分紅|分红|fen1 hong2	1	員工每年都能分紅。	员工每年都能分红。	分紅	[[6, 8]]		
紅|红|hong2~4	0	紅軍	红军	Hong2 jun1	紅軍|红军|Hong2 jun1	1	這首歌唱的是當年的紅軍。	这首歌唱的是当年的红军。	紅軍	[[9, 11]]		
紅|红|hong2~4	1	紅衛兵	红卫兵	Hong2 wei4 bing1	紅衛兵|红卫兵|Hong2 wei4 bing1	1	那個時代的紅衛兵很多是學生。	那个时代的红卫兵很多是学生。	紅衛兵	[[5, 8]]		
納|纳|na4~1	0	接納	接纳	jie1 na4	接納|接纳|jie1 na4	1	大家很快就接納了這位新同學。	大家很快就接纳了这位新同学。	接納	[[5, 7]]		
納|纳|na4~1	1	採納	采纳	cai3 na4	採納|采纳|cai3 na4	1	公司採納了他的建議。	公司采纳了他的建议。	採納	[[2, 4]]		
納|纳|na4~1	2	容納	容纳	rong2 na4	容納|容纳|rong2 na4	1	這個教室能容納五十人。	这个教室能容纳五十人。	容納	[[5, 7]]		
納|纳|na4~2	0	納稅	纳税	na4 shui4	納稅|纳税|na4 shui4	1	每個人都應該按時納稅。	每个人都应该按时纳税。	納稅	[[8, 10]]		
納|纳|na4~2	1	繳納	缴纳	jiao3 na4	繳納|缴纳|jiao3 na4	1	他昨天繳納了這個月的房租。	他昨天缴纳了这个月的房租。	繳納	[[3, 5]]		
納|纳|na4~3	0	納米	纳米	na4 mi3	納米|纳米|na4 mi3	1	這種材料只有幾納米厚。	这种材料只有几纳米厚。	納米	[[7, 9]]		
納|纳|na4~3	1	納米技術	纳米技术	na4 mi3 ji4 shu4	納米技術|纳米技术|na4 mi3 ji4 shu4	1	納米技術用在很多產品上。	纳米技术用在很多产品上。	納米技術	[[0, 4]]		
級|级|ji2~1	0	年級	年级	nian2 ji2	年級|年级|nian2 ji2	1	我妹妹今年上三年級。	我妹妹今年上三年级。	年級	[[7, 9]]		
級|级|ji2~1	1	高級	高级	gao1 ji2	高級|高级|gao1 ji2	1	他們住在一家高級酒店裡。	他们住在一家高级酒店里。	高級	[[6, 8]]		
級|级|ji2~1	2	升級	升级	sheng1 ji2	升級|升级|sheng1 ji2	1	他的電腦需要升級。	他的电脑需要升级。	升級	[[6, 8]]		
素|素|su4~3	0	因素	因素	yin1 su4	因素|因素|yin1 su4	1	天氣是影響比賽的重要因素。	天气是影响比赛的重要因素。	因素	[[10, 12]]		
素|素|su4~3	1	元素	元素	yuan2 su4	元素|元素|yuan2 su4	1	水由兩種元素構成。	水由两种元素构成。	元素	[[4, 6]]		
素|素|su4~4	0	素來	素来	su4 lai2	素來|素来|su4 lai2	1	他素來不喜歡熱鬧的場合。	他素来不喜欢热闹的场合。	素來	[[1, 3]]		
素|素|su4~4	1	素不相識	素不相识	su4 bu4 xiang1 shi2	素不相識|素不相识|su4 bu4 xiang1 shi2	1	我們素不相識，他卻幫了我。	我们素不相识，他却帮了我。	素不相識	[[2, 6]]		
索|索|suo3~1	0	搜索	搜索	sou1 suo3	搜索|搜索|sou1 suo3	1	警方在山裡搜索了一整天。	警方在山里搜索了一整天。	搜索	[[5, 7]]		
索|索|suo3~1	1	探索	探索	tan4 suo3	探索|探索|tan4 suo3	1	人類一直在探索太空。	人类一直在探索太空。	探索	[[5, 7]]		
索|索|suo3~1	2	思索	思索	si1 suo3	思索|思索|si1 suo3	1	這個問題值得好好思索。	这个问题值得好好思索。	思索	[[8, 10]]		
索|索|suo3~2	0	索取	索取	suo3 qu3	索取|索取|suo3 qu3	1	他向公司索取了一份資料。	他向公司索取了一份资料。	索取	[[4, 6]]		
索|索|suo3~2	1	勒索	勒索	le4 suo3	勒索|勒索|le4 suo3	1	那個人勒索了不少錢。	那个人勒索了不少钱。	勒索	[[3, 5]]		
索|索|suo3~3	0	繩索	绳索	sheng2 suo3	繩索|绳索|sheng2 suo3	1	他用繩索把箱子拉上來。	他用绳索把箱子拉上来。	繩索	[[2, 4]]		
索|索|suo3~3	1	索道	索道	suo3 dao4	索道|索道|suo3 dao4	1	我們坐索道上山。	我们坐索道上山。	索道	[[3, 5]]		
索|索|suo3~4	0	索然無味	索然无味	suo3 ran2 wu2 wei4	索然無味|索然无味|suo3 ran2 wu2 wei4	1	這部電影看起來索然無味。	这部电影看起来索然无味。	索然無味	[[7, 11]]		
索|索|suo3~4	1	蕭索	萧索	xiao1 suo3	蕭索|萧索|xiao1 suo3	1	冬天的公園顯得十分蕭索。	冬天的公园显得十分萧索。	蕭索	[[9, 11]]		
結|结|jie2~3	0	結帳	结帐	jie2 zhang4	結帳|结帐|jie2 zhang4	1	我們吃完飯就去結帳。	我们吃完饭就去结帐。	結帳	[[7, 9]]		
結|结|jie2~3	1	結算	结算	jie2 suan4	結算|结算|jie2 suan4	1	這筆錢月底才能結算。	这笔钱月底才能结算。	結算	[[7, 9]]		
結|结|jie2~4	0	結實	结实	jie1 shi5	結實|结实|jie1 shi5	1	這張桌子做得很結實。	这张桌子做得很结实。	結實	[[7, 9]]		
絕|绝|jue2~1	0	絕望	绝望	jue2 wang4	絕望|绝望|jue2 wang4	1	他失敗後感到十分絕望。	他失败后感到十分绝望。	絕望	[[8, 10]]		
絕|绝|jue2~1	1	絕種	绝种	jue2 zhong3	絕種|绝种|jue2 zhong3	1	這種動物已經絕種了。	这种动物已经绝种了。	絕種	[[6, 8]]		
絕|绝|jue2~1	2	斷絕	断绝	duan4 jue2	斷絕|断绝|duan4 jue2	1	兩家公司斷絕了合作關係。	两家公司断绝了合作关系。	斷絕	[[4, 6]]		
給|给|ji3~1	0	供給	供给	gong1 ji3	供給|供给|gong1 ji3	1	山上的水供給全村的人使用。	山上的水供给全村的人使用。	供給	[[4, 6]]		
給|给|ji3~1	1	補給	补给	bu3 ji3	補給|补给|bu3 ji3	1	部隊的補給還沒有到達。	部队的补给还没有到达。	補給	[[3, 5]]		
給|给|ji3~1	2	自給自足	自给自足	zi4 ji3 zi4 zu2	自給自足|自给自足|zi4 ji3 zi4 zu2	1	他們種菜養雞，生活自給自足。	他们种菜养鸡，生活自给自足。	自給自足	[[9, 13]]		
給|给|ji3~2	0	家給人足	家给人足	jia1 ji3 ren2 zu2	家給人足|家给人足|jia1 ji3 ren2 zu2	1	人人都希望過家給人足的生活。	人人都希望过家给人足的生活。	家給人足	[[6, 10]]		
經|经|jing1~3	0	經得起	经得起	jing1 de5 qi3	經得起|经得起|jing1 de5 qi3	1	這種說法經得起時間的考驗。	这种说法经得起时间的考验。	經得起	[[4, 7]]		
經|经|jing1~3	1	經受	经受	jing1 shou4	經受|经受|jing1 shou4	1	他經受了很多困難才成功。	他经受了很多困难才成功。	經受	[[1, 3]]		
經|经|jing1~4	0	月經	月经	yue4 jing1	月經|月经|yue4 jing1	1	妹妹月經來的時候不太想動。	妹妹月经来的时候不太想动。	月經	[[2, 4]]		
經|经|jing1~4	1	經期	经期	jing1 qi1	經期|经期|jing1 qi1	1	她的經期一向都很準。	她的经期一向都很准。	經期	[[2, 4]]		
經|经|jing1~5	0	財經	财经	cai2 jing1	財經|财经|cai2 jing1	1	報紙上有一頁是財經新聞。	报纸上有一页是财经新闻。	財經	[[7, 9]]		
經|经|jing1~5	1	經貿	经贸	jing1 mao4	經貿|经贸|jing1 mao4	1	兩國的經貿關係越來越好。	两国的经贸关系越来越好。	經貿	[[3, 5]]		
經|经|jing1~6	0	經度	经度	jing1 du4	經度|经度|jing1 du4	1	經度和緯度可以定出一個地方的位置。	经度和纬度可以定出一个地方的位置。	經度	[[0, 2]]		
經|经|jing1~6	1	東經	东经	dong1 jing1	東經|东经|dong1 jing1	1	這個城市大約在東經一百二十度。	这个城市大约在东经一百二十度。	東經	[[7, 9]]		
經|经|jing1~7	0	經絡	经络	jing1 luo4	經絡|经络|jing1 luo4	1	不少人相信按摩可以打通經絡。	不少人相信按摩可以打通经络。	經絡	[[11, 13]]		
經|经|jing1~7	1	經脈	经脉	jing1 mai4	經脈|经脉|jing1 mai4	1	書上畫著人體的經脈。	书上画着人体的经脉。	經脈	[[7, 9]]		
經|经|jing1~8	0	經緯	经纬	jing1 wei3	經緯|经纬|jing1 wei3	1	這塊布的經緯排得很整齊。	这块布的经纬排得很整齐。	經緯	[[4, 6]]		
經|经|jing1~8	1	經線	经线	jing1 xian4	經線|经线|jing1 xian4	1	機器上的經線斷了一根。	机器上的经线断了一根。	經線	[[4, 6]]		
維|维|wei2~1	0	維持	维持	wei2 chi2	維持|维持|wei2 chi2	1	他們的關係一直維持到現在。	他们的关系一直维持到现在。	維持	[[7, 9]]		
維|维|wei2~1	1	維護	维护	wei2 hu4	維護|维护|wei2 hu4	1	警察的工作是維護社會安全。	警察的工作是维护社会安全。	維護	[[6, 8]]		
維|维|wei2~1	2	維繫	维系	wei2 xi4	維繫|维系|wei2 xi4	1	感情要靠平時的來往維繫。	感情要靠平时的来往维系。	維繫	[[9, 11]]		
維|维|wei2~2	0	三維	三维	san1 wei2	三維|三维|san1 wei2	1	這部電影用三維技術拍攝。	这部电影用三维技术拍摄。	三維	[[5, 7]]		
維|维|wei2~2	1	維度	维度	wei2 du4	維度|维度|wei2 du4	1	長、寬、高是空間的三個維度。	长、宽、高是空间的三个维度。	維度	[[11, 13]]		
總|总|zong3~3	0	總數	总数	zong3 shu4	總數|总数|zong3 shu4	1	參加的人總數超過三千。	参加的人总数超过三千。	總數	[[4, 6]]		
總|总|zong3~3	1	總額	总额	zong3 e2	總額|总额|zong3 e2	1	今年的投資總額比去年多。	今年的投资总额比去年多。	總額	[[5, 7]]		
總|总|zong3~3	2	總和	总和	zong3 he2	總和|总和|zong3 he2	1	兩個數字的總和是一百。	两个数字的总和是一百。	總和	[[5, 7]]		
總|总|zong3~4	0	總統	总统	zong3 tong3	總統|总统|zong3 tong3	1	新總統昨天宣布了這項計劃。	新总统昨天宣布了这项计划。	總統	[[1, 3]]		
總|总|zong3~4	1	總理	总理	zong3 li3	總理|总理|zong3 li3	1	總理將訪問三個國家。	总理将访问三个国家。	總理	[[0, 2]]		
總|总|zong3~4	2	總部	总部	zong3 bu4	總部|总部|zong3 bu4	1	公司總部設在南方。	公司总部设在南方。	總部	[[2, 4]]		
總|总|zong3~5	0	總結	总结	zong3 jie2	總結|总结|zong3 jie2	1	會議結束前他做了總結。	会议结束前他做了总结。	總結	[[8, 10]]		
總|总|zong3~5	1	匯總	汇总	hui4 zong3	匯總|汇总|hui4 zong3	1	請把各組的數據匯總給我。	请把各组的数据汇总给我。	匯總	[[7, 9]]		
繫|系|xi4~1	0	聯繫	联系	lian2 xi4	聯繫|联系|lian2 xi4	1	我們一直保持著聯繫。	我们一直保持着联系。	聯繫	[[7, 9]]		
繫|系|xi4~1	1	維繫	维系	wei2 xi4	維繫|维系|wei2 xi4	1	這份工作維繫著一家人的生活。	这份工作维系着一家人的生活。	維繫	[[4, 6]]		
罪|罪|zui4~2	0	受罪	受罪	shou4 zui4	受罪|受罪|shou4 zui4	1	夏天沒有冷氣，真是受罪。	夏天没有冷气，真是受罪。	受罪	[[9, 11]]		
罪|罪|zui4~2	1	遭罪	遭罪	zao1 zui4	遭罪|遭罪|zao1 zui4	1	路上塞車，大家都在遭罪。	路上塞车，大家都在遭罪。	遭罪	[[9, 11]]		
置|置|zhi4~1	0	放置	放置	fang4 zhi4	放置|放置|fang4 zhi4	1	這些書要放置在架子上。	这些书要放置在架子上。	放置	[[4, 6]]		
置|置|zhi4~1	1	設置	设置	she4 zhi4	設置|设置|she4 zhi4	1	這條路上設置了很多路燈。	这条路上设置了很多路灯。	設置	[[4, 6]]		
置|置|zhi4~1	2	安置	安置	an1 zhi4	安置|安置|an1 zhi4	1	他把老人安置在附近的房子裡。	他把老人安置在附近的房子里。	安置	[[4, 6]]		
置|置|zhi4~2	0	購置	购置	gou4 zhi4	購置|购置|gou4 zhi4	1	學校購置了一批電腦。	学校购置了一批电脑。	購置	[[2, 4]]		
置|置|zhi4~2	1	添置	添置	tian1 zhi4	添置|添置|tian1 zhi4	1	他們給新房添置了家具。	他们给新房添置了家具。	添置	[[5, 7]]		
置|置|zhi4~2	2	置辦	置办	zhi4 ban4	置辦|置办|zhi4 ban4	1	過年前家裡置辦了不少東西。	过年前家里置办了不少东西。	置辦	[[5, 7]]		
羅|罗|luo2~1	0	網羅	网罗	wang3 luo2	網羅|网罗|wang3 luo2	1	這家公司網羅了不少人才。	这家公司网罗了不少人才。	網羅	[[4, 6]]		
羅|罗|luo2~1	1	搜羅	搜罗	sou1 luo2	搜羅|搜罗|sou1 luo2	1	他到處搜羅老唱片。	他到处搜罗老唱片。	搜羅	[[3, 5]]		
羅|罗|luo2~1	2	收羅	收罗	shou1 luo2	收羅|收罗|shou1 luo2	1	圖書館收羅了很多舊書。	图书馆收罗了很多旧书。	收羅	[[3, 5]]		
羅|罗|luo2~2	0	綾羅綢緞	绫罗绸缎	ling2 luo2 chou2 duan4	綾羅綢緞|绫罗绸缎|ling2 luo2 chou2 duan4	1	她從小穿的都是綾羅綢緞。	她从小穿的都是绫罗绸缎。	綾羅綢緞	[[7, 11]]		
羅|罗|luo2~3	0	門可羅雀	门可罗雀	men2 ke3 luo2 que4	門可羅雀|门可罗雀|men2 ke3 luo2 que4	1	那家店生意不好，門可羅雀。	那家店生意不好，门可罗雀。	門可羅雀	[[8, 12]]		
美|美|mei3~3	0	美化	美化	mei3 hua4	美化|美化|mei3 hua4	1	他們正在美化這條街道。	他们正在美化这条街道。	美化	[[4, 6]]		
美|美|mei3~3	1	美容	美容	mei3 rong2	美容|美容|mei3 rong2	1	她每個月都去美容一次。	她每个月都去美容一次。	美容	[[6, 8]]		
群|群|qun2~2	0	人群	人群	ren2 qun2	人群|人群|ren2 qun2	1	他很快消失在人群中。	他很快消失在人群中。	人群	[[6, 8]]		
群|群|qun2~2	1	群體	群体	qun2 ti3	群體|群体|qun2 ti3	1	這個群體的成員都很年輕。	这个群体的成员都很年轻。	群體	[[2, 4]]		
群|群|qun2~2	2	羊群	羊群	yang2 qun2	羊群|羊群|yang2 qun2	1	山上的羊群正在吃草。	山上的羊群正在吃草。	羊群	[[3, 5]]		
老|老|lao3~5	0	老手	老手	lao3 shou3	老手|老手|lao3 shou3	1	他是修車的老手，一看就知道問題在哪。	他是修车的老手，一看就知道问题在哪。	老手	[[5, 7]]		
老|老|lao3~5	1	老練	老练	lao3 lian4	老練|老练|lao3 lian4	1	她說話做事都很老練。	她说话做事都很老练。	老練	[[7, 9]]		
老|老|lao3~6	0	老遠	老远	lao3 yuan3	老遠|老远|lao3 yuan3	1	那個村子離城裡老遠。	那个村子离城里老远。	老遠	[[7, 9]]		
老|老|lao3~6	1	老早	老早	lao3 zao3	老早|老早|lao3 zao3	1	我老早就把行李收好了。	我老早就把行李收好了。	老早	[[1, 3]]		
考|考|kao3~3	0	考察	考察	kao3 cha2	考察|考察|kao3 cha2	1	他們到南方考察了一個月。	他们到南方考察了一个月。	考察	[[5, 7]]		
考|考|kao3~3	1	考古	考古	kao3 gu3	考古|考古|kao3 gu3	1	他從小就對考古很有興趣。	他从小就对考古很有兴趣。	考古	[[5, 7]]		
考|考|kao3~3	2	考證	考证	kao3 zheng4	考證|考证|kao3 zheng4	1	這件事還需要考證。	这件事还需要考证。	考證	[[6, 8]]		
者|者|zhe3~1	0	作者	作者	zuo4 zhe3	作者|作者|zuo4 zhe3	1	那篇文章的作者是誰？	那篇文章的作者是谁？	作者	[[5, 7]]	動詞後	动词后
者|者|zhe3~1	1	長者	长者	zhang3 zhe3	長者|长者|zhang3 zhe3	1	村裡的長者常給年輕人講故事。	村里的长者常给年轻人讲故事。	長者	[[3, 5]]	形容詞後	形容词后
者|者|zhe3~1	2	學者	学者	xue2 zhe3	學者|学者|xue2 zhe3	1	這位學者研究中國歷史。	这位学者研究中国历史。	學者	[[2, 4]]	名詞後	名词后
者|者|zhe3~2	0	前者	前者	qian2 zhe3	前者|前者|qian2 zhe3	1	兩個辦法我都試過，前者比較快。	两个办法我都试过，前者比较快。	前者	[[9, 11]]	指前一個	指前一个
者|者|zhe3~2	1	後者	后者	hou4 zhe3	後者|后者|hou4 zhe3	1	茶和咖啡之中，他更愛後者。	茶和咖啡之中，他更爱后者。	後者	[[10, 12]]	指後一個	指后一个
耳|耳|er3~1	0	耳朵	耳朵	er3 duo5	耳朵|耳朵|er3 duo5	1	小狗的耳朵動了一下。	小狗的耳朵动了一下。	耳朵	[[3, 5]]		
耳|耳|er3~1	1	耳機	耳机	er3 ji1	耳機|耳机|er3 ji1	1	他戴著耳機聽音樂。	他戴着耳机听音乐。	耳機	[[3, 5]]		
耳|耳|er3~1	2	耳環	耳环	er3 huan2	耳環|耳环|er3 huan2	1	她今天戴了一對耳環。	她今天戴了一对耳环。	耳環	[[7, 9]]		
耶|耶|ye1~1	0	耶穌	耶稣	Ye1 su1	耶穌|耶稣|Ye1 su1	1	教堂裡掛著耶穌的畫像。	教堂里挂着耶稣的画像。	耶穌	[[5, 7]]		
耶|耶|ye1~1	1	耶誕節	耶诞节	Ye1 dan4 jie2	耶誕節|耶诞节|Ye1 dan4 jie2	1	耶誕節那天他們一起吃飯。	耶诞节那天他们一起吃饭。	耶誕節	[[0, 3]]		
耶|耶|ye1~1	2	耶路撒冷	耶路撒冷	Ye1 lu4 sa1 leng3	耶路撒冷|耶路撒冷|Ye1 lu4 sa1 leng3	1	他們計劃明年去耶路撒冷。	他们计划明年去耶路撒冷。	耶路撒冷	[[7, 11]]		
聖|圣|sheng4~1	0	神聖	神圣	shen2 sheng4	神聖|神圣|shen2 sheng4	1	這座山在當地人心裡十分神聖。	这座山在当地人心里十分神圣。	神聖	[[11, 13]]		
聖|圣|sheng4~1	1	聖地	圣地	sheng4 di4	聖地|圣地|sheng4 di4	1	很多人一生都想去一次聖地。	很多人一生都想去一次圣地。	聖地	[[10, 12]]		
聖|圣|sheng4~1	2	聖誕節	圣诞节	Sheng4 dan4 jie2	聖誕節|圣诞节|Sheng4 dan4 jie2	1	孩子們都很喜歡過聖誕節。	孩子们都很喜欢过圣诞节。	聖誕節	[[8, 11]]		
聖|圣|sheng4~2	0	聖人	圣人	sheng4 ren2	聖人|圣人|sheng4 ren2	1	他不是聖人，也會犯錯。	他不是圣人，也会犯错。	聖人	[[3, 5]]	形	形
聖|圣|sheng4~2	1	聖賢	圣贤	sheng4 xian2	聖賢|圣贤|sheng4 xian2	1	這些話是古代聖賢說的。	这些话是古代圣贤说的。	聖賢	[[6, 8]]	名	名
聖|圣|sheng4~2	2	詩聖	诗圣	shi1 sheng4	詩聖|诗圣|shi1 sheng4	1	大家後來都稱他為詩聖。	大家后来都称他为诗圣。	詩聖	[[8, 10]]	名	名
聞|闻|wen2~2	0	新聞	新闻	xin1 wen2	新聞|新闻|xin1 wen2	1	他每天晚上都看新聞。	他每天晚上都看新闻。	新聞	[[7, 9]]	名	名
聞|闻|wen2~2	1	耳聞	耳闻	er3 wen2	耳聞|耳闻|er3 wen2	1	這件事我早有耳聞。	这件事我早有耳闻。	耳聞	[[6, 8]]	動	动
聞|闻|wen2~2	2	傳聞	传闻	chuan2 wen2	傳聞|传闻|chuan2 wen2	1	網上的傳聞不能全信。	网上的传闻不能全信。	傳聞	[[3, 5]]	名	名
聲|声|sheng1~1	0	聲音	声音	sheng1 yin1	聲音|声音|sheng1 yin1	1	外面的聲音太大了。	外面的声音太大了。	聲音	[[3, 5]]		
聲|声|sheng1~1	1	笑聲	笑声	xiao4 sheng1	笑聲|笑声|xiao4 sheng1	1	我在門外聽見了笑聲。	我在门外听见了笑声。	笑聲	[[7, 9]]		
聲|声|sheng1~1	2	歌聲	歌声	ge1 sheng1	歌聲|歌声|ge1 sheng1	1	她的歌聲非常好聽。	她的歌声非常好听。	歌聲	[[2, 4]]		
聲|声|sheng1~4	0	名聲	名声	ming2 sheng1	名聲|名声|ming2 sheng1	1	他做生意講信用，名聲一直不錯。	他做生意讲信用，名声一直不错。	名聲	[[8, 10]]		
聲|声|sheng1~4	1	聲譽	声誉	sheng1 yu4	聲譽|声誉|sheng1 yu4	1	這位醫生在病人中聲譽很好。	这位医生在病人中声誉很好。	聲譽	[[8, 10]]		
職|职|zhi2~1	0	職業	职业	zhi2 ye4	職業|职业|zhi2 ye4	1	他打算換一個新的職業。	他打算换一个新的职业。	職業	[[8, 10]]		
職|职|zhi2~1	1	職位	职位	zhi2 wei4	職位|职位|zhi2 wei4	1	公司給了他更高的職位。	公司给了他更高的职位。	職位	[[8, 10]]		
職|职|zhi2~1	2	辭職	辞职	ci2 zhi2	辭職|辞职|ci2 zhi2	1	他因為身體不好而辭職了。	他因为身体不好而辞职了。	辭職	[[8, 10]]		
聽|听|ting1~4	0	聽任	听任	ting1 ren4	聽任|听任|ting1 ren4	1	我們不能聽任問題繼續下去。	我们不能听任问题继续下去。	聽任	[[4, 6]]		
聽|听|ting1~4	1	聽憑	听凭	ting1 ping2	聽憑|听凭|ting1 ping2	1	一切都聽憑你安排。	一切都听凭你安排。	聽憑	[[3, 5]]		
聽|听|ting1~4	2	聽天由命	听天由命	ting1 tian1 you2 ming4	聽天由命|听天由命|ting1 tian1 you2 ming4	1	事情到了這一步，只好聽天由命。	事情到了这一步，只好听天由命。	聽天由命	[[10, 14]]		
聽|听|ting1~5	0	垂簾聽政	垂帘听政	chui2 lian2 ting1 zheng4	垂簾聽政|垂帘听政|chui2 lian2 ting1 zheng4	1	他退休後還在公司裡垂簾聽政。	他退休后还在公司里垂帘听政。	垂簾聽政	[[9, 13]]		
胡|胡|hu2~1	0	胡說	胡说	hu2 shuo1	胡說|胡说|hu2 shuo1	1	你別胡說，那不是真的。	你别胡说，那不是真的。	胡說	[[2, 4]]		
胡|胡|hu2~1	1	胡鬧	胡闹	hu2 nao4	胡鬧|胡闹|hu2 nao4	1	孩子們在屋裡胡鬧了一下午。	孩子们在屋里胡闹了一下午。	胡鬧	[[6, 8]]		
胡|胡|hu2~1	2	胡思亂想	胡思乱想	hu2 si1 luan4 xiang3	胡思亂想|胡思乱想|hu2 si1 luan4 xiang3	1	他整天胡思亂想，睡不好覺。	他整天胡思乱想，睡不好觉。	胡思亂想	[[3, 7]]		
胡|胡|hu2~2	0	胡人	胡人	hu2 ren2	胡人|胡人|hu2 ren2	1	這座城從前常有胡人來做買賣。	这座城从前常有胡人来做买卖。	胡人	[[7, 9]]		
能|能|neng2~4	0	能力	能力	neng2 li4	能力|能力|neng2 li4	1	他的工作能力很強。	他的工作能力很强。	能力	[[4, 6]]		
能|能|neng2~4	1	才能	才能	cai2 neng2	才能|才能|cai2 neng2	1	這個孩子在音樂上很有才能。	这个孩子在音乐上很有才能。	才能	[[10, 12]]		
能|能|neng2~4	2	本能	本能	ben3 neng2	本能|本能|ben3 neng2	1	動物有保護自己的本能。	动物有保护自己的本能。	本能	[[8, 10]]		
能|能|neng2~5	0	能源	能源	neng2 yuan2	能源|能源|neng2 yuan2	1	各國都在尋找新的能源。	各国都在寻找新的能源。	能源	[[8, 10]]		
能|能|neng2~5	1	太陽能	太阳能	tai4 yang2 neng2	太陽能|太阳能|tai4 yang2 neng2	1	這種熱水器用的是太陽能。	这种热水器用的是太阳能。	太陽能	[[8, 11]]		
能|能|neng2~5	2	核能	核能	he2 neng2	核能|核能|he2 neng2	1	有些國家用核能發電。	有些国家用核能发电。	核能	[[5, 7]]		
脫|脱|tuo1~2	0	脫離	脱离	tuo1 li2	脫離|脱离|tuo1 li2	1	他終於脫離了危險。	他终于脱离了危险。	脫離	[[3, 5]]		
脫|脱|tuo1~2	1	逃脫	逃脱	tao2 tuo1	逃脫|逃脱|tao2 tuo1	1	犯人從監獄逃脫了。	犯人从监狱逃脱了。	逃脫	[[5, 7]]		
脫|脱|tuo1~2	2	擺脫	摆脱	bai3 tuo1	擺脫|摆脱|bai3 tuo1	1	她想擺脫現在的工作。	她想摆脱现在的工作。	擺脫	[[2, 4]]		
脫|脱|tuo1~3	0	脫落	脱落	tuo1 luo4	脫落|脱落|tuo1 luo4	1	他的頭髮開始脫落了。	他的头发开始脱落了。	脫落	[[6, 8]]		
脫|脱|tuo1~3	1	脫皮	脱皮	tuo1 pi2	脫皮|脱皮|tuo1 pi2	1	天氣太乾，我的手常常脫皮。	天气太干，我的手常常脱皮。	脫皮	[[10, 12]]		
腦|脑|nao3~3	0	腦袋	脑袋	nao3 dai5	腦袋|脑袋|nao3 dai5	1	他搖了搖腦袋，說不知道。	他摇了摇脑袋，说不知道。	腦袋	[[4, 6]]		
腦|脑|nao3~3	1	腦門	脑门	nao3 men2	腦門|脑门|nao3 men2	1	媽媽用手摸了摸他的腦門。	妈妈用手摸了摸他的脑门。	腦門	[[9, 11]]		
腦|脑|nao3~4	0	樟腦	樟脑	zhang1 nao3	樟腦|樟脑|zhang1 nao3	1	樟腦的味道很特別。	樟脑的味道很特别。	樟腦	[[0, 2]]		
腦|脑|nao3~4	1	薄荷腦	薄荷脑	bo4 he5 nao3	薄荷腦|薄荷脑|bo4 he5 nao3	1	他吃了一顆加薄荷腦的糖。	他吃了一颗加薄荷脑的糖。	薄荷腦	[[6, 9]]		
至|至|zhi4~2	0	至少	至少	zhi4 shao3	至少|至少|zhi4 shao3	1	這件事至少要三天才能完成。	这件事至少要三天才能完成。	至少	[[3, 5]]		
至|至|zhi4~2	1	至多	至多	zhi4 duo1	至多|至多|zhi4 duo1	1	這個房間至多住四個人。	这个房间至多住四个人。	至多	[[4, 6]]		
至|至|zhi4~2	2	至高無上	至高无上	zhi4 gao1 wu2 shang4	至高無上|至高无上|zhi4 gao1 wu2 shang4	1	在他心裡，家人的地位至高無上。	在他心里，家人的地位至高无上。	至高無上	[[10, 14]]		
至|至|zhi4~3	0	自始至終	自始至终	zi4 shi3 zhi4 zhong1	自始至終|自始至终|zi4 shi3 zhi4 zhong1	1	他自始至終都很認真。	他自始至终都很认真。	自始至終	[[1, 5]]		
至|至|zhi4~3	1	賓至如歸	宾至如归	bin1 zhi4 ru2 gui1	賓至如歸|宾至如归|bin1 zhi4 ru2 gui1	1	這家旅館讓客人賓至如歸。	这家旅馆让客人宾至如归。	賓至如歸	[[7, 11]]		
致|致|zhi4~1	0	導致	导致	dao3 zhi4	導致|导致|dao3 zhi4	1	大雨導致許多道路關閉。	大雨导致许多道路关闭。	導致	[[2, 4]]		
致|致|zhi4~1	1	以致	以致	yi3 zhi4	以致|以致|yi3 zhi4	1	他準備得不夠，以致沒有成功。	他准备得不够，以致没有成功。	以致	[[7, 9]]		
致|致|zhi4~1	2	致命	致命	zhi4 ming4	致命|致命|zhi4 ming4	1	這種傷對他來說是致命的。	这种伤对他来说是致命的。	致命	[[8, 10]]		
致|致|zhi4~2	0	致敬	致敬	zhi4 jing4	致敬|致敬|zhi4 jing4	1	全場的人站起來向他致敬。	全场的人站起来向他致敬。	致敬	[[9, 11]]		
致|致|zhi4~2	1	致電	致电	zhi4 dian4	致電|致电|zhi4 dian4	1	總統昨天致電表示關心。	总统昨天致电表示关心。	致電	[[4, 6]]		
致|致|zhi4~2	2	致詞	致词	zhi4 ci2	致詞|致词|zhi4 ci2	1	今天的會議請校長致詞。	今天的会议请校长致词。	致詞	[[8, 10]]		
臺|台|tai2~2	0	電臺	电台	dian4 tai2	電臺|电台|dian4 tai2	1	他每天早上聽電臺的新聞。	他每天早上听电台的新闻。	電臺	[[6, 8]]		
臺|台|tai2~2	1	電視臺	电视台	dian4 shi4 tai2	電視臺|电视台|dian4 shi4 tai2	1	這家電視臺的節目很受歡迎。	这家电视台的节目很受欢迎。	電視臺	[[2, 5]]		
臺|台|tai2~3	0	窗臺	窗台	chuang1 tai2	窗臺|窗台|chuang1 tai2	1	窗臺上放著一盆花。	窗台上放着一盆花。	窗臺	[[0, 2]]		
臺|台|tai2~3	1	櫃臺	柜台	gui4 tai2	櫃臺|柜台|gui4 tai2	1	他在櫃臺前排隊付錢。	他在柜台前排队付钱。	櫃臺	[[2, 4]]		
臺|台|tai2~3	2	燭臺	烛台	zhu2 tai2	燭臺|烛台|zhu2 tai2	1	桌上的燭臺很舊了。	桌上的烛台很旧了。	燭臺	[[3, 5]]		
與|与|yu3~3	0	給與	给与	ji3 yu3	給與|给与|ji3 yu3	1	老師給與他很大的幫助。	老师给与他很大的帮助。	給與	[[2, 4]]		
與|与|yu3~3	1	贈與	赠与	zeng4 yu3	贈與|赠与|zeng4 yu3	1	他把這批書贈與學校。	他把这批书赠与学校。	贈與	[[5, 7]]		
與|与|yu4~1	0	參與	参与	can1 yu4	參與|参与|can1 yu4	1	很多學生參與了這次活動。	很多学生参与了这次活动。	參與	[[4, 6]]		
與|与|yu4~1	1	與會	与会	yu4 hui4	與會|与会|yu4 hui4	1	與會的代表提出了不少建議。	与会的代表提出了不少建议。	與會	[[0, 2]]		
舉|举|ju3~3	0	舉行	举行	ju3 xing2	舉行|举行|ju3 xing2	1	學校明天舉行運動會。	学校明天举行运动会。	舉行	[[4, 6]]		
舉|举|ju3~3	1	舉辦	举办	ju3 ban4	舉辦|举办|ju3 ban4	1	這次比賽由他們舉辦。	这次比赛由他们举办。	舉辦	[[7, 9]]		
舉|举|ju3~4	0	選舉	选举	xuan3 ju3	選舉|选举|xuan3 ju3	1	下個月要選舉新的校長。	下个月要选举新的校长。	選舉	[[4, 6]]		
舉|举|ju3~4	1	推舉	推举	tui1 ju3	推舉|推举|tui1 ju3	1	大家推舉他當隊長。	大家推举他当队长。	推舉	[[2, 4]]		
舉|举|ju3~5	0	舉動	举动	ju3 dong4	舉動|举动|ju3 dong4	1	他最近的舉動很奇怪。	他最近的举动很奇怪。	舉動	[[4, 6]]		
舉|举|ju3~5	1	壯舉	壮举	zhuang4 ju3	壯舉|壮举|zhuang4 ju3	1	登上月球是人類的壯舉。	登上月球是人类的壮举。	壯舉	[[8, 10]]		
般|般|ban1~1	0	這般	这般	zhe4 ban1	這般|这般|zhe4 ban1	1	他為什麼要這般對我？	他为什么要这般对我？	這般	[[5, 7]]		
般|般|ban1~1	1	百般	百般	bai3 ban1	百般|百般|bai3 ban1	1	他百般解釋，別人還是不信。	他百般解释，别人还是不信。	百般	[[1, 3]]		
般|般|ban1~1	2	萬般	万般	wan4 ban1	萬般|万般|wan4 ban1	1	她萬般不願意，最後還是去了。	她万般不愿意，最后还是去了。	萬般	[[1, 3]]		
色|色|se4~1	0	顏色	颜色	yan2 se4	顏色|颜色|yan2 se4	1	這件衣服的顏色很好看。	这件衣服的颜色很好看。	顏色	[[5, 7]]		
色|色|se4~1	1	紅色	红色	hong2 se4	紅色|红色|hong2 se4	1	牆上寫著幾個紅色的大字。	墙上写着几个红色的大字。	紅色	[[6, 8]]		
色|色|se4~1	2	色彩	色彩	se4 cai3	色彩|色彩|se4 cai3	1	這張畫用了很多明亮的色彩。	这张画用了很多明亮的色彩。	色彩	[[10, 12]]		
色|色|se4~2	0	臉色	脸色	lian3 se4	臉色|脸色|lian3 se4	1	他一聽這話，臉色馬上變了。	他一听这话，脸色马上变了。	臉色	[[6, 8]]		
色|色|se4~2	1	神色	神色	shen2 se4	神色|神色|shen2 se4	1	他神色不太對，是不是出事了？	他神色不太对，是不是出事了？	神色	[[1, 3]]		
色|色|se4~2	2	景色	景色	jing3 se4	景色|景色|jing3 se4	1	這裡的景色讓人忘了回家。	这里的景色让人忘了回家。	景色	[[3, 5]]		
色|色|se4~3	0	色情	色情	se4 qing2	色情|色情|se4 qing2	1	這個網站有很多色情內容。	这个网站有很多色情内容。	色情	[[7, 9]]		
色|色|se4~3	1	好色	好色	hao4 se4	好色|好色|hao4 se4	1	大家都說他這個人很好色。	大家都说他这个人很好色。	好色	[[9, 11]]		
艾|艾|ai4~1	0	艾草	艾草	ai4 cao3	艾草|艾草|ai4 cao3	1	端午節時，人們把艾草掛在門上。	端午节时，人们把艾草挂在门上。	艾草	[[8, 10]]		
艾|艾|ai4~1	1	艾灸	艾灸	ai4 jiu3	艾灸|艾灸|ai4 jiu3	1	他每個星期去做一次艾灸。	他每个星期去做一次艾灸。	艾灸	[[9, 11]]		
艾|艾|ai4~2	0	艾滋病	艾滋病	ai4 zi1 bing4	艾滋病|艾滋病|ai4 zi1 bing4	1	他一直在研究艾滋病的治療方法。	他一直在研究艾滋病的治疗方法。	艾滋病	[[6, 9]]		
艾|艾|ai4~2	1	艾滋病毒	艾滋病毒	ai4 zi1 bing4 du2	艾滋病毒|艾滋病毒|ai4 zi1 bing4 du2	1	血液裡沒有發現艾滋病毒。	血液里没有发现艾滋病毒。	艾滋病毒	[[7, 11]]		
若|若|ruo4~2	0	若無其事	若无其事	ruo4 wu2 qi2 shi4	若無其事|若无其事|ruo4 wu2 qi2 shi4	1	他若無其事地走出了房間。	他若无其事地走出了房间。	若無其事	[[1, 5]]		
若|若|ruo4~2	1	若有所思	若有所思	ruo4 you3 suo3 si1	若有所思|若有所思|ruo4 you3 suo3 si1	1	她一個人坐著，若有所思。	她一个人坐着，若有所思。	若有所思	[[7, 11]]		
若|若|ruo4~2	2	旁若無人	旁若无人	pang2 ruo4 wu2 ren2	旁若無人|旁若无人|pang2 ruo4 wu2 ren2	1	他說話的樣子旁若無人。	他说话的样子旁若无人。	旁若無人	[[6, 10]]		
英|英|ying1~1	0	英雄	英雄	ying1 xiong2	英雄|英雄|ying1 xiong2	1	他救了三個人，成了英雄。	他救了三个人，成了英雄。	英雄	[[9, 11]]		
英|英|ying1~1	1	精英	精英	jing1 ying1	精英|精英|jing1 ying1	1	這些學生都是學校的精英。	这些学生都是学校的精英。	精英	[[9, 11]]		
英|英|ying1~2	0	英明	英明	ying1 ming2	英明|英明|ying1 ming2	1	校長的決定非常英明。	校长的决定非常英明。	英明	[[7, 9]]		
英|英|ying1~2	1	英勇	英勇	ying1 yong3	英勇|英勇|ying1 yong3	1	士兵們英勇地保護了村子。	士兵们英勇地保护了村子。	英勇	[[3, 5]]		
草|草|cao3~3	0	草稿	草稿	cao3 gao3	草稿|草稿|cao3 gao3	1	這篇文章的草稿還沒寫完。	这篇文章的草稿还没写完。	草稿	[[5, 7]]		
草|草|cao3~3	1	起草	起草	qi3 cao3	起草|起草|qi3 cao3	1	他負責起草這份文件。	他负责起草这份文件。	起草	[[3, 5]]		
草|草|cao3~3	2	草案	草案	cao3 an4	草案|草案|cao3 an4	1	會議上大家討論了新的草案。	会议上大家讨论了新的草案。	草案	[[10, 12]]		
莎|莎|sha1~1	0	莎士比亞	莎士比亚	Sha1 shi4 bi3 ya4	莎士比亞|莎士比亚|Sha1 shi4 bi3 ya4	1	莎士比亞的作品到今天還有人讀。	莎士比亚的作品到今天还有人读。	莎士比亞	[[0, 4]]		
莫|莫|mo4~2	0	莫大	莫大	mo4 da4	莫大|莫大|mo4 da4	1	他的支持對我是莫大的鼓勵。	他的支持对我是莫大的鼓励。	莫大	[[7, 9]]		
莫|莫|mo4~2	1	莫過於	莫过于	mo4 guo4 yu2	莫過於|莫过于|mo4 guo4 yu2	1	最開心的事莫過於見到老朋友。	最开心的事莫过于见到老朋友。	莫過於	[[5, 8]]		
莫|莫|mo4~2	2	莫不	莫不	mo4 bu4	莫不|莫不|mo4 bu4	1	聽到這個消息，大家莫不感到高興。	听到这个消息，大家莫不感到高兴。	莫不	[[9, 11]]		
華|华|hua2~1	0	華麗	华丽	hua2 li4	華麗|华丽|hua2 li4	1	她穿了一件很華麗的衣服。	她穿了一件很华丽的衣服。	華麗	[[6, 8]]		
華|华|hua2~1	1	豪華	豪华	hao2 hua2	豪華|豪华|hao2 hua2	1	他們住在城裡最豪華的酒店。	他们住在城里最豪华的酒店。	豪華	[[7, 9]]		
華|华|hua2~1	2	繁華	繁华	fan2 hua2	繁華|繁华|fan2 hua2	1	這條街很繁華，晚上人特別多。	这条街很繁华，晚上人特别多。	繁華	[[4, 6]]		
菲|菲|fei1~1	0	菲菲	菲菲	fei1 fei1	菲菲|菲菲|fei1 fei1	1	春天到了，山中芳草菲菲。	春天到了，山中芳草菲菲。	菲菲	[[9, 11]]		
菲|菲|fei3~1	0	菲薄	菲薄	fei3 bo2	菲薄|菲薄|fei3 bo2	1	他總是妄自菲薄，看不起自己。	他总是妄自菲薄，看不起自己。	菲薄	[[5, 7]]		
落|落|lao4~1	0	落色	落色	lao4 shai3	落色|落色|lao4 shai3	1	這件衣服洗了幾次就落色了。	这件衣服洗了几次就落色了。	落色	[[9, 11]]		
落|落|lao4~1	1	落價	落价	lao4 jia4	落價|落价|lao4 jia4	1	水果最近落價，買的人多了起來。	水果最近落价，买的人多了起来。	落價	[[4, 6]]		
落|落|luo4~4	0	下落	下落	xia4 luo4	下落|下落|xia4 luo4	1	那本書的下落一直沒有人知道。	那本书的下落一直没有人知道。	下落	[[4, 6]]		
落|落|luo4~4	1	著落	着落	zhuo2 luo4	著落|着落|zhuo2 luo4	1	經費的事現在有了著落。	经费的事现在有了着落。	著落	[[8, 10]]		
落|落|luo4~5	0	村落	村落	cun1 luo4	村落|村落|cun1 luo4	1	山腳下有幾個安靜的小村落。	山脚下有几个安静的小村落。	村落	[[10, 12]]		
落|落|luo4~5	1	部落	部落	bu4 luo4	部落|部落|bu4 luo4	1	這個部落還保留著古老的習慣。	这个部落还保留着古老的习惯。	部落	[[2, 4]]		
落|落|luo4~6	0	落款	落款	luo4 kuan3	落款|落款|luo4 kuan3	1	畫家在作品的左下角落款。	画家在作品的左下角落款。	落款	[[9, 11]]		
落|落|luo4~6	1	落筆	落笔	luo4 bi3	落筆|落笔|luo4 bi3	1	他想了很久才落筆。	他想了很久才落笔。	落筆	[[6, 8]]		
葉|叶|ye4~1	0	樹葉	树叶	shu4 ye4	樹葉|树叶|shu4 ye4	1	風一吹，樹葉就掉了下來。	风一吹，树叶就掉了下来。	樹葉	[[4, 6]]		
葉|叶|ye4~1	1	葉子	叶子	ye4 zi5	葉子|叶子|ye4 zi5	1	秋天的葉子紅得很好看。	秋天的叶子红得很好看。	葉子	[[3, 5]]		
葉|叶|ye4~1	2	茶葉	茶叶	cha2 ye4	茶葉|茶叶|cha2 ye4	1	他從家鄉帶了些茶葉回來。	他从家乡带了些茶叶回来。	茶葉	[[7, 9]]		
葉|叶|ye4~2	0	中葉	中叶	zhong1 ye4	中葉|中叶|zhong1 ye4	1	這座橋建於十九世紀中葉。	这座桥建于十九世纪中叶。	中葉	[[9, 11]]		
著|着|zhao2~2	0	著急	着急	zhao2 ji2	著急|着急|zhao2 ji2	1	別著急，我們還有時間。	别着急，我们还有时间。	著急	[[1, 3]]		
著|着|zhao2~2	1	著涼	着凉	zhao2 liang2	著涼|着凉|zhao2 liang2	1	妹妹昨天著涼了，一直在咳嗽。	妹妹昨天着凉了，一直在咳嗽。	著涼	[[4, 6]]		
著|着|zhao2~2	2	著迷	着迷	zhao2 mi2	著迷|着迷|zhao2 mi2	1	他對這個遊戲很著迷。	他对这个游戏很着迷。	著迷	[[7, 9]]		
著|着|zhuo2~1	0	穿著	穿着	chuan1 zhuo2	穿著|穿着|chuan1 zhuo2	1	他今天的穿著特別正式。	他今天的穿着特别正式。	穿著	[[4, 6]]		
著|着|zhuo2~1	1	衣著	衣着	yi1 zhuo2	衣著|衣着|yi1 zhuo2	1	出門前他總是注意自己的衣著。	出门前他总是注意自己的衣着。	衣著	[[11, 13]]		
著|着|zhuo2~1	2	著裝	着装	zhuo2 zhuang1	著裝|着装|zhuo2 zhuang1	1	學校對學生的著裝有規定。	学校对学生的着装有规定。	著裝	[[6, 8]]		
著|着|zhuo2~2	0	著手	着手	zhuo2 shou3	著手|着手|zhuo2 shou3	1	我們下週就要著手這項工作。	我们下周就要着手这项工作。	著手	[[6, 8]]		
著|着|zhuo2~2	1	著重	着重	zhuo2 zhong4	著重|着重|zhuo2 zhong4	1	這篇文章著重說明問題的原因。	这篇文章着重说明问题的原因。	著重	[[4, 6]]		
著|着|zhuo2~2	2	著眼	着眼	zhuo2 yan3	著眼|着眼|zhuo2 yan3	1	做計劃時要著眼於未來的發展。	做计划时要着眼于未来的发展。	著眼	[[5, 7]]		
著|着|zhuo2~3	0	著陸	着陆	zhuo2 lu4	著陸|着陆|zhuo2 lu4	1	飛機在大雨中安全著陸了。	飞机在大雨中安全着陆了。	著陸	[[8, 10]]		
著|着|zhuo2~3	1	附著	附着	fu4 zhuo2	附著|附着|fu4 zhuo2	1	灰塵很容易附著在牆上。	灰尘很容易附着在墙上。	附著	[[5, 7]]		
著|著|zhu4~1	0	著名	著名	zhu4 ming2	著名|著名|zhu4 ming2	1	他是一位著名的科學家。	他是一位著名的科学家。	著名	[[4, 6]]		
著|著|zhu4~1	1	顯著	显著	xian3 zhu4	顯著|显著|xian3 zhu4	1	這種藥的效果很顯著。	这种药的效果很显著。	顯著	[[7, 9]]		
著|著|zhu4~1	2	著稱	著称	zhu4 cheng1	著稱|著称|zhu4 cheng1	1	這個地方以風景著稱。	这个地方以风景著称。	著稱	[[7, 9]]		
著|著|zhu4~2	0	著作	著作	zhu4 zuo4	著作|著作|zhu4 zuo4	1	這位作家一生留下了許多著作。	这位作家一生留下了许多著作。	著作	[[11, 13]]	名	名
著|著|zhu4~2	1	原著	原著	yuan2 zhu4	原著|原著|yuan2 zhu4	1	電影和原著的結尾完全不同。	电影和原著的结尾完全不同。	原著	[[3, 5]]	名	名
著|著|zhu4~2	2	編著	编著	bian1 zhu4	編著|编著|bian1 zhu4	1	這本教材由幾位老師編著。	这本教材由几位老师编著。	編著	[[9, 11]]	動	动
蒙|蒙|meng2~3	0	蒙受	蒙受	meng2 shou4	蒙受|蒙受|meng2 shou4	1	公司蒙受了很大的損失。	公司蒙受了很大的损失。	蒙受	[[2, 4]]		
蒙|蒙|meng2~3	1	承蒙	承蒙	cheng2 meng2	承蒙|承蒙|cheng2 meng2	1	承蒙各位幫助，十分感謝。	承蒙各位帮助，十分感谢。	承蒙	[[0, 2]]		
蒙|蒙|meng2~4	0	啟蒙	启蒙	qi3 meng2	啟蒙|启蒙|qi3 meng2	1	老師的啟蒙對他很重要。	老师的启蒙对他很重要。	啟蒙	[[3, 5]]		
蒙|蒙|meng2~4	1	蒙昧	蒙昧	meng2 mei4	蒙昧|蒙昧|meng2 mei4	1	那是一個蒙昧的時代。	那是一个蒙昧的时代。	蒙昧	[[4, 6]]		
蓋|盖|gai4~2	0	鍋蓋	锅盖	guo1 gai4	鍋蓋|锅盖|guo1 gai4	1	湯快好了，先別打開鍋蓋。	汤快好了，先别打开锅盖。	鍋蓋	[[9, 11]]		
蓋|盖|gai4~2	1	瓶蓋	瓶盖	ping2 gai4	瓶蓋|瓶盖|ping2 gai4	1	他把瓶蓋放在桌子上。	他把瓶盖放在桌子上。	瓶蓋	[[2, 4]]		
蓋|盖|gai4~2	2	蓋子	盖子	gai4 zi5	蓋子|盖子|gai4 zi5	1	這個盒子的蓋子壞了。	这个盒子的盖子坏了。	蓋子	[[5, 7]]		
藍|蓝|lan2~2	0	板藍根	板蓝根	ban3 lan2 gen1	板藍根|板蓝根|ban3 lan2 gen1	1	感冒的時候，很多人會喝板藍根。	感冒的时候，很多人会喝板蓝根。	板藍根	[[11, 14]]		
藏|藏|zang4~1	0	寶藏	宝藏	bao3 zang4	寶藏|宝藏|bao3 zang4	1	他們在島上找到了一批寶藏。	他们在岛上找到了一批宝藏。	寶藏	[[10, 12]]		
藏|藏|zang4~2	0	大藏經	大藏经	Da4 zang4 jing1	大藏經|大藏经|Da4 zang4 jing1	1	圖書館裡有一套完整的大藏經。	图书馆里有一套完整的大藏经。	大藏經	[[10, 13]]		
藏|藏|zang4~2	1	道藏	道藏	dao4 zang4	道藏|道藏|dao4 zang4	1	這些經典後來都收進了道藏。	这些经典后来都收进了道藏。	道藏	[[10, 12]]		
藥|药|yao4~2	0	火藥	火药	huo3 yao4	火藥|火药|huo3 yao4	1	火藥點著了會爆炸。	火药点着了会爆炸。	火藥	[[0, 2]]		
藥|药|yao4~2	1	農藥	农药	nong2 yao4	農藥|农药|nong2 yao4	1	這些菜沒有用農藥。	这些菜没有用农药。	農藥	[[6, 8]]		
藥|药|yao4~2	2	炸藥	炸药	zha4 yao4	炸藥|炸药|zha4 yao4	1	工人用炸藥開路。	工人用炸药开路。	炸藥	[[3, 5]]		
蘇|苏|su1~1	0	復蘇	复苏	fu4 su1	復蘇|复苏|fu4 su1	1	這幾年經濟慢慢復蘇了。	这几年经济慢慢复苏了。	復蘇	[[7, 9]]		
蘇|苏|su1~2	0	紫蘇	紫苏	zi3 su1	紫蘇|紫苏|zi3 su1	1	湯裡加點紫蘇會更香。	汤里加点紫苏会更香。	紫蘇	[[4, 6]]		
蘭|兰|lan2~1	0	蘭花	兰花	lan2 hua1	蘭花|兰花|lan2 hua1	1	他在家裡養了不少蘭花。	他在家里养了不少兰花。	蘭花	[[8, 10]]		
蘭|兰|lan2~1	1	蝴蝶蘭	蝴蝶兰	hu2 die2 lan2	蝴蝶蘭|蝴蝶兰|hu2 die2 lan2	1	這盆蝴蝶蘭是朋友送的。	这盆蝴蝶兰是朋友送的。	蝴蝶蘭	[[2, 5]]		
蘭|兰|lan2~2	0	木蘭	木兰	mu4 lan2	木蘭|木兰|mu4 lan2	1	春天一到，木蘭就開花了。	春天一到，木兰就开花了。	木蘭	[[5, 7]]		
蘭|兰|lan2~2	1	玉蘭	玉兰	Yu4 lan2	玉蘭|玉兰|Yu4 lan2	1	他家門前有一棵玉蘭。	他家门前有一棵玉兰。	玉蘭	[[7, 9]]		
虎|虎|hu3~1	0	老虎	老虎	lao3 hu3	老虎|老虎|lao3 hu3	1	動物園裡的老虎正在睡覺。	动物园里的老虎正在睡觉。	老虎	[[5, 7]]		
虎|虎|hu3~1	1	猛虎	猛虎	meng3 hu3	猛虎|猛虎|meng3 hu3	1	他像一隻猛虎衝了出去。	他像一只猛虎冲了出去。	猛虎	[[4, 6]]		
處|处|chu3~1	0	處理	处理	chu3 li3	處理|处理|chu3 li3	1	這個問題交給我來處理。	这个问题交给我来处理。	處理	[[8, 10]]		
處|处|chu3~1	1	處置	处置	chu3 zhi4	處置|处置|chu3 zhi4	1	剩下的東西由你處置。	剩下的东西由你处置。	處置	[[7, 9]]		
處|处|chu3~3	0	處於	处于	chu3 yu2	處於|处于|chu3 yu2	1	公司目前處於困難時期。	公司目前处于困难时期。	處於	[[4, 6]]		
處|处|chu3~3	1	身處	身处	shen1 chu3	身處|身处|shen1 chu3	1	他身處國外，還是很關心家裡。	他身处国外，还是很关心家里。	身處	[[1, 3]]		
處|处|chu3~3	2	獨處	独处	du2 chu3	獨處|独处|du2 chu3	1	她喜歡獨處，不愛熱鬧。	她喜欢独处，不爱热闹。	獨處	[[3, 5]]		
處|处|chu3~4	0	處罰	处罚	chu3 fa2	處罰|处罚|chu3 fa2	1	學校決定處罰那幾個學生。	学校决定处罚那几个学生。	處罰	[[4, 6]]		
處|处|chu3~4	1	處分	处分	chu3 fen4	處分|处分|chu3 fen4	1	這種行為一定會受到處分。	这种行为一定会受到处分。	處分	[[9, 11]]		
處|处|chu4~1	0	到處	到处	dao4 chu4	到處|到处|dao4 chu4	1	孩子的玩具到處都是。	孩子的玩具到处都是。	到處	[[5, 7]]		
處|处|chu4~1	1	住處	住处	zhu4 chu4	住處|住处|zhu4 chu4	1	他在學校附近找了一個住處。	他在学校附近找了一个住处。	住處	[[10, 12]]		
處|处|chu4~1	2	各處	各处	ge4 chu4	各處|各处|ge4 chu4	1	消息很快傳到各處。	消息很快传到各处。	各處	[[6, 8]]		
處|处|chu4~2	0	長處	长处	chang2 chu4	長處|长处|chang2 chu4	1	每個人都有自己的長處。	每个人都有自己的长处。	長處	[[8, 10]]		
處|处|chu4~2	1	短處	短处	duan3 chu4	短處|短处|duan3 chu4	1	說話時不要提別人的短處。	说话时不要提别人的短处。	短處	[[9, 11]]		
處|处|chu4~2	2	妙處	妙处	miao4 chu4	妙處|妙处|miao4 chu4	1	他慢慢懂得了這幅畫的妙處。	他慢慢懂得了这幅画的妙处。	妙處	[[10, 12]]		
處|处|chu4~3	0	辦事處	办事处	ban4 shi4 chu4	辦事處|办事处|ban4 shi4 chu4	1	這家公司的辦事處設在南方。	这家公司的办事处设在南方。	辦事處	[[5, 8]]		
處|处|chu4~3	1	處長	处长	chu4 zhang3	處長|处长|chu4 zhang3	1	新來的處長很關心員工。	新来的处长很关心员工。	處長	[[3, 5]]		
號|号|hao2~1	0	哀號	哀号	ai1 hao2	哀號|哀号|ai1 hao2	1	受傷的野狗整夜哀號。	受伤的野狗整夜哀号。	哀號	[[7, 9]]		
號|号|hao2~1	1	號哭	号哭	hao2 ku1	號哭|号哭|hao2 ku1	1	她一聽到消息就號哭起來。	她一听到消息就号哭起来。	號哭	[[7, 9]]		
號|号|hao2~1	2	號叫	号叫	hao2 jiao4	號叫|号叫|hao2 jiao4	1	他氣得在房間裡大聲號叫。	他气得在房间里大声号叫。	號叫	[[9, 11]]		
號|号|hao4~3	0	記號	记号	ji4 hao5	記號|记号|ji4 hao5	1	我在書上做了幾個記號。	我在书上做了几个记号。	記號	[[8, 10]]		
號|号|hao4~3	1	符號	符号	fu2 hao4	符號|符号|fu2 hao4	1	地圖上的符號代表車站。	地图上的符号代表车站。	符號	[[4, 6]]		
號|号|hao4~3	2	信號	信号	xin4 hao4	信號|信号|xin4 hao4	1	山上收不到手機信號。	山上收不到手机信号。	信號	[[7, 9]]		
號|号|hao4~4	0	國號	国号	guo2 hao4	國號|国号|guo2 hao4	1	新的朝代常常會改國號。	新的朝代常常会改国号。	國號	[[8, 10]]		
號|号|hao4~4	1	年號	年号	nian2 hao4	年號|年号|nian2 hao4	1	這個年號一共用了十年。	这个年号一共用了十年。	年號	[[2, 4]]		
號|号|hao4~4	2	外號	外号	wai4 hao4	外號|外号|wai4 hao4	1	他有一個很有趣的外號。	他有一个很有趣的外号。	外號	[[8, 10]]		
號|号|hao4~5	0	大號	大号	da4 hao4	大號|大号|da4 hao4	1	我一般穿大號的衣服。	我一般穿大号的衣服。	大號	[[4, 6]]		
號|号|hao4~5	1	型號	型号	xing2 hao4	型號|型号|xing2 hao4	1	這兩臺機器的型號不同。	这两台机器的型号不同。	型號	[[6, 8]]		
號|号|hao4~6	0	號召	号召	hao4 zhao4	號召|号召|hao4 zhao4	1	政府號召大家節約用水。	政府号召大家节约用水。	號召	[[2, 4]]		
號|号|hao4~6	1	號令	号令	hao4 ling4	號令|号令|hao4 ling4	1	大家都在等隊長的號令。	大家都在等队长的号令。	號令	[[8, 10]]		
號|号|hao4~7	0	小號	小号	xiao3 hao4	小號|小号|xiao3 hao4	1	他吹小號吹得非常好。	他吹小号吹得非常好。	小號	[[2, 4]]		
號|号|hao4~7	1	號角	号角	hao4 jiao3	號角|号角|hao4 jiao3	1	戰士們聽見了號角的聲音。	战士们听见了号角的声音。	號角	[[6, 8]]		
號|号|hao4~8	0	號脈	号脉	hao4 mai4	號脈|号脉|hao4 mai4	1	醫生正在給病人號脈。	医生正在给病人号脉。	號脈	[[7, 9]]		
術|术|shu4~1	0	技術	技术	ji4 shu4	技術|技术|ji4 shu4	1	他學了幾年修車的技術。	他学了几年修车的技术。	技術	[[8, 10]]		
術|术|shu4~1	1	武術	武术	wu3 shu4	武術|武术|wu3 shu4	1	他從小就開始練武術。	他从小就开始练武术。	武術	[[7, 9]]		
術|术|shu4~1	2	藝術	艺术	yi4 shu4	藝術|艺术|yi4 shu4	1	這座城市有很多藝術活動。	这座城市有很多艺术活动。	藝術	[[7, 9]]		
術|术|zhu2~1	0	白朮	白术	bai2 zhu2	白朮|白术|bai2 zhu2	1	醫生開的藥裡有白朮。	医生开的药里有白术。	白朮	[[7, 9]]		
衝|冲|chong1~2	0	衝突	冲突	chong1 tu1	衝突|冲突|chong1 tu1	1	兩國之間發生了衝突。	两国之间发生了冲突。	衝突	[[7, 9]]		
衝|冲|chong1~2	1	衝撞	冲撞	chong1 zhuang4	衝撞|冲撞|chong1 zhuang4	1	他騎車不小心衝撞了行人。	他骑车不小心冲撞了行人。	衝撞	[[6, 8]]		
衝|冲|chong1~3	0	要衝	要冲	yao4 chong1	要衝|要冲|yao4 chong1	1	這座城市是南北交通的要衝。	这座城市是南北交通的要冲。	要衝	[[10, 12]]		
表|表|biao3~2	0	表示	表示	biao3 shi4	表示|表示|biao3 shi4	1	他點頭表示同意。	他点头表示同意。	表示	[[3, 5]]		
表|表|biao3~2	1	表達	表达	biao3 da2	表達|表达|biao3 da2	1	他不太會表達自己的感情。	他不太会表达自己的感情。	表達	[[4, 6]]		
表|表|biao3~2	2	表明	表明	biao3 ming2	表明|表明|biao3 ming2	1	這件事表明他說的是真的。	这件事表明他说的是真的。	表明	[[3, 5]]		
表|表|biao3~3	0	表面	表面	biao3 mian4	表面|表面|biao3 mian4	1	湖水的表面結了冰。	湖水的表面结了冰。	表面	[[3, 5]]		
表|表|biao3~3	1	外表	外表	wai4 biao3	外表|外表|wai4 biao3	1	不能只看一個人的外表。	不能只看一个人的外表。	外表	[[8, 10]]		
表|表|biao3~4	0	表哥	表哥	biao3 ge1	表哥|表哥|biao3 ge1	1	我表哥下個月結婚。	我表哥下个月结婚。	表哥	[[1, 3]]		
表|表|biao3~4	1	表姐	表姐	biao3 jie3	表姐|表姐|biao3 jie3	1	表姐比我大三歲。	表姐比我大三岁。	表姐	[[0, 2]]		
表|表|biao3~5	0	電表	电表	dian4 biao3	電表|电表|dian4 biao3	1	每個月都有人來看電表。	每个月都有人来看电表。	電表	[[8, 10]]		
表|表|biao3~5	1	水表	水表	shui3 biao3	水表|水表|shui3 biao3	1	水表就裝在門外面。	水表就装在门外面。	水表	[[0, 2]]		
表|表|biao3~6	0	表率	表率	biao3 shuai4	表率|表率|biao3 shuai4	1	老師應該做學生的表率。	老师应该做学生的表率。	表率	[[8, 10]]		
表|表|biao3~6	1	師表	师表	shi1 biao3	師表|师表|shi1 biao3	1	他一生為人師表。	他一生为人师表。	師表	[[5, 7]]		
被|被|bei4~2	0	被子	被子	bei4 zi5	被子|被子|bei4 zi5	1	天冷了，媽媽給我加了一床被子。	天冷了，妈妈给我加了一床被子。	被子	[[12, 14]]		
被|被|bei4~2	1	棉被	棉被	mian2 bei4	棉被|棉被|mian2 bei4	1	冬天蓋棉被，晚上不怕冷。	冬天盖棉被，晚上不怕冷。	棉被	[[3, 5]]		
被|被|bei4~2	2	被單	被单	bei4 dan1	被單|被单|bei4 dan1	1	她每個星期都要換被單。	她每个星期都要换被单。	被單	[[8, 10]]		
被|被|bei4~4	0	植被	植被	zhi2 bei4	植被|植被|zhi2 bei4	1	山上的植被保護得很好。	山上的植被保护得很好。	植被	[[3, 5]]		
裝|装|zhuang1~4	0	服裝	服装	fu2 zhuang1	服裝|服装|fu2 zhuang1	1	這家店的服裝賣得很好。	这家店的服装卖得很好。	服裝	[[4, 6]]		
裝|装|zhuang1~4	1	西裝	西装	xi1 zhuang1	西裝|西装|xi1 zhuang1	1	他穿著一套黑色西裝。	他穿着一套黑色西装。	西裝	[[7, 9]]		
裝|装|zhuang1~4	2	時裝	时装	shi2 zhuang1	時裝|时装|shi2 zhuang1	1	那本雜誌上都是時裝照片。	那本杂志上都是时装照片。	時裝	[[7, 9]]		
裝|装|zhuang1~5	0	裝飾	装饰	zhuang1 shi4	裝飾|装饰|zhuang1 shi4	1	他們用花來裝飾房間。	他们用花来装饰房间。	裝飾	[[5, 7]]		
裝|装|zhuang1~5	1	裝扮	装扮	zhuang1 ban4	裝扮|装扮|zhuang1 ban4	1	過節時她總喜歡好好裝扮一下。	过节时她总喜欢好好装扮一下。	裝扮	[[9, 11]]		
裡|里|li3~2	0	裡子	里子	li3 zi5	裡子|里子|li3 zi5	1	這件大衣的裡子破了。	这件大衣的里子破了。	裡子	[[5, 7]]		
製|制|zhi4~1	0	製造	制造	zhi4 zao4	製造|制造|zhi4 zao4	1	這家工廠製造汽車零件。	这家工厂制造汽车零件。	製造	[[4, 6]]		
製|制|zhi4~1	1	製作	制作	zhi4 zuo4	製作|制作|zhi4 zuo4	1	他花了三天製作這個模型。	他花了三天制作这个模型。	製作	[[5, 7]]		
製|制|zhi4~1	2	複製	复制	fu4 zhi4	複製|复制|fu4 zhi4	1	這張照片可以複製很多份。	这张照片可以复制很多份。	複製	[[6, 8]]		
要|要|yao1~1	0	要求	要求	yao1 qiu2	要求|要求|yao1 qiu2	1	老師要求我們每天讀一篇文章。	老师要求我们每天读一篇文章。	要求	[[2, 4]]		
要|要|yao1~1	1	要挾	要挟	yao1 xie2	要挾|要挟|yao1 xie2	1	他用這件事要挾我，讓我不敢說話。	他用这件事要挟我，让我不敢说话。	要挾	[[5, 7]]		
要|要|yao4~4	0	重要	重要	zhong4 yao4	重要|重要|zhong4 yao4	1	身體健康比什麼都重要。	身体健康比什么都重要。	重要	[[8, 10]]		
要|要|yao4~4	1	主要	主要	zhu3 yao4	主要|主要|zhu3 yao4	1	他不來的主要原因是工作太忙。	他不来的主要原因是工作太忙。	主要	[[4, 6]]		
要|要|yao4~4	2	要點	要点	yao4 dian3	要點|要点|yao4 dian3	1	請把報告的要點寫下來。	请把报告的要点写下来。	要點	[[5, 7]]		
見|见|jian4~8	0	意見	意见	yi4 jian4	意見|意见|yi4 jian4	1	請大家提出自己的意見。	请大家提出自己的意见。	意見	[[8, 10]]		
見|见|jian4~8	1	見解	见解	jian4 jie3	見解|见解|jian4 jie3	1	他的見解跟別人很不一樣。	他的见解跟别人很不一样。	見解	[[2, 4]]		
見|见|jian4~8	2	偏見	偏见	pian1 jian4	偏見|偏见|pian1 jian4	1	不要對不認識的人有偏見。	不要对不认识的人有偏见。	偏見	[[9, 11]]		
見|见|jian4~9	0	見效	见效	jian4 xiao4	見效|见效|jian4 xiao4	1	這種藥吃了三天就見效了。	这种药吃了三天就见效了。	見效	[[8, 10]]		
視|视|shi4~1	0	注視	注视	zhu4 shi4	注視|注视|zhu4 shi4	1	大家都注視著臺上的表演。	大家都注视着台上的表演。	注視	[[3, 5]]		
視|视|shi4~1	1	監視	监视	jian1 shi4	監視|监视|jian1 shi4	1	警察在附近監視那家店。	警察在附近监视那家店。	監視	[[5, 7]]		
視|视|shi4~1	2	視線	视线	shi4 xian4	視線|视线|shi4 xian4	1	他的視線一直跟著那隻貓。	他的视线一直跟着那只猫。	視線	[[2, 4]]		
親|亲|qin1~1	0	父親	父亲	fu4 qin1	父親|父亲|fu4 qin1	1	我父親在銀行工作。	我父亲在银行工作。	父親	[[1, 3]]		
親|亲|qin1~1	1	母親	母亲	mu3 qin1	母親|母亲|mu3 qin1	1	她的母親是一位老師。	她的母亲是一位老师。	母親	[[2, 4]]		
親|亲|qin1~1	2	雙親	双亲	shuang1 qin1	雙親|双亲|shuang1 qin1	1	他每年都會陪雙親出去走走。	他每年都会陪双亲出去走走。	雙親	[[6, 8]]		
親|亲|qin1~2	0	親人	亲人	qin1 ren2	親人|亲人|qin1 ren2	1	他一個人在城市裡生活，沒有親人。	他一个人在城市里生活，没有亲人。	親人	[[13, 15]]		
親|亲|qin1~2	1	親戚	亲戚	qin1 qi5	親戚|亲戚|qin1 qi5	1	過年的時候，家裡來了很多親戚。	过年的时候，家里来了很多亲戚。	親戚	[[12, 14]]		
親|亲|qin1~2	2	親生	亲生	qin1 sheng1	親生|亲生|qin1 sheng1	1	她從小就沒見過親生父母。	她从小就没见过亲生父母。	親生	[[7, 9]]		
親|亲|qin1~5	0	親自	亲自	qin1 zi4	親自|亲自|qin1 zi4	1	校長親自到車站接他們。	校长亲自到车站接他们。	親自	[[2, 4]]		
親|亲|qin1~5	1	親眼	亲眼	qin1 yan3	親眼|亲眼|qin1 yan3	1	事情的經過我是親眼看見的。	事情的经过我是亲眼看见的。	親眼	[[7, 9]]		
親|亲|qin1~5	2	親手	亲手	qin1 shou3	親手|亲手|qin1 shou3	1	他親手把禮物交給了老師。	他亲手把礼物交给了老师。	親手	[[1, 3]]		
親|亲|qin1~6	0	親事	亲事	qin1 shi4	親事|亲事|qin1 shi4	1	他們家正在商量兒子的親事。	他们家正在商量儿子的亲事。	親事	[[10, 12]]		
親|亲|qin1~6	1	成親	成亲	cheng2 qin1	成親|成亲|cheng2 qin1	1	兩個年輕人明年就要成親了。	两个年轻人明年就要成亲了。	成親	[[9, 11]]		
親|亲|qin1~6	2	相親	相亲	xiang1 qin1	相親|相亲|xiang1 qin1	1	媽媽安排他星期天去相親。	妈妈安排他星期天去相亲。	相親	[[9, 11]]		
親|亲|qing4~1	0	親家	亲家	qing4 jia5	親家|亲家|qing4 jia5	1	女兒結婚後，兩家的父母成了親家。	女儿结婚后，两家的父母成了亲家。	親家	[[13, 15]]		
親|亲|qing4~1	1	親家母	亲家母	qing4 jia5 mu3	親家母|亲家母|qing4 jia5 mu3	1	他常跟親家母一起帶孫子。	他常跟亲家母一起带孙子。	親家母	[[3, 6]]		
覺|觉|jue2~1	0	覺得	觉得	jue2 de5	覺得|觉得|jue2 de5	1	我覺得這個辦法不錯。	我觉得这个办法不错。	覺得	[[1, 3]]		
覺|觉|jue2~1	1	感覺	感觉	gan3 jue2	感覺|感觉|gan3 jue2	1	外面的風讓人感覺很冷。	外面的风让人感觉很冷。	感覺	[[6, 8]]		
覺|觉|jue2~1	2	發覺	发觉	fa1 jue2	發覺|发觉|fa1 jue2	1	他發覺自己走錯了路。	他发觉自己走错了路。	發覺	[[1, 3]]		
覺|觉|jue2~2	0	覺悟	觉悟	jue2 wu4	覺悟|觉悟|jue2 wu4	1	他終於覺悟，決定重新做人。	他终于觉悟，决定重新做人。	覺悟	[[3, 5]]		
覺|觉|jue2~2	1	覺醒	觉醒	jue2 xing3	覺醒|觉醒|jue2 xing3	1	越來越多的人開始覺醒。	越来越多的人开始觉醒。	覺醒	[[8, 10]]		
角|角|jue2~1	0	角色	角色	jue2 se4	角色|角色|jue2 se4	1	這個角色不容易演。	这个角色不容易演。	角色	[[2, 4]]		
角|角|jue2~1	1	主角	主角	zhu3 jue2	主角|主角|zhu3 jue2	1	她是這部電影的主角。	她是这部电影的主角。	主角	[[7, 9]]		
角|角|jue2~1	2	配角	配角	pei4 jue2	配角|配角|pei4 jue2	1	他常演配角，也很受歡迎。	他常演配角，也很受欢迎。	配角	[[3, 5]]		
角|角|jue2~2	0	角逐	角逐	jue2 zhu2	角逐|角逐|jue2 zhu2	1	幾家公司在市場上角逐。	几家公司在市场上角逐。	角逐	[[8, 10]]		
角|角|jue2~2	1	角力	角力	jue2 li4	角力|角力|jue2 li4	1	兩國在這個地區長期角力。	两国在这个地区长期角力。	角力	[[9, 11]]		
解|解|jie3~4	0	了解	了解	liao3 jie3	了解|了解|liao3 jie3	1	我對他的情況不太了解。	我对他的情况不太了解。	了解	[[8, 10]]		
解|解|jie3~4	1	理解	理解	li3 jie3	理解|理解|li3 jie3	1	他的做法我完全能理解。	他的做法我完全能理解。	理解	[[8, 10]]		
解|解|jie3~5	0	分解	分解	fen1 jie3	分解|分解|fen1 jie3	1	這個動作可以分解成三步。	这个动作可以分解成三步。	分解	[[6, 8]]		
解|解|jie3~5	1	溶解	溶解	rong2 jie3	溶解|溶解|rong2 jie3	1	糖在熱水裡很快就溶解了。	糖在热水里很快就溶解了。	溶解	[[8, 10]]		
解|解|jie3~5	2	解剖	解剖	jie3 pou1	解剖|解剖|jie3 pou1	1	學生在課上解剖了一隻青蛙。	学生在课上解剖了一只青蛙。	解剖	[[5, 7]]		
解|解|jie3~6	0	解渴	解渴	jie3 ke3	解渴|解渴|jie3 ke3	1	天熱的時候喝茶最解渴。	天热的时候喝茶最解渴。	解渴	[[8, 10]]		
解|解|jie3~6	1	解毒	解毒	jie3 du2	解毒|解毒|jie3 du2	1	這種藥可以解毒，救了不少人。	这种药可以解毒，救了不少人。	解毒	[[5, 7]]		
解|解|jie4~1	0	押解	押解	ya1 jie4	押解|押解|ya1 jie4	1	兩名警察押解犯人上車。	两名警察押解犯人上车。	押解	[[4, 6]]		
言|言|yan2~1	0	語言	语言	yu3 yan2	語言|语言|yu3 yan2	1	學一門新的語言很不容易。	学一门新的语言很不容易。	語言	[[5, 7]]	名	名
言|言|yan2~1	1	名言	名言	ming2 yan2	名言|名言|ming2 yan2	1	這句名言很多人都聽過。	这句名言很多人都听过。	名言	[[2, 4]]	名	名
言|言|yan2~1	2	發言	发言	fa1 yan2	發言|发言|fa1 yan2	1	會上他第一個發言。	会上他第一个发言。	發言	[[6, 8]]	動	动
言|言|yan2~1	3	預言	预言	yu4 yan2	預言|预言|yu4 yan2	1	沒有人能預言將來的事。	没有人能预言将来的事。	預言	[[4, 6]]	動	动
計|计|ji4~1	0	計算	计算	ji4 suan4	計算|计算|ji4 suan4	1	請你計算一下總共要多少錢。	请你计算一下总共要多少钱。	計算	[[2, 4]]		
計|计|ji4~1	1	統計	统计	tong3 ji4	統計|统计|tong3 ji4	1	學校統計了學生的人數。	学校统计了学生的人数。	統計	[[2, 4]]		
計|计|ji4~2	0	計劃	计划	ji4 hua4	計劃|计划|ji4 hua4	1	我們的旅行計劃已經定好了。	我们的旅行计划已经定好了。	計劃	[[5, 7]]		
計|计|ji4~2	1	妙計	妙计	miao4 ji4	妙計|妙计|miao4 ji4	1	他想出了一個妙計。	他想出了一个妙计。	妙計	[[6, 8]]		
計|计|ji4~2	2	中計	中计	zhong4 ji4	中計|中计|zhong4 ji4	1	對方很快就中計了。	对方很快就中计了。	中計	[[5, 7]]		
計|计|ji4~3	0	溫度計	温度计	wen1 du4 ji4	溫度計|温度计|wen1 du4 ji4	1	房間裡放著一支溫度計。	房间里放着一支温度计。	溫度計	[[7, 10]]		
計|计|ji4~3	1	血壓計	血压计	xue4 ya1 ji4	血壓計|血压计|xue4 ya1 ji4	1	醫生用血壓計檢查他的身體。	医生用血压计检查他的身体。	血壓計	[[3, 6]]		
計|计|ji4~4	0	計較	计较	ji4 jiao4	計較|计较|ji4 jiao4	1	他不會為了小事跟人計較。	他不会为了小事跟人计较。	計較	[[9, 11]]		
記|记|ji4~3	0	標記	标记	biao1 ji4	標記|标记|biao1 ji4	1	地圖上的紅點是重要的標記。	地图上的红点是重要的标记。	標記	[[10, 12]]		
記|记|ji4~3	1	印記	印记	yin4 ji4	印記|印记|yin4 ji4	1	車輪在雪地上留下了印記。	车轮在雪地上留下了印记。	印記	[[9, 11]]		
許|许|xu3~2	0	也許	也许	ye3 xu3	也許|也许|ye3 xu3	1	他也許已經回家了。	他也许已经回家了。	也許	[[1, 3]]		
許|许|xu3~2	1	或許	或许	huo4 xu3	或許|或许|huo4 xu3	1	這個問題或許還有別的辦法。	这个问题或许还有别的办法。	或許	[[4, 6]]		
許|许|xu3~3	0	許願	许愿	xu3 yuan4	許願|许愿|xu3 yuan4	1	他許願今年一定要考上大學。	他许愿今年一定要考上大学。	許願	[[1, 3]]		
許|许|xu3~3	1	許諾	许诺	xu3 nuo4	許諾|许诺|xu3 nuo4	1	他這個人從不隨便許諾。	他这个人从不随便许诺。	許諾	[[8, 10]]		
許|许|xu3~4	0	少許	少许	shao3 xu3	少許|少许|shao3 xu3	1	湯裡加少許鹽就夠了。	汤里加少许盐就够了。	少許	[[3, 5]]		
許|许|xu3~4	1	些許	些许	xie1 xu3	些許|些许|xie1 xu3	1	他對結果有些許失望。	他对结果有些许失望。	些許	[[5, 7]]		
許|许|xu3~5	0	讚許	赞许	zan4 xu3	讚許|赞许|zan4 xu3	1	老師對他的表現十分讚許。	老师对他的表现十分赞许。	讚許	[[9, 11]]		
許|许|xu3~5	1	稱許	称许	cheng1 xu3	稱許|称许|cheng1 xu3	1	他的努力受到大家稱許。	他的努力受到大家称许。	稱許	[[8, 10]]		
註|注|zhu4~2	0	註冊	注册	zhu4 ce4	註冊|注册|zhu4 ce4	1	新生要先到學校註冊。	新生要先到学校注册。	註冊	[[7, 9]]		
註|注|zhu4~2	1	註銷	注销	zhu4 xiao1	註銷|注销|zhu4 xiao1	1	這張卡已經註銷了。	这张卡已经注销了。	註銷	[[5, 7]]		
試|试|shi4~2	0	考試	考试	kao3 shi4	考試|考试|kao3 shi4	1	明天有一場很重要的考試。	明天有一场很重要的考试。	考試	[[9, 11]]		
試|试|shi4~2	1	面試	面试	mian4 shi4	面試|面试|mian4 shi4	1	這次面試他表現得很好。	这次面试他表现得很好。	面試	[[2, 4]]		
試|试|shi4~2	2	筆試	笔试	bi3 shi4	筆試|笔试|bi3 shi4	1	筆試的成績已經出來了。	笔试的成绩已经出来了。	筆試	[[0, 2]]		
語|语|yu3~1	0	語言	语言	yu3 yan2	語言|语言|yu3 yan2	1	他會說三種語言。	他会说三种语言。	語言	[[5, 7]]		
語|语|yu3~1	1	英語	英语	Ying1 yu3	英語|英语|Ying1 yu3	1	她的英語說得很流利。	她的英语说得很流利。	英語	[[2, 4]]		
語|语|yu3~1	2	成語	成语	cheng2 yu3	成語|成语|cheng2 yu3	1	老師教了我們幾個成語。	老师教了我们几个成语。	成語	[[8, 10]]		
說|说|shui4~1	0	遊說	游说	you2 shui4	遊說|游说|you2 shui4	1	他到處遊說議員，希望他們支持這個計劃。	他到处游说议员，希望他们支持这个计划。	遊說	[[3, 5]]		
說|说|shui4~1	1	說客	说客	shui4 ke4	說客|说客|shui4 ke4	1	對方派來的說客沒有改變我們的決定。	对方派来的说客没有改变我们的决定。	說客	[[5, 7]]		
說|说|shuo1~3	0	學說	学说	xue2 shuo1	學說|学说|xue2 shuo1	1	這位科學家的學說影響很大。	这位科学家的学说影响很大。	學說	[[6, 8]]		
說|说|shuo1~3	1	假說	假说	jia3 shuo1	假說|假说|jia3 shuo1	1	他提出了一個新的假說。	他提出了一个新的假说。	假說	[[8, 10]]		
調|调|diao4~2	0	調查	调查	diao4 cha2	調查|调查|diao4 cha2	1	警方正在調查這件事。	警方正在调查这件事。	調查	[[4, 6]]		
調|调|diao4~2	1	民調	民调	min2 diao4	民調|民调|min2 diao4	1	最新的民調結果出來了。	最新的民调结果出来了。	民調	[[3, 5]]		
調|调|diao4~5	0	論調	论调	lun4 diao4	論調|论调|lun4 diao4	1	這種論調我不能同意。	这种论调我不能同意。	論調	[[2, 4]]		
調|调|diao4~5	1	唱反調	唱反调	chang4 fan3 diao4	唱反調|唱反调|chang4 fan3 diao4	1	他總是喜歡唱反調。	他总是喜欢唱反调。	唱反調	[[5, 8]]		
調|调|tiao2~3	0	調解	调解	tiao2 jie3	調解|调解|tiao2 jie3	1	這件事最後由學校調解。	这件事最后由学校调解。	調解	[[8, 10]]		
調|调|tiao2~3	1	調停	调停	tiao2 ting2	調停|调停|tiao2 ting2	1	雙方請他出來調停。	双方请他出来调停。	調停	[[6, 8]]		
調|调|tiao2~4	0	調侃	调侃	tiao2 kan3	調侃|调侃|tiao2 kan3	1	他喜歡調侃身邊的朋友。	他喜欢调侃身边的朋友。	調侃	[[3, 5]]		
調|调|tiao2~4	1	調笑	调笑	tiao2 xiao4	調笑|调笑|tiao2 xiao4	1	同事之間常常互相調笑。	同事之间常常互相调笑。	調笑	[[8, 10]]		
論|论|lun4~1	0	理論	理论	li3 lun4	理論|理论|li3 lun4	1	這個理論很難懂。	这个理论很难懂。	理論	[[2, 4]]		
論|论|lun4~1	1	結論	结论	jie2 lun4	結論|结论|jie2 lun4	1	我們還沒有得出結論。	我们还没有得出结论。	結論	[[7, 9]]		
論|论|lun4~1	2	言論	言论	yan2 lun4	言論|言论|yan2 lun4	1	每個人都有言論的自由。	每个人都有言论的自由。	言論	[[5, 7]]		
諾|诺|nuo4~1	0	承諾	承诺	cheng2 nuo4	承諾|承诺|cheng2 nuo4	1	他承諾明天一定把書還我。	他承诺明天一定把书还我。	承諾	[[1, 3]]		
諾|诺|nuo4~1	1	允諾	允诺	yun3 nuo4	允諾|允诺|yun3 nuo4	1	父親允諾送我一輛新車。	父亲允诺送我一辆新车。	允諾	[[2, 4]]		
謝|谢|xie4~1	0	謝謝	谢谢	xie4 xie5	謝謝|谢谢|xie4 xie5	1	謝謝你今天的幫助。	谢谢你今天的帮助。	謝謝	[[0, 2]]		
謝|谢|xie4~1	1	感謝	感谢	gan3 xie4	感謝|感谢|gan3 xie4	1	我十分感謝老師的關心。	我十分感谢老师的关心。	感謝	[[3, 5]]		
謝|谢|xie4~1	2	道謝	道谢	dao4 xie4	道謝|道谢|dao4 xie4	1	他離開前向大家道謝。	他离开前向大家道谢。	道謝	[[7, 9]]		
謝|谢|xie4~3	0	謝絕	谢绝	xie4 jue2	謝絕|谢绝|xie4 jue2	1	他謝絕了對方的邀請。	他谢绝了对方的邀请。	謝絕	[[1, 3]]		
謝|谢|xie4~4	0	謝罪	谢罪	xie4 zui4	謝罪|谢罪|xie4 zui4	1	他親自上門謝罪。	他亲自上门谢罪。	謝罪	[[5, 7]]		
警|警|jing3~1	0	警方	警方	jing3 fang1	警方|警方|jing3 fang1	1	警方很快就找到了他。	警方很快就找到了他。	警方	[[0, 2]]		
警|警|jing3~1	1	警車	警车	jing3 che1	警車|警车|jing3 che1	1	一輛警車停在門口。	一辆警车停在门口。	警車	[[2, 4]]		
警|警|jing3~1	2	交警	交警	jiao1 jing3	交警|交警|jiao1 jing3	1	交警在路口指揮交通。	交警在路口指挥交通。	交警	[[0, 2]]		
警|警|jing3~2	0	警告	警告	jing3 gao4	警告|警告|jing3 gao4	1	老師警告他不要再遲到。	老师警告他不要再迟到。	警告	[[2, 4]]		
警|警|jing3~2	1	警報	警报	jing3 bao4	警報|警报|jing3 bao4	1	聽到警報，大家馬上離開。	听到警报，大家马上离开。	警報	[[2, 4]]		
警|警|jing3~2	2	警示	警示	jing3 shi4	警示|警示|jing3 shi4	1	這件事給了我們很大的警示。	这件事给了我们很大的警示。	警示	[[10, 12]]		
讀|读|dou4~1	0	句讀	句读	ju4 dou4	句讀|句读|ju4 dou4	1	這篇古文的句讀很難確定。	这篇古文的句读很难确定。	句讀	[[5, 7]]		
變|变|bian4~2	0	政變	政变	zheng4 bian4	政變|政变|zheng4 bian4	1	那次政變之後，國王失去了權力。	那次政变之后，国王失去了权力。	政變	[[2, 4]]		
變|变|bian4~2	1	兵變	兵变	bing1 bian4	兵變|兵变|bing1 bian4	1	軍隊在半夜發生了兵變。	军队在半夜发生了兵变。	兵變	[[8, 10]]		
變|变|bian4~2	2	事變	事变	shi4 bian4	事變|事变|shi4 bian4	1	報紙上報道了這次事變的經過。	报纸上报道了这次事变的经过。	事變	[[8, 10]]		
象|象|xiang4~2	0	現象	现象	xian4 xiang4	現象|现象|xian4 xiang4	1	這種現象最近越來越多。	这种现象最近越来越多。	現象	[[2, 4]]		
象|象|xiang4~2	1	形象	形象	xing2 xiang4	形象|形象|xing2 xiang4	1	這位歌手的形象很好。	这位歌手的形象很好。	形象	[[5, 7]]		
象|象|xiang4~2	2	印象	印象	yin4 xiang4	印象|印象|yin4 xiang4	1	他給我的印象不錯。	他给我的印象不错。	印象	[[4, 6]]		
象|象|xiang4~3	0	象形	象形	xiang4 xing2	象形|象形|xiang4 xing2	1	「山」是一個象形字。	「山」是一个象形字。	象形	[[6, 8]]		
象|象|xiang4~3	1	象聲詞	象声词	xiang4 sheng1 ci2	象聲詞|象声词|xiang4 sheng1 ci2	1	這句話裡用了兩個象聲詞。	这句话里用了两个象声词。	象聲詞	[[8, 11]]		
貝|贝|bei4~1	0	貝殼	贝壳	bei4 ke2	貝殼|贝壳|bei4 ke2	1	孩子在海邊撿了很多貝殼。	孩子在海边捡了很多贝壳。	貝殼	[[9, 11]]		
貝|贝|bei4~1	1	扇貝	扇贝	shan4 bei4	扇貝|扇贝|shan4 bei4	1	這家店的扇貝很好吃。	这家店的扇贝很好吃。	扇貝	[[4, 6]]		
負|负|fu4~1	0	負責	负责	fu4 ze2	負責|负责|fu4 ze2	1	這個項目由他負責。	这个项目由他负责。	負責	[[6, 8]]		
負|负|fu4~1	1	負擔	负担	fu4 dan1	負擔|负担|fu4 dan1	1	他一個人負擔全家的生活。	他一个人负担全家的生活。	負擔	[[4, 6]]		
負|负|fu4~1	2	負債	负债	fu4 zhai4	負債|负债|fu4 zhai4	1	那家公司負債很多。	那家公司负债很多。	負債	[[4, 6]]		
負|负|fu4~4	0	辜負	辜负	gu1 fu4	辜負|辜负|gu1 fu4	1	他沒有辜負父母的希望。	他没有辜负父母的希望。	辜負	[[3, 5]]		
負|负|fu4~4	1	忘恩負義	忘恩负义	wang4 en1 fu4 yi4	忘恩負義|忘恩负义|wang4 en1 fu4 yi4	1	這種忘恩負義的人不值得幫。	这种忘恩负义的人不值得帮。	忘恩負義	[[2, 6]]		
負|负|fu4~5	0	背負	背负	bei1 fu4	背負|背负|bei1 fu4	1	他背負著很重的東西上山。	他背负着很重的东西上山。	背負	[[1, 3]]		
負|负|fu4~5	1	負重	负重	fu4 zhong4	負重|负重|fu4 zhong4	1	士兵負重跑了十公里。	士兵负重跑了十公里。	負重	[[2, 4]]		
貴|贵|gui4~2	0	珍貴	珍贵	zhen1 gui4	珍貴|珍贵|zhen1 gui4	1	這些老照片十分珍貴。	这些老照片十分珍贵。	珍貴	[[7, 9]]		
貴|贵|gui4~2	1	寶貴	宝贵	bao3 gui4	寶貴|宝贵|bao3 gui4	1	他給了我很多寶貴的意見。	他给了我很多宝贵的意见。	寶貴	[[6, 8]]		
貴|贵|gui4~2	2	貴重	贵重	gui4 zhong4	貴重|贵重|gui4 zhong4	1	貴重的東西請自己收好。	贵重的东西请自己收好。	貴重	[[0, 2]]		
貴|贵|gui4~3	0	貴族	贵族	gui4 zu2	貴族|贵族|gui4 zu2	1	那時候只有貴族能讀書。	那时候只有贵族能读书。	貴族	[[5, 7]]		
貴|贵|gui4~3	1	高貴	高贵	gao1 gui4	高貴|高贵|gao1 gui4	1	這種花給人高貴的感覺。	这种花给人高贵的感觉。	高貴	[[5, 7]]		
貴|贵|gui4~3	2	富貴	富贵	fu4 gui4	富貴|富贵|fu4 gui4	1	他從小過著富貴的生活。	他从小过着富贵的生活。	富貴	[[5, 7]]		
貴|贵|gui4~4	0	貴姓	贵姓	gui4 xing4	貴姓|贵姓|gui4 xing4	1	第一次見面，他先問我貴姓。	第一次见面，他先问我贵姓。	貴姓	[[10, 12]]	問姓	问姓
貴|贵|gui4~4	1	貴庚	贵庚	gui4 geng1	貴庚|贵庚|gui4 geng1	1	老先生，請問您貴庚？	老先生，请问您贵庚？	貴庚	[[7, 9]]	問年齡	问年龄
費|费|fei4~2	0	費用	费用	fei4 yong4	費用|费用|fei4 yong4	1	修理汽車的費用不低。	修理汽车的费用不低。	費用	[[5, 7]]		
費|费|fei4~2	1	學費	学费	xue2 fei4	學費|学费|xue2 fei4	1	他每年都要交一大筆學費。	他每年都要交一大笔学费。	學費	[[9, 11]]		
費|费|fei4~2	2	小費	小费	xiao3 fei4	小費|小费|xiao3 fei4	1	客人走的時候留下了小費。	客人走的时候留下了小费。	小費	[[9, 11]]		
資料|资料|zi1 liao4~2	0	生產資料	生产资料	sheng1 chan3 zi1 liao4	生產資料|生产资料|sheng1 chan3 zi1 liao4	1	工廠的生產資料都歸公司所有。	工厂的生产资料都归公司所有。	生產資料	[[3, 7]]		
資料|资料|zi1 liao4~2	1	生活資料	生活资料	sheng1 huo2 zi1 liao4	生活資料|生活资料|sheng1 huo2 zi1 liao4	1	這些生活資料都由政府提供。	这些生活资料都由政府提供。	生活資料	[[2, 6]]		
賣|卖|mai4~3	0	賣力	卖力	mai4 li4	賣力|卖力|mai4 li4	1	他做起事來特別賣力。	他做起事来特别卖力。	賣力	[[7, 9]]		
賣|卖|mai4~3	1	賣命	卖命	mai4 ming4	賣命|卖命|mai4 ming4	1	沒有人願意為老闆賣命。	没有人愿意为老板卖命。	賣命	[[8, 10]]		
賣|卖|mai4~4	0	賣弄	卖弄	mai4 nong5	賣弄|卖弄|mai4 nong5	1	他總喜歡在人前賣弄學問。	他总喜欢在人前卖弄学问。	賣弄	[[7, 9]]		
賽|赛|sai4~1	0	比賽	比赛	bi3 sai4	比賽|比赛|bi3 sai4	1	這兩隊下星期六比賽。	这两队下星期六比赛。	比賽	[[7, 9]]	動	动
賽|赛|sai4~1	1	球賽	球赛	qiu2 sai4	球賽|球赛|qiu2 sai4	1	昨天的球賽我看到最後。	昨天的球赛我看到最后。	球賽	[[3, 5]]	名	名
賽|赛|sai4~1	2	賽跑	赛跑	sai4 pao3	賽跑|赛跑|sai4 pao3	1	他們在公園裡賽跑。	他们在公园里赛跑。	賽跑	[[6, 8]]	動	动
走|走|zou3~3	0	拿走	拿走	na2 zou3	拿走|拿走|na2 zou3	1	你的東西記得拿走。	你的东西记得拿走。	拿走	[[6, 8]]		
走|走|zou3~3	1	帶走	带走	dai4 zou3	帶走|带走|dai4 zou3	1	警察把那個男人帶走了。	警察把那个男人带走了。	帶走	[[7, 9]]		
走|走|zou3~3	2	搬走	搬走	ban1 zou3	搬走|搬走|ban1 zou3	1	他們家去年就搬走了。	他们家去年就搬走了。	搬走	[[6, 8]]		
走|走|zou3~7	0	走樣	走样	zou3 yang4	走樣|走样|zou3 yang4	1	這張照片照得有點走樣。	这张照片照得有点走样。	走樣	[[8, 10]]		
走|走|zou3~7	1	走調	走调	zou3 diao4	走調|走调|zou3 diao4	1	他一緊張唱歌就走調。	他一紧张唱歌就走调。	走調	[[7, 9]]		
走|走|zou3~7	2	走味	走味	zou3 wei4	走味|走味|zou3 wei4	1	茶放久了會走味。	茶放久了会走味。	走味	[[5, 7]]		
起|起|qi3~6	0	起草	起草	qi3 cao3	起草|起草|qi3 cao3	1	這份文件是他起草的。	这份文件是他起草的。	起草	[[6, 8]]		
起|起|qi3~6	1	起程	起程	qi3 cheng2	起程|起程|qi3 cheng2	1	我們明天一早起程。	我们明天一早起程。	起程	[[6, 8]]		
起|起|qi3~6	2	起步	起步	qi3 bu4	起步|起步|qi3 bu4	1	公司剛起步，事情特別多。	公司刚起步，事情特别多。	起步	[[3, 5]]		
超|超|chao1~2	0	超級	超级	chao1 ji2	超級|超级|chao1 ji2	1	他是我心中的超級英雄。	他是我心中的超级英雄。	超級	[[6, 8]]		
超|超|chao1~2	1	超人	超人	chao1 ren2	超人|超人|chao1 ren2	1	他做起事來像個超人。	他做起事来像个超人。	超人	[[7, 9]]		
超|超|chao1~2	2	超能力	超能力	chao1 neng2 li4	超能力|超能力|chao1 neng2 li4	1	電影裡的主角有超能力。	电影里的主角有超能力。	超能力	[[7, 10]]		
越|越|yue4~2	0	越過	越过	yue4 guo4	越過|越过|yue4 guo4	1	那隻貓一下就越過了牆。	那只猫一下就越过了墙。	越過	[[6, 8]]		
越|越|yue4~2	1	穿越	穿越	chuan1 yue4	穿越|穿越|chuan1 yue4	1	這條路穿越整座森林。	这条路穿越整座森林。	穿越	[[3, 5]]		
越|越|yue4~2	2	跨越	跨越	kua4 yue4	跨越|跨越|kua4 yue4	1	火車跨越了那條大河。	火车跨越了那条大河。	跨越	[[2, 4]]		
越|越|yue4~3	0	超越	超越	chao1 yue4	超越|超越|chao1 yue4	1	他的成績已經超越了同學。	他的成绩已经超越了同学。	超越	[[6, 8]]		
越|越|yue4~3	1	越權	越权	yue4 quan2	越權|越权|yue4 quan2	1	沒有經過同意，他就越權處理了。	没有经过同意，他就越权处理了。	越權	[[9, 11]]		
越|越|yue4~3	2	越界	越界	yue4 jie4	越界|越界|yue4 jie4	1	他開車越界，被警察發現了。	他开车越界，被警察发现了。	越界	[[3, 5]]		
足|足|zu2~1	0	足球	足球	zu2 qiu2	足球|足球|zu2 qiu2	1	他每天下午都去踢足球。	他每天下午都去踢足球。	足球	[[8, 10]]		
足|足|zu2~1	1	足跡	足迹	zu2 ji4	足跡|足迹|zu2 ji4	1	他們在雪地上留下了足跡。	他们在雪地上留下了足迹。	足跡	[[9, 11]]		
跟|跟|gen1~4	0	腳跟	脚跟	jiao3 gen1	腳跟|脚跟|jiao3 gen1	1	跑步以後腳跟很痛。	跑步以后脚跟很痛。	腳跟	[[4, 6]]		
跟|跟|gen1~4	1	高跟鞋	高跟鞋	gao1 gen1 xie2	高跟鞋|高跟鞋|gao1 gen1 xie2	1	她今天穿了一雙高跟鞋。	她今天穿了一双高跟鞋。	高跟鞋	[[7, 10]]		
身|身|shen1~2	0	本身	本身	ben3 shen1	本身|本身|ben3 shen1	1	這件事本身並不複雜。	这件事本身并不复杂。	本身	[[3, 5]]		
身|身|shen1~2	1	自身	自身	zi4 shen1	自身|自身|zi4 shen1	1	公司必須先看清自身的問題。	公司必须先看清自身的问题。	自身	[[7, 9]]		
身|身|shen1~2	2	親身	亲身	qin1 shen1	親身|亲身|qin1 shen1	1	這是我親身經歷過的事。	这是我亲身经历过的事。	親身	[[3, 5]]		
身|身|shen1~3	0	車身	车身	che1 shen1	車身|车身|che1 shen1	1	車身兩邊都印著公司的名字。	车身两边都印着公司的名字。	車身	[[0, 2]]		
身|身|shen1~3	1	機身	机身	ji1 shen1	機身|机身|ji1 shen1	1	這架飛機的機身是白色的。	这架飞机的机身是白色的。	機身	[[5, 7]]		
身|身|shen1~4	0	終身	终身	zhong1 shen1	終身|终身|zhong1 shen1	1	他打算終身不結婚。	他打算终身不结婚。	終身	[[3, 5]]		
身|身|shen1~4	1	獻身	献身	xian4 shen1	獻身|献身|xian4 shen1	1	他願意為科學獻身。	他愿意为科学献身。	獻身	[[6, 8]]		
身|身|shen1~6	0	修身	修身	xiu1 shen1	修身|修身|xiu1 shen1	1	做人先要學會修身。	做人先要学会修身。	修身	[[6, 8]]		
身|身|shen1~7	0	身孕	身孕	shen1 yun4	身孕|身孕|shen1 yun4	1	她已經有了六個月的身孕。	她已经有了六个月的身孕。	身孕	[[9, 11]]		
車|车|che1~2	0	風車	风车	feng1 che1	風車|风车|feng1 che1	1	這座風車靠風力發電。	这座风车靠风力发电。	風車	[[2, 4]]		
車|车|che1~2	1	紡車	纺车	fang3 che1	紡車|纺车|fang3 che1	1	博物館裡放著一臺舊紡車。	博物馆里放着一台旧纺车。	紡車	[[9, 11]]		
軍|军|jun1~1	0	軍人	军人	jun1 ren2	軍人|军人|jun1 ren2	1	那位軍人站得很直。	那位军人站得很直。	軍人	[[2, 4]]		
軍|军|jun1~1	1	海軍	海军	hai3 jun1	海軍|海军|hai3 jun1	1	他弟弟加入了海軍。	他弟弟加入了海军。	海軍	[[6, 8]]		
軍|军|jun1~1	2	軍隊	军队	jun1 dui4	軍隊|军队|jun1 dui4	1	軍隊已經開進了那座城市。	军队已经开进了那座城市。	軍隊	[[0, 2]]		
較|较|jiao4~3	0	比較	比较	bi3 jiao4	比較|比较|bi3 jiao4	1	他喜歡比較不同的說法。	他喜欢比较不同的说法。	比較	[[3, 5]]		
較|较|jiao4~3	1	較量	较量	jiao4 liang4	較量|较量|jiao4 liang4	1	兩隊在場上較量了一個下午。	两队在场上较量了一个下午。	較量	[[5, 7]]		
較|较|jiao4~4	0	計較	计较	ji4 jiao4	計較|计较|ji4 jiao4	1	這點小事你別跟他計較。	这点小事你别跟他计较。	計較	[[8, 10]]		
載|载|zai3~1	0	記載	记载	ji4 zai3	記載|记载|ji4 zai3	1	這本書記載了很多古代的事。	这本书记载了很多古代的事。	記載	[[3, 5]]		
載|载|zai3~1	1	刊載	刊载	kan1 zai3	刊載|刊载|kan1 zai3	1	這篇文章刊載在昨天的報紙上。	这篇文章刊载在昨天的报纸上。	刊載	[[4, 6]]		
載|载|zai3~1	2	轉載	转载	zhuan3 zai3	轉載|转载|zhuan3 zai3	1	這則消息被很多網站轉載。	这则消息被很多网站转载。	轉載	[[9, 11]]		
載|载|zai3~2	0	一年半載	一年半载	yi1 nian2 ban4 zai3	一年半載|一年半载|yi1 nian2 ban4 zai3	1	這件事一年半載也做不完。	这件事一年半载也做不完。	一年半載	[[3, 7]]		
載|载|zai3~2	1	千載難逢	千载难逢	qian1 zai3 nan2 feng2	千載難逢|千载难逢|qian1 zai3 nan2 feng2	1	這是個千載難逢的好機會。	这是个千载难逢的好机会。	千載難逢	[[3, 7]]		
載|载|zai4~2	0	載歌載舞	载歌载舞	zai4 ge1 zai4 wu3	載歌載舞|载歌载舞|zai4 ge1 zai4 wu3	1	晚會上大家載歌載舞，十分熱鬧。	晚会上大家载歌载舞，十分热闹。	載歌載舞	[[5, 9]]		
輕|轻|qing1~4	0	輕視	轻视	qing1 shi4	輕視|轻视|qing1 shi4	1	不要輕視任何一個對手。	不要轻视任何一个对手。	輕視	[[2, 4]]		
輕|轻|qing1~4	1	輕敵	轻敌	qing1 di2	輕敵|轻敌|qing1 di2	1	比賽中千萬不能輕敵。	比赛中千万不能轻敌。	輕敵	[[7, 9]]		
輕|轻|qing1~5	0	輕率	轻率	qing1 shuai4	輕率|轻率|qing1 shuai4	1	他辦事一向不輕率。	他办事一向不轻率。	輕率	[[6, 8]]		
輕|轻|qing1~5	1	輕浮	轻浮	qing1 fu2	輕浮|轻浮|qing1 fu2	1	這種說話方式顯得有點輕浮。	这种说话方式显得有点轻浮。	輕浮	[[10, 12]]		
輕|轻|qing1~6	0	輕聲	轻声	qing1 sheng1	輕聲|轻声|qing1 sheng1	1	這個字在詞裡要讀輕聲。	这个字在词里要读轻声。	輕聲	[[8, 10]]		
輪|轮|lun2~1	0	車輪	车轮	che1 lun2	車輪|车轮|che1 lun2	1	車輪在雪地上留下印子。	车轮在雪地上留下印子。	車輪	[[0, 2]]		
輪|轮|lun2~1	1	輪子	轮子	lun2 zi5	輪子|轮子|lun2 zi5	1	小車的輪子壞了一個。	小车的轮子坏了一个。	輪子	[[3, 5]]		
輪|轮|lun2~3	0	輪船	轮船	lun2 chuan2	輪船|轮船|lun2 chuan2	1	輪船正要開出港口。	轮船正要开出港口。	輪船	[[0, 2]]		
輪|轮|lun2~3	1	郵輪	邮轮	you2 lun2	郵輪|邮轮|you2 lun2	1	這艘郵輪能坐三千人。	这艘邮轮能坐三千人。	郵輪	[[2, 4]]		
辦|办|ban4~3	0	法辦	法办	fa3 ban4	法辦|法办|fa3 ban4	1	他犯了法，一定會被法辦。	他犯了法，一定会被法办。	法辦	[[9, 11]]		
辦|办|ban4~3	1	查辦	查办	cha2 ban4	查辦|查办|cha2 ban4	1	上面派人來查辦這件案子。	上面派人来查办这件案子。	查辦	[[5, 7]]		
辦|办|ban4~4	0	招辦	招办	zhao1 ban4	招辦|招办|zhao1 ban4	1	學校的招辦就設在這裡。	学校的招办就设在这里。	招辦	[[3, 5]]		
迪|迪|di2~1	0	啟迪	启迪	qi3 di2	啟迪|启迪|qi3 di2	1	老師的話啟迪了他，讓他找到方向。	老师的话启迪了他，让他找到方向。	啟迪	[[4, 6]]		
迴|回|hui2~2	0	迴轉	回转	hui2 zhuan3	迴轉|回转|hui2 zhuan3	1	山路太窄，車子無法迴轉。	山路太窄，车子无法回转。	迴轉	[[9, 11]]		
迴|回|hui2~2	1	巡迴	巡回	xun2 hui2	巡迴|巡回|xun2 hui2	1	這個樂隊明年要到各地巡迴演出。	这个乐队明年要到各地巡回演出。	巡迴	[[10, 12]]		
迴|回|hui2~2	2	迴響	回响	hui2 xiang3	迴響|回响|hui2 xiang3	1	他的歌聲在山谷中引起迴響。	他的歌声在山谷中引起回响。	迴響	[[10, 12]]		
追|追|zhui1~5	0	追憶	追忆	zhui1 yi4	追憶|追忆|zhui1 yi4	1	老人常常追憶年輕時候的日子。	老人常常追忆年轻时候的日子。	追憶	[[4, 6]]		
追|追|zhui1~5	1	追念	追念	zhui1 nian4	追念|追念|zhui1 nian4	1	大家一起追念這位老師。	大家一起追念这位老师。	追念	[[4, 6]]		
追|追|zhui1~6	0	追加	追加	zhui1 jia1	追加|追加|zhui1 jia1	1	公司又追加了一筆錢。	公司又追加了一笔钱。	追加	[[3, 5]]		
追|追|zhui1~6	1	追認	追认	zhui1 ren4	追認|追认|zhui1 ren4	1	這個決定後來得到了追認。	这个决定后来得到了追认。	追認	[[9, 11]]		
通|通|tong1~3	0	精通	精通	jing1 tong1	精通|精通|jing1 tong1	1	她精通日語，常幫公司做翻譯。	她精通日语，常帮公司做翻译。	精通	[[1, 3]]		
通|通|tong1~3	1	通曉	通晓	tong1 xiao3	通曉|通晓|tong1 xiao3	1	他通曉幾種古代文字。	他通晓几种古代文字。	通曉	[[1, 3]]		
通|通|tong1~4	0	中國通	中国通	Zhong1 guo2 tong1	中國通|中国通|Zhong1 guo2 tong1	1	這位記者是有名的中國通。	这位记者是有名的中国通。	中國通	[[8, 11]]	接國名	接国名
通|通|tong1~4	1	萬事通	万事通	wan4 shi4 tong1	萬事通|万事通|wan4 shi4 tong1	1	他什麼都懂，大家叫他萬事通。	他什么都懂，大家叫他万事通。	萬事通	[[10, 13]]	接事物	接事物
造|造|zao4~3	0	造謠	造谣	zao4 yao2	造謠|造谣|zao4 yao2	1	網上造謠的人應該負責任。	网上造谣的人应该负责任。	造謠	[[2, 4]]		
造|造|zao4~3	1	捏造	捏造	nie1 zao4	捏造|捏造|nie1 zao4	1	他捏造了一個假名字。	他捏造了一个假名字。	捏造	[[1, 3]]		
造|造|zao4~4	0	造訪	造访	zao4 fang3	造訪|造访|zao4 fang3	1	他昨天造訪了老同學的家。	他昨天造访了老同学的家。	造訪	[[3, 5]]		
造|造|zao4~6	0	兩造	两造	liang3 zao4	兩造|两造|liang3 zao4	1	法官聽了兩造的說法。	法官听了两造的说法。	兩造	[[4, 6]]		
進|进|jin4~4	0	二進制	二进制	er4 jin4 zhi4	二進制|二进制|er4 jin4 zhi4	1	電腦用二進制來記錄資料。	电脑用二进制来记录资料。	二進制	[[3, 6]]		
進|进|jin4~4	1	十進制	十进制	shi2 jin4 zhi4	十進制|十进制|shi2 jin4 zhi4	1	一般的數字都用十進制。	一般的数字都用十进制。	十進制	[[7, 10]]		
進行|进行|jin4 xing2~2	0	進行曲	进行曲	jin4 xing2 qu3	進行曲|进行曲|jin4 xing2 qu3	1	樂隊演奏了一首進行曲。	乐队演奏了一首进行曲。	進行曲	[[7, 10]]		
逼|逼|bi1~2	0	逼近	逼近	bi1 jin4	逼近|逼近|bi1 jin4	1	大水正在逼近山下的村子。	大水正在逼近山下的村子。	逼近	[[4, 6]]		
逼|逼|bi1~2	1	逼人	逼人	bi1 ren2	逼人|逼人|bi1 ren2	1	深夜的冷風逼人，他趕快回家。	深夜的冷风逼人，他赶快回家。	逼人	[[5, 7]]		
遊|游|you2~1	0	旅遊	旅游	lu:3 you2	旅遊|旅游|lu:3 you2	1	他們一家人去南方旅遊了。	他们一家人去南方旅游了。	旅遊	[[8, 10]]		
遊|游|you2~1	1	遊客	游客	you2 ke4	遊客|游客|you2 ke4	1	這裡每年都有很多遊客。	这里每年都有很多游客。	遊客	[[8, 10]]		
遊|游|you2~1	2	導遊	导游	dao3 you2	導遊|导游|dao3 you2	1	導遊帶我們走進了博物館。	导游带我们走进了博物馆。	導遊	[[0, 2]]		
運|运|yun4~2	0	運氣	运气	yun4 qi5	運氣|运气|yun4 qi5	1	他這次能贏完全是靠運氣。	他这次能赢完全是靠运气。	運氣	[[9, 11]]		
運|运|yun4~2	1	好運	好运	hao3 yun4	好運|好运|hao3 yun4	1	希望新的一年帶來好運。	希望新的一年带来好运。	好運	[[8, 10]]		
運|运|yun4~2	2	命運	命运	ming4 yun4	命運|命运|ming4 yun4	1	這個決定改變了他的命運。	这个决定改变了他的命运。	命運	[[9, 11]]		
運|运|yun4~3	0	運用	运用	yun4 yong4	運用|运用|yun4 yong4	1	他很會運用學過的知識。	他很会运用学过的知识。	運用	[[3, 5]]		
運|运|yun4~3	1	運算	运算	yun4 suan4	運算|运算|yun4 suan4	1	這道題的運算並不複雜。	这道题的运算并不复杂。	運算	[[4, 6]]		
道|道|dao4~2	0	道德	道德	dao4 de2	道德|道德|dao4 de2	1	做生意的人也要有道德。	做生意的人也要有道德。	道德	[[8, 10]]		
道|道|dao4~2	1	正道	正道	zheng4 dao4	正道|正道|zheng4 dao4	1	他終於走上了正道。	他终于走上了正道。	正道	[[6, 8]]		
道|道|dao4~4	0	茶道	茶道	cha2 dao4	茶道|茶道|cha2 dao4	1	他對茶道很有興趣。	他对茶道很有兴趣。	茶道	[[2, 4]]		
道|道|dao4~4	1	柔道	柔道	rou2 dao4	柔道|柔道|rou2 dao4	1	弟弟在學校裡學柔道。	弟弟在学校里学柔道。	柔道	[[7, 9]]		
道|道|dao4~7	0	道歉	道歉	dao4 qian4	道歉|道歉|dao4 qian4	1	他為自己的錯誤道歉。	他为自己的错误道歉。	道歉	[[7, 9]]		
道|道|dao4~7	1	道謝	道谢	dao4 xie4	道謝|道谢|dao4 xie4	1	我收下禮物，向他道謝。	我收下礼物，向他道谢。	道謝	[[8, 10]]		
道|道|dao4~7	2	道別	道别	dao4 bie2	道別|道别|dao4 bie2	1	他跟朋友道別後就走了。	他跟朋友道别后就走了。	道別	[[4, 6]]		
達|达|da2~2	0	表達	表达	biao3 da2	表達|表达|biao3 da2	1	他不太會表達自己的感情。	他不太会表达自己的感情。	表達	[[4, 6]]		
達|达|da2~2	1	傳達	传达	chuan2 da2	傳達|传达|chuan2 da2	1	請把這個消息傳達給大家。	请把这个消息传达给大家。	傳達	[[6, 8]]		
達|达|da2~3	0	達官貴人	达官贵人	da2 guan1 gui4 ren2	達官貴人|达官贵人|da2 guan1 gui4 ren2	1	那時候這裡住的都是達官貴人。	那时候这里住的都是达官贵人。	達官貴人	[[9, 13]]		
還|还|huan2~2	0	還手	还手	huan2 shou3	還手|还手|huan2 shou3	1	他被人打了，也不敢還手。	他被人打了，也不敢还手。	還手	[[9, 11]]		
還|还|huan2~2	1	還價	还价	huan2 jia4	還價|还价|huan2 jia4	1	價錢太高，你可以跟他還價。	价钱太高，你可以跟他还价。	還價	[[10, 12]]		
還|还|huan2~2	2	還嘴	还嘴	huan2 zui3	還嘴|还嘴|huan2 zui3	1	媽媽說他幾句，他馬上還嘴。	妈妈说他几句，他马上还嘴。	還嘴	[[10, 12]]		
還|还|huan2~3	0	還原	还原	huan2 yuan2	還原|还原|huan2 yuan2	1	手機還原以後，資料全都不見了。	手机还原以后，资料全都不见了。	還原	[[2, 4]]		
還|还|huan2~3	1	生還	生还	sheng1 huan2	生還|生还|sheng1 huan2	1	飛機出事後，只有三個人生還。	飞机出事后，只有三个人生还。	生還	[[11, 13]]		
邊|边|bian1~2	0	邊界	边界	bian1 jie4	邊界|边界|bian1 jie4	1	兩國的邊界上有一條河。	两国的边界上有一条河。	邊界	[[3, 5]]		
邊|边|bian1~2	1	邊境	边境	bian1 jing4	邊境|边境|bian1 jing4	1	他們住在靠近邊境的小城。	他们住在靠近边境的小城。	邊境	[[6, 8]]		
邊|边|bian1~2	2	邊疆	边疆	bian1 jiang1	邊疆|边疆|bian1 jiang1	1	很多年輕人到邊疆工作。	很多年轻人到边疆工作。	邊疆	[[6, 8]]		
邊|边|bian5~1	0	上邊	上边	shang4 bian5	上邊|上边|shang4 bian5	1	他的名字寫在上邊。	他的名字写在上边。	上邊	[[6, 8]]		
邊|边|bian5~1	1	裡邊	里边	li3 bian5	裡邊|里边|li3 bian5	1	房間裡邊有點冷，快關門吧。	房间里边有点冷，快关门吧。	裡邊	[[2, 4]]		
邊|边|bian5~1	2	外邊	外边	wai4 bian5	外邊|外边|wai4 bian5	1	外邊下雨了，別出去。	外边下雨了，别出去。	外邊	[[0, 2]]		
郎|郎|lang2~1	0	新郎	新郎	xin1 lang2	新郎|新郎|xin1 lang2	1	新郎緊張得說不出話來。	新郎紧张得说不出话来。	新郎	[[0, 2]]	指身份	指身份
郎|郎|lang2~1	1	女郎	女郎	nu:3 lang2	女郎|女郎|nu:3 lang2	1	那位女郎穿著紅色的衣服。	那位女郎穿着红色的衣服。	女郎	[[2, 4]]	指某類女子	指某类女子
部|部|bu4~1	0	部分	部分	bu4 fen5	部分|部分|bu4 fen5	1	這本書我只看了一部分。	这本书我只看了一部分。	部分	[[8, 10]]		
部|部|bu4~1	1	全部	全部	quan2 bu4	全部|全部|quan2 bu4	1	他把錢全部交給了家人。	他把钱全部交给了家人。	全部	[[3, 5]]		
部|部|bu4~1	2	內部	内部	nei4 bu4	內部|内部|nei4 bu4	1	汽車的內部空間很大。	汽车的内部空间很大。	內部	[[3, 5]]		
部|部|bu4~2	0	部門	部门	bu4 men2	部門|部门|bu4 men2	1	這件事要由別的部門處理。	这件事要由别的部门处理。	部門	[[7, 9]]		
部|部|bu4~2	1	教育部	教育部	Jiao4 yu4 bu4	教育部|教育部|Jiao4 yu4 bu4	1	教育部今天發出新的規定。	教育部今天发出新的规定。	教育部	[[0, 3]]		
部|部|bu4~2	2	總部	总部	zong3 bu4	總部|总部|zong3 bu4	1	公司的總部設在南方的城市。	公司的总部设在南方的城市。	總部	[[3, 5]]		
部|部|bu4~4	0	部隊	部队	bu4 dui4	部隊|部队|bu4 dui4	1	部隊天亮以前就出發了。	部队天亮以前就出发了。	部隊	[[0, 2]]		
部|部|bu4~4	1	部下	部下	bu4 xia4	部下|部下|bu4 xia4	1	他對自己的部下十分信任。	他对自己的部下十分信任。	部下	[[5, 7]]		
都|都|du1~1	0	首都	首都	shou3 du1	首都|首都|shou3 du1	1	他在首都工作了三年。	他在首都工作了三年。	首都	[[2, 4]]		
都|都|du1~1	1	古都	古都	gu3 du1	古都|古都|gu3 du1	1	這座古都有很長的歷史。	这座古都有很长的历史。	古都	[[2, 4]]		
都|都|du1~1	2	建都	建都	jian4 du1	建都|建都|jian4 du1	1	歷史上有六個朝代在這裡建都。	历史上有六个朝代在这里建都。	建都	[[11, 13]]		
都|都|du1~2	0	都市	都市	du1 shi4	都市|都市|du1 shi4	1	她習慣了都市的生活。	她习惯了都市的生活。	都市	[[4, 6]]		
都|都|du1~2	1	都會	都会	du1 hui4	都會|都会|du1 hui4	1	這些年那裡發展成了國際都會。	这些年那里发展成了国际都会。	都會	[[11, 13]]		
配|配|pei4~4	0	分配	分配	fen1 pei4	分配|分配|fen1 pei4	1	老師把工作分配給每個學生。	老师把工作分配给每个学生。	分配	[[5, 7]]		
配|配|pei4~4	1	配備	配备	pei4 bei4	配備|配备|pei4 bei4	1	這所學校配備了新電腦。	这所学校配备了新电脑。	配備	[[4, 6]]		
配|配|pei4~5	0	交配	交配	jiao1 pei4	交配|交配|jiao1 pei4	1	動物多在春天交配。	动物多在春天交配。	交配	[[6, 8]]		
配|配|pei4~5	1	配種	配种	pei4 zhong3	配種|配种|pei4 zhong3	1	這頭牛是專門用來配種的。	这头牛是专门用来配种的。	配種	[[8, 10]]		
里|里|li3~2	0	鄰里	邻里	lin2 li3	鄰里|邻里|lin2 li3	1	我們和鄰里的關係一直很好。	我们和邻里的关系一直很好。	鄰里	[[3, 5]]		
里|里|li3~2	1	鄉里	乡里	xiang1 li3	鄉里|乡里|xiang1 li3	1	他離開鄉里已經二十多年了。	他离开乡里已经二十多年了。	鄉里	[[3, 5]]		
里|里|li3~2	2	故里	故里	gu4 li3	故里|故里|gu4 li3	1	老人最後回到了自己的故里。	老人最后回到了自己的故里。	故里	[[10, 12]]		
重|重|chong2~1	0	重新	重新	chong2 xin1	重新|重新|chong2 xin1	1	這個計劃要重新安排。	这个计划要重新安排。	重新	[[5, 7]]		
重|重|chong2~1	1	重來	重来	chong2 lai2	重來|重来|chong2 lai2	1	輸了也沒關係，我們重來一次。	输了也没关系，我们重来一次。	重來	[[9, 11]]		
重|重|chong2~1	2	重逢	重逢	chong2 feng2	重逢|重逢|chong2 feng2	1	他們分開多年後終於重逢。	他们分开多年后终于重逢。	重逢	[[9, 11]]		
重|重|zhong4~3	0	重視	重视	zhong4 shi4	重視|重视|zhong4 shi4	1	學校越來越重視學生的心理健康。	学校越来越重视学生的心理健康。	重視	[[5, 7]]		
重|重|zhong4~3	1	尊重	尊重	zun1 zhong4	尊重|尊重|zun1 zhong4	1	我們應該尊重別人的選擇。	我们应该尊重别人的选择。	尊重	[[4, 6]]		
重|重|zhong4~3	2	注重	注重	zhu4 zhong4	注重|注重|zhu4 zhong4	1	他做事十分注重方法。	他做事十分注重方法。	注重	[[5, 7]]		
野|野|ye3~1	0	田野	田野	tian2 ye3	田野|田野|tian2 ye3	1	春天的田野一片綠色。	春天的田野一片绿色。	田野	[[3, 5]]		
野|野|ye3~1	1	野外	野外	ye3 wai4	野外|野外|ye3 wai4	1	他們在野外住了一晚。	他们在野外住了一晚。	野外	[[3, 5]]		
野|野|ye3~1	2	原野	原野	yuan2 ye3	原野|原野|yuan2 ye3	1	原野上有幾隻馬在跑。	原野上有几只马在跑。	原野	[[0, 2]]		
野|野|ye3~2	0	野生	野生	ye3 sheng1	野生|野生|ye3 sheng1	1	這種鳥是野生的，很少見。	这种鸟是野生的，很少见。	野生	[[4, 6]]		
野|野|ye3~2	1	野花	野花	ye3 hua1	野花|野花|ye3 hua1	1	山上開滿了黃色的野花。	山上开满了黄色的野花。	野花	[[8, 10]]		
野|野|ye3~2	2	野草	野草	ye3 cao3	野草|野草|ye3 cao3	1	院子裡長了不少野草。	院子里长了不少野草。	野草	[[7, 9]]		
野|野|ye3~4	0	視野	视野	shi4 ye3	視野|视野|shi4 ye3	1	這裡的視野特別好。	这里的视野特别好。	視野	[[3, 5]]		
野|野|ye3~4	1	分野	分野	fen1 ye3	分野|分野|fen1 ye3	1	兩種說法的分野很清楚。	两种说法的分野很清楚。	分野	[[5, 7]]		
量|量|liang4~2	0	量力而行	量力而行	liang4 li4 er2 xing2	量力而行|量力而行|liang4 li4 er2 xing2	1	做事要量力而行，不要勉強。	做事要量力而行，不要勉强。	量力而行	[[3, 7]]		
銀|银|yin2~2	0	銀行	银行	yin2 hang2	銀行|银行|yin2 hang2	1	我去銀行取了一些錢。	我去银行取了一些钱。	銀行	[[2, 4]]		
銀|银|yin2~2	1	收銀員	收银员	shou1 yin2 yuan2	收銀員|收银员|shou1 yin2 yuan2	1	那位收銀員的動作很快。	那位收银员的动作很快。	收銀員	[[2, 5]]		
銀|银|yin2~3	0	銀色	银色	yin2 se4	銀色|银色|yin2 se4	1	他買了一支銀色的手機。	他买了一支银色的手机。	銀色	[[5, 7]]		
銀|银|yin2~3	1	銀白	银白	yin2 bai2	銀白|银白|yin2 bai2	1	山頂上一片銀白。	山顶上一片银白。	銀白	[[5, 7]]		
錄|录|lu4~2	0	錄取	录取	lu4 qu3	錄取|录取|lu4 qu3	1	他今年被那所大學錄取了。	他今年被那所大学录取了。	錄取	[[8, 10]]		
錄|录|lu4~2	1	錄用	录用	lu4 yong4	錄用|录用|lu4 yong4	1	公司決定錄用這位年輕人。	公司决定录用这位年轻人。	錄用	[[4, 6]]		
錄|录|lu4~3	0	回憶錄	回忆录	hui2 yi4 lu4	回憶錄|回忆录|hui2 yi4 lu4	1	他退休後寫了一本回憶錄。	他退休后写了一本回忆录。	回憶錄	[[8, 11]]		
錄|录|lu4~3	1	語錄	语录	yu3 lu4	語錄|语录|yu3 lu4	1	這本書收了很多名人語錄。	这本书收了很多名人语录。	語錄	[[9, 11]]		
錯|错|cuo4~2	0	不錯	不错	bu4 cuo4	不錯|不错|bu4 cuo4	1	這家店的菜很不錯。	这家店的菜很不错。	不錯	[[6, 8]]		
錯|错|cuo4~3	0	錯過	错过	cuo4 guo4	錯過|错过|cuo4 guo4	1	我錯過了最後一班車。	我错过了最后一班车。	錯過	[[1, 3]]		
錯|错|cuo4~3	1	錯失	错失	cuo4 shi1	錯失|错失|cuo4 shi1	1	這樣的機會不要錯失。	这样的机会不要错失。	錯失	[[7, 9]]		
錯|错|cuo4~4	0	錯開	错开	cuo4 kai1	錯開|错开|cuo4 kai1	1	我們把上班時間錯開一點。	我们把上班时间错开一点。	錯開	[[7, 9]]		
錯|错|cuo4~4	1	錯位	错位	cuo4 wei4	錯位|错位|cuo4 wei4	1	這兩張照片有點錯位。	这两张照片有点错位。	錯位	[[7, 9]]		
錯|错|cuo4~5	0	交錯	交错	jiao1 cuo4	交錯|交错|jiao1 cuo4	1	田裡的小路交錯在一起。	田里的小路交错在一起。	交錯	[[5, 7]]		
錯|错|cuo4~5	1	錯綜複雜	错综复杂	cuo4 zong1 fu4 za2	錯綜複雜|错综复杂|cuo4 zong1 fu4 za2	1	他們兩家的關係錯綜複雜。	他们两家的关系错综复杂。	錯綜複雜	[[7, 11]]		
鍾|钟|zhong1~1	0	鍾情	钟情	zhong1 qing2	鍾情|钟情|zhong1 qing2	1	他從小就鍾情於音樂。	他从小就钟情于音乐。	鍾情	[[4, 6]]		
鍾|钟|zhong1~1	1	鍾愛	钟爱	zhong1 ai4	鍾愛|钟爱|zhong1 ai4	1	這首歌是他一生最鍾愛的作品。	这首歌是他一生最钟爱的作品。	鍾愛	[[8, 10]]		
鍾|钟|zhong1~1	2	情有獨鍾	情有独钟	qing2 you3 du2 zhong1	情有獨鍾|情有独钟|qing2 you3 du2 zhong1	1	他對老電影情有獨鍾。	他对老电影情有独钟。	情有獨鍾	[[5, 9]]		
鎮|镇|zhen4~3	0	鎮定	镇定	zhen4 ding4	鎮定|镇定|zhen4 ding4	1	遇到危險時，他非常鎮定。	遇到危险时，他非常镇定。	鎮定	[[9, 11]]		
鎮|镇|zhen4~3	1	鎮靜	镇静	zhen4 jing4	鎮靜|镇静|zhen4 jing4	1	醫生讓病人先鎮靜下來。	医生让病人先镇静下来。	鎮靜	[[6, 8]]		
鎮|镇|zhen4~4	0	冰鎮	冰镇	bing1 zhen4	冰鎮|冰镇|bing1 zhen4	1	天氣這麼熱，來一杯冰鎮啤酒吧。	天气这么热，来一杯冰镇啤酒吧。	冰鎮	[[9, 11]]		
鎮|镇|zhen4~5	0	鎮守	镇守	zhen4 shou3	鎮守|镇守|zhen4 shou3	1	他帶兵鎮守這座城多年。	他带兵镇守这座城多年。	鎮守	[[3, 5]]		
鎮|镇|zhen4~5	1	坐鎮	坐镇	zuo4 zhen4	坐鎮|坐镇|zuo4 zhen4	1	這場比賽由老教練親自坐鎮。	这场比赛由老教练亲自坐镇。	坐鎮	[[10, 12]]		
鏡|镜|jing4~1	0	鏡子	镜子	jing4 zi5	鏡子|镜子|jing4 zi5	1	她照著鏡子整理頭髮。	她照着镜子整理头发。	鏡子	[[3, 5]]		
鏡|镜|jing4~1	1	後視鏡	后视镜	hou4 shi4 jing4	後視鏡|后视镜|hou4 shi4 jing4	1	開車前要先看看後視鏡。	开车前要先看看后视镜。	後視鏡	[[7, 10]]		
鏡|镜|jing4~2	0	眼鏡	眼镜	yan3 jing4	眼鏡|眼镜|yan3 jing4	1	他戴上眼鏡看報紙。	他戴上眼镜看报纸。	眼鏡	[[3, 5]]		
鏡|镜|jing4~2	1	望遠鏡	望远镜	wang4 yuan3 jing4	望遠鏡|望远镜|wang4 yuan3 jing4	1	我用望遠鏡看遠處的山。	我用望远镜看远处的山。	望遠鏡	[[2, 5]]		
鐘|钟|zhong1~2	0	分鐘	分钟	fen1 zhong1	分鐘|分钟|fen1 zhong1	1	走到車站只要十分鐘。	走到车站只要十分钟。	分鐘	[[7, 9]]		
鐘|钟|zhong1~2	1	鐘頭	钟头	zhong1 tou2	鐘頭|钟头|zhong1 tou2	1	這部電影長兩個鐘頭。	这部电影长两个钟头。	鐘頭	[[7, 9]]		
鐘|钟|zhong1~2	2	點鐘	点钟	dian3 zhong1	點鐘|点钟|dian3 zhong1	1	我們約好八點鐘見面。	我们约好八点钟见面。	點鐘	[[5, 7]]		
鐵|铁|tie3~4	0	手無寸鐵	手无寸铁	shou3 wu2 cun4 tie3	手無寸鐵|手无寸铁|shou3 wu2 cun4 tie3	1	他手無寸鐵，一個人站在那裡。	他手无寸铁，一个人站在那里。	手無寸鐵	[[1, 5]]		
長|长|chang2~2	0	長度	长度	chang2 du4	長度|长度|chang2 du4	1	請量一下房間的長度。	请量一下房间的长度。	長度	[[7, 9]]		
長|长|chang2~2	1	全長	全长	quan2 chang2	全長|全长|quan2 chang2	1	大橋全長約三公里。	大桥全长约三公里。	全長	[[2, 4]]		
長|长|chang2~3	0	專長	专长	zhuan1 chang2	專長|专长|zhuan1 chang2	1	他的專長是設計網站。	他的专长是设计网站。	專長	[[2, 4]]	名	名
長|长|chang2~3	1	擅長	擅长	shan4 chang2	擅長|擅长|shan4 chang2	1	她擅長畫畫，也會唱歌。	她擅长画画，也会唱歌。	擅長	[[1, 3]]	動	动
長|长|chang2~3	2	長處	长处	chang2 chu4	長處|长处|chang2 chu4	1	每個人都有自己的長處。	每个人都有自己的长处。	長處	[[8, 10]]	名	名
長|长|chang2~4	0	身無長物	身无长物	shen1 wu2 chang2 wu4	身無長物|身无长物|shen1 wu2 chang2 wu4	1	他退休後生活簡單，身無長物。	他退休后生活简单，身无长物。	身無長物	[[9, 13]]		
長|长|zhang3~2	0	校長	校长	xiao4 zhang3	校長|校长|xiao4 zhang3	1	校長在會上介紹了新老師。	校长在会上介绍了新老师。	校長	[[0, 2]]		
長|长|zhang3~2	1	部長	部长	bu4 zhang3	部長|部长|bu4 zhang3	1	部長回答了記者的問題。	部长回答了记者的问题。	部長	[[0, 2]]		
長|长|zhang3~2	2	市長	市长	shi4 zhang3	市長|市长|shi4 zhang3	1	市長宣布了新的交通計劃。	市长宣布了新的交通计划。	市長	[[0, 2]]		
長|长|zhang3~4	0	長輩	长辈	zhang3 bei4	長輩|长辈|zhang3 bei4	1	過年時要先給長輩拜年。	过年时要先给长辈拜年。	長輩	[[6, 8]]		
長|长|zhang3~4	1	年長	年长	nian2 zhang3	年長|年长|nian2 zhang3	1	他是我們當中最年長的一位。	他是我们当中最年长的一位。	年長	[[7, 9]]		
長|长|zhang3~4	2	兄長	兄长	xiong1 zhang3	兄長|兄长|xiong1 zhang3	1	他一直很尊敬自己的兄長。	他一直很尊敬自己的兄长。	兄長	[[9, 11]]		
門|门|men2~2	0	閥門	阀门	fa2 men2	閥門|阀门|fa2 men2	1	工人正在檢查閥門。	工人正在检查阀门。	閥門	[[6, 8]]		
門|门|men2~2	1	油門	油门	you2 men2	油門|油门|you2 men2	1	他踩下油門，車子開得更快。	他踩下油门，车子开得更快。	油門	[[3, 5]]		
門|门|men2~2	2	閘門	闸门	zha2 men2	閘門|闸门|zha2 men2	1	大雨後他們打開了閘門。	大雨后他们打开了闸门。	閘門	[[8, 10]]		
門|门|men2~3	0	部門	部门	bu4 men2	部門|部门|bu4 men2	1	這項工作由三個部門一起完成。	这项工作由三个部门一起完成。	部門	[[7, 9]]		
門|门|men2~3	1	門類	门类	men2 lei4	門類|门类|men2 lei4	1	書店裡的書門類很齊全。	书店里的书门类很齐全。	門類	[[5, 7]]		
門|门|men2~4	0	竅門	窍门	qiao4 men2	竅門|窍门|qiao4 men2	1	做這道菜有個小竅門。	做这道菜有个小窍门。	竅門	[[7, 9]]		
門|门|men2~4	1	門路	门路	men2 lu4	門路|门路|men2 lu4	1	他找了不少門路才辦成這件事。	他找了不少门路才办成这件事。	門路	[[5, 7]]		
門|门|men2~5	0	名門	名门	ming2 men2	名門|名门|ming2 men2	1	他們兩家都是當地的名門。	他们两家都是当地的名门。	名門	[[9, 11]]		
門|门|men2~5	1	豪門	豪门	hao2 men2	豪門|豪门|hao2 men2	1	這部電影講的是豪門的故事。	这部电影讲的是豪门的故事。	豪門	[[7, 9]]		
門|门|men2~5	2	門第	门第	men2 di4	門第|门第|men2 di4	1	舊時的婚姻很重視門第。	旧时的婚姻很重视门第。	門第	[[8, 10]]		
門|门|men2~6	0	門派	门派	men2 pai4	門派|门派|men2 pai4	1	小說裡有很多武林門派。	小说里有很多武林门派。	門派	[[8, 10]]		
門|门|men2~6	1	佛門	佛门	Fo2 men2	佛門|佛门|Fo2 men2	1	他年輕時就入了佛門。	他年轻时就入了佛门。	佛門	[[7, 9]]		
開|开|kai1~6	0	走開	走开	zou3 kai1	走開|走开|zou3 kai1	1	別站在這裡，快走開。	别站在这里，快走开。	走開	[[7, 9]]		
開|开|kai1~6	1	離開	离开	li2 kai1	離開|离开|li2 kai1	1	他昨天離開了這個城市。	他昨天离开了这个城市。	離開	[[3, 5]]		
開|开|kai1~6	2	分開	分开	fen1 kai1	分開|分开|fen1 kai1	1	他們分開已經三年了。	他们分开已经三年了。	分開	[[2, 4]]		
間|间|jian1~1	0	之間	之间	zhi1 jian1	之間|之间|zhi1 jian1	1	朋友之間應該互相幫助。	朋友之间应该互相帮助。	之間	[[2, 4]]		
間|间|jian1~1	1	中間	中间	zhong1 jian1	中間|中间|zhong1 jian1	1	他坐在我們兩個中間。	他坐在我们两个中间。	中間	[[7, 9]]		
間|间|jian1~1	2	期間	期间	qi1 jian1	期間|期间|qi1 jian1	1	放假期間我一直在家。	放假期间我一直在家。	期間	[[2, 4]]		
間|间|jian1~2	0	房間	房间	fang2 jian1	房間|房间|fang2 jian1	1	我的房間不大，但很乾淨。	我的房间不大，但很干净。	房間	[[2, 4]]		
間|间|jian1~2	1	洗手間	洗手间	xi3 shou3 jian1	洗手間|洗手间|xi3 shou3 jian1	1	請問洗手間在哪裡？	请问洗手间在哪里？	洗手間	[[2, 5]]		
間|间|jian4~1	0	間接	间接	jian4 jie1	間接|间接|jian4 jie1	1	這件事跟他有間接的關係。	这件事跟他有间接的关系。	間接	[[6, 8]]		
間|间|jian4~1	1	間斷	间断	jian4 duan4	間斷|间断|jian4 duan4	1	他每天跑步，從來沒有間斷過。	他每天跑步，从来没有间断过。	間斷	[[10, 12]]		
間|间|jian4~2	0	間隙	间隙	jian4 xi4	間隙|间隙|jian4 xi4	1	兩塊木板中間留了一點間隙。	两块木板中间留了一点间隙。	間隙	[[10, 12]]		
間|间|jian4~2	1	間隔	间隔	jian4 ge2	間隔|间隔|jian4 ge2	1	這兩排樹的間隔差不多有三米。	这两排树的间隔差不多有三米。	間隔	[[5, 7]]		
間|间|jian4~3	0	離間	离间	li2 jian4	離間|离间|li2 jian4	1	有人故意離間他們兄弟兩個。	有人故意离间他们兄弟两个。	離間	[[4, 6]]		
間|间|jian4~3	1	挑撥離間	挑拨离间	tiao3 bo1 li2 jian4	挑撥離間|挑拨离间|tiao3 bo1 li2 jian4	1	他喜歡在背後挑撥離間。	他喜欢在背后挑拨离间。	挑撥離間	[[6, 10]]		
間|间|jian4~4	0	間苗	间苗	jian4 miao2	間苗|间苗|jian4 miao2	1	這幾天要給菜地間苗。	这几天要给菜地间苗。	間苗	[[7, 9]]		
關|关|guan1~4	0	海關	海关	hai3 guan1	海關|海关|hai3 guan1	1	行李要經過海關檢查。	行李要经过海关检查。	海關	[[5, 7]]		
關|关|guan1~4	1	關口	关口	guan1 kou3	關口|关口|guan1 kou3	1	這個關口有士兵守著。	这个关口有士兵守着。	關口	[[2, 4]]		
阿|阿|a1~1	0	阿姨	阿姨	a1 yi2	阿姨|阿姨|a1 yi2	1	隔壁的阿姨很喜歡小孩。	隔壁的阿姨很喜欢小孩。	阿姨	[[3, 5]]	泛指長輩女性	泛指长辈女性
阿|阿|a1~1	1	阿公	阿公	a1 gong1	阿公|阿公|a1 gong1	1	阿公每天早上都去公園走走。	阿公每天早上都去公园走走。	阿公	[[0, 2]]	稱親屬	称亲属
阿|阿|a1~2	0	阿拉伯	阿拉伯	A1 la1 bo2	阿拉伯|阿拉伯|A1 la1 bo2	1	這本書介紹阿拉伯的歷史。	这本书介绍阿拉伯的历史。	阿拉伯	[[5, 8]]		
阿|阿|a1~2	1	阿富汗	阿富汗	A1 fu4 han4	阿富汗|阿富汗|A1 fu4 han4	1	他曾經到阿富汗工作。	他曾经到阿富汗工作。	阿富汗	[[4, 7]]		
阿|阿|e1~1	0	阿諛	阿谀	e1 yu2	阿諛|阿谀|e1 yu2	1	他最討厭阿諛的人。	他最讨厌阿谀的人。	阿諛	[[4, 6]]		
阿|阿|e1~1	1	剛正不阿	刚正不阿	gang1 zheng4 bu4 e1	剛正不阿|刚正不阿|gang1 zheng4 bu4 e1	1	這位法官剛正不阿，很受人尊敬。	这位法官刚正不阿，很受人尊敬。	剛正不阿	[[4, 8]]		
降|降|xiang2~1	0	投降	投降	tou2 xiang2	投降|投降|tou2 xiang2	1	守城的士兵最後都投降了。	守城的士兵最后都投降了。	投降	[[8, 10]]		
降|降|xiang2~1	1	招降	招降	zhao1 xiang2	招降|招降|zhao1 xiang2	1	將軍派人去招降對面的隊伍。	将军派人去招降对面的队伍。	招降	[[5, 7]]		
院|院|yuan4~2	0	醫院	医院	yi1 yuan4	醫院|医院|yi1 yuan4	1	這家醫院的醫生很多。	这家医院的医生很多。	醫院	[[2, 4]]		
院|院|yuan4~2	1	學院	学院	xue2 yuan4	學院|学院|xue2 yuan4	1	她考上了一所有名的學院。	她考上了一所有名的学院。	學院	[[9, 11]]		
院|院|yuan4~2	2	法院	法院	fa3 yuan4	法院|法院|fa3 yuan4	1	他決定把事情交給法院處理。	他决定把事情交给法院处理。	法院	[[8, 10]]		
除|除|chu2~1	0	消除	消除	xiao1 chu2	消除|消除|xiao1 chu2	1	他的話消除了大家的擔心。	他的话消除了大家的担心。	消除	[[3, 5]]		
除|除|chu2~1	1	清除	清除	qing1 chu2	清除|清除|qing1 chu2	1	工人很快清除了路上的雪。	工人很快清除了路上的雪。	清除	[[4, 6]]		
除|除|chu2~1	2	除草	除草	chu2 cao3	除草|除草|chu2 cao3	1	他在院子裡除草。	他在院子里除草。	除草	[[5, 7]]		
陳|陈|chen2~1	0	陳列	陈列	chen2 lie4	陳列|陈列|chen2 lie4	1	書店把新書陳列在門口。	书店把新书陈列在门口。	陳列	[[5, 7]]		
陳|陈|chen2~1	1	陳設	陈设	chen2 she4	陳設|陈设|chen2 she4	1	房間裡的陳設很簡單。	房间里的陈设很简单。	陳設	[[4, 6]]		
陳|陈|chen2~2	0	陳述	陈述	chen2 shu4	陳述|陈述|chen2 shu4	1	請你陳述當時的情況。	请你陈述当时的情况。	陳述	[[2, 4]]		
陳|陈|chen2~2	1	陳情	陈情	chen2 qing2	陳情|陈情|chen2 qing2	1	村民向政府陳情。	村民向政府陈情。	陳情	[[5, 7]]		
隆|隆|long2~1	0	隆重	隆重	long2 zhong4	隆重|隆重|long2 zhong4	1	學校為他舉行了隆重的歡迎儀式。	学校为他举行了隆重的欢迎仪式。	隆重	[[7, 9]]		
隆|隆|long2~1	1	興隆	兴隆	xing1 long2	興隆|兴隆|xing1 long2	1	祝你今年生意興隆。	祝你今年生意兴隆。	興隆	[[6, 8]]		
隆|隆|long2~2	0	隆起	隆起	long2 qi3	隆起|隆起|long2 qi3	1	地面上隆起了一個小土堆。	地面上隆起了一个小土堆。	隆起	[[3, 5]]		
隨|随|sui2~4	0	隨後	随后	sui2 hou4	隨後|随后|sui2 hou4	1	他先走了，我隨後就到。	他先走了，我随后就到。	隨後	[[6, 8]]		
隨|随|sui2~4	1	隨即	随即	sui2 ji2	隨即|随即|sui2 ji2	1	他說完隨即離開了會場。	他说完随即离开了会场。	隨即	[[3, 5]]		
難|难|nan2~2	0	難看	难看	nan2 kan4	難看|难看|nan2 kan4	1	這件衣服的顏色很難看。	这件衣服的颜色很难看。	難看	[[8, 10]]		
難|难|nan2~2	1	難吃	难吃	nan2 chi1	難吃|难吃|nan2 chi1	1	我從來沒吃過這麼難吃的東西。	我从来没吃过这么难吃的东西。	難吃	[[8, 10]]		
難|难|nan2~2	2	難聽	难听	nan2 ting1	難聽|难听|nan2 ting1	1	這首歌唱得真難聽。	这首歌唱得真难听。	難聽	[[6, 8]]		
難|难|nan4~1	0	災難	灾难	zai1 nan4	災難|灾难|zai1 nan4	1	那場災難讓很多人失去了家。	那场灾难让很多人失去了家。	災難	[[2, 4]]		
難|难|nan4~1	1	難民	难民	nan4 min2	難民|难民|nan4 min2	1	這個國家接受了不少難民。	这个国家接受了不少难民。	難民	[[9, 11]]		
難|难|nan4~1	2	逃難	逃难	tao2 nan4	逃難|逃难|tao2 nan4	1	戰爭時他們一家人到處逃難。	战争时他们一家人到处逃难。	逃難	[[10, 12]]		
難|难|nan4~2	0	責難	责难	ze2 nan4	責難|责难|ze2 nan4	1	他受到不少人的責難。	他受到不少人的责难。	責難	[[7, 9]]		
難|难|nan4~2	1	非難	非难	fei1 nan4	非難|非难|fei1 nan4	1	這種做法引起了很多非難。	这种做法引起了很多非难。	非難	[[9, 11]]		
雪|雪|xue3~2	0	雪恥	雪耻	xue3 chi3	雪恥|雪耻|xue3 chi3	1	這場比賽讓他們雪恥。	这场比赛让他们雪耻。	雪恥	[[7, 9]]		
雪|雪|xue3~2	1	報仇雪恨	报仇雪恨	bao4 chou2 xue3 hen4	報仇雪恨|报仇雪恨|bao4 chou2 xue3 hen4	1	小說裡的主角最後報仇雪恨。	小说里的主角最后报仇雪恨。	報仇雪恨	[[8, 12]]		
零|零|ling2~2	0	零錢	零钱	ling2 qian2	零錢|零钱|ling2 qian2	1	我身上只有一些零錢。	我身上只有一些零钱。	零錢	[[7, 9]]		
零|零|ling2~2	1	零食	零食	ling2 shi2	零食|零食|ling2 shi2	1	他喜歡在看電影時吃零食。	他喜欢在看电影时吃零食。	零食	[[9, 11]]		
零|零|ling2~2	2	零件	零件	ling2 jian4	零件|零件|ling2 jian4	1	這臺機器少了一個零件。	这台机器少了一个零件。	零件	[[8, 10]]		
零|零|ling2~4	0	凋零	凋零	diao1 ling2	凋零|凋零|diao1 ling2	1	他院子裡的花全凋零了。	他院子里的花全凋零了。	凋零	[[7, 9]]		
零|零|ling2~4	1	零落	零落	ling2 luo4	零落|零落|ling2 luo4	1	秋天過後，樹上的葉子都零落了。	秋天过后，树上的叶子都零落了。	零落	[[11, 13]]		
雷|雷|lei2~2	0	地雷	地雷	di4 lei2	地雷|地雷|di4 lei2	1	那片土地上還埋著不少地雷。	那片土地上还埋着不少地雷。	地雷	[[10, 12]]		
雷|雷|lei2~2	1	水雷	水雷	shui3 lei2	水雷|水雷|shui3 lei2	1	軍隊在港口附近放了水雷。	军队在港口附近放了水雷。	水雷	[[9, 11]]		
雷|雷|lei2~2	2	掃雷	扫雷	sao3 lei2	掃雷|扫雷|sao3 lei2	1	士兵們正在山上掃雷。	士兵们正在山上扫雷。	掃雷	[[7, 9]]		
露|露|lu4~1	0	透露	透露	tou4 lu4	透露|透露|tou4 lu4	1	他不肯透露自己的名字。	他不肯透露自己的名字。	透露	[[3, 5]]		
露|露|lu4~1	1	暴露	暴露	bao4 lu4	暴露|暴露|bao4 lu4	1	這件事暴露了公司的問題。	这件事暴露了公司的问题。	暴露	[[3, 5]]		
露|露|lu4~1	2	流露	流露	liu2 lu4	流露|流露|liu2 lu4	1	他的話裡流露出擔心的意思。	他的话里流露出担心的意思。	流露	[[4, 6]]		
露|露|lu4~2	0	露水	露水	lu4 shui3	露水|露水|lu4 shui3	1	清早草上的露水還沒乾。	清早草上的露水还没干。	露水	[[5, 7]]		
露|露|lu4~2	1	露珠	露珠	lu4 zhu1	露珠|露珠|lu4 zhu1	1	他看見葉子上有一顆露珠。	他看见叶子上有一颗露珠。	露珠	[[9, 11]]		
露|露|lu4~3	0	露天	露天	lu4 tian1	露天|露天|lu4 tian1	1	這場音樂會在露天舉行。	这场音乐会在露天举行。	露天	[[6, 8]]		
露|露|lu4~3	1	露營	露营	lu4 ying2	露營|露营|lu4 ying2	1	他們計劃到山上露營。	他们计划到山上露营。	露營	[[7, 9]]		
露|露|lu4~3	2	露宿	露宿	lu4 su4	露宿|露宿|lu4 su4	1	那天晚上他們只能露宿。	那天晚上他们只能露宿。	露宿	[[8, 10]]		
露|露|lu4~4	0	果子露	果子露	guo3 zi5 lu4	果子露|果子露|guo3 zi5 lu4	1	小孩子最喜歡喝果子露。	小孩子最喜欢喝果子露。	果子露	[[7, 10]]		
靈|灵|ling2~3	0	靈魂	灵魂	ling2 hun2	靈魂|灵魂|ling2 hun2	1	很多人相信人有靈魂。	很多人相信人有灵魂。	靈魂	[[7, 9]]		
靈|灵|ling2~3	1	幽靈	幽灵	you1 ling2	幽靈|幽灵|you1 ling2	1	電影裡的幽靈把孩子嚇壞了。	电影里的幽灵把孩子吓坏了。	幽靈	[[4, 6]]		
靈|灵|ling2~3	2	亡靈	亡灵	wang2 ling2	亡靈|亡灵|wang2 ling2	1	人們用這種方式紀念亡靈。	人们用这种方式纪念亡灵。	亡靈	[[9, 11]]		
靈|灵|ling2~4	0	靈柩	灵柩	ling2 jiu4	靈柩|灵柩|ling2 jiu4	1	靈柩已經運到了老家。	灵柩已经运到了老家。	靈柩	[[0, 2]]		
靈|灵|ling2~4	1	守靈	守灵	shou3 ling2	守靈|守灵|shou3 ling2	1	家人整夜在那裡守靈。	家人整夜在那里守灵。	守靈	[[7, 9]]		
青|青|qing1~2	0	青年	青年	qing1 nian2	青年|青年|qing1 nian2	1	這位青年剛從大學畢業。	这位青年刚从大学毕业。	青年	[[2, 4]]		
青|青|qing1~2	1	青春	青春	qing1 chun1	青春|青春|qing1 chun1	1	他把青春都花在了工作上。	他把青春都花在了工作上。	青春	[[2, 4]]		
青|青|qing1~2	2	青少年	青少年	qing1 shao4 nian2	青少年|青少年|qing1 shao4 nian2	1	這本書很適合青少年看。	这本书很适合青少年看。	青少年	[[6, 9]]		
非|非|fei1~2	0	非法	非法	fei1 fa3	非法|非法|fei1 fa3	1	這種買賣是非法的。	这种买卖是非法的。	非法	[[5, 7]]	用在名詞前	用在名词前
非|非|fei1~2	1	非正式	非正式	fei1 zheng4 shi4	非正式|非正式|fei1 zheng4 shi4	1	這只是一次非正式的談話。	这只是一次非正式的谈话。	非正式	[[5, 8]]	用在形容詞前	用在形容词前
非|非|fei1~4	0	是非	是非	shi4 fei1	是非|是非|shi4 fei1	1	我們應該分清是非。	我们应该分清是非。	是非	[[6, 8]]		
非|非|fei1~5	0	非議	非议	fei1 yi4	非議|非议|fei1 yi4	1	他的做法受到不少非議。	他的做法受到不少非议。	非議	[[8, 10]]		
非|非|fei1~5	1	非難	非难	fei1 nan4	非難|非难|fei1 nan4	1	這樣的非難並不公平。	这样的非难并不公平。	非難	[[3, 5]]		
音|音|yin1~1	0	聲音	声音	sheng1 yin1	聲音|声音|sheng1 yin1	1	外面的聲音太大了。	外面的声音太大了。	聲音	[[3, 5]]		
音|音|yin1~1	1	錄音	录音	lu4 yin1	錄音|录音|lu4 yin1	1	我聽了他昨天的錄音。	我听了他昨天的录音。	錄音	[[7, 9]]		
音|音|yin1~1	2	噪音	噪音	zao4 yin1	噪音|噪音|zao4 yin1	1	工廠的噪音讓人很難受。	工厂的噪音让人很难受。	噪音	[[3, 5]]		
音|音|yin1~2	0	發音	发音	fa1 yin1	發音|发音|fa1 yin1	1	學外語要先學好發音。	学外语要先学好发音。	發音	[[7, 9]]		
音|音|yin1~2	1	讀音	读音	du2 yin1	讀音|读音|du2 yin1	1	這兩個字的讀音相同。	这两个字的读音相同。	讀音	[[5, 7]]		
音|音|yin1~2	2	口音	口音	kou3 yin1	口音|口音|kou3 yin1	1	他說話帶著南方口音。	他说话带着南方口音。	口音	[[7, 9]]		
音|音|yin1~3	0	音信	音信	yin1 xin4	音信|音信|yin1 xin4	1	他走後一直沒有音信。	他走后一直没有音信。	音信	[[7, 9]]		
音|音|yin1~3	1	回音	回音	hui2 yin1	回音|回音|hui2 yin1	1	希望早日收到您的回音。	希望早日收到您的回音。	回音	[[8, 10]]		
頂|顶|ding3~1	0	山頂	山顶	shan1 ding3	山頂|山顶|shan1 ding3	1	我們走到山頂上休息。	我们走到山顶上休息。	山頂	[[4, 6]]		
頂|顶|ding3~1	1	屋頂	屋顶	wu1 ding3	屋頂|屋顶|wu1 ding3	1	屋頂上停著一隻小鳥。	屋顶上停着一只小鸟。	屋頂	[[0, 2]]		
頂|顶|ding3~1	2	頭頂	头顶	tou2 ding3	頭頂|头顶|tou2 ding3	1	這時太陽正在我們的頭頂上。	这时太阳正在我们的头顶上。	頭頂	[[9, 11]]		
項|项|xiang4~2	0	項目	项目	xiang4 mu4	項目|项目|xiang4 mu4	1	這個項目下個月就要完成了。	这个项目下个月就要完成了。	項目	[[2, 4]]		
項|项|xiang4~2	1	事項	事项	shi4 xiang4	事項|事项|shi4 xiang4	1	開會前請先看清楚注意事項。	开会前请先看清楚注意事项。	事項	[[10, 12]]		
項|项|xiang4~3	0	項鏈	项链	xiang4 lian4	項鏈|项链|xiang4 lian4	1	這條項鏈是媽媽送給我的。	这条项链是妈妈送给我的。	項鏈	[[2, 4]]		
項|项|xiang4~3	1	項圈	项圈	xiang4 quan1	項圈|项圈|xiang4 quan1	1	那隻狗的項圈上寫著主人的電話。	那只狗的项圈上写着主人的电话。	項圈	[[4, 6]]		
項|项|xiang4~4	0	款項	款项	kuan3 xiang4	款項|款项|kuan3 xiang4	1	公司的款項都由他負責管理。	公司的款项都由他负责管理。	款項	[[3, 5]]		
頓|顿|dun4~3	0	整頓	整顿	zheng3 dun4	整頓|整顿|zheng3 dun4	1	公司決定整頓內部管理。	公司决定整顿内部管理。	整頓	[[4, 6]]		
頓|顿|dun4~3	1	安頓	安顿	an1 dun4	安頓|安顿|an1 dun4	1	他把客人安頓在樓上。	他把客人安顿在楼上。	安頓	[[4, 6]]		
頓|顿|dun4~4	0	頓時	顿时	dun4 shi2	頓時|顿时|dun4 shi2	1	燈一關，房間頓時黑了。	灯一关，房间顿时黑了。	頓時	[[6, 8]]		
頓|顿|dun4~4	1	頓悟	顿悟	dun4 wu4	頓悟|顿悟|dun4 wu4	1	他終於頓悟了人生的道理。	他终于顿悟了人生的道理。	頓悟	[[3, 5]]		
頓|顿|dun4~5	0	頓足	顿足	dun4 zu2	頓足|顿足|dun4 zu2	1	聽到這個消息，他氣得直頓足。	听到这个消息，他气得直顿足。	頓足	[[11, 13]]		
頓|顿|dun4~5	1	頓首	顿首	dun4 shou3	頓首|顿首|dun4 shou3	1	舊時寫信，末尾常寫「頓首」。	旧时写信，末尾常写「顿首」。	頓首	[[10, 12]]		
領|领|ling3~3	0	衣領	衣领	yi1 ling3	衣領|衣领|yi1 ling3	1	天冷了，他把衣領立了起來。	天冷了，他把衣领立了起来。	衣領	[[6, 8]]		
領|领|ling3~3	1	領帶	领带	ling3 dai4	領帶|领带|ling3 dai4	1	爸爸出門前總要戴上領帶。	爸爸出门前总要戴上领带。	領帶	[[9, 11]]		
頭|头|tou5~1	0	石頭	石头	shi2 tou5	石頭|石头|shi2 tou5	1	河邊有很多大石頭。	河边有很多大石头。	石頭	[[6, 8]]		
頭|头|tou5~1	1	木頭	木头	mu4 tou5	木頭|木头|mu4 tou5	1	這張桌子是木頭做的。	这张桌子是木头做的。	木頭	[[5, 7]]		
頭|头|tou5~1	2	裡頭	里头	li3 tou5	裡頭|里头|li3 tou5	1	箱子裡頭裝滿了書。	箱子里头装满了书。	裡頭	[[2, 4]]		
類|类|lei4~1	0	人類	人类	ren2 lei4	人類|人类|ren2 lei4	1	火的使用改變了人類的生活。	火的使用改变了人类的生活。	人類	[[7, 9]]		
類|类|lei4~1	1	種類	种类	zhong3 lei4	種類|种类|zhong3 lei4	1	市場上賣的魚種類很多。	市场上卖的鱼种类很多。	種類	[[6, 8]]		
類|类|lei4~1	2	類型	类型	lei4 xing2	類型|类型|lei4 xing2	1	這兩本書的類型完全不同。	这两本书的类型完全不同。	類型	[[5, 7]]		
類|类|lei4~3	0	類似	类似	lei4 si4	類似|类似|lei4 si4	1	這次的情況跟上次很類似。	这次的情况跟上次很类似。	類似	[[9, 11]]		
風|风|feng1~2	0	風格	风格	feng1 ge2	風格|风格|feng1 ge2	1	這位作家的風格很特別。	这位作家的风格很特别。	風格	[[5, 7]]		
風|风|feng1~2	1	作風	作风	zuo4 feng1	作風|作风|zuo4 feng1	1	我很喜歡他做事的作風。	我很喜欢他做事的作风。	作風	[[8, 10]]		
風|风|feng1~2	2	風度	风度	feng1 du4	風度|风度|feng1 du4	1	他輸了比賽，還是很有風度。	他输了比赛，还是很有风度。	風度	[[10, 12]]		
風|风|feng1~3	0	風俗	风俗	feng1 su2	風俗|风俗|feng1 su2	1	過年的時候，各地都有不同的風俗。	过年的时候，各地都有不同的风俗。	風俗	[[13, 15]]		
風|风|feng1~3	1	風氣	风气	feng1 qi4	風氣|风气|feng1 qi4	1	這幾年社會上出現了新的風氣。	这几年社会上出现了新的风气。	風氣	[[11, 13]]		
風|风|feng1~4	0	風聲	风声	feng1 sheng1	風聲|风声|feng1 sheng1	1	風聲走漏了，計劃只好取消。	风声走漏了，计划只好取消。	風聲	[[0, 2]]		
食|食|shi2~1	0	食用	食用	shi2 yong4	食用|食用|shi2 yong4	1	這些菜洗過以後才能食用。	这些菜洗过以后才能食用。	食用	[[9, 11]]		
食|食|shi2~1	1	進食	进食	jin4 shi2	進食|进食|jin4 shi2	1	病人現在還不能自己進食。	病人现在还不能自己进食。	進食	[[9, 11]]		
食|食|shi2~1	2	絕食	绝食	jue2 shi2	絕食|绝食|jue2 shi2	1	那些人絕食了好幾天。	那些人绝食了好几天。	絕食	[[3, 5]]		
食|食|shi2~2	0	零食	零食	ling2 shi2	零食|零食|ling2 shi2	1	孩子最愛吃甜的零食。	孩子最爱吃甜的零食。	零食	[[7, 9]]		
食|食|shi2~2	1	主食	主食	zhu3 shi2	主食|主食|zhu3 shi2	1	這個地方的主食是米飯。	这个地方的主食是米饭。	主食	[[5, 7]]		
食|食|shi2~2	2	素食	素食	su4 shi2	素食|素食|su4 shi2	1	她從去年開始吃素食。	她从去年开始吃素食。	素食	[[7, 9]]		
食|食|shi2~3	0	日食	日食	ri4 shi2	日食|日食|ri4 shi2	1	明天上午可以看到日食。	明天上午可以看到日食。	日食	[[8, 10]]		
食|食|shi2~3	1	月食	月食	yue4 shi2	月食|月食|yue4 shi2	1	昨晚我們一起看了月食。	昨晚我们一起看了月食。	月食	[[8, 10]]		
首|首|shou3~1	0	昂首	昂首	ang2 shou3	昂首|昂首|ang2 shou3	1	他昂首走進了教室。	他昂首走进了教室。	昂首	[[1, 3]]		
首|首|shou3~1	1	俯首	俯首	fu3 shou3	俯首|俯首|fu3 shou3	1	士兵們在將軍面前俯首。	士兵们在将军面前俯首。	俯首	[[8, 10]]		
首|首|shou3~2	0	元首	元首	yuan2 shou3	元首|元首|yuan2 shou3	1	各國元首都參加了這次會議。	各国元首都参加了这次会议。	元首	[[2, 4]]		
首|首|shou3~2	1	首領	首领	shou3 ling3	首領|首领|shou3 ling3	1	他是這個部落的首領。	他是这个部落的首领。	首領	[[7, 9]]		
首|首|shou3~3	0	首次	首次	shou3 ci4	首次|首次|shou3 ci4	1	這是她首次登上舞臺。	这是她首次登上舞台。	首次	[[3, 5]]		
首|首|shou3~3	1	首先	首先	shou3 xian1	首先|首先|shou3 xian1	1	首先我要說明一件事。	首先我要说明一件事。	首先	[[0, 2]]		
騎|骑|ji4~1	0	坐騎	坐骑	zuo4 qi2	坐騎|坐骑|zuo4 qi2	1	將軍的坐騎是一匹白馬。	将军的坐骑是一匹白马。	坐騎	[[3, 5]]		
騎|骑|ji4~2	0	鐵騎	铁骑	tie3 qi2	鐵騎|铁骑|tie3 qi2	1	敵人的鐵騎很快就到了城下。	敌人的铁骑很快就到了城下。	鐵騎	[[3, 5]]		
騎|骑|ji4~2	1	輕騎	轻骑	qing1 qi2	輕騎|轻骑|qing1 qi2	1	他派出輕騎去送信。	他派出轻骑去送信。	輕騎	[[3, 5]]		
骨|骨|gu3~1	0	骨頭	骨头	gu3 tou5	骨頭|骨头|gu3 tou5	1	小狗在院子裡找到一根骨頭。	小狗在院子里找到一根骨头。	骨頭	[[10, 12]]		
骨|骨|gu3~1	1	骨折	骨折	gu3 zhe2	骨折|骨折|gu3 zhe2	1	醫生說他的腿骨折了。	医生说他的腿骨折了。	骨折	[[6, 8]]		
骨|骨|gu3~1	2	排骨	排骨	pai2 gu3	排骨|排骨|pai2 gu3	1	今天晚上我們吃排骨。	今天晚上我们吃排骨。	排骨	[[7, 9]]		
骨|骨|gu3~2	0	骨氣	骨气	gu3 qi4	骨氣|骨气|gu3 qi4	1	做人要有骨氣，不能低頭。	做人要有骨气，不能低头。	骨氣	[[4, 6]]		
骨|骨|gu3~2	1	傲骨	傲骨	ao4 gu3	傲骨|傲骨|ao4 gu3	1	這位老先生一生都很有傲骨。	这位老先生一生都很有傲骨。	傲骨	[[10, 12]]		
體|体|ti3~1	0	身體	身体	shen1 ti3	身體|身体|shen1 ti3	1	多運動對身體有好處。	多运动对身体有好处。	身體	[[4, 6]]		
體|体|ti3~1	1	體重	体重	ti3 zhong4	體重|体重|ti3 zhong4	1	他最近體重增加了不少。	他最近体重增加了不少。	體重	[[3, 5]]		
體|体|ti3~1	2	體力	体力	ti3 li4	體力|体力|ti3 li4	1	這件工作很花體力。	这件工作很花体力。	體力	[[6, 8]]		
體|体|ti3~2	0	團體	团体	tuan2 ti3	團體|团体|tuan2 ti3	1	他參加了一個學生團體。	他参加了一个学生团体。	團體	[[8, 10]]		
體|体|ti3~2	1	全體	全体	quan2 ti3	全體|全体|quan2 ti3	1	全體同學都到齊了。	全体同学都到齐了。	全體	[[0, 2]]		
體|体|ti3~2	2	體系	体系	ti3 xi4	體系|体系|ti3 xi4	1	我們正在建立新的管理體系。	我们正在建立新的管理体系。	體系	[[10, 12]]		
體|体|ti3~3	0	體會	体会	ti3 hui4	體會|体会|ti3 hui4	1	只有做過才能體會這種心情。	只有做过才能体会这种心情。	體會	[[6, 8]]		
體|体|ti3~3	1	體驗	体验	ti3 yan4	體驗|体验|ti3 yan4	1	這次旅行讓我體驗到不同的生活。	这次旅行让我体验到不同的生活。	體驗	[[6, 8]]		
體|体|ti3~4	0	液體	液体	ye4 ti3	液體|液体|ye4 ti3	1	瓶子裡的液體不能喝。	瓶子里的液体不能喝。	液體	[[4, 6]]		
體|体|ti3~4	1	氣體	气体	qi4 ti3	氣體|气体|qi4 ti3	1	這種氣體沒有顏色。	这种气体没有颜色。	氣體	[[2, 4]]		
體|体|ti3~4	2	固體	固体	gu4 ti3	固體|固体|gu4 ti3	1	水結冰後變成固體。	水结冰后变成固体。	固體	[[6, 8]]		
體|体|ti3~5	0	字體	字体	zi4 ti3	字體|字体|zi4 ti3	1	請把字體改大一點。	请把字体改大一点。	字體	[[2, 4]]		
體|体|ti3~5	1	繁體	繁体	fan2 ti3	繁體|繁体|fan2 ti3	1	這本書是用繁體字印的。	这本书是用繁体字印的。	繁體	[[5, 7]]		
體|体|ti3~5	2	文體	文体	wen2 ti3	文體|文体|wen2 ti3	1	這篇文章的文體很特別。	这篇文章的文体很特别。	文體	[[5, 7]]		
高|高|gao1~3	0	高見	高见	gao1 jian4	高見|高见|gao1 jian4	1	這件事想聽聽您的高見。	这件事想听听您的高见。	高見	[[8, 10]]		
高|高|gao1~3	1	高壽	高寿	gao1 shou4	高壽|高寿|gao1 shou4	1	請問老先生今年高壽？	请问老先生今年高寿？	高壽	[[7, 9]]		
鬆|松|song1~3	0	肉鬆	肉松	rou4 song1	肉鬆|肉松|rou4 song1	1	他喜歡在粥裡加點肉鬆。	他喜欢在粥里加点肉松。	肉鬆	[[8, 10]]		
鬆|松|song1~3	1	魚鬆	鱼松	yu2 song1	魚鬆|鱼松|yu2 song1	1	這種魚鬆吃起來很香。	这种鱼松吃起来很香。	魚鬆	[[2, 4]]		
鬥|斗|dou4~2	0	批鬥	批斗	pi1 dou4	批鬥|批斗|pi1 dou4	1	他當年被人批鬥過。	他当年被人批斗过。	批鬥	[[5, 7]]		
鬼|鬼|gui3~2	0	酒鬼	酒鬼	jiu3 gui3	酒鬼|酒鬼|jiu3 gui3	1	他父親年輕時是個酒鬼。	他父亲年轻时是个酒鬼。	酒鬼	[[8, 10]]	接名詞後	接名词后
鬼|鬼|gui3~2	1	膽小鬼	胆小鬼	dan3 xiao3 gui3	膽小鬼|胆小鬼|dan3 xiao3 gui3	1	大家都叫他膽小鬼。	大家都叫他胆小鬼。	膽小鬼	[[5, 8]]	接形容詞後	接形容词后
魔|魔|mo2~1	0	魔鬼	魔鬼	mo2 gui3	魔鬼|魔鬼|mo2 gui3	1	他小時候很怕魔鬼。	他小时候很怕魔鬼。	魔鬼	[[6, 8]]		
魔|魔|mo2~1	1	惡魔	恶魔	e4 mo2	惡魔|恶魔|e4 mo2	1	他覺得那個人像個惡魔。	他觉得那个人像个恶魔。	惡魔	[[8, 10]]		
魔|魔|mo2~2	0	魔法	魔法	mo2 fa3	魔法|魔法|mo2 fa3	1	小說裡的女孩會用魔法。	小说里的女孩会用魔法。	魔法	[[8, 10]]	構成名詞	构成名词
魔|魔|mo2~2	1	魔幻	魔幻	mo2 huan4	魔幻|魔幻|mo2 huan4	1	這部魔幻電影很受歡迎。	这部魔幻电影很受欢迎。	魔幻	[[2, 4]]	構成形容詞	构成形容词
魚|鱼|yu2~2	0	鱷魚	鳄鱼	e4 yu2	鱷魚|鳄鱼|e4 yu2	1	動物園裡的鱷魚很嚇人。	动物园里的鳄鱼很吓人。	鱷魚	[[5, 7]]		
魚|鱼|yu2~2	1	鯨魚	鲸鱼	jing1 yu2	鯨魚|鲸鱼|jing1 yu2	1	很多人以為鯨魚是一種魚。	很多人以为鲸鱼是一种鱼。	鯨魚	[[5, 7]]		
魚|鱼|yu2~2	2	章魚	章鱼	zhang1 yu2	章魚|章鱼|zhang1 yu2	1	弟弟從來沒吃過章魚。	弟弟从来没吃过章鱼。	章魚	[[7, 9]]		
魯|鲁|lu3~1	0	粗魯	粗鲁	cu1 lu3	粗魯|粗鲁|cu1 lu3	1	他說話很粗魯，常常得罪人。	他说话很粗鲁，常常得罪人。	粗魯	[[4, 6]]		
魯|鲁|lu3~1	1	魯莽	鲁莽	lu3 mang3	魯莽|鲁莽|lu3 mang3	1	做事太魯莽，容易出問題。	做事太鲁莽，容易出问题。	魯莽	[[3, 5]]		
魯|鲁|lu3~2	0	愚魯	愚鲁	yu2 lu3	愚魯|愚鲁|yu2 lu3	1	大家都說他愚魯，可是他很努力。	大家都说他愚鲁，可是他很努力。	愚魯	[[5, 7]]		
魯|鲁|lu3~2	1	魯鈍	鲁钝	lu3 dun4	魯鈍|鲁钝|lu3 dun4	1	這孩子看起來魯鈍，其實很聰明。	这孩子看起来鲁钝，其实很聪明。	魯鈍	[[6, 8]]		
魯|鲁|lu3~3	0	秘魯	秘鲁	Bi4 lu3	秘魯|秘鲁|Bi4 lu3	1	他從秘魯帶回一些咖啡。	他从秘鲁带回一些咖啡。	秘魯	[[2, 4]]		
魯|鲁|lu3~3	1	貝魯特	贝鲁特	Bei4 lu3 te4	貝魯特|贝鲁特|Bei4 lu3 te4	1	她在貝魯特住了三年。	她在贝鲁特住了三年。	貝魯特	[[2, 5]]		
麗|丽|li4~1	0	美麗	美丽	mei3 li4	美麗|美丽|mei3 li4	1	那裡的風景非常美麗。	那里的风景非常美丽。	美麗	[[7, 9]]		
麗|丽|li4~1	1	華麗	华丽	hua2 li4	華麗|华丽|hua2 li4	1	她穿了一件華麗的衣服。	她穿了一件华丽的衣服。	華麗	[[5, 7]]		
麗|丽|li4~1	2	壯麗	壮丽	zhuang4 li4	壯麗|壮丽|zhuang4 li4	1	我從沒見過這麼壯麗的大山。	我从没见过这么壮丽的大山。	壯麗	[[7, 9]]		
麥|麦|mai4~1	0	小麥	小麦	xiao3 mai4	小麥|小麦|xiao3 mai4	1	北方很多地方都種小麥。	北方很多地方都种小麦。	小麥	[[8, 10]]		
麥|麦|mai4~1	1	大麥	大麦	da4 mai4	大麥|大麦|da4 mai4	1	這種酒是用大麥做的。	这种酒是用大麦做的。	大麥	[[5, 7]]		
麥|麦|mai4~1	2	燕麥	燕麦	yan4 mai4	燕麥|燕麦|yan4 mai4	1	她每天早上都吃燕麥。	她每天早上都吃燕麦。	燕麥	[[7, 9]]		
麵|面|mian4~2	0	麵粉	面粉	mian4 fen3	麵粉|面粉|mian4 fen3	1	做麵包要先準備麵粉。	做面包要先准备面粉。	麵粉	[[7, 9]]		
麵|面|mian4~2	1	麵團	面团	mian4 tuan2	麵團|面团|mian4 tuan2	1	他把麵團揉成圓形。	他把面团揉成圆形。	麵團	[[2, 4]]		
點|点|dian3~8	0	地點	地点	di4 dian3	地點|地点|di4 dian3	1	開會的地點還沒定下來。	开会的地点还没定下来。	地點	[[3, 5]]		
點|点|dian3~8	1	起點	起点	qi3 dian3	起點|起点|qi3 dian3	1	這裡是我們旅行的起點。	这里是我们旅行的起点。	起點	[[8, 10]]		
齊|齐|qi2~3	0	一齊	一齐	yi1 qi2	一齊|一齐|yi1 qi2	1	大家一齊動手，很快就做完了。	大家一齐动手，很快就做完了。	一齊	[[2, 4]]		
齊|齐|qi2~3	1	齊聲	齐声	qi2 sheng1	齊聲|齐声|qi2 sheng1	1	同學們齊聲回答老師的問題。	同学们齐声回答老师的问题。	齊聲	[[3, 5]]		
龍|龙|long2~2	0	恐龍	恐龙	kong3 long2	恐龍|恐龙|kong3 long2	1	這本書講的是恐龍的故事。	这本书讲的是恐龙的故事。	恐龍	[[6, 8]]		
龍|龙|long2~2	1	翼龍	翼龙	yi4 long2	翼龍|翼龙|yi4 long2	1	博物館裡有翼龍的模型。	博物馆里有翼龙的模型。	翼龍	[[5, 7]]		
龍|龙|long2~3	0	龍袍	龙袍	long2 pao2	龍袍|龙袍|long2 pao2	1	他在戲裡穿了一件龍袍。	他在戏里穿了一件龙袍。	龍袍	[[8, 10]]		
龍|龙|long2~3	1	龍椅	龙椅	long2 yi3	龍椅|龙椅|long2 yi3	1	他坐上了那把龍椅。	他坐上了那把龙椅。	龍椅	[[6, 8]]		
