entry_id	trad	simp	pinyin	content_status	rank	zipf_subtlex	review_status	adjudication	batch	prov_id
一些|一些|yi1 xie1	一些	一些	yi1 xie1	generated	233	5.708	unreviewed		wave1-01	2
一個|一个|yi1 ge5	一個	一个	yi1 ge5	generated	51	6.542	unreviewed		wave1-01	12
一切|一切|yi1 qie4	一切	一切	yi1 qie4	generated	198	5.811	unreviewed		wave1-03	167
一半|一半|yi1 ban4	一半	一半	yi1 ban4	generated	881	4.895	unreviewed		wave1-06	143
一定|一定|yi1 ding4	一定	一定	yi1 ding4	generated	209	5.781	unreviewed		wave1-02	154
一家|一家|yi1 jia1	一家	一家	yi1 jia1	generated	1914	4.258	unreviewed		wave1-09	101
一旦|一旦|yi1 dan4	一旦	一旦	yi1 dan4	generated	816	4.94	unreviewed		wave1-08	108
一樣|一样|yi1 yang4	一樣	一样	yi1 yang4	generated	164	5.935	unreviewed		wave1-02	154
一生|一生|yi1 sheng1	一生	一生	yi1 sheng1	generated	924	4.861	unreviewed		wave1-07	120
一直|一直|yi1 zhi2	一直	一直	yi1 zhi2	generated	183	5.864	unreviewed		wave1-01	93
一致|一致|yi1 zhi4	一致	一致	yi1 zhi4	generated	1490	4.511	unreviewed		wave1-07	120
一般|一般|yi1 ban1	一般	一般	yi1 ban1	generated	891	4.887	unreviewed		wave1-02	154
一起|一起|yi1 qi3	一起	一起	yi1 qi3	generated	143	5.991	unreviewed		wave1-02	154
一點|一点|yi1 dian3	一點	一点	yi1 dian3	generated	207	5.783	unreviewed		wave1-04	47
七|七|qi1	七	七	qi1	generated	1063	4.769	unreviewed		wave1-02	154
丈夫|丈夫|zhang4 fu5	丈夫	丈夫	zhang4 fu5	generated	478	5.261	unreviewed		wave1-06	143
三|三|san1	三	三	san1	generated	234	5.703	unreviewed		wave1-01	28
三十|三十|san1 shi2	三十	三十	san1 shi2	generated	2091	4.096	unreviewed		wave1-08	111
上|上|shang4	上	上	shang4	generated	52	6.533	unreviewed		wave1-01	23
上面|上面|shang4 mian4	上面	上面	shang4 mian4	generated	532	5.204	unreviewed		wave1-07	120
下|下|xia4	下	下	xia4	generated	100	6.19	unreviewed		wave1-01	12
下來|下来|xia4 lai5	下來	下来	xia4 lai5	generated	274	5.58	unreviewed		wave1-04	176
下午|下午|xia4 wu3	下午	下午	xia4 wu3	generated	813	4.941	unreviewed		wave1-06	143
下降|下降|xia4 jiang4	下降	下降	xia4 jiang4	generated	1975	4.205	unreviewed		wave1-08	111
下面|下面|xia4 mian4	下面	下面	xia4 mian4	generated	685	5.051	unreviewed		wave1-09	101
不久|不久|bu4 jiu3	不久	不久	bu4 jiu3	generated	1670	4.412	unreviewed		wave1-06	143
不僅|不仅|bu4 jin3	不僅	不仅	bu4 jin3	generated	1512	4.502	unreviewed		wave1-06	141
不再|不再|bu4 zai4	不再	不再	bu4 zai4	generated	631	5.098	unreviewed		wave1-03	167
不到|不到|bu4 dao4	不到	不到	bu4 dao4	generated	1277	4.638	unreviewed		wave1-08	111
不可|不可|bu4 ke3	不可	不可	bu4 ke3	generated	1431	4.544	unreviewed		wave1-06	143
不同|不同|bu4 tong2	不同	不同	bu4 tong2	generated	550	5.181	unreviewed		wave1-01	93
不少|不少|bu4 shao3	不少	不少	bu4 shao3	generated	1067	4.766	unreviewed		wave1-04	46
不得不|不得不|bu4 de2 bu4	不得不	不得不	bu4 de2 bu4	generated	860	4.915	unreviewed		wave1-07	120
不斷|不断|bu4 duan4	不斷	不断	bu4 duan4	generated	1395	4.561	unreviewed		wave1-05	132
不是|不是|bu4 shi4	不是	不是	bu4 shi4	generated	2116	4.05	unreviewed		wave1-08	111
不是|不是|bu4 shi5	不是	不是	bu4 shi5	generated	2117	4.05	unreviewed		wave1-08	111
不會|不会|bu4 hui4	不會	不会	bu4 hui4	generated	1863	4.286	unreviewed		wave1-06	143
不用|不用|bu4 yong4	不用	不用	bu4 yong4	generated	669	5.061	unreviewed		wave1-09	101
不知|不知|bu4 zhi1	不知	不知	bu4 zhi1	generated	1161	4.709	unreviewed		wave1-07	67
不能|不能|bu4 neng2	不能	不能	bu4 neng2	generated	353	5.43	unreviewed		wave1-02	154
不要|不要|bu4 yao4	不要	不要	bu4 yao4	generated	205	5.79	unreviewed		wave1-05	132
不過|不过|bu4 guo4	不過	不过	bu4 guo4	generated	189	5.842	unreviewed		wave1-01	93
且|且|qie3	且	且	qie3	generated	1872	4.282	unreviewed		wave1-05	57
世|世|shi4	世	世	shi4	generated	1771	4.345	unreviewed		wave1-05	132
世紀|世纪|shi4 ji4	世紀	世纪	shi4 ji4	generated	1417	4.553	unreviewed		wave1-03	167
並且|并且|bing4 qie3	並且	并且	bing4 qie3	generated	617	5.117	unreviewed		wave1-02	154
並非|并非|bing4 fei1	並非	并非	bing4 fei1	generated	1546	4.482	unreviewed		wave1-06	143
中|中|zhong4	中	中	zhong4	generated	138	6.017	unreviewed		wave1-01	12
中央|中央|zhong1 yang1	中央	中央	zhong1 yang1	generated	1723	4.38	unreviewed		wave1-05	132
中學|中学|zhong1 xue2	中學	中学	zhong1 xue2	generated	2111	4.062	unreviewed		wave1-08	111
中心|中心|zhong1 xin1	中心	中心	zhong1 xin1	generated	752	4.995	unreviewed		wave1-02	154
中間|中间|zhong1 jian1	中間	中间	zhong1 jian1	generated	1215	4.677	unreviewed		wave1-06	143
丹|丹|dan1	丹	丹	dan1	generated	1510	4.503	unreviewed		wave1-06	143
主|主|zhu3	主	主	zhu3	generated	790	4.956	unreviewed		wave1-02	184
主任|主任|zhu3 ren4	主任	主任	zhu3 ren4	generated	1614	4.445	unreviewed		wave1-06	143
主席|主席|zhu3 xi2	主席	主席	zhu3 xi2	generated	1867	4.285	unreviewed		wave1-06	143
主持|主持|zhu3 chi2	主持	主持	zhu3 chi2	generated	1934	4.242	unreviewed		wave1-07	120
主義|主义|zhu3 yi4	主義	主义	zhu3 yi4	generated	1763	4.349	unreviewed		wave1-06	143
主要|主要|zhu3 yao4	主要	主要	zhu3 yao4	generated	1316	4.618	unreviewed		wave1-03	167
主角|主角|zhu3 jue2	主角	主角	zhu3 jue2	generated	1734	4.373	unreviewed		wave1-09	101
主題|主题|zhu3 ti2	主題	主题	zhu3 ti2	generated	1608	4.448	unreviewed		wave1-07	120
久|久|jiu3	久	久	jiu3	generated	424	5.317	unreviewed		wave1-03	167
之一|之一|zhi1 yi1	之一	之一	zhi1 yi1	generated	824	4.937	unreviewed		wave1-02	154
之下|之下|zhi1 xia4	之下	之下	zhi1 xia4	generated	1852	4.291	unreviewed		wave1-08	111
之中|之中|zhi1 zhong1	之中	之中	zhi1 zhong1	generated	1242	4.66	unreviewed		wave1-05	132
之前|之前|zhi1 qian2	之前	之前	zhi1 qian2	generated	248	5.656	unreviewed		wave1-02	154
之外|之外|zhi1 wai4	之外	之外	zhi1 wai4	generated	1469	4.524	unreviewed		wave1-05	132
之後|之后|zhi1 hou4	之後	之后	zhi1 hou4	generated	307	5.52	unreviewed		wave1-01	93
之間|之间|zhi1 jian1	之間	之间	zhi1 jian1	generated	474	5.268	unreviewed		wave1-01	91
乘|乘|cheng2	乘	乘	cheng2	generated	1668	4.413	unreviewed		wave1-08	68
乘|乘|sheng4	乘	乘	sheng4	generated	1669	4.413	unreviewed		wave1-08	68
乘客|乘客|cheng2 ke4	乘客	乘客	cheng2 ke4	generated	1899	4.269	unreviewed		wave1-09	101
九|九|jiu3	九	九	jiu3	generated	1387	4.566	unreviewed		wave1-03	167
也|也|ye3	也	也	ye3	generated	42	6.594	unreviewed		wave1-01	11
乾|乾|qian2	乾	乾	qian2	generated	122	6.094	unreviewed		wave1-02	154
乾|干|gan1	乾	干	gan1	generated	120	6.094	unreviewed		wave1-02	154
亂|乱|luan4	亂	乱	luan4	generated	748	4.997	unreviewed		wave1-04	46
了|了|le5	了	了	le5	generated	9	7.45	unreviewed		wave1-01	11
了|了|liao3	了	了	liao3	generated	10	7.45	unreviewed		wave1-01	27
了解|了解|liao3 jie3	了解	了解	liao3 jie3	generated	331	5.48	unreviewed		wave1-04	176
事|事|shi4	事	事	shi4	generated	67	6.464	unreviewed		wave1-01	93
事件|事件|shi4 jian4	事件	事件	shi4 jian4	generated	858	4.917	unreviewed		wave1-02	154
事實|事实|shi4 shi2	事實	事实	shi4 shi2	generated	559	5.176	unreviewed		wave1-06	143
事實上|事实上|shi4 shi2 shang4	事實上	事实上	shi4 shi2 shang4	generated	521	5.212	unreviewed		wave1-05	132
事情|事情|shi4 qing5	事情	事情	shi4 qing5	generated	165	5.924	unreviewed		wave1-05	132
事故|事故|shi4 gu4	事故	事故	shi4 gu4	generated	1286	4.632	unreviewed		wave1-07	120
事業|事业|shi4 ye4	事業	事业	shi4 ye4	generated	1198	4.688	unreviewed		wave1-05	132
二|二|er4	二	二	er4	generated	579	5.16	unreviewed		wave1-01	93
二十|二十|er4 shi2	二十	二十	er4 shi2	generated	1903	4.265	unreviewed		wave1-06	143
互相|互相|hu4 xiang1	互相	互相	hu4 xiang1	generated	1176	4.702	unreviewed		wave1-06	143
五|五|wu3	五	五	wu3	generated	493	5.245	unreviewed		wave1-01	93
井|井|jing3	井	井	jing3	generated	2040	4.154	unreviewed		wave1-09	101
些|些|xie1	些	些	xie1	generated	201	5.802	unreviewed		wave1-05	128
亞|亚|ya4	亞	亚	ya4	generated	1075	4.761	unreviewed		wave1-02	154
交|交|jiao1	交	交	jiao1	generated	708	5.032	unreviewed		wave1-04	45
交換|交换|jiao1 huan4	交換	交换	jiao1 huan4	generated	1582	4.462	unreviewed		wave1-08	68
交易|交易|jiao1 yi4	交易	交易	jiao1 yi4	generated	837	4.931	unreviewed		wave1-05	132
交流|交流|jiao1 liu2	交流	交流	jiao1 liu2	generated	1575	4.466	unreviewed		wave1-07	120
交通|交通|jiao1 tong1	交通	交通	jiao1 tong1	generated	1590	4.456	unreviewed		wave1-05	132
亮|亮|liang4	亮	亮	liang4	generated	1435	4.541	unreviewed		wave1-07	120
人們|人们|ren2 men5	人們	人们	ren2 men5	generated	384	5.377	unreviewed		wave1-02	154
人口|人口|ren2 kou3	人口	人口	ren2 kou3	generated	1957	4.219	unreviewed		wave1-06	143
人員|人员|ren2 yuan2	人員	人员	ren2 yuan2	generated	854	4.919	unreviewed		wave1-03	167
人士|人士|ren2 shi4	人士	人士	ren2 shi4	generated	1930	4.247	unreviewed		wave1-07	120
人數|人数|ren2 shu4	人數	人数	ren2 shu4	generated	2067	4.126	unreviewed		wave1-09	101
人民|人民|ren2 min2	人民	人民	ren2 min2	generated	1189	4.695	unreviewed		wave1-03	167
人物|人物|ren2 wu4	人物	人物	ren2 wu4	generated	1054	4.778	unreviewed		wave1-03	35
人生|人生|ren2 sheng1	人生	人生	ren2 sheng1	generated	840	4.93	unreviewed		wave1-07	120
人類|人类|ren2 lei4	人類	人类	ren2 lei4	generated	670	5.061	unreviewed		wave1-02	154
什|什|shen2	什	什	shen2	generated	1243	4.659	unreviewed		wave1-05	132
什|什|shi2	什	什	shi2	generated	1244	4.659	unreviewed		wave1-05	58
什麼|什么|shen2 me5	什麼	什么	shen2 me5	generated	23	6.848	unreviewed		wave1-04	176
今|今|jin1	今	今	jin1	generated	1279	4.635	unreviewed		wave1-03	167
今天|今天|jin1 tian1	今天	今天	jin1 tian1	generated	182	5.868	unreviewed		wave1-03	167
介紹|介绍|jie4 shao4	介紹	介绍	jie4 shao4	generated	893	4.886	unreviewed		wave1-05	132
仍|仍|reng2	仍	仍	reng2	generated	1100	4.75	unreviewed		wave1-03	167
仍然|仍然|reng2 ran2	仍然	仍然	reng2 ran2	generated	817	4.94	unreviewed		wave1-03	35
仔|仔|zai3	仔	仔	zai3	generated	1840	4.3	unreviewed		wave1-08	104
仔|仔|zi3	仔	仔	zi3	generated	1841	4.3	unreviewed		wave1-08	105
他|他|ta1	他	他	ta1	generated	12	7.074	unreviewed		wave1-01	5
他人|他人|ta1 ren2	他人	他人	ta1 ren2	generated	1685	4.401	unreviewed		wave1-09	71
他們|他们|ta1 men5	他們	他们	ta1 men5	generated	39	6.622	unreviewed		wave1-01	12
代|代|dai4	代	代	dai4	generated	1354	4.594	unreviewed		wave1-04	176
代表|代表|dai4 biao3	代表	代表	dai4 biao3	generated	714	5.029	unreviewed		wave1-02	154
令|令|ling3	令	令	ling3	generated	461	5.282	unreviewed		wave1-02	151
令|令|ling4	令	令	ling4	generated	460	5.282	unreviewed		wave1-02	184
以|以|yi3	以	以	yi3	generated	272	5.591	unreviewed		wave1-01	12
以上|以上|yi3 shang4	以上	以上	yi3 shang4	generated	1985	4.199	unreviewed		wave1-07	120
以下|以下|yi3 xia4	以下	以下	yi3 xia4	generated	1824	4.307	unreviewed		wave1-06	143
以來|以来|yi3 lai2	以來	以来	yi3 lai2	generated	1211	4.68	unreviewed		wave1-04	174
以前|以前|yi3 qian2	以前	以前	yi3 qian2	generated	278	5.567	unreviewed		wave1-02	154
以及|以及|yi3 ji2	以及	以及	yi3 ji2	generated	709	5.032	unreviewed		wave1-02	154
以外|以外|yi3 wai4	以外	以外	yi3 wai4	generated	1732	4.375	unreviewed		wave1-06	141
以後|以后|yi3 hou4	以後	以后	yi3 hou4	generated	362	5.414	unreviewed		wave1-02	154
以為|以为|yi3 wei2	以為	以为	yi3 wei2	generated	237	5.694	unreviewed		wave1-04	176
件|件|jian4	件	件	jian4	generated	215	5.766	unreviewed		wave1-02	150
任|任|ren4	任	任	ren4	generated	1620	4.437	unreviewed		wave1-04	43
任何|任何|ren4 he2	任何	任何	ren4 he2	generated	250	5.648	unreviewed		wave1-01	93
任務|任务|ren4 wu5	任務	任务	ren4 wu5	generated	571	5.167	unreviewed		wave1-03	167
份|份|fen4	份	份	fen4	generated	329	5.481	unreviewed		wave1-01	88
企業|企业|qi3 ye4	企業	企业	qi3 ye4	generated	2081	4.107	unreviewed		wave1-08	111
伊|伊|yi1	伊	伊	yi1	generated	1511	4.503	unreviewed		wave1-04	37
伯|伯|bai3	伯	伯	bai3	generated	2051	4.145	unreviewed		wave1-07	120
伯|伯|bo2	伯	伯	bo2	generated	2050	4.145	unreviewed		wave1-07	120
估計|估计|gu1 ji4	估計	估计	gu1 ji4	generated	1141	4.717	unreviewed		wave1-05	132
似乎|似乎|si4 hu1	似乎	似乎	si4 hu1	generated	772	4.974	unreviewed		wave1-06	143
但|但|dan4	但	但	dan4	generated	78	6.308	unreviewed		wave1-01	12
但是|但是|dan4 shi4	但是	但是	dan4 shi4	generated	96	6.196	unreviewed		wave1-01	12
佈|布|bu4	佈	布	bu4	generated	1239	4.663	unreviewed		wave1-03	166
位|位|wei4	位	位	wei4	generated	239	5.688	unreviewed		wave1-01	8
位於|位于|wei4 yu2	位於	位于	wei4 yu2	generated	2105	4.073	unreviewed		wave1-07	120
位置|位置|wei4 zhi5	位置	位置	wei4 zhi5	generated	764	4.987	unreviewed		wave1-03	167
低|低|di1	低	低	di1	generated	1117	4.734	unreviewed		wave1-03	167
住|住|zhu4	住	住	zhu4	generated	214	5.767	unreviewed		wave1-02	184
何|何|he2	何	何	he2	generated	1235	4.665	unreviewed		wave1-04	176
作|作|zuo1	作	作	zuo1	generated	609	5.128	unreviewed		wave1-02	148
作|作|zuo4	作	作	zuo4	generated	608	5.128	unreviewed		wave1-02	154
作出|作出|zuo4 chu1	作出	作出	zuo4 chu1	generated	1792	4.335	unreviewed		wave1-08	111
作品|作品|zuo4 pin3	作品	作品	zuo4 pin3	generated	1222	4.672	unreviewed		wave1-03	167
作家|作家|zuo4 jia1	作家	作家	zuo4 jia1	generated	1564	4.473	unreviewed		wave1-05	132
作戰|作战|zuo4 zhan4	作戰	作战	zuo4 zhan4	generated	2059	4.137	unreviewed		wave1-09	101
作為|作为|zuo4 wei2	作為	作为	zuo4 wei2	generated	498	5.243	unreviewed		wave1-01	93
作用|作用|zuo4 yong4	作用	作用	zuo4 yong4	generated	1145	4.715	unreviewed		wave1-03	164
作者|作者|zuo4 zhe3	作者	作者	zuo4 zhe3	generated	2060	4.136	unreviewed		wave1-09	101
你|你|ni3	你	你	ni3	generated	6	7.598	unreviewed		wave1-01	93
你們|你们|ni3 men5	你們	你们	ni3 men5	generated	53	6.527	unreviewed		wave1-07	120
使|使|shi3	使	使	shi3	generated	572	5.166	unreviewed		wave1-01	2
使得|使得|shi3 de5	使得	使得	shi3 de5	generated	2056	4.142	unreviewed		wave1-07	120
使用|使用|shi3 yong4	使用	使用	shi3 yong4	generated	796	4.954	unreviewed		wave1-02	154
來|来|lai2	來	来	lai2	generated	32	6.742	unreviewed		wave1-01	26
來到|来到|lai2 dao4	來到	来到	lai2 dao4	generated	747	4.998	unreviewed		wave1-05	132
來源|来源|lai2 yuan2	來源	来源	lai2 yuan2	generated	1918	4.253	unreviewed		wave1-07	120
來自|来自|lai2 zi4	來自	来自	lai2 zi4	generated	612	5.124	unreviewed		wave1-02	154
例如|例如|li4 ru2	例如	例如	li4 ru2	generated	2077	4.115	unreviewed		wave1-07	120
供|供|gong1	供	供	gong1	generated	1637	4.428	unreviewed		wave1-06	143
供|供|gong4	供	供	gong4	generated	1638	4.428	unreviewed		wave1-06	60
依|依|yi1	依	依	yi1	generated	2057	4.142	unreviewed		wave1-08	111
依然|依然|yi1 ran2	依然	依然	yi1 ran2	generated	1665	4.414	unreviewed		wave1-08	111
便|便|bian4	便	便	bian4	generated	939	4.851	unreviewed		wave1-02	154
係|系|xi4	係	系	xi4	generated	1549	4.479	unreviewed		wave1-04	176
保|保|bao3	保	保	bao3	generated	1461	4.527	unreviewed		wave1-05	132
保存|保存|bao3 cun2	保存	保存	bao3 cun2	generated	1943	4.236	unreviewed		wave1-09	101
保持|保持|bao3 chi2	保持	保持	bao3 chi2	generated	540	5.186	unreviewed		wave1-03	167
保留|保留|bao3 liu2	保留	保留	bao3 liu2	generated	1639	4.428	unreviewed		wave1-06	143
保證|保证|bao3 zheng4	保證	保证	bao3 zheng4	generated	395	5.35	unreviewed		wave1-05	132
保護|保护|bao3 hu4	保護	保护	bao3 hu4	generated	415	5.325	unreviewed		wave1-02	154
信|信|xin4	信	信	xin4	generated	398	5.347	unreviewed		wave1-02	154
信仰|信仰|xin4 yang3	信仰	信仰	xin4 yang3	generated	1333	4.607	unreviewed		wave1-05	132
信任|信任|xin4 ren4	信任	信任	xin4 ren4	generated	732	5.011	unreviewed		wave1-09	101
信息|信息|xin4 xi1	信息	信息	xin4 xi1	generated	694	5.045	unreviewed		wave1-03	167
信號|信号|xin4 hao4	信號	信号	xin4 hao4	generated	963	4.827	unreviewed		wave1-06	143
修|修|xiu1	修	修	xiu1	generated	1108	4.74	unreviewed		wave1-04	176
俱樂部|俱乐部|ju4 le4 bu4	俱樂部	俱乐部	ju4 le4 bu4	generated	956	4.839	unreviewed		wave1-06	144
個人|个人|ge4 ren2	個人	个人	ge4 ren2	generated	712	5.03	unreviewed		wave1-02	154
倍|倍|bei4	倍	倍	bei4	generated	1266	4.641	unreviewed		wave1-05	132
們|们|men5	們	们	men5	generated	124	6.076	unreviewed		wave1-01	93
倒|倒|dao3	倒	倒	dao3	generated	482	5.259	unreviewed		wave1-07	120
倒|倒|dao4	倒	倒	dao4	generated	483	5.259	unreviewed		wave1-07	120
借|借|jie4	借	借	jie4	generated	770	4.977	unreviewed		wave1-07	120
倫|伦|lun2	倫	伦	lun2	generated	2019	4.178	unreviewed		wave1-07	120
值|值|zhi2	值	值	zhi2	generated	1267	4.641	unreviewed		wave1-04	176
值得|值得|zhi2 de5	值得	值得	zhi2 de5	generated	791	4.956	unreviewed		wave1-08	111
假|假|jia3	假	假	jia3	generated	754	4.994	unreviewed		wave1-06	143
假|假|jia4	假	假	jia4	generated	755	4.994	unreviewed		wave1-06	143
假設|假设|jia3 she4	假設	假设	jia3 she4	generated	1467	4.525	unreviewed		wave1-07	120
偉大|伟大|wei3 da4	偉大	伟大	wei3 da4	generated	912	4.873	unreviewed		wave1-06	143
做|做|zuo4	做	做	zuo4	generated	48	6.562	unreviewed		wave1-01	93
做出|做出|zuo4 chu1	做出	做出	zuo4 chu1	generated	981	4.821	unreviewed		wave1-05	132
停|停|ting2	停	停	ting2	generated	354	5.43	unreviewed		wave1-05	132
停止|停止|ting2 zhi3	停止	停止	ting2 zhi3	generated	841	4.93	unreviewed		wave1-04	176
健康|健康|jian4 kang1	健康	健康	jian4 kang1	generated	1000	4.81	unreviewed		wave1-05	132
側|侧|ce4	側	侧	ce4	generated	1861	4.288	unreviewed		wave1-08	111
側|侧|zhai1	側	侧	zhai1	generated	1862	4.288	unreviewed		wave1-08	111
偵探|侦探|zhen1 tan4	偵探	侦探	zhen1 tan4	generated	1105	4.746	unreviewed		wave1-08	111
偶像|偶像|ou3 xiang4	偶像	偶像	ou3 xiang4	generated	1103	4.747	unreviewed		wave1-06	143
傳|传|chuan2	傳	传	chuan2	generated	1011	4.803	unreviewed		wave1-03	167
傳|传|zhuan4	傳	传	zhuan4	generated	1012	4.803	unreviewed		wave1-03	167
傳統|传统|chuan2 tong3	傳統	传统	chuan2 tong3	generated	1372	4.578	unreviewed		wave1-04	176
傳說|传说|chuan2 shuo1	傳說	传说	chuan2 shuo1	generated	1726	4.377	unreviewed		wave1-07	120
傷|伤|shang1	傷	伤	shang1	generated	594	5.147	unreviewed		wave1-06	143
傷害|伤害|shang1 hai4	傷害	伤害	shang1 hai4	generated	512	5.218	unreviewed		wave1-07	120
僅|仅|jin3	僅	仅	jin3	generated	1201	4.686	unreviewed		wave1-03	165
像|像|xiang4	像	像	xiang4	generated	105	6.175	unreviewed		wave1-01	93
價值|价值|jia4 zhi2	價值	价值	jia4 zhi2	generated	1174	4.704	unreviewed		wave1-05	132
價格|价格|jia4 ge2	價格	价格	jia4 ge2	generated	1876	4.28	unreviewed		wave1-08	111
儀式|仪式|yi2 shi4	儀式	仪式	yi2 shi4	generated	1517	4.498	unreviewed		wave1-06	143
億|亿|yi4	億	亿	yi4	generated	1830	4.304	unreviewed		wave1-05	132
儘管|尽管|jin3 guan3	儘管	尽管	jin3 guan3	generated	879	4.899	unreviewed		wave1-03	165
優勢|优势|you1 shi4	優勢	优势	you1 shi4	generated	1878	4.277	unreviewed		wave1-08	111
優秀|优秀|you1 xiu4	優秀	优秀	you1 xiu4	generated	1303	4.624	unreviewed		wave1-08	111
允許|允许|yun3 xu3	允許	允许	yun3 xu3	generated	867	4.911	unreviewed		wave1-04	176
元|元|yuan2	元	元	yuan2	generated	1072	4.763	unreviewed		wave1-02	180
元素|元素|yuan2 su4	元素	元素	yuan2 su4	generated	2129	4.005	unreviewed		wave1-09	101
兄弟|兄弟|xiong1 di4	兄弟	兄弟	xiong1 di4	generated	368	5.41	unreviewed		wave1-03	167
充滿|充满|chong1 man3	充滿	充满	chong1 man3	generated	967	4.826	unreviewed		wave1-07	120
先|先|xian1	先	先	xian1	generated	241	5.68	unreviewed		wave1-02	152
先生|先生|xian1 sheng5	先生	先生	xian1 sheng5	generated	108	6.145	unreviewed		wave1-03	167
光|光|guang1	光	光	guang1	generated	684	5.052	unreviewed		wave1-02	154
克|克|ke4	克	克	ke4	generated	640	5.09	unreviewed		wave1-01	93
免費|免费|mian3 fei4	免費	免费	mian3 fei4	generated	1164	4.708	unreviewed		wave1-06	143
兒|儿|er2	兒	儿	er2	generated	446	5.292	unreviewed		wave1-03	167
兒子|儿子|er2 zi5	兒子	儿子	er2 zi5	generated	308	5.52	unreviewed		wave1-03	167
兒童|儿童|er2 tong2	兒童	儿童	er2 tong2	generated	1364	4.584	unreviewed		wave1-05	132
入|入|ru4	入	入	ru4	generated	896	4.884	unreviewed		wave1-02	178
入侵|入侵|ru4 qin1	入侵	入侵	ru4 qin1	generated	1833	4.303	unreviewed		wave1-07	120
內|内|nei4	內	内	nei4	generated	457	5.283	unreviewed		wave1-01	93
內容|内容|nei4 rong2	內容	内容	nei4 rong2	generated	1347	4.599	unreviewed		wave1-04	176
內部|内部|nei4 bu4	內部	内部	nei4 bu4	generated	1547	4.48	unreviewed		wave1-05	132
全|全|quan2	全	全	quan2	generated	390	5.36	unreviewed		wave1-01	93
全世界|全世界|quan2 shi4 jie4	全世界	全世界	quan2 shi4 jie4	generated	1448	4.535	unreviewed		wave1-08	111
全國|全国|quan2 guo2	全國	全国	quan2 guo2	generated	1442	4.538	unreviewed		wave1-04	176
全球|全球|quan2 qiu2	全球	全球	quan2 qiu2	generated	1736	4.372	unreviewed		wave1-05	132
全部|全部|quan2 bu4	全部	全部	quan2 bu4	generated	702	5.035	unreviewed		wave1-03	167
全面|全面|quan2 mian4	全面	全面	quan2 mian4	generated	2075	4.118	unreviewed		wave1-09	101
八|八|ba1	八	八	ba1	generated	1027	4.794	unreviewed		wave1-02	154
公|公|gong1	公	公	gong1	generated	2053	4.144	unreviewed		wave1-07	120
公主|公主|gong1 zhu3	公主	公主	gong1 zhu3	generated	1400	4.56	unreviewed		wave1-06	143
公共|公共|gong1 gong4	公共	公共	gong1 gong4	generated	1727	4.377	unreviewed		wave1-06	143
公園|公园|gong1 yuan2	公園	公园	gong1 yuan2	generated	987	4.818	unreviewed		wave1-03	167
公民|公民|gong1 min2	公民	公民	gong1 min2	generated	1795	4.331	unreviewed		wave1-07	120
公眾|公众|gong1 zhong4	公眾	公众	gong1 zhong4	generated	1686	4.4	unreviewed		wave1-07	120
公路|公路|gong1 lu4	公路	公路	gong1 lu4	generated	1609	4.448	unreviewed		wave1-05	132
公里|公里|gong1 li3	公里	公里	gong1 li3	generated	1964	4.212	unreviewed		wave1-06	143
公開|公开|gong1 kai1	公開	公开	gong1 kai1	generated	1579	4.465	unreviewed		wave1-05	132
六|六|liu4	六	六	liu4	generated	666	5.065	unreviewed		wave1-02	154
共|共|gong4	共	共	gong4	generated	1274	4.639	unreviewed		wave1-03	30
共同|共同|gong4 tong2	共同	共同	gong4 tong2	generated	1602	4.452	unreviewed		wave1-05	132
兵|兵|bing1	兵	兵	bing1	generated	1658	4.418	unreviewed		wave1-05	132
其|其|qi2	其	其	qi2	generated	784	4.964	unreviewed		wave1-02	154
其中|其中|qi2 zhong1	其中	其中	qi2 zhong1	generated	603	5.137	unreviewed		wave1-01	93
其他|其他|qi2 ta1	其他	其他	qi2 ta1	generated	258	5.626	unreviewed		wave1-01	12
其它|其它|qi2 ta1	其它	其它	qi2 ta1	generated	971	4.825	unreviewed		wave1-04	176
其實|其实|qi2 shi2	其實	其实	qi2 shi2	generated	420	5.324	unreviewed		wave1-04	176
具|具|ju4	具	具	ju4	generated	1159	4.711	unreviewed		wave1-04	172
具有|具有|ju4 you3	具有	具有	ju4 you3	generated	1802	4.323	unreviewed		wave1-05	132
具體|具体|ju4 ti3	具體	具体	ju4 ti3	generated	1603	4.452	unreviewed		wave1-07	120
再|再|zai4	再	再	zai4	generated	90	6.227	unreviewed		wave1-01	12
再次|再次|zai4 ci4	再次	再次	zai4 ci4	generated	855	4.919	unreviewed		wave1-03	167
冒險|冒险|mao4 xian3	冒險	冒险	mao4 xian3	generated	1132	4.724	unreviewed		wave1-09	101
冠軍|冠军|guan4 jun1	冠軍	冠军	guan4 jun1	generated	1039	4.785	unreviewed		wave1-04	176
冰|冰|bing1	冰	冰	bing1	generated	1219	4.674	unreviewed		wave1-07	120
冷|冷|leng3	冷	冷	leng3	generated	945	4.844	unreviewed		wave1-07	120
准|准|zhun3	准	准	zhun3	generated	978	4.822	unreviewed		wave1-06	143
几|几|ji1	几	几	ji1	generated	193	5.825	unreviewed		wave1-02	154
凱|凯|kai3	凱	凯	kai3	generated	2082	4.107	unreviewed		wave1-08	103
出來|出来|chu1 lai2	出來	出来	chu1 lai2	generated	203	5.795	unreviewed		wave1-02	154
出來|出来|chu5 lai5	出來	出来	chu5 lai5	generated	204	5.795	unreviewed		wave1-02	154
出口|出口|chu1 kou3	出口	出口	chu1 kou3	generated	1541	4.485	unreviewed		wave1-07	120
出席|出席|chu1 xi2	出席	出席	chu1 xi2	generated	1834	4.302	unreviewed		wave1-08	111
出版|出版|chu1 ban3	出版	出版	chu1 ban3	generated	1933	4.244	unreviewed		wave1-06	143
出現|出现|chu1 xian4	出現	出现	chu1 xian4	generated	403	5.339	unreviewed		wave1-01	93
出生|出生|chu1 sheng1	出生	出生	chu1 sheng1	generated	1140	4.718	unreviewed		wave1-03	167
出發|出发|chu1 fa1	出發	出发	chu1 fa1	generated	910	4.874	unreviewed		wave1-07	120
刀|刀|dao1	刀	刀	dao1	generated	865	4.912	unreviewed		wave1-05	83
分|分|fen1	分	分	fen1	generated	524	5.211	unreviewed		wave1-02	148
分|分|fen4	分	分	fen4	generated	525	5.211	unreviewed		wave1-02	154
分別|分别|fen1 bie2	分別	分别	fen1 bie2	generated	2126	4.018	unreviewed		wave1-08	111
分子|分子|fen1 zi3	分子	分子	fen1 zi3	generated	1193	4.692	unreviewed		wave1-04	176
分子|分子|fen4 zi3	分子	分子	fen4 zi3	generated	1194	4.692	unreviewed		wave1-04	176
分析|分析|fen1 xi1	分析	分析	fen1 xi1	generated	1251	4.656	unreviewed		wave1-04	176
分鐘|分钟|fen1 zhong1	分鐘	分钟	fen1 zhong1	generated	309	5.517	unreviewed		wave1-03	167
切|切|qie1	切	切	qie1	generated	1177	4.702	unreviewed		wave1-05	132
切|切|qie4	切	切	qie4	generated	1178	4.702	unreviewed		wave1-05	54
划|划|hua2	划	划	hua2	generated	1680	4.404	unreviewed		wave1-07	120
列|列|lie4	列	列	lie4	generated	1619	4.44	unreviewed		wave1-05	132
列車|列车|lie4 che1	列車	列车	lie4 che1	generated	2103	4.077	unreviewed		wave1-08	111
初|初|chu1	初	初	chu1	generated	1673	4.41	unreviewed		wave1-05	126
別|别|bie2	別	别	bie2	generated	77	6.319	unreviewed		wave1-03	32
別人|别人|bie2 ren5	別人	别人	bie2 ren5	generated	294	5.539	unreviewed		wave1-09	101
利|利|li4	利	利	li4	generated	1024	4.795	unreviewed		wave1-02	154
利用|利用|li4 yong4	利用	利用	li4 yong4	generated	786	4.963	unreviewed		wave1-02	154
利益|利益|li4 yi4	利益	利益	li4 yi4	generated	1891	4.272	unreviewed		wave1-08	111
到|到|dao4	到	到	dao4	generated	40	6.619	unreviewed		wave1-01	12
到達|到达|dao4 da2	到達	到达	dao4 da2	generated	1083	4.757	unreviewed		wave1-05	132
制|制|zhi4	制	制	zhi4	generated	1853	4.291	unreviewed		wave1-05	131
刺激|刺激|ci4 ji1	刺激	刺激	ci4 ji1	generated	1358	4.593	unreviewed		wave1-08	111
刻|刻|ke4	刻	刻	ke4	generated	1919	4.253	unreviewed		wave1-08	107
則|则|ze2	則	则	ze2	generated	1226	4.67	unreviewed		wave1-03	156
前|前|qian2	前	前	qian2	generated	177	5.883	unreviewed		wave1-01	12
前往|前往|qian2 wang3	前往	前往	qian2 wang3	generated	1701	4.396	unreviewed		wave1-05	132
剛|刚|gang1	剛	刚	gang1	generated	314	5.511	unreviewed		wave1-03	167
剩下|剩下|sheng4 xia4	剩下	剩下	sheng4 xia4	generated	779	4.968	unreviewed		wave1-08	111
副|副|fu4	副	副	fu4	generated	859	4.917	unreviewed		wave1-03	29
創作|创作|chuang4 zuo4	創作	创作	chuang4 zuo4	generated	2087	4.1	unreviewed		wave1-08	111
創造|创造|chuang4 zao4	創造	创造	chuang4 zao4	generated	1280	4.635	unreviewed		wave1-05	132
劃|划|hua2	劃	划	hua2	generated	1681	4.404	unreviewed		wave1-07	120
劃|划|hua4	劃	划	hua4	generated	1682	4.404	unreviewed		wave1-07	120
劇|剧|ju4	劇	剧	ju4	generated	1583	4.462	unreviewed		wave1-05	132
劇本|剧本|ju4 ben3	劇本	剧本	ju4 ben3	generated	1555	4.477	unreviewed		wave1-09	101
劍|剑|jian4	劍	剑	jian4	generated	1525	4.494	unreviewed		wave1-06	139
力|力|li4	力	力	li4	generated	960	4.832	unreviewed		wave1-03	167
力量|力量|li4 liang5	力量	力量	li4 liang5	generated	773	4.973	unreviewed		wave1-04	176
功能|功能|gong1 neng2	功能	功能	gong1 neng2	generated	1959	4.217	unreviewed		wave1-07	120
加|加|jia1	加	加	jia1	generated	548	5.183	unreviewed		wave1-02	152
加上|加上|jia1 shang4	加上	加上	jia1 shang4	generated	1350	4.598	unreviewed		wave1-05	132
加入|加入|jia1 ru4	加入	加入	jia1 ru4	generated	735	5.008	unreviewed		wave1-02	154
努力|努力|nu3 li4	努力	努力	nu3 li4	generated	464	5.278	unreviewed		wave1-04	176
勒|勒|le4	勒	勒	le4	generated	1408	4.556	unreviewed		wave1-04	169
勒|勒|lei1	勒	勒	lei1	generated	1409	4.556	unreviewed		wave1-04	176
動作|动作|dong4 zuo4	動作	动作	dong4 zuo4	generated	818	4.939	unreviewed		wave1-05	132
動物|动物|dong4 wu4	動物	动物	dong4 wu4	generated	882	4.895	unreviewed		wave1-03	167
勝|胜|sheng4	勝	胜	sheng4	generated	1424	4.547	unreviewed		wave1-05	132
勝利|胜利|sheng4 li4	勝利	胜利	sheng4 li4	generated	1135	4.722	unreviewed		wave1-05	132
包|包|bao1	包	包	bao1	generated	691	5.048	unreviewed		wave1-04	176
包括|包括|bao1 kuo4	包括	包括	bao1 kuo4	generated	941	4.85	unreviewed		wave1-02	154
化學|化学|hua4 xue2	化學	化学	hua4 xue2	generated	1909	4.26	unreviewed		wave1-07	120
北|北|bei3	北	北	bei3	generated	1550	4.479	unreviewed		wave1-04	176
區|区|qu1	區	区	qu1	generated	769	4.979	unreviewed		wave1-02	154
區別|区别|qu1 bie2	區別	区别	qu1 bie2	generated	1446	4.536	unreviewed		wave1-07	120
區域|区域|qu1 yu4	區域	区域	qu1 yu4	generated	1456	4.529	unreviewed		wave1-04	176
十|十|shi2	十	十	shi2	generated	710	5.032	unreviewed		wave1-02	154
十二|十二|shi2 er4	十二	十二	shi2 er4	generated	1987	4.195	unreviewed		wave1-07	120
十分|十分|shi2 fen1	十分	十分	shi2 fen1	generated	1092	4.753	unreviewed		wave1-04	176
千|千|qian1	千	千	qian1	generated	1236	4.664	unreviewed		wave1-03	167
千萬|千万|qian1 wan4	千萬	千万	qian1 wan4	generated	1227	4.67	unreviewed		wave1-09	101
升|升|sheng1	升	升	sheng1	generated	1651	4.421	unreviewed		wave1-07	120
半|半|ban4	半	半	ban4	generated	529	5.206	unreviewed		wave1-02	154
協助|协助|xie2 zhu4	協助	协助	xie2 zhu4	generated	1894	4.27	unreviewed		wave1-08	111
協會|协会|xie2 hui4	協會	协会	xie2 hui4	generated	1905	4.264	unreviewed		wave1-07	120
協議|协议|xie2 yi4	協議	协议	xie2 yi4	generated	1234	4.666	unreviewed		wave1-05	132
南|南|na1	南	南	na1	redirect	1486	4.513	unreviewed		wave1-03	36
南|南|nan2	南	南	nan2	generated	1485	4.513	unreviewed		wave1-03	167
南方|南方|nan2 fang1	南方	南方	nan2 fang1	generated	1752	4.359	unreviewed		wave1-07	120
博|博|bo2	博	博	bo2	generated	1925	4.249	unreviewed		wave1-07	113
博士|博士|bo2 shi4	博士	博士	bo2 shi4	generated	574	5.163	unreviewed		wave1-04	176
博物館|博物馆|bo2 wu4 guan3	博物館	博物馆	bo2 wu4 guan3	generated	1760	4.352	unreviewed		wave1-06	143
占|占|zhan1	占	占	zhan1	generated	1697	4.397	unreviewed		wave1-04	51
占|占|zhan4	占	占	zhan4	generated	1696	4.397	unreviewed		wave1-04	176
卡|卡|qia3	卡	卡	qia3	generated	727	5.018	unreviewed		wave1-02	154
印|印|yin4	印	印	yin4	generated	1335	4.606	unreviewed		wave1-06	143
危機|危机|wei1 ji1	危機	危机	wei1 ji1	generated	1758	4.353	unreviewed		wave1-08	111
危險|危险|wei1 xian3	危險	危险	wei1 xian3	generated	505	5.231	unreviewed		wave1-05	132
即|即|ji2	即	即	ji2	generated	1628	4.431	unreviewed		wave1-04	176
即使|即使|ji2 shi3	即使	即使	ji2 shi3	generated	726	5.02	unreviewed		wave1-04	174
卷|卷|juan3	卷	卷	juan3	generated	1269	4.64	unreviewed		wave1-04	82
卷|卷|juan4	卷	卷	juan4	generated	1270	4.64	unreviewed		wave1-04	172
卻|却|que4	卻	却	que4	generated	266	5.6	unreviewed		wave1-01	93
原|原|yuan2	原	原	yuan2	generated	1190	4.695	unreviewed		wave1-03	167
原來|原来|yuan2 lai2	原來	原来	yuan2 lai2	generated	803	4.949	unreviewed		wave1-05	132
原則|原则|yuan2 ze2	原則	原则	yuan2 ze2	generated	1846	4.296	unreviewed		wave1-07	120
原因|原因|yuan2 yin1	原因	原因	yuan2 yin1	generated	387	5.368	unreviewed		wave1-02	154
原本|原本|yuan2 ben3	原本	原本	yuan2 ben3	generated	1928	4.248	unreviewed		wave1-08	111
去|去|qu4	去	去	qu4	generated	36	6.687	unreviewed		wave1-01	90
去世|去世|qu4 shi4	去世	去世	qu4 shi4	generated	1229	4.669	unreviewed		wave1-04	176
參加|参加|can1 jia1	參加	参加	can1 jia1	generated	381	5.382	unreviewed		wave1-02	154
參與|参与|can1 yu4	參與	参与	can1 yu4	generated	1080	4.759	unreviewed		wave1-03	167
又|又|you4	又	又	you4	generated	137	6.025	unreviewed		wave1-01	28
及|及|ji2	及	及	ji2	generated	949	4.842	unreviewed		wave1-02	154
反|反|fan3	反	反	fan3	generated	1149	4.713	unreviewed		wave1-04	169
反對|反对|fan3 dui4	反對	反对	fan3 dui4	generated	918	4.867	unreviewed		wave1-03	167
反應|反应|fan3 ying4	反應	反应	fan3 ying4	generated	886	4.891	unreviewed		wave1-03	167
取|取|qu3	取	取	qu3	generated	954	4.84	unreviewed		wave1-03	167
取得|取得|qu3 de2	取得	取得	qu3 de2	generated	1632	4.43	unreviewed		wave1-05	132
取消|取消|qu3 xiao1	取消	取消	qu3 xiao1	generated	1088	4.755	unreviewed		wave1-05	132
受|受|shou4	受	受	shou4	generated	388	5.364	unreviewed		wave1-01	93
受傷|受伤|shou4 shang1	受傷	受伤	shou4 shang1	generated	844	4.928	unreviewed		wave1-05	132
受到|受到|shou4 dao4	受到	受到	shou4 dao4	generated	823	4.938	unreviewed		wave1-02	154
口|口|kou3	口	口	kou3	generated	641	5.09	unreviewed		wave1-02	150
古|古|gu3	古	古	gu3	generated	1794	4.333	unreviewed		wave1-05	132
句|句|ju4	句	句	ju4	generated	492	5.251	unreviewed		wave1-05	127
另|另|ling4	另	另	ling4	generated	355	5.427	unreviewed		wave1-04	176
另外|另外|ling4 wai4	另外	另外	ling4 wai4	generated	646	5.087	unreviewed		wave1-02	154
只|只|zhi3	只	只	zhi3	generated	75	6.336	unreviewed		wave1-01	12
只是|只是|zhi3 shi4	只是	只是	zhi3 shi4	generated	202	5.801	unreviewed		wave1-02	154
只有|只有|zhi3 you3	只有	只有	zhi3 you3	generated	428	5.314	unreviewed		wave1-02	154
只能|只能|zhi3 neng2	只能	只能	zhi3 neng2	generated	876	4.903	unreviewed		wave1-04	176
只要|只要|zhi3 yao4	只要	只要	zhi3 yao4	generated	327	5.484	unreviewed		wave1-05	132
叫|叫|jiao4	叫	叫	jiao4	generated	139	6.014	unreviewed		wave1-03	167
叫做|叫做|jiao4 zuo4	叫做	叫做	jiao4 zuo4	generated	1055	4.778	unreviewed		wave1-07	120
可以|可以|ke3 yi3	可以	可以	ke3 yi3	generated	70	6.373	unreviewed		wave1-01	12
可是|可是|ke3 shi4	可是	可是	ke3 shi4	generated	290	5.544	unreviewed		wave1-07	119
可能|可能|ke3 neng2	可能	可能	ke3 neng2	generated	114	6.122	unreviewed		wave1-01	12
史|史|shi3	史	史	shi3	generated	1421	4.551	unreviewed		wave1-04	176
右|右|you4	右	右	you4	generated	1146	4.714	unreviewed		wave1-04	48
叶|叶|xie2	叶	叶	xie2	generated	2055	4.144	unreviewed		wave1-07	120
司|司|si1	司	司	si1	generated	1457	4.529	unreviewed		wave1-04	176
吃|吃|chi1	吃	吃	chi1	generated	167	5.92	unreviewed		wave1-04	176
各|各|ge4	各	各	ge4	generated	1317	4.618	unreviewed		wave1-03	167
各地|各地|ge4 di4	各地	各地	ge4 di4	generated	2106	4.07	unreviewed		wave1-09	101
各種|各种|ge4 zhong3	各種	各种	ge4 zhong3	generated	1643	4.427	unreviewed		wave1-05	132
合|合|ge3	合	合	ge3	generated	1290	4.628	unreviewed		wave1-04	176
合作|合作|he2 zuo4	合作	合作	he2 zuo4	generated	745	4.999	unreviewed		wave1-02	154
合併|合并|he2 bing4	合併	合并	he2 bing4	generated	2101	4.08	unreviewed		wave1-09	101
合法|合法|he2 fa3	合法	合法	he2 fa3	generated	1567	4.472	unreviewed		wave1-09	101
吉|吉|ji2	吉	吉	ji2	generated	1034	4.789	unreviewed		wave1-03	35
同|同|tong2	同	同	tong2	generated	528	5.207	unreviewed		wave1-02	154
同志|同志|tong2 zhi4	同志	同志	tong2 zhi4	generated	1104	4.747	unreviewed		wave1-07	120
同性戀|同性恋|tong2 xing4 lian4	同性戀	同性恋	tong2 xing4 lian4	generated	759	4.993	unreviewed		wave1-07	120
同意|同意|tong2 yi4	同意	同意	tong2 yi4	generated	501	5.235	unreviewed		wave1-03	167
同時|同时|tong2 shi2	同時	同时	tong2 shi2	generated	774	4.972	unreviewed		wave1-02	154
同樣|同样|tong2 yang4	同樣	同样	tong2 yang4	generated	806	4.945	unreviewed		wave1-03	167
名|名|ming2	名	名	ming2	generated	340	5.472	unreviewed		wave1-01	8
名人|名人|ming2 ren2	名人	名人	ming2 ren2	generated	1534	4.491	unreviewed		wave1-09	101
名單|名单|ming2 dan1	名單	名单	ming2 dan1	generated	985	4.819	unreviewed		wave1-06	143
名字|名字|ming2 zi5	名字	名字	ming2 zi5	generated	254	5.631	unreviewed		wave1-02	154
后|后|hou4	后	后	hou4	generated	197	5.817	unreviewed		wave1-01	12
向|向|xiang4	向	向	xiang4	generated	232	5.71	unreviewed		wave1-01	10
君|君|jun1	君	君	jun1	generated	2024	4.172	unreviewed		wave1-07	120
否則|否则|fou3 ze2	否則	否则	fou3 ze2	generated	680	5.054	unreviewed		wave1-08	111
听|听|yin3	听	听	yin3	generated	92	6.214	unreviewed		wave1-04	176
吸引|吸引|xi1 yin3	吸引	吸引	xi1 yin3	generated	1207	4.681	unreviewed		wave1-06	143
告訴|告诉|gao4 su4	告訴	告诉	gao4 su4	generated	87	6.261	unreviewed		wave1-05	132
告訴|告诉|gao4 su5	告訴	告诉	gao4 su5	generated	86	6.261	unreviewed		wave1-05	132
呢|呢|ne5	呢	呢	ne5	generated	72	6.359	unreviewed		wave1-09	99
呢|呢|ni2	呢	呢	ni2	generated	73	6.359	unreviewed		wave1-09	71
周|周|zhou1	周	周	zhou1	generated	350	5.44	unreviewed		wave1-01	93
周圍|周围|zhou1 wei2	周圍	周围	zhou1 wei2	generated	1077	4.76	unreviewed		wave1-06	143
味|味|wei4	味	味	wei4	generated	1426	4.546	unreviewed		wave1-08	106
命|命|ming4	命	命	ming4	generated	650	5.083	unreviewed		wave1-03	167
命令|命令|ming4 ling4	命令	命令	ming4 ling4	generated	775	4.972	unreviewed		wave1-04	176
命名|命名|ming4 ming2	命名	命名	ming4 ming2	generated	2113	4.055	unreviewed		wave1-08	111
和平|和平|he2 ping2	和平	和平	he2 ping2	generated	1376	4.575	unreviewed		wave1-05	132
咖啡|咖啡|ka1 fei1	咖啡	咖啡	ka1 fei1	generated	634	5.097	unreviewed		wave1-08	112
品|品|pin3	品	品	pin3	generated	2064	4.13	unreviewed		wave1-09	95
哈|哈|ha1	哈	哈	ha1	generated	522	5.212	unreviewed		wave1-02	146
哈|哈|ha3	哈	哈	ha3	generated	523	5.212	unreviewed		wave1-02	154
員|员|yuan2	員	员	yuan2	generated	434	5.304	unreviewed		wave1-02	147
員工|员工|yuan2 gong1	員工	员工	yuan2 gong1	generated	1462	4.527	unreviewed		wave1-09	101
哥|哥|ge1	哥	哥	ge1	generated	1126	4.729	unreviewed		wave1-05	132
唯一|唯一|wei2 yi1	唯一	唯一	wei2 yi1	generated	383	5.379	unreviewed		wave1-02	154
唱|唱|chang4	唱	唱	chang4	generated	469	5.274	unreviewed		wave1-05	132
唱片|唱片|chang4 pian4	唱片	唱片	chang4 pian4	generated	1596	4.454	unreviewed		wave1-07	120
商|商|shang1	商	商	shang1	generated	1780	4.341	unreviewed		wave1-06	143
商業|商业|shang1 ye4	商業	商业	shang1 ye4	generated	1825	4.307	unreviewed		wave1-06	143
問|问|wen4	問	问	wen4	generated	206	5.785	unreviewed		wave1-03	167
問題|问题|wen4 ti2	問題	问题	wen4 ti2	generated	142	5.998	unreviewed		wave1-01	12
啟動|启动|qi3 dong4	啟動	启动	qi3 dong4	generated	1498	4.508	unreviewed		wave1-08	111
善|善|shan4	善	善	shan4	generated	1812	4.318	unreviewed		wave1-07	120
喜|喜|xi3	喜	喜	xi3	generated	1808	4.321	unreviewed		wave1-08	111
喜歡|喜欢|xi3 huan5	喜歡	喜欢	xi3 huan5	generated	111	6.138	unreviewed		wave1-03	167
喬|乔|qiao2	喬	乔	qiao2	generated	1259	4.65	unreviewed		wave1-05	132
單|单|dan1	單	单	dan1	generated	943	4.847	unreviewed		wave1-03	167
單位|单位|dan1 wei4	單位	单位	dan1 wei4	generated	2058	4.138	unreviewed		wave1-07	120
單獨|单独|dan1 du2	單獨	单独	dan1 du2	generated	1150	4.713	unreviewed		wave1-07	120
嗎|吗|ma2	嗎	吗	ma2	generated	20	6.871	unreviewed		wave1-08	111
嗎|吗|ma5	嗎	吗	ma5	generated	19	6.871	unreviewed		wave1-08	109
嘗試|尝试|chang2 shi4	嘗試	尝试	chang2 shi4	generated	1040	4.785	unreviewed		wave1-06	143
嘴|嘴|zui3	嘴	嘴	zui3	generated	370	5.404	unreviewed		wave1-08	111
器|器|qi4	器	器	qi4	generated	1101	4.75	unreviewed		wave1-04	176
嚴格|严格|yan2 ge2	嚴格	严格	yan2 ge2	generated	1818	4.311	unreviewed		wave1-08	111
嚴重|严重|yan2 zhong4	嚴重	严重	yan2 zhong4	generated	780	4.967	unreviewed		wave1-03	167
四|四|si4	四	四	si4	generated	423	5.318	unreviewed		wave1-01	93
回|回|hui2	回	回	hui2	generated	155	5.955	unreviewed		wave1-01	89
回到|回到|hui2 dao4	回到	回到	hui2 dao4	generated	589	5.154	unreviewed		wave1-03	167
回憶|回忆|hui2 yi4	回憶	回忆	hui2 yi4	generated	1418	4.552	unreviewed		wave1-09	101
回答|回答|hui2 da2	回答	回答	hui2 da2	generated	648	5.084	unreviewed		wave1-08	111
因|因|yin1	因	因	yin1	generated	825	4.937	unreviewed		wave1-02	154
因此|因此|yin1 ci3	因此	因此	yin1 ci3	generated	842	4.929	unreviewed		wave1-02	154
因為|因为|yin1 wei4	因為	因为	yin1 wei4	generated	88	6.251	unreviewed		wave1-01	12
困難|困难|kun4 nan5	困難	困难	kun4 nan5	generated	1013	4.803	unreviewed		wave1-05	132
圈|圈|juan1	圈	圈	juan1	generated	1003	4.81	unreviewed		wave1-05	132
圈|圈|juan4	圈	圈	juan4	generated	1002	4.81	unreviewed		wave1-05	132
圈|圈|quan1	圈	圈	quan1	generated	1001	4.81	unreviewed		wave1-05	127
國家|国家|guo2 jia1	國家	国家	guo2 jia1	generated	508	5.221	unreviewed		wave1-01	93
國王|国王|guo2 wang2	國王	国王	guo2 wang2	generated	1127	4.729	unreviewed		wave1-03	167
國際|国际|guo2 ji4	國際	国际	guo2 ji4	generated	1518	4.498	unreviewed		wave1-04	176
圍|围|wei2	圍	围	wei2	generated	1915	4.258	unreviewed		wave1-09	101
圓|圆|yuan2	圓	圆	yuan2	generated	1797	4.329	unreviewed		wave1-07	120
圖|图|tu2	圖	图	tu2	generated	1440	4.539	unreviewed		wave1-04	176
圖書館|图书馆|tu2 shu1 guan3	圖書館	图书馆	tu2 shu1 guan3	generated	1749	4.36	unreviewed		wave1-06	143
團|团|tuan2	團	团	tuan2	generated	1502	4.506	unreviewed		wave1-04	43
團隊|团队|tuan2 dui4	團隊	团队	tuan2 dui4	generated	1324	4.613	unreviewed		wave1-06	143
團體|团体|tuan2 ti3	團體	团体	tuan2 ti3	generated	1992	4.192	unreviewed		wave1-07	120
土|土|tu3	土	土	tu3	generated	1747	4.362	unreviewed		wave1-06	143
土地|土地|tu3 di4	土地	土地	tu3 di4	generated	1470	4.524	unreviewed		wave1-05	132
土地|土地|tu3 di5	土地	土地	tu3 di5	generated	1471	4.524	unreviewed		wave1-05	132
圣|圣|ku1	圣	圣	ku1	generated	977	4.823	unreviewed		wave1-03	167
在|在|zai4	在	在	zai4	generated	11	7.108	unreviewed		wave1-01	10
在於|在于|zai4 yu2	在於	在于	zai4 yu2	generated	1441	4.539	unreviewed		wave1-06	143
地|地|di4	地	地	di4	generated	227	5.73	unreviewed		wave1-01	12
地下|地下|di4 xia4	地下	地下	di4 xia4	generated	1659	4.418	unreviewed		wave1-08	111
地位|地位|di4 wei4	地位	地位	di4 wei4	generated	2038	4.156	unreviewed		wave1-07	120
地區|地区|di4 qu1	地區	地区	di4 qu1	generated	1252	4.656	unreviewed		wave1-03	167
地圖|地图|di4 tu2	地圖	地图	di4 tu2	generated	1410	4.556	unreviewed		wave1-07	120
地址|地址|di4 zhi3	地址	地址	di4 zhi3	generated	1068	4.766	unreviewed		wave1-09	101
地方|地方|di4 fang1	地方	地方	di4 fang1	generated	188	5.843	unreviewed		wave1-01	93
地方|地方|di4 fang5	地方	地方	di4 fang5	generated	187	5.843	unreviewed		wave1-01	93
地球|地球|di4 qiu2	地球	地球	di4 qiu2	generated	959	4.835	unreviewed		wave1-03	167
地鐵|地铁|di4 tie3	地鐵	地铁	di4 tie3	generated	1895	4.27	unreviewed		wave1-08	111
地點|地点|di4 dian3	地點	地点	di4 dian3	generated	1144	4.716	unreviewed		wave1-06	143
均|均|jun1	均	均	jun1	generated	2131	3.966	unreviewed		wave1-09	95
坐|坐|zuo4	坐	坐	zuo4	generated	256	5.627	unreviewed		wave1-05	131
型|型|xing2	型	型	xing2	generated	1212	4.68	unreviewed		wave1-03	167
城|城|cheng2	城	城	cheng2	generated	929	4.86	unreviewed		wave1-02	154
城市|城市|cheng2 shi4	城市	城市	cheng2 shi4	generated	746	4.999	unreviewed		wave1-02	154
執行|执行|zhi2 xing2	執行	执行	zhi2 xing2	generated	1260	4.65	unreviewed		wave1-04	176
基|基|ji1	基	基	ji1	generated	1332	4.608	unreviewed		wave1-03	160
基因|基因|ji1 yin1	基因	基因	ji1 yin1	generated	1848	4.295	unreviewed		wave1-08	112
基地|基地|ji1 di4	基地	基地	ji1 di4	generated	1468	4.525	unreviewed		wave1-05	132
基於|基于|ji1 yu2	基於	基于	ji1 yu2	generated	2025	4.172	unreviewed		wave1-08	109
基本|基本|ji1 ben3	基本	基本	ji1 ben3	generated	1250	4.657	unreviewed		wave1-04	176
基礎|基础|ji1 chu3	基礎	基础	ji1 chu3	generated	1970	4.208	unreviewed		wave1-07	120
堂|堂|tang2	堂	堂	tang2	generated	1969	4.21	unreviewed		wave1-07	117
堅持|坚持|jian1 chi2	堅持	坚持	jian1 chi2	generated	715	5.029	unreviewed		wave1-05	132
堆|堆|dui1	堆	堆	dui1	generated	950	4.841	unreviewed		wave1-09	101
報|报|bao4	報	报	bao4	generated	1213	4.679	unreviewed		wave1-04	81
報告|报告|bao4 gao4	報告	报告	bao4 gao4	generated	662	5.067	unreviewed		wave1-03	167
報紙|报纸|bao4 zhi3	報紙	报纸	bao4 zhi3	generated	1166	4.707	unreviewed		wave1-06	143
報道|报道|bao4 dao4	報道	报道	bao4 dao4	generated	1078	4.76	unreviewed		wave1-05	132
場|场|chang2	場	场	chang2	generated	312	5.514	unreviewed		wave1-01	1
場|场|chang3	場	场	chang3	generated	311	5.514	unreviewed		wave1-01	89
塊|块|kuai4	塊	块	kuai4	generated	347	5.446	unreviewed		wave1-04	172
塔|塔|ta3	塔	塔	ta3	generated	1311	4.62	unreviewed		wave1-03	168
塞|塞|sai1	塞	塞	sai1	generated	1167	4.707	unreviewed		wave1-03	159
塞|塞|sai4	塞	塞	sai4	generated	1168	4.707	unreviewed		wave1-03	160
塞|塞|se4	塞	塞	se4	generated	1169	4.707	unreviewed		wave1-03	160
增加|增加|zeng1 jia1	增加	增加	zeng1 jia1	generated	1612	4.447	unreviewed		wave1-04	176
壓|压|ya1	壓	压	ya1	generated	1187	4.696	unreviewed		wave1-07	120
壓力|压力|ya1 li4	壓力	压力	ya1 li4	generated	904	4.879	unreviewed		wave1-05	132
士|士|shi4	士	士	shi4	generated	1704	4.393	unreviewed		wave1-05	75
士兵|士兵|shi4 bing1	士兵	士兵	shi4 bing1	generated	1208	4.681	unreviewed		wave1-06	143
夏|夏|xia4	夏	夏	xia4	generated	2120	4.029	unreviewed		wave1-09	101
外|外|wai4	外	外	wai4	generated	651	5.083	unreviewed		wave1-02	154
多|多|duo1	多	多	duo1	generated	97	6.195	unreviewed		wave1-01	5
多少|多少|duo1 shao3	多少	多少	duo1 shao3	generated	339	5.473	unreviewed		wave1-08	111
多少|多少|duo1 shao5	多少	多少	duo1 shao5	generated	338	5.473	unreviewed		wave1-08	111
夜|夜|ye4	夜	夜	ye4	generated	845	4.927	unreviewed		wave1-05	132
夢|梦|meng4	夢	梦	meng4	generated	653	5.082	unreviewed		wave1-04	170
大事|大事|da4 shi4	大事	大事	da4 shi4	generated	1671	4.411	unreviewed		wave1-07	120
大型|大型|da4 xing2	大型	大型	da4 xing2	generated	2089	4.098	unreviewed		wave1-08	111
大多數|大多数|da4 duo1 shu4	大多數	大多数	da4 duo1 shu4	generated	1288	4.631	unreviewed		wave1-04	176
大學|大学|da4 xue2	大學	大学	da4 xue2	generated	613	5.123	unreviewed		wave1-01	93
大家|大家|da4 jia1	大家	大家	da4 jia1	generated	230	5.716	unreviewed		wave1-06	143
大會|大会|da4 hui4	大會	大会	da4 hui4	generated	1864	4.286	unreviewed		wave1-06	143
大樓|大楼|da4 lou2	大樓	大楼	da4 lou2	generated	1392	4.563	unreviewed		wave1-06	143
大約|大约|da4 yue1	大約	大约	da4 yue1	generated	1340	4.604	unreviewed		wave1-04	176
大道|大道|da4 dao4	大道	大道	da4 dao4	generated	1816	4.312	unreviewed		wave1-09	101
大部分|大部分|da4 bu4 fen5	大部分	大部分	da4 bu4 fen5	generated	1329	4.61	unreviewed		wave1-04	176
大量|大量|da4 liang4	大量	大量	da4 liang4	generated	1691	4.399	unreviewed		wave1-05	132
天|天|tian1	天	天	tian1	generated	104	6.179	unreviewed		wave1-01	12
天氣|天气|tian1 qi4	天氣	天气	tian1 qi4	generated	1377	4.575	unreviewed		wave1-09	101
太|太|tai4	太	太	tai4	generated	81	6.288	unreviewed		wave1-01	93
太空|太空|tai4 kong1	太空	太空	tai4 kong1	generated	1617	4.442	unreviewed		wave1-07	120
太陽|太阳|tai4 yang5	太陽	太阳	tai4 yang5	generated	1300	4.626	unreviewed		wave1-04	169
夫|夫|fu1	夫	夫	fu1	generated	1444	4.537	unreviewed		wave1-04	176
夫|夫|fu2	夫	夫	fu2	generated	1445	4.537	unreviewed		wave1-04	174
夫人|夫人|fu1 ren5	夫人	夫人	fu1 ren5	generated	552	5.18	unreviewed		wave1-03	167
失去|失去|shi1 qu4	失去	失去	shi1 qu4	generated	466	5.275	unreviewed		wave1-03	167
失敗|失败|shi1 bai4	失敗	失败	shi1 bai4	generated	888	4.888	unreviewed		wave1-04	176
奇|奇|ji1	奇	奇	ji1	generated	1292	4.628	unreviewed		wave1-04	176
奇|奇|qi2	奇	奇	qi2	generated	1291	4.628	unreviewed		wave1-04	176
套|套|tao4	套	套	tao4	generated	678	5.056	unreviewed		wave1-05	127
奧|奥|ao4	奧	奥	ao4	generated	1487	4.513	unreviewed		wave1-04	46
奪|夺|duo2	奪	夺	duo2	generated	1365	4.584	unreviewed		wave1-08	111
女|女|nu:3	女	女	nu:3	generated	373	5.396	unreviewed		wave1-01	93
女人|女人|nu:3 ren2	女人	女人	nu:3 ren2	generated	252	5.632	unreviewed		wave1-07	120
女人|女人|nu:3 ren5	女人	女人	nu:3 ren5	generated	253	5.632	unreviewed		wave1-07	120
女兒|女儿|nu:3 er2	女兒	女儿	nu:3 er2	generated	372	5.401	unreviewed		wave1-03	167
女子|女子|nu:3 zi3	女子	女子	nu:3 zi3	generated	1803	4.323	unreviewed		wave1-07	120
女孩|女孩|nu:3 hai2	女孩	女孩	nu:3 hai2	generated	270	5.595	unreviewed		wave1-08	111
女性|女性|nu:3 xing4	女性	女性	nu:3 xing4	generated	1029	4.792	unreviewed		wave1-03	167
女王|女王|nu:3 wang2	女王	女王	nu:3 wang2	generated	1406	4.557	unreviewed		wave1-08	111
她|她|ta1	她	她	ta1	generated	26	6.82	unreviewed		wave1-01	12
她們|她们|ta1 men5	她們	她们	ta1 men5	generated	356	5.424	unreviewed		wave1-08	111
好|好|hao3	好	好	hao3	generated	14	6.999	unreviewed		wave1-01	93
好|好|hao4	好	好	hao4	generated	15	6.999	unreviewed		wave1-01	93
如|如|ru2	如	如	ru2	generated	502	5.234	unreviewed		wave1-01	93
如何|如何|ru2 he2	如何	如何	ru2 he2	generated	315	5.511	unreviewed		wave1-03	167
如果|如果|ru2 guo3	如果	如果	ru2 guo3	generated	74	6.358	unreviewed		wave1-01	93
如此|如此|ru2 ci3	如此	如此	ru2 ci3	generated	375	5.394	unreviewed		wave1-03	167
妮|妮|ni1	妮	妮	ni1	generated	1423	4.55	unreviewed		wave1-06	76
妳|你|ni3	妳	你	ni3	generated	7	7.598	unreviewed		wave1-01	93
妹妹|妹妹|mei4 mei5	妹妹	妹妹	mei4 mei5	generated	762	4.988	unreviewed		wave1-09	101
妻子|妻子|qi1 zi3	妻子	妻子	qi1 zi3	generated	454	5.287	unreviewed		wave1-03	167
妻子|妻子|qi1 zi5	妻子	妻子	qi1 zi5	generated	453	5.287	unreviewed		wave1-03	167
姓|姓|xing4	姓	姓	xing4	generated	1560	4.474	unreviewed		wave1-06	143
委員會|委员会|wei3 yuan2 hui4	委員會	委员会	wei3 yuan2 hui4	generated	1436	4.541	unreviewed		wave1-04	176
威|威|wei1	威	威	wei1	generated	2095	4.091	unreviewed		wave1-08	111
威脅|威胁|wei1 xie2	威脅	威胁	wei1 xie2	generated	777	4.971	unreviewed		wave1-04	176
娛樂|娱乐|yu2 le4	娛樂	娱乐	yu2 le4	generated	1746	4.365	unreviewed		wave1-07	120
婚姻|婚姻|hun1 yin1	婚姻	婚姻	hun1 yin1	generated	993	4.814	unreviewed		wave1-05	132
婦女|妇女|fu4 nu:3	婦女	妇女	fu4 nu:3	generated	1920	4.253	unreviewed		wave1-09	101
媒體|媒体|mei2 ti3	媒體	媒体	mei2 ti3	generated	1334	4.607	unreviewed		wave1-04	176
嫁|嫁|jia4	嫁	嫁	jia4	generated	1061	4.771	unreviewed		wave1-08	111
子|子|zi5	子	子	zi5	generated	656	5.073	unreviewed		wave1-02	153
字|字|zi4	字	字	zi4	generated	895	4.885	unreviewed		wave1-02	154
字母|字母|zi4 mu3	字母	字母	zi4 mu3	generated	1835	4.302	unreviewed		wave1-08	111
存|存|cun2	存	存	cun2	generated	1576	4.466	unreviewed		wave1-07	120
存在|存在|cun2 zai4	存在	存在	cun2 zai4	generated	704	5.034	unreviewed		wave1-02	154
季|季|ji4	季	季	ji4	generated	568	5.17	unreviewed		wave1-03	162
孩子|孩子|hai2 zi5	孩子	孩子	hai2 zi5	generated	130	6.045	unreviewed		wave1-04	176
學會|学会|xue2 hui4	學會	学会	xue2 hui4	generated	1453	4.532	unreviewed		wave1-07	120
學校|学校|xue2 xiao4	學校	学校	xue2 xiao4	generated	396	5.35	unreviewed		wave1-01	93
學生|学生|xue2 sheng5	學生	学生	xue2 sheng5	generated	810	4.943	unreviewed		wave1-02	154
學習|学习|xue2 xi2	學習	学习	xue2 xi2	generated	938	4.852	unreviewed		wave1-03	167
學院|学院|xue2 yuan4	學院	学院	xue2 yuan4	generated	1649	4.423	unreviewed		wave1-04	176
它|它|ta1	它	它	ta1	generated	106	6.165	unreviewed		wave1-01	12
它們|它们|ta1 men5	它們	它们	ta1 men5	generated	341	5.471	unreviewed		wave1-02	154
宇宙|宇宙|yu3 zhou4	宇宙	宇宙	yu3 zhou4	generated	1554	4.478	unreviewed		wave1-06	143
守|守|shou3	守	守	shou3	generated	1379	4.574	unreviewed		wave1-06	143
安|安|an1	安	安	an1	generated	1147	4.714	unreviewed		wave1-03	155
安排|安排|an1 pai2	安排	安排	an1 pai2	generated	686	5.051	unreviewed		wave1-04	176
完|完|wan2	完	完	wan2	generated	305	5.522	unreviewed		wave1-05	132
完全|完全|wan2 quan2	完全	完全	wan2 quan2	generated	285	5.556	unreviewed		wave1-01	93
完成|完成|wan2 cheng2	完成	完成	wan2 cheng2	generated	526	5.211	unreviewed		wave1-02	154
完整|完整|wan2 zheng3	完整	完整	wan2 zheng3	generated	1815	4.313	unreviewed		wave1-08	111
完美|完美|wan2 mei3	完美	完美	wan2 mei3	generated	638	5.091	unreviewed		wave1-09	101
宗|宗|zong1	宗	宗	zong1	generated	2092	4.096	unreviewed		wave1-07	117
宗教|宗教|zong1 jiao4	宗教	宗教	zong1 jiao4	generated	1666	4.414	unreviewed		wave1-05	132
官|官|guan1	官	官	guan1	generated	1136	4.721	unreviewed		wave1-03	167
官員|官员|guan1 yuan2	官員	官员	guan1 yuan2	generated	2079	4.111	unreviewed		wave1-09	101
官方|官方|guan1 fang1	官方	官方	guan1 fang1	generated	2093	4.096	unreviewed		wave1-08	111
定|定|ding4	定	定	ding4	generated	359	5.417	unreviewed		wave1-02	154
定義|定义|ding4 yi4	定義	定义	ding4 yi4	generated	2108	4.069	unreviewed		wave1-08	111
客|客|ke4	客	客	ke4	generated	1565	4.473	unreviewed		wave1-07	117
宣傳|宣传|xuan1 chuan2	宣傳	宣传	xuan1 chuan2	generated	1819	4.311	unreviewed		wave1-07	120
宣布|宣布|xuan1 bu4	宣布	宣布	xuan1 bu4	generated	1258	4.651	unreviewed		wave1-03	167
室|室|shi4	室	室	shi4	generated	906	4.877	unreviewed		wave1-03	35
宮|宫|gong1	宮	宫	gong1	generated	1831	4.304	unreviewed		wave1-05	58
家人|家人|jia1 ren2	家人	家人	jia1 ren2	generated	832	4.934	unreviewed		wave1-07	120
家庭|家庭|jia1 ting2	家庭	家庭	jia1 ting2	generated	560	5.175	unreviewed		wave1-02	154
家族|家族|jia1 zu2	家族	家族	jia1 zu2	generated	1114	4.735	unreviewed		wave1-04	176
容易|容易|rong2 yi4	容易	容易	rong2 yi4	generated	541	5.186	unreviewed		wave1-03	167
密|密|mi4	密	密	mi4	generated	1684	4.403	unreviewed		wave1-07	116
富|富|fu4	富	富	fu4	generated	1983	4.201	unreviewed		wave1-07	120
實施|实施|shi2 shi1	實施	实施	shi2 shi1	generated	2094	4.094	unreviewed		wave1-09	101
實現|实现|shi2 xian4	實現	实现	shi2 xian4	generated	1345	4.601	unreviewed		wave1-04	176
實際|实际|shi2 ji4	實際	实际	shi2 ji4	generated	1842	4.3	unreviewed		wave1-07	120
實際上|实际上|shi2 ji4 shang4	實際上	实际上	shi2 ji4 shang4	generated	615	5.119	unreviewed		wave1-03	167
實驗|实验|shi2 yan4	實驗	实验	shi2 yan4	generated	1497	4.509	unreviewed		wave1-05	132
實驗室|实验室|shi2 yan4 shi4	實驗室	实验室	shi2 yan4 shi4	generated	1107	4.742	unreviewed		wave1-05	132
審判|审判|shen3 pan4	審判	审判	shen3 pan4	generated	1464	4.526	unreviewed		wave1-08	111
寫|写|xie3	寫	写	xie3	generated	261	5.608	unreviewed		wave1-01	93
寶|宝|bao3	寶	宝	bao3	generated	1742	4.367	unreviewed		wave1-06	143
封|封|feng1	封	封	feng1	generated	899	4.882	unreviewed		wave1-03	162
射|射|she4	射	射	she4	generated	907	4.877	unreviewed		wave1-06	143
將|将|jiang1	將	将	jiang1	generated	179	5.871	unreviewed		wave1-01	28
將|将|jiang4	將	将	jiang4	generated	180	5.871	unreviewed		wave1-01	16
將|将|qiang1	將	将	qiang1	generated	181	5.871	unreviewed		wave1-01	12
將軍|将军|jiang1 jun1	將軍	将军	jiang1 jun1	generated	1010	4.804	unreviewed		wave1-03	167
專家|专家|zhuan1 jia1	專家	专家	zhuan1 jia1	generated	1156	4.712	unreviewed		wave1-05	132
專業|专业|zhuan1 ye4	專業	专业	zhuan1 ye4	generated	1206	4.683	unreviewed		wave1-04	176
專輯|专辑|zhuan1 ji2	專輯	专辑	zhuan1 ji2	generated	1944	4.236	unreviewed		wave1-07	120
專門|专门|zhuan1 men2	專門	专门	zhuan1 men2	generated	1779	4.342	unreviewed		wave1-07	120
尊重|尊重|zun1 zhong4	尊重	尊重	zun1 zhong4	generated	1093	4.753	unreviewed		wave1-08	111
尋找|寻找|xun2 zhao3	尋找	寻找	xun2 zhao3	generated	877	4.903	unreviewed		wave1-06	143
對|对|dui4	對	对	dui4	generated	41	6.598	unreviewed		wave1-01	4
對手|对手|dui4 shou3	對手	对手	dui4 shou3	generated	1353	4.595	unreviewed		wave1-08	111
對抗|对抗|dui4 kang4	對抗	对抗	dui4 kang4	generated	1813	4.316	unreviewed		wave1-08	111
對方|对方|dui4 fang1	對方	对方	dui4 fang1	generated	1043	4.783	unreviewed		wave1-06	63
對於|对于|dui4 yu2	對於	对于	dui4 yu2	generated	619	5.115	unreviewed		wave1-02	154
對象|对象|dui4 xiang4	對象	对象	dui4 xiang4	generated	1491	4.511	unreviewed		wave1-06	143
導致|导致|dao3 zhi4	導致	导致	dao3 zhi4	generated	1254	4.655	unreviewed		wave1-03	167
小時|小时|xiao3 shi2	小時	小时	xiao3 shi2	generated	291	5.543	unreviewed		wave1-02	154
小組|小组|xiao3 zu3	小組	小组	xiao3 zu3	generated	1192	4.693	unreviewed		wave1-07	120
小說|小说|xiao3 shuo1	小說	小说	xiao3 shuo1	generated	1584	4.462	unreviewed		wave1-05	132
少|少|shao3	少	少	shao3	generated	533	5.201	unreviewed		wave1-02	154
少|少|shao4	少	少	shao4	generated	534	5.201	unreviewed		wave1-02	154
尤其|尤其|you2 qi2	尤其	尤其	you2 qi2	generated	1271	4.64	unreviewed		wave1-08	111
就是|就是|jiu4 shi4	就是	就是	jiu4 shi4	generated	166	5.924	unreviewed		wave1-01	93
尼|尼|ni2	尼	尼	ni2	generated	850	4.922	unreviewed		wave1-02	184
尾|尾|wei3	尾	尾	wei3	generated	2016	4.18	unreviewed		wave1-08	107
尾|尾|yi3	尾	尾	yi3	generated	2017	4.18	unreviewed		wave1-08	111
局|局|ju2	局	局	ju2	generated	720	5.026	unreviewed		wave1-02	150
居民|居民|ju1 min2	居民	居民	ju1 min2	generated	2008	4.185	unreviewed		wave1-08	111
屆|届|jie4	屆	届	jie4	generated	2104	4.074	unreviewed		wave1-08	107
屋|屋|wu1	屋	屋	wu1	generated	1308	4.621	unreviewed		wave1-05	55
屍體|尸体|shi1 ti3	屍體	尸体	shi1 ti3	generated	564	5.173	unreviewed		wave1-09	101
展示|展示|zhan3 shi4	展示	展示	zhan3 shi4	generated	1123	4.73	unreviewed		wave1-06	143
展開|展开|zhan3 kai1	展開	展开	zhan3 kai1	generated	2083	4.104	unreviewed		wave1-09	101
層|层|ceng2	層	层	ceng2	generated	1162	4.709	unreviewed		wave1-04	172
屬|属|shu3	屬	属	shu3	generated	2132	3.938	unreviewed		wave1-09	101
屬|属|zhu3	屬	属	zhu3	generated	2133	3.938	unreviewed		wave1-09	101
屬於|属于|shu3 yu2	屬於	属于	shu3 yu2	generated	846	4.926	unreviewed		wave1-02	154
山|山|shan1	山	山	shan1	generated	986	4.819	unreviewed		wave1-02	154
島|岛|dao3	島	岛	dao3	generated	809	4.944	unreviewed		wave1-02	154
嵗|岁|sui4	嵗	岁	sui4	redirect	299	5.537	unreviewed		wave1-01	94
州|州|zhou1	州	州	zhou1	generated	1020	4.8	unreviewed		wave1-02	154
工|工|gong1	工	工	gong1	generated	1484	4.514	unreviewed		wave1-06	143
工人|工人|gong1 ren2	工人	工人	gong1 ren2	generated	1904	4.265	unreviewed		wave1-08	111
工作|工作|gong1 zuo4	工作	工作	gong1 zuo4	generated	157	5.954	unreviewed		wave1-01	12
工具|工具|gong1 ju4	工具	工具	gong1 ju4	generated	1529	4.493	unreviewed		wave1-06	143
工廠|工厂|gong1 chang3	工廠	工厂	gong1 chang3	generated	1568	4.471	unreviewed		wave1-07	120
工程|工程|gong1 cheng2	工程	工程	gong1 cheng2	generated	2099	4.082	unreviewed		wave1-08	111
左|左|zuo3	左	左	zuo3	generated	1134	4.723	unreviewed		wave1-04	45
左右|左右|zuo3 you4	左右	左右	zuo3 you4	generated	1452	4.533	unreviewed		wave1-05	132
巨大|巨大|ju4 da4	巨大	巨大	ju4 da4	generated	1348	4.599	unreviewed		wave1-05	132
差|差|cha1	差	差	cha1	generated	798	4.954	unreviewed		wave1-05	132
差|差|cha4	差	差	cha4	generated	797	4.954	unreviewed		wave1-05	132
差|差|chai1	差	差	chai1	generated	799	4.954	unreviewed		wave1-05	58
已|已|yi3	已	已	yi3	generated	442	5.296	unreviewed		wave1-01	93
已經|已经|yi3 jing1	已經	已经	yi3 jing1	generated	101	6.188	unreviewed		wave1-01	12
巴士|巴士|ba1 shi4	巴士	巴士	ba1 shi4	generated	2070	4.121	unreviewed		wave1-09	102
市場|市场|shi4 chang3	市場	市场	shi4 chang3	generated	1500	4.507	unreviewed		wave1-05	132
市長|市长|shi4 zhang3	市長	市长	shi4 zhang3	generated	1531	4.492	unreviewed		wave1-07	120
布|布|bu4	布	布	bu4	generated	1238	4.663	unreviewed		wave1-03	72
希|希|xi1	希	希	xi1	generated	2096	4.091	unreviewed		wave1-08	79
希望|希望|xi1 wang4	希望	希望	xi1 wang4	generated	172	5.9	unreviewed		wave1-02	154
帕|帕|pa4	帕	帕	pa4	generated	2097	4.09	unreviewed		wave1-08	111
帝國|帝国|di4 guo2	帝國	帝国	di4 guo2	generated	1971	4.208	unreviewed		wave1-06	143
師|师|shi1	師	师	shi1	generated	1151	4.713	unreviewed		wave1-03	167
帶|带|dai4	帶	带	dai4	generated	150	5.967	unreviewed		wave1-01	2
帶來|带来|dai4 lai2	帶來	带来	dai4 lai2	generated	610	5.127	unreviewed		wave1-03	167
常|常|chang2	常	常	chang2	generated	1042	4.784	unreviewed		wave1-03	167
常常|常常|chang2 chang2	常常	常常	chang2 chang2	generated	1766	4.348	unreviewed		wave1-09	101
幅|幅|fu2	幅	幅	fu2	generated	1526	4.494	unreviewed		wave1-09	97
幫|帮|bang1	幫	帮	bang1	generated	148	5.977	unreviewed		wave1-06	143
幫助|帮助|bang1 zhu4	幫助	帮助	bang1 zhu4	generated	335	5.476	unreviewed		wave1-03	167
干|干|gan1	干	干	gan1	generated	121	6.094	unreviewed		wave1-02	182
年|年|nian2	年	年	nian2	generated	153	5.961	unreviewed		wave1-01	12
年代|年代|nian2 dai4	年代	年代	nian2 dai4	generated	1209	4.681	unreviewed		wave1-03	167
年輕|年轻|nian2 qing1	年輕	年轻	nian2 qing1	generated	687	5.051	unreviewed		wave1-05	132
年齡|年龄|nian2 ling2	年齡	年龄	nian2 ling2	generated	1585	4.462	unreviewed		wave1-08	111
幹|干|gan4	幹	干	gan4	generated	119	6.094	unreviewed		wave1-02	154
幾|几|ji1	幾	几	ji1	generated	192	5.825	unreviewed		wave1-02	154
幾|几|ji3	幾	几	ji3	generated	191	5.825	unreviewed		wave1-02	154
幾乎|几乎|ji1 hu1	幾乎	几乎	ji1 hu1	generated	849	4.923	unreviewed		wave1-03	167
底|底|de5	底	底	de5	generated	660	5.068	unreviewed		wave1-04	174
底|底|di3	底	底	di3	generated	659	5.068	unreviewed		wave1-04	169
店|店|dian4	店	店	dian4	generated	623	5.107	unreviewed		wave1-04	170
度|度|du4	度	度	du4	generated	1048	4.78	unreviewed		wave1-03	162
度|度|duo2	度	度	duo2	generated	1049	4.78	unreviewed		wave1-03	167
座|座|zuo4	座	座	zuo4	generated	257	5.627	unreviewed		wave1-02	185
庫|库|ku4	庫	库	ku4	generated	1655	4.419	unreviewed		wave1-05	132
庭|庭|ting2	庭	庭	ting2	generated	1799	4.325	unreviewed		wave1-09	101
康|康|kang1	康	康	kang1	generated	2100	4.082	unreviewed		wave1-08	111
廣告|广告|guang3 gao4	廣告	广告	guang3 gao4	generated	944	4.847	unreviewed		wave1-05	132
廣場|广场|guang3 chang3	廣場	广场	guang3 chang3	generated	1850	4.293	unreviewed		wave1-07	120
廣播|广播|guang3 bo1	廣播	广播	guang3 bo1	generated	1772	4.345	unreviewed		wave1-06	143
廳|厅|ting1	廳	厅	ting1	generated	2009	4.185	unreviewed		wave1-08	111
建|建|jian4	建	建	jian4	generated	1499	4.508	unreviewed		wave1-04	176
建立|建立|jian4 li4	建立	建立	jian4 li4	generated	1336	4.606	unreviewed		wave1-03	167
建築|建筑|jian4 zhu4	建築	建筑	jian4 zhu4	generated	1503	4.505	unreviewed		wave1-04	176
建議|建议|jian4 yi4	建議	建议	jian4 yi4	generated	679	5.056	unreviewed		wave1-03	167
建造|建造|jian4 zao4	建造	建造	jian4 zao4	generated	1981	4.202	unreviewed		wave1-08	111
式|式|shi4	式	式	shi4	generated	1170	4.707	unreviewed		wave1-03	167
引|引|yin3	引	引	yin3	generated	1633	4.429	unreviewed		wave1-07	120
引擎|引擎|yin3 qing2	引擎	引擎	yin3 qing2	generated	1820	4.309	unreviewed		wave1-09	102
引發|引发|yin3 fa1	引發	引发	yin3 fa1	generated	2065	4.13	unreviewed		wave1-08	111
引起|引起|yin3 qi3	引起	引起	yin3 qi3	generated	1195	4.692	unreviewed		wave1-04	176
弗|弗|fu2	弗	弗	fu2	generated	2033	4.16	unreviewed		wave1-07	67
弟弟|弟弟|di4 di5	弟弟	弟弟	di4 di5	generated	743	5.003	unreviewed		wave1-07	120
張|张|zhang1	張	张	zhang1	generated	306	5.521	unreviewed		wave1-01	89
強|强|jiang4	強	强	jiang4	generated	583	5.157	unreviewed		wave1-02	154
強|强|qiang2	強	强	qiang2	generated	581	5.157	unreviewed		wave1-02	154
強|强|qiang3	強	强	qiang3	generated	582	5.157	unreviewed		wave1-02	154
強大|强大|qiang2 da4	強大	强大	qiang2 da4	generated	1368	4.583	unreviewed		wave1-07	120
強烈|强烈|qiang2 lie4	強烈	强烈	qiang2 lie4	generated	1711	4.389	unreviewed		wave1-07	120
彈|弹|dan4	彈	弹	dan4	generated	1045	4.782	unreviewed		wave1-06	143
彈|弹|tan2	彈	弹	tan2	generated	1044	4.782	unreviewed		wave1-06	143
形|形|xing2	形	形	xing2	generated	1821	4.308	unreviewed		wave1-07	120
形式|形式|xing2 shi4	形式	形式	xing2 shi4	generated	2001	4.189	unreviewed		wave1-07	120
形成|形成|xing2 cheng2	形成	形成	xing2 cheng2	generated	2046	4.151	unreviewed		wave1-07	120
形象|形象|xing2 xiang4	形象	形象	xing2 xiang4	generated	1731	4.376	unreviewed		wave1-07	120
影|影|ying3	影	影	ying3	generated	1692	4.399	unreviewed		wave1-08	111
影響|影响|ying3 xiang3	影響	影响	ying3 xiang3	generated	785	4.964	unreviewed		wave1-02	154
彼此|彼此|bi3 ci3	彼此	彼此	bi3 ci3	generated	1081	4.758	unreviewed		wave1-08	111
往|往|wang3	往	往	wang3	generated	487	5.258	unreviewed		wave1-02	154
待|待|dai1	待	待	dai1	generated	479	5.26	unreviewed		wave1-05	132
待|待|dai4	待	待	dai4	generated	480	5.26	unreviewed		wave1-05	132
很|很|hen3	很	很	hen3	generated	28	6.777	unreviewed		wave1-01	11
律師|律师|lu:4 shi1	律師	律师	lu:4 shi1	generated	436	5.303	unreviewed		wave1-05	132
後|后|hou4	後	后	hou4	generated	196	5.817	unreviewed		wave1-01	28
後來|后来|hou4 lai2	後來	后来	hou4 lai2	generated	866	4.912	unreviewed		wave1-02	154
得|得|de2	得	得	de2	generated	57	6.496	unreviewed		wave1-01	93
得|得|dei3	得	得	dei3	generated	58	6.496	unreviewed		wave1-01	93
得到|得到|de2 dao4	得到	得到	de2 dao4	generated	303	5.523	unreviewed		wave1-01	93
得知|得知|de2 zhi1	得知	得知	de2 zhi1	generated	1843	4.3	unreviewed		wave1-09	101
從未|从未|cong2 wei4	從未	从未	cong2 wei4	generated	1047	4.781	unreviewed		wave1-07	119
徹底|彻底|che4 di3	徹底	彻底	che4 di3	generated	1180	4.7	unreviewed		wave1-07	120
心理|心理|xin1 li3	心理	心理	xin1 li3	generated	1005	4.807	unreviewed		wave1-07	120
必|必|bi4	必	必	bi4	generated	1832	4.304	unreviewed		wave1-08	111
必要|必要|bi4 yao4	必要	必要	bi4 yao4	generated	697	5.042	unreviewed		wave1-06	143
必須|必须|bi4 xu1	必須	必须	bi4 xu1	generated	219	5.76	unreviewed		wave1-01	93
快|快|kuai4	快	快	kuai4	generated	94	6.203	unreviewed		wave1-02	184
快速|快速|kuai4 su4	快速	快速	kuai4 su4	generated	1844	4.3	unreviewed		wave1-07	120
念|念|nian4	念	念	nian4	generated	1375	4.576	unreviewed		wave1-08	111
思|思|si1	思	思	si1	generated	1997	4.19	unreviewed		wave1-08	68
思想|思想|si1 xiang3	思想	思想	si1 xiang3	generated	1592	4.455	unreviewed		wave1-05	132
急|急|ji2	急	急	ji2	generated	1113	4.736	unreviewed		wave1-08	111
怪|怪|guai4	怪	怪	guai4	generated	595	5.147	unreviewed		wave1-09	69
恐怖|恐怖|kong3 bu4	恐怖	恐怖	kong3 bu4	generated	802	4.951	unreviewed		wave1-08	68
恢復|恢复|hui1 fu4	恢復	恢复	hui1 fu4	generated	988	4.818	unreviewed		wave1-03	167
恩|恩|en1	恩	恩	en1	generated	553	5.18	unreviewed		wave1-02	154
情報|情报|qing2 bao4	情報	情报	qing2 bao4	generated	1281	4.635	unreviewed		wave1-07	120
情況|情况|qing2 kuang4	情況	情况	qing2 kuang4	generated	317	5.503	unreviewed		wave1-01	93
情緒|情绪|qing2 xu4	情緒	情绪	qing2 xu4	generated	1282	4.635	unreviewed		wave1-09	101
想|想|xiang3	想	想	xiang3	generated	27	6.801	unreviewed		wave1-02	154
想法|想法|xiang3 fa3	想法	想法	xiang3 fa3	generated	606	5.135	unreviewed		wave1-07	120
意味著|意味着|yi4 wei4 zhe5	意味著	意味着	yi4 wei4 zhe5	generated	819	4.939	unreviewed		wave1-06	143
意外|意外|yi4 wai4	意外	意外	yi4 wai4	generated	894	4.886	unreviewed		wave1-07	120
意思|意思|yi4 si5	意思	意思	yi4 si5	generated	220	5.759	unreviewed		wave1-03	167
意義|意义|yi4 yi4	意義	意义	yi4 yi4	generated	716	5.028	unreviewed		wave1-03	167
意見|意见|yi4 jian4	意見	意见	yi4 jian4	generated	869	4.91	unreviewed		wave1-04	176
意識|意识|yi4 shi2	意識	意识	yi4 shi2	generated	760	4.993	unreviewed		wave1-07	120
愛|爱|ai4	愛	爱	ai4	generated	151	5.967	unreviewed		wave1-01	93
愛情|爱情|ai4 qing2	愛情	爱情	ai4 qing2	generated	1091	4.754	unreviewed		wave1-08	111
感|感|gan3	感	感	gan3	generated	781	4.965	unreviewed		wave1-05	129
感到|感到|gan3 dao4	感到	感到	gan3 dao4	generated	444	5.295	unreviewed		wave1-04	176
感情|感情|gan3 qing2	感情	感情	gan3 qing2	generated	922	4.863	unreviewed		wave1-09	101
感染|感染|gan3 ran3	感染	感染	gan3 ran3	generated	1402	4.559	unreviewed		wave1-07	120
感覺|感觉|gan3 jue2	感覺	感觉	gan3 jue2	generated	200	5.803	unreviewed		wave1-06	143
態度|态度|tai4 du5	態度	态度	tai4 du5	generated	1380	4.573	unreviewed		wave1-06	143
慢|慢|man4	慢	慢	man4	generated	829	4.935	unreviewed		wave1-08	111
慶祝|庆祝|qing4 zhu4	慶祝	庆祝	qing4 zhu4	generated	1102	4.748	unreviewed		wave1-07	120
應|应|ying1	應	应	ying1	generated	1231	4.668	unreviewed		wave1-03	35
應|应|ying4	應	应	ying4	generated	1232	4.668	unreviewed		wave1-03	35
應該|应该|ying1 gai1	應該	应该	ying1 gai1	generated	129	6.052	unreviewed		wave1-02	154
懷|怀|huai2	懷	怀	huai2	generated	1804	4.323	unreviewed		wave1-08	111
懷疑|怀疑|huai2 yi2	懷疑	怀疑	huai2 yi2	generated	830	4.935	unreviewed		wave1-06	143
成|成|cheng2	成	成	cheng2	generated	275	5.573	unreviewed		wave1-01	12
成功|成功|cheng2 gong1	成功	成功	cheng2 gong1	generated	470	5.274	unreviewed		wave1-02	154
成員|成员|cheng2 yuan2	成員	成员	cheng2 yuan2	generated	1028	4.794	unreviewed		wave1-03	167
成就|成就|cheng2 jiu4	成就	成就	cheng2 jiu4	generated	1883	4.274	unreviewed		wave1-09	101
成為|成为|cheng2 wei2	成為	成为	cheng2 wei2	generated	336	5.476	unreviewed		wave1-01	12
成熟|成熟|cheng2 shu2	成熟	成熟	cheng2 shu2	generated	1519	4.498	unreviewed		wave1-09	101
成立|成立|cheng2 li4	成立	成立	cheng2 li4	generated	2013	4.182	unreviewed		wave1-06	143
成績|成绩|cheng2 ji4	成績	成绩	cheng2 ji4	generated	1712	4.389	unreviewed		wave1-07	120
成長|成长|cheng2 zhang3	成長	成长	cheng2 zhang3	generated	1675	4.408	unreviewed		wave1-08	111
我|我|wo3	我	我	wo3	generated	1	7.7	unreviewed		wave1-01	12
我們|我们|wo3 men5	我們	我们	wo3 men5	generated	13	7.045	unreviewed		wave1-01	93
或|或|huo4	或	或	huo4	generated	425	5.315	unreviewed		wave1-01	19
或是|或是|huo4 shi4	或是	或是	huo4 shi4	generated	1109	4.74	unreviewed		wave1-04	44
或者|或者|huo4 zhe3	或者	或者	huo4 zhe3	generated	262	5.608	unreviewed		wave1-02	184
戰|战|zhan4	戰	战	zhan4	generated	1076	4.761	unreviewed		wave1-03	167
戰士|战士|zhan4 shi4	戰士	战士	zhan4 shi4	generated	1687	4.4	unreviewed		wave1-08	111
戰爭|战争|zhan4 zheng1	戰爭	战争	zhan4 zheng1	generated	782	4.965	unreviewed		wave1-02	154
戰鬥|战斗|zhan4 dou4	戰鬥	战斗	zhan4 dou4	generated	1118	4.734	unreviewed		wave1-05	132
戲|戏|xi4	戲	戏	xi4	generated	1079	4.76	unreviewed		wave1-06	143
戴|戴|dai4	戴	戴	dai4	generated	654	5.075	unreviewed		wave1-03	167
戶|户|hu4	戶	户	hu4	generated	1932	4.246	unreviewed		wave1-08	111
房|房|fang2	房	房	fang2	generated	933	4.858	unreviewed		wave1-05	127
所|所|suo3	所	所	suo3	generated	213	5.769	unreviewed		wave1-01	7
所以|所以|suo3 yi3	所以	所以	suo3 yi3	generated	133	6.043	unreviewed		wave1-01	93
所在|所在|suo3 zai4	所在	所在	suo3 zai4	generated	1708	4.39	unreviewed		wave1-08	111
所有|所有|suo3 you3	所有	所有	suo3 you3	generated	168	5.918	unreviewed		wave1-01	12
所謂|所谓|suo3 wei4	所謂	所谓	suo3 wei4	generated	1337	4.606	unreviewed		wave1-06	143
手機|手机|shou3 ji1	手機	手机	shou3 ji1	generated	703	5.035	unreviewed		wave1-08	111
手段|手段|shou3 duan4	手段	手段	shou3 duan4	generated	1571	4.469	unreviewed		wave1-07	120
手術|手术|shou3 shu4	手術	手术	shou3 shu4	generated	698	5.042	unreviewed		wave1-08	111
扎|扎|zha1	扎	扎	zha1	generated	1854	4.291	unreviewed		wave1-08	111
打|打|da3	打	打	da3	generated	149	5.969	unreviewed		wave1-02	154
打擊|打击|da3 ji1	打擊	打击	da3 ji1	generated	1477	4.518	unreviewed		wave1-07	67
打算|打算|da3 suan4	打算	打算	da3 suan4	generated	404	5.339	unreviewed		wave1-06	143
打開|打开|da3 kai1	打開	打开	da3 kai1	generated	567	5.172	unreviewed		wave1-08	111
托|托|tuo1	托	托	tuo1	generated	1542	4.485	unreviewed		wave1-04	48
扮演|扮演|ban4 yan3	扮演	扮演	ban4 yan3	generated	1548	4.48	unreviewed		wave1-08	111
批|批|pi1	批	批	pi1	generated	1640	4.428	unreviewed		wave1-06	139
批准|批准|pi1 zhun3	批准	批准	pi1 zhun3	generated	1874	4.281	unreviewed		wave1-07	120
批評|批评|pi1 ping2	批評	批评	pi1 ping2	generated	2073	4.12	unreviewed		wave1-08	111
找|找|zhao3	找	找	zhao3	generated	109	6.143	unreviewed		wave1-06	143
找到|找到|zhao3 dao4	找到	找到	zhao3 dao4	generated	195	5.819	unreviewed		wave1-03	167
承認|承认|cheng2 ren4	承認	承认	cheng2 ren4	generated	717	5.028	unreviewed		wave1-03	167
承諾|承诺|cheng2 nuo4	承諾	承诺	cheng2 nuo4	generated	1369	4.582	unreviewed		wave1-08	111
把|把|ba3	把	把	ba3	generated	45	6.57	unreviewed		wave1-01	8
把|把|ba4	把	把	ba4	generated	46	6.57	unreviewed		wave1-01	28
投|投|tou2	投	投	tou2	generated	946	4.843	unreviewed		wave1-05	58
投入|投入|tou2 ru4	投入	投入	tou2 ru4	generated	1520	4.498	unreviewed		wave1-06	143
投票|投票|tou2 piao4	投票	投票	tou2 piao4	generated	695	5.043	unreviewed		wave1-05	132
投資|投资|tou2 zi1	投資	投资	tou2 zi1	generated	1492	4.511	unreviewed		wave1-06	143
投降|投降|tou2 xiang2	投降	投降	tou2 xiang2	generated	1865	4.286	unreviewed		wave1-08	111
拉|拉|la1	拉	拉	la1	generated	378	5.389	unreviewed		wave1-01	93
拉|拉|la2	拉	拉	la2	generated	379	5.389	unreviewed		wave1-01	93
拍|拍|pai1	拍	拍	pai1	generated	421	5.324	unreviewed		wave1-05	132
拍攝|拍摄|pai1 she4	拍攝	拍摄	pai1 she4	generated	1253	4.656	unreviewed		wave1-05	132
拒絕|拒绝|ju4 jue2	拒絕	拒绝	ju4 jue2	generated	833	4.934	unreviewed		wave1-03	167
拜|拜|bai4	拜	拜	bai4	generated	1434	4.542	unreviewed		wave1-07	115
拳|拳|quan2	拳	拳	quan2	generated	1327	4.611	unreviewed		wave1-07	120
拿|拿|na2	拿	拿	na2	generated	144	5.984	unreviewed		wave1-04	176
持續|持续|chi2 xu4	持續	持续	chi2 xu4	generated	1645	4.426	unreviewed		wave1-05	132
指|指|zhi3	指	指	zhi3	generated	504	5.232	unreviewed		wave1-01	19
指出|指出|zhi3 chu1	指出	指出	zhi3 chu1	generated	2090	4.097	unreviewed		wave1-08	111
指導|指导|zhi3 dao3	指導	指导	zhi3 dao3	generated	1783	4.339	unreviewed		wave1-08	111
指控|指控|zhi3 kong4	指控	指控	zhi3 kong4	generated	1278	4.637	unreviewed		wave1-08	111
指揮|指挥|zhi3 hui1	指揮	指挥	zhi3 hui1	generated	1661	4.417	unreviewed		wave1-06	143
按|按|an4	按	按	an4	generated	689	5.049	unreviewed		wave1-03	167
按照|按照|an4 zhao4	按照	按照	an4 zhao4	generated	1411	4.556	unreviewed		wave1-06	143
挑戰|挑战|tiao3 zhan4	挑戰	挑战	tiao3 zhan4	generated	1062	4.77	unreviewed		wave1-06	143
捲|卷|juan3	捲	卷	juan3	generated	1272	4.64	unreviewed		wave1-04	73
授權|授权|shou4 quan2	授權	授权	shou4 quan2	generated	1963	4.213	unreviewed		wave1-09	101
掉|掉|diao4	掉	掉	diao4	generated	240	5.682	unreviewed		wave1-06	140
掌握|掌握|zhang3 wo4	掌握	掌握	zhang3 wo4	generated	1366	4.584	unreviewed		wave1-07	120
排|排|pai2	排	排	pai2	generated	1052	4.779	unreviewed		wave1-05	53
掛|挂|gua4	掛	挂	gua4	generated	731	5.014	unreviewed		wave1-07	117
採取|采取|cai3 qu3	採取	采取	cai3 qu3	generated	1650	4.422	unreviewed		wave1-07	120
接|接|jie1	接	接	jie1	generated	310	5.515	unreviewed		wave1-03	167
接受|接受|jie1 shou4	接受	接受	jie1 shou4	generated	399	5.346	unreviewed		wave1-02	154
接著|接着|jie1 zhe5	接著	接着	jie1 zhe5	generated	1006	4.807	unreviewed		wave1-07	120
接觸|接触|jie1 chu4	接觸	接触	jie1 chu4	generated	1240	4.663	unreviewed		wave1-05	132
接近|接近|jie1 jin4	接近	接近	jie1 jin4	generated	1022	4.798	unreviewed		wave1-04	176
控制|控制|kong4 zhi4	控制	控制	kong4 zhi4	generated	515	5.217	unreviewed		wave1-02	154
推|推|tui1	推	推	tui1	generated	968	4.826	unreviewed		wave1-06	143
措施|措施|cuo4 shi1	措施	措施	cuo4 shi1	generated	1906	4.262	unreviewed		wave1-08	111
描述|描述|miao2 shu4	描述	描述	miao2 shu4	generated	1478	4.517	unreviewed		wave1-05	132
提|提|ti2	提	提	ti2	generated	535	5.197	unreviewed		wave1-02	184
提供|提供|ti2 gong1	提供	提供	ti2 gong1	generated	776	4.972	unreviewed		wave1-02	154
提出|提出|ti2 chu1	提出	提出	ti2 chu1	generated	1301	4.626	unreviewed		wave1-03	167
提到|提到|ti2 dao4	提到	提到	ti2 dao4	generated	1355	4.594	unreviewed		wave1-06	143
提議|提议|ti2 yi4	提議	提议	ti2 yi4	generated	1724	4.38	unreviewed		wave1-09	101
提高|提高|ti2 gao1	提高	提高	ti2 gao1	generated	1829	4.306	unreviewed		wave1-07	120
換|换|huan4	換	换	huan4	generated	451	5.29	unreviewed		wave1-06	143
損失|损失|sun3 shi1	損失	损失	sun3 shi1	generated	1506	4.504	unreviewed		wave1-07	120
搬|搬|ban1	搬	搬	ban1	generated	713	5.03	unreviewed		wave1-07	120
摩|摩|mo2	摩	摩	mo2	generated	2018	4.18	unreviewed		wave1-08	111
播|播|bo1	播	播	bo1	generated	1796	4.33	unreviewed		wave1-08	105
擁有|拥有|yong1 you3	擁有	拥有	yong1 you3	generated	628	5.104	unreviewed		wave1-02	154
擊|击|ji1	擊	击	ji1	generated	1390	4.565	unreviewed		wave1-07	120
擊敗|击败|ji1 bai4	擊敗	击败	ji1 bai4	generated	1998	4.19	unreviewed		wave1-08	111
擔心|担心|dan1 xin1	擔心	担心	dan1 xin1	generated	268	5.596	unreviewed		wave1-06	143
支|支|zhi1	支	支	zhi1	generated	750	4.996	unreviewed		wave1-03	162
支持|支持|zhi1 chi2	支持	支持	zhi1 chi2	generated	675	5.059	unreviewed		wave1-02	154
支援|支援|zhi1 yuan2	支援	支援	zhi1 yuan2	generated	1855	4.291	unreviewed		wave1-08	111
收|收|shou1	收	收	shou1	generated	766	4.984	unreviewed		wave1-05	132
收入|收入|shou1 ru4	收入	收入	shou1 ru4	generated	1965	4.212	unreviewed		wave1-08	111
收到|收到|shou1 dao4	收到	收到	shou1 dao4	generated	602	5.138	unreviewed		wave1-07	120
收集|收集|shou1 ji2	收集	收集	shou1 ji2	generated	1629	4.431	unreviewed		wave1-09	101
改|改|gai3	改	改	gai3	generated	1065	4.767	unreviewed		wave1-03	167
改變|改变|gai3 bian4	改變	改变	gai3 bian4	generated	400	5.346	unreviewed		wave1-02	154
攻擊|攻击|gong1 ji1	攻擊	攻击	gong1 ji1	generated	878	4.902	unreviewed		wave1-03	167
放|放|fang4	放	放	fang4	generated	221	5.755	unreviewed		wave1-03	167
放棄|放弃|fang4 qi4	放棄	放弃	fang4 qi4	generated	580	5.158	unreviewed		wave1-03	167
政府|政府|zheng4 fu3	政府	政府	zheng4 fu3	generated	721	5.024	unreviewed		wave1-02	154
政策|政策|zheng4 ce4	政策	政策	zheng4 ce4	generated	2052	4.145	unreviewed		wave1-07	120
故事|故事|gu4 shi4	故事	故事	gu4 shi4	generated	450	5.291	unreviewed		wave1-02	154
故事|故事|gu4 shi5	故事	故事	gu4 shi5	generated	449	5.291	unreviewed		wave1-02	154
效果|效果|xiao4 guo3	效果	效果	xiao4 guo3	generated	1363	4.588	unreviewed		wave1-06	143
救|救|jiu4	救	救	jiu4	generated	380	5.383	unreviewed		wave1-06	143
教|教|jiao1	教	教	jiao1	generated	545	5.184	unreviewed		wave1-02	154
教|教|jiao4	教	教	jiao4	generated	546	5.184	unreviewed		wave1-02	148
教堂|教堂|jiao4 tang2	教堂	教堂	jiao4 tang2	generated	996	4.812	unreviewed		wave1-05	132
教授|教授|jiao1 shou4	教授	教授	jiao1 shou4	generated	1095	4.753	unreviewed		wave1-03	167
教授|教授|jiao4 shou4	教授	教授	jiao4 shou4	generated	1094	4.753	unreviewed		wave1-03	167
教會|教会|jiao1 hui4	教會	教会	jiao1 hui4	generated	1884	4.274	unreviewed		wave1-07	120
教會|教会|jiao4 hui4	教會	教会	jiao4 hui4	generated	1885	4.274	unreviewed		wave1-07	120
教練|教练|jiao4 lian4	教練	教练	jiao4 lian4	generated	1041	4.785	unreviewed		wave1-08	111
教育|教育|jiao4 yu4	教育	教育	jiao4 yu4	generated	1433	4.543	unreviewed		wave1-04	176
敢|敢|gan3	敢	敢	gan3	generated	367	5.412	unreviewed		wave1-06	63
敬|敬|jing4	敬	敬	jing4	generated	1625	4.433	unreviewed		wave1-07	116
整|整|zheng3	整	整	zheng3	generated	696	5.043	unreviewed		wave1-05	125
整個|整个|zheng3 ge4	整個	整个	zheng3 ge4	generated	437	5.3	unreviewed		wave1-02	154
敵人|敌人|di2 ren2	敵人	敌人	di2 ren2	generated	1046	4.782	unreviewed		wave1-07	120
數|数|shu3	數	数	shu3	generated	872	4.907	unreviewed		wave1-02	154
數|数|shu4	數	数	shu4	generated	873	4.907	unreviewed		wave1-02	154
數|数|shuo4	數	数	shuo4	generated	874	4.907	unreviewed		wave1-02	154
數字|数字|shu4 zi4	數字	数字	shu4 zi4	generated	1293	4.628	unreviewed		wave1-05	132
數學|数学|shu4 xue2	數學	数学	shu4 xue2	generated	1781	4.341	unreviewed		wave1-06	143
數據|数据|shu4 ju4	數據	数据	shu4 ju4	generated	1458	4.529	unreviewed		wave1-05	132
數量|数量|shu4 liang4	數量	数量	shu4 liang4	generated	2085	4.102	unreviewed		wave1-08	111
文|文|wen2	文	文	wen2	generated	1489	4.512	unreviewed		wave1-04	172
文件|文件|wen2 jian4	文件	文件	wen2 jian4	generated	875	4.905	unreviewed		wave1-04	176
文化|文化|wen2 hua4	文化	文化	wen2 hua4	generated	1761	4.351	unreviewed		wave1-05	132
文章|文章|wen2 zhang1	文章	文章	wen2 zhang1	generated	1474	4.52	unreviewed		wave1-05	132
斗|斗|dou3	斗	斗	dou3	generated	1700	4.397	unreviewed		wave1-07	66
斯|斯|si1	斯	斯	si1	generated	536	5.196	unreviewed		wave1-01	93
新|新|xin1	新	新	xin1	generated	231	5.712	unreviewed		wave1-01	12
新聞|新闻|xin1 wen2	新聞	新闻	xin1 wen2	generated	733	5.011	unreviewed		wave1-03	167
斷|断|duan4	斷	断	duan4	generated	969	4.826	unreviewed		wave1-07	120
方|方|fang1	方	方	fang1	generated	1175	4.704	unreviewed		wave1-03	29
方便|方便|fang1 bian4	方便	方便	fang1 bian4	generated	1574	4.467	unreviewed		wave1-08	111
方向|方向|fang1 xiang4	方向	方向	fang1 xiang4	generated	1004	4.808	unreviewed		wave1-04	176
方式|方式|fang1 shi4	方式	方式	fang1 shi4	generated	596	5.147	unreviewed		wave1-02	154
方案|方案|fang1 an4	方案	方案	fang1 an4	generated	1888	4.273	unreviewed		wave1-07	120
方法|方法|fang1 fa3	方法	方法	fang1 fa3	generated	635	5.095	unreviewed		wave1-02	154
方面|方面|fang1 mian4	方面	方面	fang1 mian4	generated	800	4.954	unreviewed		wave1-02	154
於|于|yu2	於	于	yu2	generated	360	5.415	unreviewed		wave1-01	12
於|於|wu1	於	於	wu1	generated	361	5.415	unreviewed		wave1-01	12
於是|于是|yu2 shi4	於是	于是	yu2 shi4	generated	1069	4.764	unreviewed		wave1-03	167
施|施|shi1	施	施	shi1	generated	2034	4.159	unreviewed		wave1-08	105
旁|旁|pang2	旁	旁	pang2	generated	1738	4.371	unreviewed		wave1-09	101
旅|旅|lu:3	旅	旅	lu:3	generated	1948	4.234	unreviewed		wave1-08	111
旅行|旅行|lu:3 xing2	旅行	旅行	lu:3 xing2	generated	1021	4.799	unreviewed		wave1-08	111
旅遊|旅游|lu:3 you2	旅遊	旅游	lu:3 you2	generated	2048	4.146	unreviewed		wave1-08	111
族|族|zu2	族	族	zu2	generated	1856	4.291	unreviewed		wave1-06	143
既|既|ji4	既	既	ji4	generated	1610	4.448	unreviewed		wave1-07	118
早|早|zao3	早	早	zao3	generated	282	5.56	unreviewed		wave1-01	93
早上|早上|zao3 shang5	早上	早上	zao3 shang5	generated	570	5.169	unreviewed		wave1-09	101
明|明|ming2	明	明	ming2	generated	1422	4.551	unreviewed		wave1-04	176
明星|明星|ming2 xing1	明星	明星	ming2 xing1	generated	925	4.861	unreviewed		wave1-09	101
明確|明确|ming2 que4	明確	明确	ming2 que4	generated	1961	4.216	unreviewed		wave1-09	101
明顯|明显|ming2 xian3	明顯	明显	ming2 xian3	generated	756	4.994	unreviewed		wave1-04	176
易|易|yi4	易	易	yi4	generated	1870	4.284	unreviewed		wave1-07	67
星|星|xing1	星	星	xing1	generated	964	4.827	unreviewed		wave1-03	167
是|是|shi4	是	是	shi4	generated	8	7.451	unreviewed		wave1-01	12
是否|是否|shi4 fou3	是否	是否	shi4 fou3	generated	458	5.283	unreviewed		wave1-02	154
時|时|shi2	時	时	shi2	generated	185	5.845	unreviewed		wave1-01	12
時代|时代|shi2 dai4	時代	时代	shi2 dai4	generated	1241	4.663	unreviewed		wave1-03	167
時候|时候|shi2 hou5	時候	时候	shi2 hou5	generated	99	6.192	unreviewed		wave1-02	154
時期|时期|shi2 qi1	時期	时期	shi2 qi1	generated	1728	4.377	unreviewed		wave1-04	176
時間|时间|shi2 jian1	時間	时间	shi2 jian1	generated	152	5.962	unreviewed		wave1-01	12
晚|晚|wan3	晚	晚	wan3	generated	385	5.376	unreviewed		wave1-04	176
晚上|晚上|wan3 shang5	晚上	晚上	wan3 shang5	generated	346	5.455	unreviewed		wave1-06	143
普|普|pu3	普	普	pu3	generated	1664	4.415	unreviewed		wave1-05	132
普通|普通|pu3 tong1	普通	普通	pu3 tong1	generated	1137	4.721	unreviewed		wave1-05	132
暫時|暂时|zan4 shi2	暫時	暂时	zan4 shi2	generated	1302	4.626	unreviewed		wave1-08	111
暴力|暴力|bao4 li4	暴力	暴力	bao4 li4	generated	1285	4.633	unreviewed		wave1-07	120
曲|曲|qu1	曲	曲	qu1	generated	1606	4.451	unreviewed		wave1-05	132
曲|曲|qu3	曲	曲	qu3	generated	1607	4.451	unreviewed		wave1-05	132
更|更|geng1	更	更	geng1	generated	146	5.983	unreviewed		wave1-01	12
更|更|geng4	更	更	geng4	generated	145	5.983	unreviewed		wave1-01	12
更加|更加|geng4 jia1	更加	更加	geng4 jia1	generated	1163	4.709	unreviewed		wave1-05	132
書|书|shu1	書	书	shu1	generated	409	5.329	unreviewed		wave1-01	93
曼|曼|man4	曼	曼	man4	generated	1945	4.236	unreviewed		wave1-06	63
曾|曾|ceng2	曾	曾	ceng2	generated	557	5.178	unreviewed		wave1-01	91
曾|曾|zeng1	曾	曾	zeng1	generated	558	5.178	unreviewed		wave1-01	93
曾經|曾经|ceng2 jing1	曾經	曾经	ceng2 jing1	generated	506	5.229	unreviewed		wave1-02	187
替|替|ti4	替	替	ti4	generated	663	5.066	unreviewed		wave1-08	111
最|最|zui4	最	最	zui4	generated	110	6.141	unreviewed		wave1-01	12
最佳|最佳|zui4 jia1	最佳	最佳	zui4 jia1	generated	1362	4.591	unreviewed		wave1-04	176
最初|最初|zui4 chu1	最初	最初	zui4 chu1	generated	2035	4.159	unreviewed		wave1-08	111
最後|最后|zui4 hou4	最後	最后	zui4 hou4	generated	249	5.656	unreviewed		wave1-01	93
最終|最终|zui4 zhong1	最終	最终	zui4 zhong1	generated	856	4.919	unreviewed		wave1-02	154
最近|最近|zui4 jin4	最近	最近	zui4 jin4	generated	516	5.217	unreviewed		wave1-05	132
最高|最高|zui4 gao1	最高	最高	zui4 gao1	generated	1427	4.545	unreviewed		wave1-04	176
會|会|kuai4	會	会	kuai4	generated	18	6.899	unreviewed		wave1-01	6
會議|会议|hui4 yi4	會議	会议	hui4 yi4	generated	1084	4.757	unreviewed		wave1-03	167
月|月|yue4	月	月	yue4	generated	281	5.563	unreviewed		wave1-01	12
有些|有些|you3 xie1	有些	有些	you3 xie1	generated	357	5.423	unreviewed		wave1-02	154
有人|有人|you3 ren2	有人	有人	you3 ren2	generated	344	5.469	unreviewed		wave1-03	167
有所|有所|you3 suo3	有所	有所	you3 suo3	generated	1320	4.615	unreviewed		wave1-05	132
有效|有效|you3 xiao4	有效	有效	you3 xiao4	generated	1401	4.56	unreviewed		wave1-05	132
有時|有时|you3 shi2	有時	有时	you3 shi2	generated	892	4.887	unreviewed		wave1-04	176
有的|有的|you3 de5	有的	有的	you3 de5	generated	1312	4.62	unreviewed		wave1-06	143
有著|有着|you3 zhe5	有著	有着	you3 zhe5	generated	1743	4.367	unreviewed		wave1-07	120
有關|有关|you3 guan1	有關	有关	you3 guan1	generated	647	5.087	unreviewed		wave1-02	154
朋友|朋友|peng2 you5	朋友	朋友	peng2 you5	generated	175	5.89	unreviewed		wave1-04	176
朗|朗|lang3	朗	朗	lang3	generated	2021	4.177	unreviewed		wave1-08	111
朝|朝|chao2	朝	朝	chao2	generated	926	4.861	unreviewed		wave1-03	35
朝|朝|zhao1	朝	朝	zhao1	generated	927	4.861	unreviewed		wave1-03	167
期|期|qi1	期	期	qi1	generated	1493	4.511	unreviewed		wave1-04	172
期間|期间|qi1 jian1	期間	期间	qi1 jian1	generated	1656	4.419	unreviewed		wave1-04	176
木|木|mu4	木	木	mu4	generated	1501	4.507	unreviewed		wave1-04	170
未|未|wei4	未	未	wei4	generated	908	4.876	unreviewed		wave1-02	154
未來|未来|wei4 lai2	未來	未来	wei4 lai2	generated	734	5.011	unreviewed		wave1-03	167
本|本|ben3	本	本	ben3	generated	320	5.497	unreviewed		wave1-01	15
本人|本人|ben3 ren2	本人	本人	ben3 ren2	generated	1805	4.323	unreviewed		wave1-08	111
本來|本来|ben3 lai2	本來	本来	ben3 lai2	generated	616	5.119	unreviewed		wave1-07	120
本地|本地|ben3 di4	本地	本地	ben3 di4	generated	1776	4.344	unreviewed		wave1-08	111
本身|本身|ben3 shen1	本身	本身	ben3 shen1	generated	1814	4.315	unreviewed		wave1-07	120
李|李|li3	李	李	li3	generated	1694	4.398	unreviewed		wave1-04	176
材料|材料|cai2 liao4	材料	材料	cai2 liao4	generated	1784	4.339	unreviewed		wave1-06	143
村|村|cun1	村	村	cun1	generated	1994	4.191	unreviewed		wave1-06	143
杜|杜|du4	杜	杜	du4	generated	1921	4.253	unreviewed		wave1-07	120
杯|杯|bei1	杯	杯	bei1	generated	393	5.352	unreviewed		wave1-04	172
東|东|dong1	東	东	dong1	generated	1341	4.604	unreviewed		wave1-03	167
東西|东西|dong1 xi1	東西	东西	dong1 xi1	generated	128	6.056	unreviewed		wave1-03	167
東西|东西|dong1 xi5	東西	东西	dong1 xi5	generated	127	6.056	unreviewed		wave1-03	167
松|松|song1	松	松	song1	generated	1641	4.428	unreviewed		wave1-05	132
板|板|ban3	板	板	ban3	generated	1405	4.558	unreviewed		wave1-06	143
枚|枚|mei2	枚	枚	mei2	generated	1755	4.356	unreviewed		wave1-08	107
架|架|jia4	架	架	jia4	generated	976	4.823	unreviewed		wave1-03	162
某|某|mou3	某	某	mou3	generated	911	4.874	unreviewed		wave1-04	176
某些|某些|mou3 xie1	某些	某些	mou3 xie1	generated	1191	4.695	unreviewed		wave1-04	176
某種|某种|mou3 zhong3	某種	某种	mou3 zhong3	generated	1014	4.803	unreviewed		wave1-08	111
查|查|cha2	查	查	cha2	generated	411	5.327	unreviewed		wave1-02	154
校|校|jiao4	校	校	jiao4	generated	1790	4.336	unreviewed		wave1-05	132
校|校|xiao4	校	校	xiao4	generated	1789	4.336	unreviewed		wave1-05	126
校長|校长|xiao4 zhang3	校長	校长	xiao4 zhang3	generated	1615	4.444	unreviewed		wave1-06	143
根|根|gen1	根	根	gen1	generated	736	5.007	unreviewed		wave1-03	162
根據|根据|gen1 ju4	根據	根据	gen1 ju4	generated	847	4.924	unreviewed		wave1-02	154
根本|根本|gen1 ben3	根本	根本	gen1 ben3	generated	321	5.488	unreviewed		wave1-05	132
格|格|ge2	格	格	ge2	generated	1133	4.724	unreviewed		wave1-03	31
案|案|an4	案	案	an4	generated	737	5.007	unreviewed		wave1-03	167
案件|案件|an4 jian4	案件	案件	an4 jian4	generated	1223	4.672	unreviewed		wave1-08	111
梅|梅|mei2	梅	梅	mei2	generated	2127	4.017	unreviewed		wave1-09	80
條|条|tiao2	條	条	tiao2	generated	276	5.572	unreviewed		wave1-01	89
條件|条件|tiao2 jian4	條件	条件	tiao2 jian4	generated	1224	4.672	unreviewed		wave1-04	176
棒|棒|bang4	棒	棒	bang4	generated	224	5.736	unreviewed		wave1-04	49
棒球|棒球|bang4 qiu2	棒球	棒球	bang4 qiu2	generated	1450	4.534	unreviewed		wave1-06	143
森|森|sen1	森	森	sen1	generated	1667	4.414	unreviewed		wave1-05	126
森林|森林|sen1 lin2	森林	森林	sen1 lin2	generated	1699	4.397	unreviewed		wave1-07	120
植物|植物|zhi2 wu4	植物	植物	zhi2 wu4	generated	2078	4.112	unreviewed		wave1-08	111
業|业|ye4	業	业	ye4	generated	2061	4.134	unreviewed		wave1-08	68
極|极|ji2	極	极	ji2	generated	1306	4.623	unreviewed		wave1-04	176
概念|概念|gai4 nian4	概念	概念	gai4 nian4	generated	2122	4.026	unreviewed		wave1-09	101
榮|荣|rong2	榮	荣	rong2	generated	2068	4.126	unreviewed		wave1-09	101
榮譽|荣誉|rong2 yu4	榮譽	荣誉	rong2 yu4	generated	1714	4.386	unreviewed		wave1-07	120
槍|枪|qiang1	槍	枪	qiang1	generated	288	5.548	unreviewed		wave1-05	56
樂|乐|le4	樂	乐	le4	generated	1142	4.717	unreviewed		wave1-04	176
樂|乐|yue4	樂	乐	yue4	generated	1143	4.717	unreviewed		wave1-04	176
樂隊|乐队|yue4 dui4	樂隊	乐队	yue4 dui4	generated	1015	4.802	unreviewed		wave1-07	120
樓|楼|lou2	樓	楼	lou2	generated	718	5.028	unreviewed		wave1-02	154
標準|标准|biao1 zhun3	標準	标准	biao1 zhun3	generated	1481	4.515	unreviewed		wave1-04	176
標誌|标志|biao1 zhi4	標誌	标志	biao1 zhi4	generated	1809	4.321	unreviewed		wave1-07	120
模|模|mo2	模	模	mo2	generated	1413	4.554	unreviewed		wave1-09	101
模|模|mu2	模	模	mu2	generated	1414	4.554	unreviewed		wave1-09	101
模型|模型|mo2 xing2	模型	模型	mo2 xing2	generated	1973	4.206	unreviewed		wave1-08	111
模式|模式|mo2 shi4	模式	模式	mo2 shi4	generated	2023	4.174	unreviewed		wave1-08	111
樹|树|shu4	樹	树	shu4	generated	1007	4.807	unreviewed		wave1-03	167
橋|桥|qiao2	橋	桥	qiao2	generated	1504	4.505	unreviewed		wave1-04	176
機器|机器|ji1 qi4	機器	机器	ji1 qi4	generated	1171	4.707	unreviewed		wave1-07	120
機器人|机器人|ji1 qi4 ren2	機器人	机器人	ji1 qi4 ren2	generated	1371	4.579	unreviewed		wave1-09	101
機場|机场|ji1 chang3	機場	机场	ji1 chang3	generated	1199	4.688	unreviewed		wave1-04	176
機會|机会|ji1 hui4	機會	机会	ji1 hui4	generated	296	5.538	unreviewed		wave1-04	176
機構|机构|ji1 gou4	機構	机构	ji1 gou4	generated	1437	4.541	unreviewed		wave1-04	176
檔案|档案|dang4 an4	檔案	档案	dang4 an4	generated	1228	4.67	unreviewed		wave1-07	120
檢查|检查|jian3 cha2	檢查	检查	jian3 cha2	generated	569	5.17	unreviewed		wave1-05	132
權|权|quan2	權	权	quan2	generated	1182	4.699	unreviewed		wave1-03	167
權利|权利|quan2 li4	權利	权利	quan2 li4	generated	1030	4.792	unreviewed		wave1-04	176
權力|权力|quan2 li4	權力	权力	quan2 li4	generated	1451	4.534	unreviewed		wave1-05	132
次|次|ci4	次	次	ci4	generated	117	6.117	unreviewed		wave1-01	17
欲|欲|yu4	欲	欲	yu4	generated	1882	4.276	unreviewed		wave1-08	78
款|款|kuan3	款	款	kuan3	generated	1910	4.26	unreviewed		wave1-08	107
歌|歌|ge1	歌	歌	ge1	generated	471	5.274	unreviewed		wave1-02	148
歌手|歌手|ge1 shou3	歌手	歌手	ge1 shou3	generated	1315	4.619	unreviewed		wave1-04	176
歌曲|歌曲|ge1 qu3	歌曲	歌曲	ge1 qu3	generated	1304	4.624	unreviewed		wave1-04	176
歐|欧|ou1	歐	欧	ou1	generated	1722	4.381	unreviewed		wave1-06	59
歡迎|欢迎|huan1 ying2	歡迎	欢迎	huan1 ying2	generated	364	5.413	unreviewed		wave1-06	143
止|止|zhi3	止	止	zhi3	generated	1679	4.405	unreviewed		wave1-08	111
正|正|zheng1	正	正	zheng1	generated	217	5.765	unreviewed		wave1-01	93
正|正|zheng4	正	正	zheng4	generated	216	5.765	unreviewed		wave1-01	93
正在|正在|zheng4 zai4	正在	正在	zheng4 zai4	generated	440	5.297	unreviewed		wave1-03	167
正常|正常|zheng4 chang2	正常	正常	zheng4 chang2	generated	625	5.106	unreviewed		wave1-05	132
正式|正式|zheng4 shi4	正式	正式	zheng4 shi4	generated	1204	4.685	unreviewed		wave1-03	167
正是|正是|zheng4 shi4	正是	正是	zheng4 shi4	generated	900	4.882	unreviewed		wave1-07	120
正確|正确|zheng4 que4	正確	正确	zheng4 que4	generated	765	4.987	unreviewed		wave1-05	132
此|此|ci3	此	此	ci3	generated	392	5.355	unreviewed		wave1-01	2
步|步|bu4	步	步	bu4	generated	632	5.098	unreviewed		wave1-04	176
武器|武器|wu3 qi4	武器	武器	wu3 qi4	generated	701	5.037	unreviewed		wave1-04	176
歲|岁|sui4	歲	岁	sui4	generated	298	5.537	unreviewed		wave1-01	89
歷史|历史|li4 shi3	歷史	历史	li4 shi3	generated	951	4.841	unreviewed		wave1-02	154
歸|归|gui1	歸	归	gui1	generated	1325	4.612	unreviewed		wave1-05	132
死|死|si3	死	死	si3	generated	116	6.118	unreviewed		wave1-01	93
死亡|死亡|si3 wang2	死亡	死亡	si3 wang2	generated	626	5.105	unreviewed		wave1-02	154
段|段|duan4	段	段	duan4	generated	459	5.283	unreviewed		wave1-01	1
殺|杀|sha1	殺	杀	sha1	generated	186	5.844	unreviewed		wave1-02	152
殺害|杀害|sha1 hai4	殺害	杀害	sha1 hai4	generated	1284	4.634	unreviewed		wave1-07	120
殺死|杀死|sha1 si3	殺死	杀死	sha1 si3	generated	783	4.965	unreviewed		wave1-06	143
毀|毁|hui3	毀	毁	hui3	generated	676	5.058	unreviewed		wave1-06	143
母|母|mu3	母	母	mu3	generated	1513	4.5	unreviewed		wave1-05	132
母親|母亲|mu3 qin1	母親	母亲	mu3 qin1	generated	476	5.266	unreviewed		wave1-03	167
每|每|mei3	每	每	mei3	generated	330	5.481	unreviewed		wave1-01	93
每個|每个|mei3 ge4	每個	每个	mei3 ge4	generated	365	5.413	unreviewed		wave1-03	167
每天|每天|mei3 tian1	每天	每天	mei3 tian1	generated	649	5.084	unreviewed		wave1-06	143
每年|每年|mei3 nian2	每年	每年	mei3 nian2	generated	1677	4.406	unreviewed		wave1-05	132
毒|毒|du2	毒	毒	du2	generated	1321	4.615	unreviewed		wave1-09	101
比|比|bi3	比	比	bi3	generated	199	5.804	unreviewed		wave1-01	12
比如|比如|bi3 ru2	比如	比如	bi3 ru2	generated	778	4.969	unreviewed		wave1-04	176
比賽|比赛|bi3 sai4	比賽	比赛	bi3 sai4	generated	316	5.505	unreviewed		wave1-02	154
比較|比较|bi3 jiao4	比較	比较	bi3 jiao4	generated	740	5.004	unreviewed		wave1-03	167
毛|毛|mao2	毛	毛	mao2	generated	1033	4.79	unreviewed		wave1-04	49
民|民|min2	民	民	min2	generated	1986	4.198	unreviewed		wave1-06	138
民主|民主|min2 zhu3	民主	民主	min2 zhu3	generated	2112	4.056	unreviewed		wave1-09	101
水平|水平|shui3 ping2	水平	水平	shui3 ping2	generated	1623	4.435	unreviewed		wave1-07	120
永遠|永远|yong3 yuan3	永遠	永远	yong3 yuan3	generated	337	5.476	unreviewed		wave1-06	143
求|求|qiu2	求	求	qiu2	generated	313	5.512	unreviewed		wave1-04	176
決定|决定|jue2 ding4	決定	决定	jue2 ding4	generated	322	5.488	unreviewed		wave1-01	93
汽車|汽车|qi4 che1	汽車	汽车	qi4 che1	generated	942	4.85	unreviewed		wave1-04	176
沒|没|mei2	沒	没	mei2	generated	37	6.677	unreviewed		wave1-03	165
沒|没|mo4	沒	没	mo4	generated	38	6.677	unreviewed		wave1-03	167
沒有|没有|mei2 you3	沒有	没有	mei2 you3	generated	56	6.509	unreviewed		wave1-01	12
沖|冲|chong1	沖	冲	chong1	generated	671	5.06	unreviewed		wave1-05	58
沙|沙|sha1	沙	沙	sha1	generated	1777	4.343	unreviewed		wave1-05	122
沙|沙|sha4	沙	沙	sha4	generated	1778	4.343	unreviewed		wave1-05	132
河|河|he2	河	河	he2	generated	1459	4.529	unreviewed		wave1-04	40
油|油|you2	油	油	you2	generated	1264	4.644	unreviewed		wave1-06	143
治|治|zhi4	治	治	zhi4	generated	1482	4.515	unreviewed		wave1-04	176
治療|治疗|zhi4 liao2	治療	治疗	zhi4 liao2	generated	738	5.006	unreviewed		wave1-04	176
法|法|fa3	法	法	fa3	generated	565	5.173	unreviewed		wave1-01	21
法官|法官|fa3 guan1	法官	法官	fa3 guan1	generated	692	5.048	unreviewed		wave1-07	120
法庭|法庭|fa3 ting2	法庭	法庭	fa3 ting2	generated	955	4.84	unreviewed		wave1-08	111
法律|法律|fa3 lu:4	法律	法律	fa3 lu:4	generated	788	4.958	unreviewed		wave1-02	154
法院|法院|fa3 yuan4	法院	法院	fa3 yuan4	generated	1662	4.416	unreviewed		wave1-08	111
波|波|bo1	波	波	bo1	generated	1407	4.557	unreviewed		wave1-04	176
注|注|zhu4	注	注	zhu4	generated	1527	4.494	unreviewed		wave1-06	135
注意|注意|zhu4 yi4	注意	注意	zhu4 yi4	generated	412	5.327	unreviewed		wave1-03	167
泰|泰|tai4	泰	泰	tai4	generated	1767	4.346	unreviewed		wave1-06	143
洞|洞|dong4	洞	洞	dong4	generated	1221	4.673	unreviewed		wave1-05	132
活|活|huo2	活	活	huo2	generated	300	5.535	unreviewed		wave1-05	132
活動|活动|huo2 dong4	活動	活动	huo2 dong4	generated	853	4.92	unreviewed		wave1-02	154
派|派|pai4	派	派	pai4	generated	489	5.253	unreviewed		wave1-01	14
流|流|liu2	流	流	liu2	generated	1181	4.7	unreviewed		wave1-04	176
流行|流行|liu2 xing2	流行	流行	liu2 xing2	generated	1785	4.339	unreviewed		wave1-06	143
海軍|海军|hai3 jun1	海軍	海军	hai3 jun1	generated	1535	4.491	unreviewed		wave1-05	132
消失|消失|xiao1 shi1	消失	消失	xiao1 shi1	generated	763	4.988	unreviewed		wave1-06	143
消息|消息|xiao1 xi5	消息	消息	xiao1 xi5	generated	374	5.396	unreviewed		wave1-04	176
深|深|shen1	深	深	shen1	generated	952	4.841	unreviewed		wave1-04	176
混|混|hun2	混	混	hun2	generated	729	5.016	unreviewed		wave1-09	71
混|混|hun4	混	混	hun4	generated	728	5.016	unreviewed		wave1-09	101
混亂|混乱|hun4 luan4	混亂	混乱	hun4 luan4	generated	1521	4.497	unreviewed		wave1-09	101
清|清|qing1	清	清	qing1	generated	843	4.929	unreviewed		wave1-02	154
清楚|清楚|qing1 chu5	清楚	清楚	qing1 chu5	generated	345	5.467	unreviewed		wave1-08	111
減少|减少|jian3 shao3	減少	减少	jian3 shao3	generated	2028	4.169	unreviewed		wave1-07	120
測試|测试|ce4 shi4	測試	测试	ce4 shi4	generated	921	4.864	unreviewed		wave1-05	132
港|港|gang3	港	港	gang3	generated	2098	4.084	unreviewed		wave1-08	111
游|游|you2	游	游	you2	generated	1561	4.474	unreviewed		wave1-06	62
湖|湖|hu2	湖	湖	hu2	generated	1707	4.391	unreviewed		wave1-05	132
湯|汤|shang1	湯	汤	shang1	generated	1557	4.477	unreviewed		wave1-06	143
湯|汤|tang1	湯	汤	tang1	generated	1556	4.477	unreviewed		wave1-06	143
準|准|zhun3	準	准	zhun3	generated	979	4.822	unreviewed		wave1-06	143
準備|准备|zhun3 bei4	準備	准备	zhun3 bei4	generated	194	5.821	unreviewed		wave1-02	184
滅|灭|mie4	滅	灭	mie4	generated	1977	4.204	unreviewed		wave1-09	101
滿|满|man3	滿	满	man3	generated	757	4.994	unreviewed		wave1-04	176
滿足|满足|man3 zu2	滿足	满足	man3 zu2	generated	1373	4.578	unreviewed		wave1-06	143
演|演|yan3	演	演	yan3	generated	851	4.922	unreviewed		wave1-05	125
演出|演出|yan3 chu1	演出	演出	yan3 chu1	generated	928	4.861	unreviewed		wave1-04	176
演員|演员|yan3 yuan2	演員	演员	yan3 yuan2	generated	835	4.932	unreviewed		wave1-02	154
演唱|演唱|yan3 chang4	演唱	演唱	yan3 chang4	generated	1593	4.455	unreviewed		wave1-08	111
演唱會|演唱会|yan3 chang4 hui4	演唱會	演唱会	yan3 chang4 hui4	generated	2037	4.157	unreviewed		wave1-09	101
演奏|演奏|yan3 zou4	演奏	演奏	yan3 zou4	generated	1811	4.319	unreviewed		wave1-09	101
漢|汉|han4	漢	汉	han4	generated	2047	4.151	unreviewed		wave1-07	120
漫畫|漫画|man4 hua4	漫畫	漫画	man4 hua4	generated	1871	4.284	unreviewed		wave1-07	120
灣|湾|wan1	灣	湾	wan1	generated	2125	4.023	unreviewed		wave1-08	111
火|火|huo3	火	火	huo3	generated	722	5.023	unreviewed		wave1-04	43
炸彈|炸弹|zha4 dan4	炸彈	炸弹	zha4 dan4	generated	961	4.83	unreviewed		wave1-08	111
為|为|wei2	為	为	wei2	generated	112	6.133	unreviewed		wave1-01	12
為|为|wei4	為	为	wei4	generated	113	6.133	unreviewed		wave1-01	12
為了|为了|wei4 le5	為了	为了	wei4 le5	generated	225	5.736	unreviewed		wave1-01	93
為什麼|为什么|wei4 shen2 me5	為什麼	为什么	wei4 shen2 me5	generated	102	6.182	unreviewed		wave1-09	101
為止|为止|wei2 zhi3	為止	为止	wei2 zhi3	generated	1160	4.711	unreviewed		wave1-07	119
無|无|wu2	無	无	wu2	generated	441	5.297	unreviewed		wave1-01	93
無法|无法|wu2 fa3	無法	无法	wu2 fa3	generated	377	5.39	unreviewed		wave1-02	154
無論|无论|wu2 lun4	無論	无论	wu2 lun4	generated	864	4.914	unreviewed		wave1-06	143
然|然|ran2	然	然	ran2	generated	1976	4.205	unreviewed		wave1-09	101
然後|然后|ran2 hou4	然後	然后	ran2 hou4	generated	158	5.948	unreviewed		wave1-02	154
然而|然而|ran2 er2	然而	然而	ran2 er2	generated	1624	4.435	unreviewed		wave1-04	176
照|照|zhao4	照	照	zhao4	generated	706	5.033	unreviewed		wave1-06	143
照片|照片|zhao4 pian4	照片	照片	zhao4 pian4	generated	366	5.413	unreviewed		wave1-05	132
熊|熊|xiong2	熊	熊	xiong2	generated	1265	4.642	unreviewed		wave1-07	120
熱|热|re4	熱	热	re4	generated	795	4.955	unreviewed		wave1-04	176
燈|灯|deng1	燈	灯	deng1	generated	1196	4.69	unreviewed		wave1-08	111
燒|烧|shao1	燒	烧	shao1	generated	836	4.932	unreviewed		wave1-07	120
營|营|ying2	營	营	ying2	generated	1995	4.191	unreviewed		wave1-08	111
爆炸|爆炸|bao4 zha4	爆炸	爆炸	bao4 zha4	generated	934	4.857	unreviewed		wave1-06	143
爆發|爆发|bao4 fa1	爆發	爆发	bao4 fa1	generated	1907	4.262	unreviewed		wave1-06	143
爭取|争取|zheng1 qu3	爭取	争取	zheng1 qu3	generated	1539	4.488	unreviewed		wave1-08	111
父|父|fu4	父	父	fu4	generated	1750	4.36	unreviewed		wave1-06	61
父母|父母|fu4 mu3	父母	父母	fu4 mu3	generated	554	5.18	unreviewed		wave1-05	132
父親|父亲|fu4 qin1	父親	父亲	fu4 qin1	generated	277	5.568	unreviewed		wave1-02	154
牆|墙|qiang2	牆	墙	qiang2	generated	1179	4.701	unreviewed		wave1-06	143
片|片|pian1	片	片	pian1	generated	605	5.137	unreviewed		wave1-02	154
片|片|pian4	片	片	pian4	generated	604	5.137	unreviewed		wave1-02	150
版|版|ban3	版	版	ban3	generated	1604	4.452	unreviewed		wave1-04	176
版本|版本|ban3 ben3	版本	版本	ban3 ben3	generated	2115	4.052	unreviewed		wave1-08	111
牌|牌|pai2	牌	牌	pai2	generated	1025	4.795	unreviewed		wave1-05	54
牛|牛|niu2	牛	牛	niu2	generated	1059	4.773	unreviewed		wave1-05	122
牠|它|ta1	牠	它	ta1	generated	107	6.165	unreviewed		wave1-01	12
物|物|wu4	物	物	wu4	generated	1261	4.649	unreviewed		wave1-04	41
物質|物质|wu4 zhi4	物質	物质	wu4 zhi4	generated	1729	4.377	unreviewed		wave1-06	143
特|特|te4	特	特	te4	generated	586	5.155	unreviewed		wave1-01	86
特別|特别|te4 bie2	特別	特别	te4 bie2	generated	410	5.328	unreviewed		wave1-02	154
特殊|特殊|te4 shu1	特殊	特殊	te4 shu1	generated	1205	4.684	unreviewed		wave1-04	176
犯|犯|fan4	犯	犯	fan4	generated	637	5.092	unreviewed		wave1-07	120
犯罪|犯罪|fan4 zui4	犯罪	犯罪	fan4 zui4	generated	730	5.015	unreviewed		wave1-06	143
狀|状|zhuang4	狀	状	zhuang4	generated	2062	4.132	unreviewed		wave1-09	70
狀態|状态|zhuang4 tai4	狀態	状态	zhuang4 tai4	generated	1074	4.762	unreviewed		wave1-04	176
狀況|状况|zhuang4 kuang4	狀況	状况	zhuang4 kuang4	generated	1110	4.739	unreviewed		wave1-06	143
狗|狗|gou3	狗	狗	gou3	generated	289	5.547	unreviewed		wave1-06	143
狼|狼|lang2	狼	狼	lang2	generated	1415	4.554	unreviewed		wave1-08	111
獎|奖|jiang3	獎	奖	jiang3	generated	1220	4.674	unreviewed		wave1-03	159
獨立|独立|du2 li4	獨立	独立	du2 li4	generated	1570	4.47	unreviewed		wave1-04	176
獲|获|huo4	獲	获	huo4	generated	1982	4.202	unreviewed		wave1-07	120
獲得|获得|huo4 de2	獲得	获得	huo4 de2	generated	870	4.909	unreviewed		wave1-02	154
率|率|lu:4	率	率	lu:4	generated	1889	4.273	unreviewed		wave1-06	138
率|率|shuai4	率	率	shuai4	generated	1890	4.273	unreviewed		wave1-06	143
王|王|wang2	王	王	wang2	generated	1037	4.787	unreviewed		wave1-02	154
王|王|wang4	王	王	wang4	generated	1038	4.787	unreviewed		wave1-02	154
王國|王国|wang2 guo2	王國	王国	wang2 guo2	generated	2130	4.001	unreviewed		wave1-09	101
王子|王子|wang2 zi3	王子	王子	wang2 zi3	generated	1507	4.504	unreviewed		wave1-08	111
玩|玩|wan2	玩	玩	wan2	generated	273	5.589	unreviewed		wave1-09	71
玻璃|玻璃|bo1 li5	玻璃	玻璃	bo1 li5	generated	1460	4.529	unreviewed		wave1-08	111
班|班|ban1	班	班	ban1	generated	974	4.824	unreviewed		wave1-03	162
現|现|xian4	現	现	xian4	generated	1810	4.321	unreviewed		wave1-06	143
現代|现代|xian4 dai4	現代	现代	xian4 dai4	generated	2014	4.182	unreviewed		wave1-07	120
現在|现在|xian4 zai4	現在	现在	xian4 zai4	generated	69	6.419	unreviewed		wave1-01	93
現場|现场|xian4 chang3	現場	现场	xian4 chang3	generated	573	5.166	unreviewed		wave1-06	143
現實|现实|xian4 shi2	現實	现实	xian4 shi2	generated	982	4.821	unreviewed		wave1-06	143
現象|现象|xian4 xiang4	現象	现象	xian4 xiang4	generated	2002	4.188	unreviewed		wave1-08	111
球|球|qiu2	球	球	qiu2	generated	413	5.327	unreviewed		wave1-02	188
球隊|球队|qiu2 dui4	球隊	球队	qiu2 dui4	generated	1859	4.289	unreviewed		wave1-08	111
理|理|li3	理	理	li3	generated	1157	4.712	unreviewed		wave1-03	35
理由|理由|li3 you2	理由	理由	li3 you2	generated	719	5.027	unreviewed		wave1-07	120
理解|理解|li3 jie3	理解	理解	li3 jie3	generated	547	5.184	unreviewed		wave1-04	176
理論|理论|li3 lun4	理論	理论	li3 lun4	generated	1384	4.568	unreviewed		wave1-04	176
瑞|瑞|rui4	瑞	瑞	rui4	generated	1129	4.727	unreviewed		wave1-04	176
環|环|huan2	環	环	huan2	generated	1956	4.22	unreviewed		wave1-07	117
環境|环境|huan2 jing4	環境	环境	huan2 jing4	generated	1356	4.594	unreviewed		wave1-04	176
瓦|瓦|wa3	瓦	瓦	wa3	generated	1988	4.195	unreviewed		wave1-06	133
甚至|甚至|shen4 zhi4	甚至	甚至	shen4 zhi4	generated	414	5.326	unreviewed		wave1-02	154
生命|生命|sheng1 ming4	生命	生命	sheng1 ming4	generated	494	5.245	unreviewed		wave1-03	167
生活|生活|sheng1 huo2	生活	生活	sheng1 huo2	generated	242	5.676	unreviewed		wave1-01	93
生物|生物|sheng1 wu4	生物	生物	sheng1 wu4	generated	1385	4.568	unreviewed		wave1-05	132
生產|生产|sheng1 chan3	生產	生产	sheng1 chan3	generated	2030	4.167	unreviewed		wave1-07	120
產品|产品|chan3 pin3	產品	产品	chan3 pin3	generated	1660	4.418	unreviewed		wave1-05	132
產生|产生|chan3 sheng1	產生	产生	chan3 sheng1	generated	1237	4.664	unreviewed		wave1-03	167
用|用|yong4	用	用	yong4	generated	98	6.194	unreviewed		wave1-01	24
用來|用来|yong4 lai2	用來	用来	yong4 lai2	generated	1935	4.242	unreviewed		wave1-07	120
用於|用于|yong4 yu2	用於	用于	yong4 yu2	generated	2102	4.079	unreviewed		wave1-08	111
田|田|tian2	田	田	tian2	generated	2029	4.169	unreviewed		wave1-07	120
由|由|you2	由	由	you2	generated	499	5.238	unreviewed		wave1-01	93
由於|由于|you2 yu2	由於	由于	you2 yu2	generated	1257	4.652	unreviewed		wave1-03	165
甲|甲|jia3	甲	甲	jia3	generated	2080	4.11	unreviewed		wave1-09	101
申請|申请|shen1 qing3	申請	申请	shen1 qing3	generated	1186	4.697	unreviewed		wave1-05	132
男|男|nan2	男	男	nan2	generated	500	5.236	unreviewed		wave1-02	149
男人|男人|nan2 ren2	男人	男人	nan2 ren2	generated	295	5.539	unreviewed		wave1-09	101
男子|男子|nan2 zi3	男子	男子	nan2 zi3	generated	1936	4.242	unreviewed		wave1-08	111
男性|男性|nan2 xing4	男性	男性	nan2 xing4	generated	1630	4.431	unreviewed		wave1-06	143
界|界|jie4	界	界	jie4	generated	1786	4.339	unreviewed		wave1-05	126
留|留|liu2	留	留	liu2	generated	348	5.442	unreviewed		wave1-02	154
留下|留下|liu2 xia4	留下	留下	liu2 xia4	generated	593	5.148	unreviewed		wave1-04	176
畢業|毕业|bi4 ye4	畢業	毕业	bi4 ye4	generated	1197	4.689	unreviewed		wave1-04	176
畫|画|hua4	畫	画	hua4	generated	681	5.054	unreviewed		wave1-03	166
異|异|yi4	異	异	yi4	generated	1875	4.281	unreviewed		wave1-08	111
當|当|dang1	當	当	dang1	generated	159	5.946	unreviewed		wave1-01	12
當|当|dang4	當	当	dang4	generated	160	5.946	unreviewed		wave1-01	12
當中|当中|dang1 zhong1	當中	当中	dang1 zhong1	generated	1613	4.447	unreviewed		wave1-05	132
當地|当地|dang1 di4	當地	当地	dang1 di4	generated	1540	4.487	unreviewed		wave1-05	132
當時|当时|dang1 shi2	當時	当时	dang1 shi2	generated	426	5.315	unreviewed		wave1-01	93
當時|当时|dang4 shi2	當時	当时	dang4 shi2	generated	427	5.315	unreviewed		wave1-01	93
當然|当然|dang1 ran2	當然	当然	dang1 ran2	generated	174	5.895	unreviewed		wave1-08	111
疾病|疾病|ji2 bing4	疾病	疾病	ji2 bing4	generated	1688	4.4	unreviewed		wave1-07	120
病|病|bing4	病	病	bing4	generated	682	5.053	unreviewed		wave1-04	176
症狀|症状|zheng4 zhuang4	症狀	症状	zheng4 zhuang4	generated	1739	4.368	unreviewed		wave1-09	101
登|登|deng1	登	登	deng1	generated	1357	4.594	unreviewed		wave1-04	176
發|发|fa1	發	发	fa1	generated	467	5.275	unreviewed		wave1-02	150
發出|发出|fa1 chu1	發出	发出	fa1 chu1	generated	1544	4.483	unreviewed		wave1-07	120
發動|发动|fa1 dong4	發動	发动	fa1 dong4	generated	1893	4.271	unreviewed		wave1-07	120
發射|发射|fa1 she4	發射	发射	fa1 she4	generated	1532	4.492	unreviewed		wave1-06	143
發布|发布|fa1 bu4	發布	发布	fa1 bu4	generated	2063	4.132	unreviewed		wave1-08	111
發揮|发挥|fa1 hui1	發揮	发挥	fa1 hui1	generated	1735	4.373	unreviewed		wave1-09	101
發明|发明|fa1 ming2	發明	发明	fa1 ming2	generated	1589	4.457	unreviewed		wave1-06	143
發現|发现|fa1 xian4	發現	发现	fa1 xian4	generated	212	5.77	unreviewed		wave1-01	12
發生|发生|fa1 sheng1	發生	发生	fa1 sheng1	generated	190	5.828	unreviewed		wave1-01	12
發表|发表|fa1 biao3	發表	发表	fa1 biao3	generated	1674	4.41	unreviewed		wave1-05	132
白色|白色|bai2 se4	白色	白色	bai2 se4	generated	1657	4.419	unreviewed		wave1-08	111
百|百|bai3	百	百	bai3	generated	1577	4.466	unreviewed		wave1-04	176
百萬|百万|bai3 wan4	百萬	百万	bai3 wan4	generated	1702	4.394	unreviewed		wave1-08	111
的|的|de5	的	的	de5	generated	2	7.7	unreviewed		wave1-01	11
的|的|di1	的	的	di1	generated	3	7.7	unreviewed		wave1-01	3
的|的|di2	的	的	di2	generated	4	7.7	unreviewed		wave1-01	28
的|的|di4	的	的	di4	generated	5	7.7	unreviewed		wave1-01	6
的確|的确|di2 que4	的確	的确	di2 que4	generated	585	5.156	unreviewed		wave1-08	111
的話|的话|de5 hua4	的話	的话	de5 hua4	generated	1475	4.52	unreviewed		wave1-07	119
皆|皆|jie1	皆	皆	jie1	generated	2071	4.121	unreviewed		wave1-07	120
皇后|皇后|huang2 hou4	皇后	皇后	huang2 hou4	generated	1886	4.274	unreviewed		wave1-07	120
皮|皮|pi2	皮	皮	pi2	generated	997	4.811	unreviewed		wave1-04	176
盃|杯|bei1	盃	杯	bei1	generated	394	5.352	unreviewed		wave1-04	42
監獄|监狱|jian1 yu4	監獄	监狱	jian1 yu4	generated	598	5.144	unreviewed		wave1-08	111
盤|盘|pan2	盤	盘	pan2	generated	1438	4.54	unreviewed		wave1-07	114
目前|目前|mu4 qian2	目前	目前	mu4 qian2	generated	852	4.921	unreviewed		wave1-02	154
目標|目标|mu4 biao1	目標	目标	mu4 biao1	generated	642	5.09	unreviewed		wave1-03	167
目的|目的|mu4 di4	目的	目的	mu4 di4	generated	1111	4.738	unreviewed		wave1-04	176
直|直|zhi2	直	直	zhi2	generated	1138	4.72	unreviewed		wave1-05	132
直到|直到|zhi2 dao4	直到	直到	zhi2 dao4	generated	577	5.162	unreviewed		wave1-02	154
直接|直接|zhi2 jie1	直接	直接	zhi2 jie1	generated	618	5.116	unreviewed		wave1-02	154
相|相|xiang1	相	相	xiang1	generated	1183	4.699	unreviewed		wave1-04	176
相|相|xiang4	相	相	xiang4	generated	1184	4.699	unreviewed		wave1-04	176
相互|相互|xiang1 hu4	相互	相互	xiang1 hu4	generated	1817	4.312	unreviewed		wave1-09	101
相似|相似|xiang1 si4	相似	相似	xiang1 si4	generated	2003	4.188	unreviewed		wave1-09	101
相信|相信|xiang1 xin4	相信	相信	xiang1 xin4	generated	176	5.884	unreviewed		wave1-03	167
相同|相同|xiang1 tong2	相同	相同	xiang1 tong2	generated	1425	4.547	unreviewed		wave1-05	132
相當|相当|xiang1 dang1	相當	相当	xiang1 dang1	generated	947	4.843	unreviewed		wave1-03	167
相關|相关|xiang1 guan1	相關	相关	xiang1 guan1	generated	1788	4.338	unreviewed		wave1-05	132
省|省|sheng3	省	省	sheng3	generated	1309	4.621	unreviewed		wave1-03	167
省|省|xing3	省	省	xing3	generated	1310	4.621	unreviewed		wave1-03	160
看|看|kan1	看	看	kan1	generated	60	6.485	unreviewed		wave1-02	154
看|看|kan4	看	看	kan4	generated	59	6.485	unreviewed		wave1-02	154
看到|看到|kan4 dao4	看到	看到	kan4 dao4	generated	171	5.902	unreviewed		wave1-03	167
看法|看法|kan4 fa3	看法	看法	kan4 fa3	generated	1275	4.639	unreviewed		wave1-08	111
看見|看见|kan4 jian4	看見	看见	kan4 jian4	generated	301	5.533	unreviewed		wave1-08	111
真|真|zhen1	真	真	zhen1	generated	61	6.485	unreviewed		wave1-02	154
真實|真实|zhen1 shi2	真實	真实	zhen1 shi2	generated	838	4.931	unreviewed		wave1-06	143
真正|真正|zhen1 zheng4	真正	真正	zhen1 zheng4	generated	416	5.325	unreviewed		wave1-03	167
真的|真的|zhen1 de5	真的	真的	zhen1 de5	generated	537	5.193	unreviewed		wave1-09	101
眼|眼|yan3	眼	眼	yan3	generated	723	5.023	unreviewed		wave1-06	134
眼睛|眼睛|yan3 jing5	眼睛	眼睛	yan3 jing5	generated	507	5.228	unreviewed		wave1-09	101
瞭解|了解|liao3 jie3	瞭解	了解	liao3 jie3	generated	332	5.48	unreviewed		wave1-04	176
知|知|zhi1	知	知	zhi1	generated	699	5.041	unreviewed		wave1-03	35
知識|知识|zhi1 shi5	知識	知识	zhi1 shi5	generated	1949	4.233	unreviewed		wave1-08	111
知道|知道|zhi1 dao4	知道	知道	zhi1 dao4	generated	29	6.768	unreviewed		wave1-03	167
短|短|duan3	短	短	duan3	generated	958	4.837	unreviewed		wave1-03	167
石|石|dan4	石	石	dan4	generated	1757	4.356	unreviewed		wave1-05	132
石|石|shi2	石	石	shi2	generated	1756	4.356	unreviewed		wave1-05	132
石油|石油|shi2 you2	石油	石油	shi2 you2	generated	2020	4.178	unreviewed		wave1-09	101
研究|研究|yan2 jiu1	研究	研究	yan2 jiu1	generated	758	4.994	unreviewed		wave1-02	154
破|破|po4	破	破	po4	generated	839	4.931	unreviewed		wave1-05	58
破壞|破坏|po4 huai4	破壞	破坏	po4 huai4	generated	930	4.859	unreviewed		wave1-04	176
確保|确保|que4 bao3	確保	确保	que4 bao3	generated	1112	4.738	unreviewed		wave1-07	120
確定|确定|que4 ding4	確定	确定	que4 ding4	generated	342	5.47	unreviewed		wave1-02	154
確實|确实|que4 shi2	確實	确实	que4 shi2	generated	391	5.357	unreviewed		wave1-07	120
確認|确认|que4 ren4	確認	确认	que4 ren4	generated	989	4.818	unreviewed		wave1-06	143
碼|码|ma3	碼	码	ma3	generated	1508	4.504	unreviewed		wave1-08	77
社|社|she4	社	社	she4	generated	2128	4.006	unreviewed		wave1-09	69
社區|社区|she4 qu1	社區	社区	she4 qu1	generated	1588	4.458	unreviewed		wave1-07	120
社會|社会|she4 hui4	社會	社会	she4 hui4	generated	1122	4.731	unreviewed		wave1-03	167
神|神|shen2	神	神	shen2	generated	688	5.051	unreviewed		wave1-02	154
票|票|piao4	票	票	piao4	generated	700	5.038	unreviewed		wave1-03	34
禁止|禁止|jin4 zhi3	禁止	禁止	jin4 zhi3	generated	1644	4.427	unreviewed		wave1-06	143
福|福|fu2	福	福	fu2	generated	1947	4.235	unreviewed		wave1-07	120
禮|礼|li3	禮	礼	li3	generated	1678	4.406	unreviewed		wave1-06	143
离|离|chi1	离	离	chi1	generated	486	5.259	unreviewed		wave1-03	167
秀|秀|xiu4	秀	秀	xiu4	generated	937	4.853	unreviewed		wave1-03	33
私人|私人|si1 ren2	私人	私人	si1 ren2	generated	909	4.875	unreviewed		wave1-05	132
科|科|ke1	科	科	ke1	generated	1374	4.578	unreviewed		wave1-03	35
科學|科学|ke1 xue2	科學	科学	ke1 xue2	generated	1313	4.62	unreviewed		wave1-03	167
科學家|科学家|ke1 xue2 jia1	科學家	科学家	ke1 xue2 jia1	generated	1745	4.366	unreviewed		wave1-07	120
科技|科技|ke1 ji4	科技	科技	ke1 ji4	generated	1922	4.253	unreviewed		wave1-07	120
秒|秒|miao3	秒	秒	miao3	generated	771	4.976	unreviewed		wave1-04	176
秘密|秘密|mi4 mi4	秘密	秘密	mi4 mi4	generated	566	5.173	unreviewed		wave1-04	176
移|移|yi2	移	移	yi2	generated	1631	4.431	unreviewed		wave1-07	120
移動|移动|yi2 dong4	移動	移动	yi2 dong4	generated	1393	4.563	unreviewed		wave1-06	143
移民|移民|yi2 min2	移民	移民	yi2 min2	generated	1993	4.192	unreviewed		wave1-08	111
程序|程序|cheng2 xu4	程序	程序	cheng2 xu4	generated	1283	4.635	unreviewed		wave1-05	132
程度|程度|cheng2 du4	程度	程度	cheng2 du4	generated	1439	4.54	unreviewed		wave1-05	132
稍|稍|shao1	稍	稍	shao1	generated	1200	4.687	unreviewed		wave1-09	101
種|种|zhong3	種	种	zhong3	generated	245	5.671	unreviewed		wave1-01	8
種|种|zhong4	種	种	zhong4	generated	246	5.671	unreviewed		wave1-01	12
稱|称|chen4	稱	称	chen4	generated	1295	4.628	unreviewed		wave1-03	167
稱|称|cheng1	稱	称	cheng1	generated	1294	4.628	unreviewed		wave1-03	167
稱呼|称呼|cheng1 hu5	稱呼	称呼	cheng1 hu5	generated	1806	4.323	unreviewed		wave1-08	111
稱為|称为|cheng1 wei2	稱為	称为	cheng1 wei2	generated	1851	4.293	unreviewed		wave1-05	132
穀|谷|gu3	穀	谷	gu3	generated	2004	4.188	unreviewed		wave1-07	120
積極|积极|ji1 ji2	積極	积极	ji1 ji2	generated	1978	4.204	unreviewed		wave1-08	111
穩定|稳定|wen3 ding4	穩定	稳定	wen3 ding4	generated	1455	4.53	unreviewed		wave1-05	132
空|空|kong1	空	空	kong1	generated	972	4.825	unreviewed		wave1-04	176
空|空|kong4	空	空	kong4	generated	973	4.825	unreviewed		wave1-04	176
空氣|空气|kong1 qi4	空氣	空气	kong1 qi4	generated	1330	4.609	unreviewed		wave1-06	143
空間|空间|kong1 jian1	空間	空间	kong1 jian1	generated	1263	4.646	unreviewed		wave1-04	46
穿|穿|chuan1	穿	穿	chuan1	generated	263	5.607	unreviewed		wave1-05	58
突然|突然|tu1 ran2	突然	突然	tu1 ran2	generated	621	5.114	unreviewed		wave1-06	143
立|立|li4	立	立	li4	generated	1984	4.2	unreviewed		wave1-06	143
立即|立即|li4 ji2	立即	立即	li4 ji2	generated	1634	4.429	unreviewed		wave1-08	111
站|站|zhan4	站	站	zhan4	generated	333	5.478	unreviewed		wave1-01	93
章|章|zhang1	章	章	zhang1	generated	1693	4.399	unreviewed		wave1-05	132
端|端|duan1	端	端	duan1	generated	1929	4.248	unreviewed		wave1-08	103
競爭|竞争|jing4 zheng1	競爭	竞争	jing4 zheng1	generated	1537	4.489	unreviewed		wave1-08	111
笑|笑|xiao4	笑	笑	xiao4	generated	443	5.296	unreviewed		wave1-08	111
符合|符合|fu2 he2	符合	符合	fu2 he2	generated	1586	4.46	unreviewed		wave1-08	111
第|第|di4	第	第	di4	generated	429	5.31	unreviewed		wave1-01	93
第一|第一|di4 yi1	第一	第一	di4 yi1	generated	226	5.734	unreviewed		wave1-01	12
第二|第二|di4 er4	第二	第二	di4 er4	generated	463	5.279	unreviewed		wave1-01	93
第五|第五|di4 wu3	第五	第五	di4 wu3	generated	1536	4.491	unreviewed		wave1-05	132
筆|笔|bi3	筆	笔	bi3	generated	753	4.995	unreviewed		wave1-05	124
等|等|deng3	等	等	deng3	generated	141	6.006	unreviewed		wave1-01	5
等等|等等|deng3 deng3	等等	等等	deng3 deng3	generated	243	5.676	unreviewed		wave1-03	167
算|算|suan4	算	算	suan4	generated	267	5.599	unreviewed		wave1-05	132
管|管|guan3	管	管	guan3	generated	363	5.414	unreviewed		wave1-03	161
管理|管理|guan3 li3	管理	管理	guan3 li3	generated	1495	4.51	unreviewed		wave1-04	176
節|节|jie2	節	节	jie2	generated	1053	4.779	unreviewed		wave1-03	157
節目|节目|jie2 mu4	節目	节目	jie2 mu4	generated	473	5.27	unreviewed		wave1-02	154
範圍|范围|fan4 wei2	範圍	范围	fan4 wei2	generated	1296	4.628	unreviewed		wave1-04	176
篇|篇|pian1	篇	篇	pian1	generated	1370	4.581	unreviewed		wave1-04	73
簡單|简单|jian3 dan1	簡單	简单	jian3 dan1	generated	551	5.181	unreviewed		wave1-03	167
簽署|签署|qian1 shu3	簽署	签署	qian1 shu3	generated	2084	4.103	unreviewed		wave1-09	101
米|米|mi3	米	米	mi3	generated	792	4.956	unreviewed		wave1-02	154
糖|糖|tang2	糖	糖	tang2	generated	1245	4.659	unreviewed		wave1-07	120
系|系|xi4	系	系	xi4	generated	1551	4.479	unreviewed		wave1-04	176
系列|系列|xi4 lie4	系列	系列	xi4 lie4	generated	1744	4.367	unreviewed		wave1-05	132
紀念|纪念|ji4 nian4	紀念	纪念	ji4 nian4	generated	1737	4.372	unreviewed		wave1-06	143
約|约|yao1	約	约	yao1	generated	828	4.936	unreviewed		wave1-02	154
約|约|yue1	約	约	yue1	generated	827	4.936	unreviewed		wave1-02	154
紅|红|hong2	紅	红	hong2	generated	812	4.942	unreviewed		wave1-02	154
紅色|红色|hong2 se4	紅色	红色	hong2 se4	generated	1262	4.648	unreviewed		wave1-06	143
納|纳|na4	納	纳	na4	generated	1646	4.426	unreviewed		wave1-04	176
紙|纸|zhi3	紙	纸	zhi3	generated	1297	4.628	unreviewed		wave1-07	117
級|级|ji2	級	级	ji2	generated	1569	4.471	unreviewed		wave1-04	172
素|素|su4	素	素	su4	generated	1877	4.279	unreviewed		wave1-08	111
索|索|suo3	索	索	suo3	generated	2072	4.121	unreviewed		wave1-08	79
終於|终于|zhong1 yu2	終於	终于	zhong1 yu2	generated	627	5.105	unreviewed		wave1-05	132
組|组|zu3	組	组	zu3	generated	707	5.033	unreviewed		wave1-02	150
組合|组合|zu3 he2	組合	组合	zu3 he2	generated	1594	4.455	unreviewed		wave1-07	120
組成|组成|zu3 cheng2	組成	组成	zu3 cheng2	generated	2036	4.159	unreviewed		wave1-07	120
結|结|jie1	結	结	jie1	generated	1203	4.686	unreviewed		wave1-06	143
結|结|jie2	結	结	jie2	generated	1202	4.686	unreviewed		wave1-06	143
結合|结合|jie2 he2	結合	结合	jie2 he2	generated	2005	4.188	unreviewed		wave1-08	111
結婚|结婚|jie2 hun1	結婚	结婚	jie2 hun1	generated	452	5.29	unreviewed		wave1-03	167
結束|结束|jie2 shu4	結束	结束	jie2 shu4	generated	334	5.477	unreviewed		wave1-01	93
結果|结果|jie1 guo3	結果	结果	jie1 guo3	generated	418	5.325	unreviewed		wave1-02	154
結果|结果|jie2 guo3	結果	结果	jie2 guo3	generated	417	5.325	unreviewed		wave1-02	154
結構|结构|jie2 gou4	結構	结构	jie2 gou4	generated	2114	4.053	unreviewed		wave1-08	111
絕|绝|jue2	絕	绝	jue2	generated	1326	4.612	unreviewed		wave1-09	101
絕對|绝对|jue2 dui4	絕對	绝对	jue2 dui4	generated	431	5.306	unreviewed		wave1-05	132
給|给|gei3	給	给	gei3	generated	49	6.543	unreviewed		wave1-01	12
給|给|ji3	給	给	ji3	generated	50	6.543	unreviewed		wave1-01	6
統治|统治|tong3 zhi4	統治	统治	tong3 zhi4	generated	1999	4.19	unreviewed		wave1-07	120
絲|丝|si1	絲	丝	si1	generated	1096	4.751	unreviewed		wave1-04	172
經|经|jing1	經	经	jing1	generated	1522	4.497	unreviewed		wave1-04	38
經典|经典|jing1 dian3	經典	经典	jing1 dian3	generated	1748	4.361	unreviewed		wave1-07	120
經常|经常|jing1 chang2	經常	经常	jing1 chang2	generated	744	5.001	unreviewed		wave1-03	167
經歷|经历|jing1 li4	經歷	经历	jing1 li4	generated	664	5.066	unreviewed		wave1-04	176
經營|经营|jing1 ying2	經營	经营	jing1 ying2	generated	1836	4.302	unreviewed		wave1-07	120
經過|经过|jing1 guo4	經過	经过	jing1 guo4	generated	965	4.827	unreviewed		wave1-03	167
經驗|经验|jing1 yan4	經驗	经验	jing1 yan4	generated	1273	4.64	unreviewed		wave1-06	143
綠|绿|lu:4	綠	绿	lu:4	generated	1764	4.349	unreviewed		wave1-08	111
綠色|绿色|lu:4 se4	綠色	绿色	lu:4 se4	generated	1653	4.42	unreviewed		wave1-09	101
維|维|wei2	維	维	wei2	generated	1346	4.6	unreviewed		wave1-03	30
維持|维持|wei2 chi2	維持	维持	wei2 chi2	generated	1765	4.349	unreviewed		wave1-06	143
網|网|wang3	網	网	wang3	generated	1713	4.388	unreviewed		wave1-06	143
網站|网站|wang3 zhan4	網站	网站	wang3 zhan4	generated	1709	4.39	unreviewed		wave1-06	143
緊張|紧张|jin3 zhang1	緊張	紧张	jin3 zhang1	generated	578	5.161	unreviewed		wave1-07	120
緊急|紧急|jin3 ji2	緊急	紧急	jin3 ji2	generated	1016	4.802	unreviewed		wave1-07	120
線|线|xian4	線	线	xian4	generated	683	5.053	unreviewed		wave1-02	184
編|编|bian1	編	编	bian1	generated	1073	4.763	unreviewed		wave1-05	132
編輯|编辑|bian1 ji2	編輯	编辑	bian1 ji2	generated	1879	4.277	unreviewed		wave1-08	111
總|总|zong3	總	总	zong3	generated	343	5.47	unreviewed		wave1-01	85
總是|总是|zong3 shi4	總是	总是	zong3 shi4	generated	369	5.406	unreviewed		wave1-07	120
總統|总统|zong3 tong3	總統	总统	zong3 tong3	generated	511	5.219	unreviewed		wave1-02	154
總部|总部|zong3 bu4	總部	总部	zong3 bu4	generated	1733	4.374	unreviewed		wave1-07	120
繫|系|ji4	繫	系	ji4	generated	1552	4.479	unreviewed		wave1-04	176
繫|系|xi4	繫	系	xi4	generated	1553	4.479	unreviewed		wave1-04	176
繼承|继承|ji4 cheng2	繼承	继承	ji4 cheng2	generated	1946	4.236	unreviewed		wave1-08	111
繼續|继续|ji4 xu4	繼續	继续	ji4 xu4	generated	269	5.596	unreviewed		wave1-02	154
缺乏|缺乏|que1 fa2	缺乏	缺乏	que1 fa2	generated	1939	4.24	unreviewed		wave1-08	111
罪|罪|zui4	罪	罪	zui4	generated	861	4.915	unreviewed		wave1-06	143
置|置|zhi4	置	置	zhi4	generated	2107	4.07	unreviewed		wave1-09	101
羅|罗|luo2	羅	罗	luo2	generated	1115	4.735	unreviewed		wave1-03	167
美|美|mei3	美	美	mei3	generated	408	5.332	unreviewed		wave1-01	93
美元|美元|mei3 yuan2	美元	美元	mei3 yuan2	generated	597	5.147	unreviewed		wave1-02	154
美麗|美丽|mei3 li4	美麗	美丽	mei3 li4	generated	903	4.88	unreviewed		wave1-09	101
群|群|qun2	群	群	qun2	generated	826	4.937	unreviewed		wave1-02	154
習慣|习惯|xi2 guan4	習慣	习惯	xi2 guan4	generated	983	4.821	unreviewed		wave1-06	143
老|老|lao3	老	老	lao3	generated	238	5.691	unreviewed		wave1-02	152
老師|老师|lao3 shi1	老師	老师	lao3 shi1	generated	668	5.063	unreviewed		wave1-06	143
考|考|kao3	考	考	kao3	generated	1715	4.386	unreviewed		wave1-07	120
考慮|考虑|kao3 lu:4	考慮	考虑	kao3 lu:4	generated	472	5.273	unreviewed		wave1-03	167
考試|考试|kao3 shi4	考試	考试	kao3 shi4	generated	1533	4.492	unreviewed		wave1-07	120
者|者|zhe3	者	者	zhe3	generated	302	5.531	unreviewed		wave1-01	26
而|而|er2	而	而	er2	generated	126	6.07	unreviewed		wave1-01	12
而且|而且|er2 qie3	而且	而且	er2 qie3	generated	218	5.762	unreviewed		wave1-02	154
而已|而已|er2 yi3	而已	而已	er2 yi3	generated	530	5.206	unreviewed		wave1-09	101
而是|而是|er2 shi4	而是	而是	er2 shi4	generated	1026	4.795	unreviewed		wave1-04	174
而言|而言|er2 yan2	而言	而言	er2 yan2	generated	1268	4.641	unreviewed		wave1-06	143
耳|耳|er3	耳	耳	er3	generated	1887	4.274	unreviewed		wave1-08	111
耶|耶|ye1	耶	耶	ye1	generated	643	5.089	unreviewed		wave1-03	167
耶|耶|ye2	耶	耶	ye2	generated	645	5.089	unreviewed		wave1-03	165
耶|耶|ye5	耶	耶	ye5	generated	644	5.089	unreviewed		wave1-03	165
聖|圣|sheng4	聖	圣	sheng4	generated	975	4.823	unreviewed		wave1-03	84
聞|闻|wen2	聞	闻	wen2	generated	948	4.843	unreviewed		wave1-07	120
聯合|联合|lian2 he2	聯合	联合	lian2 he2	generated	1873	4.282	unreviewed		wave1-06	143
聯盟|联盟|lian2 meng2	聯盟	联盟	lian2 meng2	generated	1463	4.527	unreviewed		wave1-04	176
聯繫|联系|lian2 xi4	聯繫	联系	lian2 xi4	generated	488	5.254	unreviewed		wave1-04	176
聯邦|联邦|lian2 bang1	聯邦	联邦	lian2 bang1	generated	962	4.829	unreviewed		wave1-03	167
聲|声|sheng1	聲	声	sheng1	generated	622	5.109	unreviewed		wave1-03	162
聲明|声明|sheng1 ming2	聲明	声明	sheng1 ming2	generated	1880	4.277	unreviewed		wave1-09	101
聲稱|声称|sheng1 cheng1	聲稱	声称	sheng1 cheng1	generated	1951	4.227	unreviewed		wave1-09	101
聲音|声音|sheng1 yin1	聲音	声音	sheng1 yin1	generated	517	5.217	unreviewed		wave1-04	176
職|职|zhi2	職	职	zhi2	generated	1751	4.36	unreviewed		wave1-06	143
職業|职业|zhi2 ye4	職業	职业	zhi2 ye4	generated	1064	4.768	unreviewed		wave1-03	167
聽|听|ting1	聽	听	ting1	generated	91	6.214	unreviewed		wave1-04	43
聽到|听到|ting1 dao4	聽到	听到	ting1 dao4	generated	438	5.3	unreviewed		wave1-09	101
肉|肉|rou4	肉	肉	rou4	generated	920	4.865	unreviewed		wave1-06	143
股|股|gu3	股	股	gu3	generated	1822	4.308	unreviewed		wave1-08	107
肯|肯|ken3	肯	肯	ken3	generated	990	4.816	unreviewed		wave1-05	132
肯定|肯定|ken3 ding4	肯定	肯定	ken3 ding4	generated	222	5.742	unreviewed		wave1-06	143
背|背|bei1	背	背	bei1	generated	1051	4.78	unreviewed		wave1-07	120
背|背|bei4	背	背	bei4	generated	1050	4.78	unreviewed		wave1-07	120
背景|背景|bei4 jing3	背景	背景	bei4 jing3	generated	1703	4.394	unreviewed		wave1-07	120
胡|胡|hu2	胡	胡	hu2	generated	1911	4.26	unreviewed		wave1-06	143
能|能|neng2	能	能	neng2	generated	35	6.696	unreviewed		wave1-01	12
能力|能力|neng2 li4	能力	能力	neng2 li4	generated	639	5.091	unreviewed		wave1-02	154
能夠|能够|neng2 gou4	能夠	能够	neng2 gou4	generated	520	5.213	unreviewed		wave1-02	154
能量|能量|neng2 liang4	能量	能量	neng2 liang4	generated	1396	4.561	unreviewed		wave1-05	132
脫|脱|tuo1	脫	脱	tuo1	generated	787	4.96	unreviewed		wave1-06	143
腦|脑|nao3	腦	脑	nao3	generated	1119	4.733	unreviewed		wave1-07	120
腳|脚|jiao3	腳	脚	jiao3	generated	677	5.058	unreviewed		wave1-05	127
臨時|临时|lin2 shi2	臨時	临时	lin2 shi2	generated	1881	4.277	unreviewed		wave1-08	111
自動|自动|zi4 dong4	自動	自动	zi4 dong4	generated	1663	4.416	unreviewed		wave1-07	120
自己|自己|zi4 ji3	自己	自己	zi4 ji3	generated	89	6.238	unreviewed		wave1-01	12
自從|自从|zi4 cong2	自從	自从	zi4 cong2	generated	914	4.871	unreviewed		wave1-09	99
自我|自我|zi4 wo3	自我	自我	zi4 wo3	generated	1070	4.764	unreviewed		wave1-07	120
自殺|自杀|zi4 sha1	自殺	自杀	zi4 sha1	generated	804	4.947	unreviewed		wave1-05	132
自然|自然|zi4 ran2	自然	自然	zi4 ran2	generated	953	4.841	unreviewed		wave1-03	167
自由|自由|zi4 you2	自由	自由	zi4 you2	generated	672	5.06	unreviewed		wave1-02	154
至|至|zhi4	至	至	zhi4	generated	1217	4.675	unreviewed		wave1-03	164
至今|至今|zhi4 jin1	至今	至今	zhi4 jin1	generated	2066	4.129	unreviewed		wave1-08	111
至少|至少|zhi4 shao3	至少	至少	zhi4 shao3	generated	435	5.304	unreviewed		wave1-03	167
至於|至于|zhi4 yu2	至於	至于	zhi4 yu2	generated	1782	4.341	unreviewed		wave1-09	98
致|致|zhi4	致	致	zhi4	generated	2041	4.154	unreviewed		wave1-09	96
臺|台|tai2	臺	台	tai2	generated	711	5.031	unreviewed		wave1-02	150
與|与|yu3	與	与	yu3	generated	259	5.611	unreviewed		wave1-01	28
與|与|yu4	與	与	yu4	generated	260	5.611	unreviewed		wave1-01	12
興趣|兴趣|xing4 qu4	興趣	兴趣	xing4 qu4	generated	661	5.068	unreviewed		wave1-06	143
舉|举|ju3	舉	举	ju3	generated	1148	4.714	unreviewed		wave1-05	132
舉行|举行|ju3 xing2	舉行	举行	ju3 xing2	generated	1509	4.504	unreviewed		wave1-04	176
舉辦|举办|ju3 ban4	舉辦	举办	ju3 ban4	generated	1996	4.191	unreviewed		wave1-07	120
舊|旧|jiu4	舊	旧	jiu4	generated	1246	4.659	unreviewed		wave1-04	176
舞|舞|wu3	舞	舞	wu3	generated	401	5.345	unreviewed		wave1-04	176
舞臺|舞台|wu3 tai2	舞臺	舞台	wu3 tai2	generated	1086	4.756	unreviewed		wave1-06	143
舞蹈|舞蹈|wu3 dao3	舞蹈	舞蹈	wu3 dao3	generated	848	4.924	unreviewed		wave1-08	111
航空|航空|hang2 kong1	航空	航空	hang2 kong1	generated	1798	4.327	unreviewed		wave1-06	143
般|般|ban1	般	般	ban1	generated	1247	4.658	unreviewed		wave1-07	120
船|船|chuan2	船	船	chuan2	generated	629	5.102	unreviewed		wave1-03	167
艘|艘|sou1	艘	艘	sou1	generated	1276	4.639	unreviewed		wave1-05	128
色|色|se4	色	色	se4	generated	1689	4.4	unreviewed		wave1-05	132
色|色|shai3	色	色	shai3	generated	1690	4.4	unreviewed		wave1-05	131
艾|艾|ai4	艾	艾	ai4	generated	1618	4.441	unreviewed		wave1-05	58
花園|花园|hua1 yuan2	花園	花园	hua1 yuan2	generated	1768	4.346	unreviewed		wave1-09	101
若|若|ruo4	若	若	ruo4	generated	1225	4.672	unreviewed		wave1-03	164
英|英|ying1	英	英	ying1	generated	2032	4.162	unreviewed		wave1-07	67
英雄|英雄|ying1 xiong2	英雄	英雄	ying1 xiong2	generated	857	4.918	unreviewed		wave1-05	132
茲|兹|zi1	茲	兹	zi1	generated	1793	4.335	unreviewed		wave1-06	143
茶|茶|cha2	茶	茶	cha2	generated	1383	4.57	unreviewed		wave1-05	132
草|草|cao3	草	草	cao3	generated	1773	4.345	unreviewed		wave1-07	120
莎|莎|sha1	莎	莎	sha1	generated	1926	4.249	unreviewed		wave1-09	71
莫|莫|mo4	莫	莫	mo4	generated	1717	4.384	unreviewed		wave1-05	132
菜|菜|cai4	菜	菜	cai4	generated	1066	4.767	unreviewed		wave1-06	143
華|华|hua1	華	华	hua1	redirect	1991	4.194	unreviewed		wave1-06	145
華|华|hua2	華	华	hua2	generated	1990	4.194	unreviewed		wave1-06	143
菲|菲|fei1	菲	菲	fei1	generated	2010	4.184	unreviewed		wave1-08	68
菲|菲|fei3	菲	菲	fei3	generated	2011	4.184	unreviewed		wave1-08	111
萊|莱|lai2	萊	莱	lai2	generated	1322	4.615	unreviewed		wave1-04	176
落|落|la4	落	落	la4	generated	1153	4.713	unreviewed		wave1-06	143
落|落|lao4	落	落	lao4	generated	1154	4.713	unreviewed		wave1-06	143
落|落|luo4	落	落	luo4	generated	1152	4.713	unreviewed		wave1-06	143
葉|叶|ye4	葉	叶	ye4	generated	2054	4.144	unreviewed		wave1-07	65
著|着|zhao1	著	着	zhao1	generated	66	6.475	unreviewed		wave1-01	12
著|着|zhao2	著	着	zhao2	generated	63	6.475	unreviewed		wave1-01	12
著|着|zhe5	著	着	zhe5	generated	62	6.475	unreviewed		wave1-01	11
著|着|zhuo2	著	着	zhuo2	generated	65	6.475	unreviewed		wave1-01	28
著|著|zhu4	著	著	zhu4	generated	64	6.475	unreviewed		wave1-01	12
著名|著名|zhu4 ming2	著名	著名	zhu4 ming2	generated	1158	4.712	unreviewed		wave1-03	167
葯|药|yao4	葯	药	yao4	generated	588	5.155	unreviewed		wave1-04	50
蒂|蒂|di4	蒂	蒂	di4	generated	1349	4.599	unreviewed		wave1-04	176
蒙|蒙|meng1	蒙	蒙	meng1	generated	1720	4.383	unreviewed		wave1-06	143
蒙|蒙|meng2	蒙	蒙	meng2	generated	1719	4.383	unreviewed		wave1-06	143
蓋|盖|gai4	蓋	盖	gai4	generated	1394	4.563	unreviewed		wave1-05	132
藍|蓝|lan2	藍	蓝	lan2	generated	1210	4.681	unreviewed		wave1-05	58
藍色|蓝色|lan2 se4	藍色	蓝色	lan2 se4	generated	1351	4.596	unreviewed		wave1-08	111
藏|藏|cang2	藏	藏	cang2	generated	657	5.069	unreviewed		wave1-03	167
藏|藏|zang4	藏	藏	zang4	generated	658	5.069	unreviewed		wave1-03	35
藝術|艺术|yi4 shu4	藝術	艺术	yi4 shu4	generated	1287	4.632	unreviewed		wave1-03	167
藝術家|艺术家|yi4 shu4 jia1	藝術家	艺术家	yi4 shu4 jia1	generated	1721	4.382	unreviewed		wave1-09	101
藥|药|yao4	藥	药	yao4	generated	587	5.155	unreviewed		wave1-04	176
藥物|药物|yao4 wu4	藥物	药物	yao4 wu4	generated	1416	4.554	unreviewed		wave1-06	143
蘇|苏|su1	蘇	苏	su1	generated	2027	4.171	unreviewed		wave1-07	67
蘋果|苹果|ping2 guo3	蘋果	苹果	ping2 guo3	generated	1753	4.359	unreviewed		wave1-09	101
蘭|兰|lan2	蘭	兰	lan2	generated	1307	4.623	unreviewed		wave1-03	35
虎|虎|hu3	虎	虎	hu3	generated	1962	4.215	unreviewed		wave1-08	111
處|处|chu3	處	处	chu3	generated	509	5.221	unreviewed		wave1-01	93
處|处|chu4	處	处	chu4	generated	510	5.221	unreviewed		wave1-01	22
處於|处于|chu3 yu2	處於	处于	chu3 yu2	generated	1494	4.511	unreviewed		wave1-06	143
處理|处理|chu3 li3	處理	处理	chu3 li3	generated	455	5.287	unreviewed		wave1-02	154
號|号|hao2	號	号	hao2	generated	287	5.549	unreviewed		wave1-01	25
號|号|hao4	號	号	hao4	generated	286	5.549	unreviewed		wave1-01	15
血|血|xue4	血	血	xue4	generated	592	5.151	unreviewed		wave1-05	132
行動|行动|xing2 dong4	行動	行动	xing2 dong4	generated	462	5.281	unreviewed		wave1-02	154
行為|行为|xing2 wei2	行為	行为	xing2 wei2	generated	739	5.005	unreviewed		wave1-02	154
術|术|shu4	術	术	shu4	generated	1769	4.346	unreviewed		wave1-07	120
術|术|zhu2	術	术	zhu2	generated	1770	4.346	unreviewed		wave1-07	67
街|街|jie1	街	街	jie1	generated	767	4.982	unreviewed		wave1-02	154
街道|街道|jie1 dao4	街道	街道	jie1 dao4	generated	2031	4.166	unreviewed		wave1-09	101
衛星|卫星|wei4 xing1	衛星	卫星	wei4 xing1	generated	1635	4.429	unreviewed		wave1-06	143
衝|冲|chong1	衝	冲	chong1	generated	673	5.06	unreviewed		wave1-05	132
衝|冲|chong4	衝	冲	chong4	generated	674	5.06	unreviewed		wave1-05	132
衝突|冲突|chong1 tu1	衝突	冲突	chong1 tu1	generated	1924	4.25	unreviewed		wave1-07	120
表|表|biao3	表	表	biao3	generated	1255	4.654	unreviewed		wave1-04	176
表明|表明|biao3 ming2	表明	表明	biao3 ming2	generated	1523	4.496	unreviewed		wave1-06	143
表演|表演|biao3 yan3	表演	表演	biao3 yan3	generated	439	5.298	unreviewed		wave1-03	167
表現|表现|biao3 xian4	表現	表现	biao3 xian4	generated	419	5.325	unreviewed		wave1-02	154
表示|表示|biao3 shi4	表示	表示	biao3 shi4	generated	1139	4.72	unreviewed		wave1-03	167
表達|表达|biao3 da2	表達	表达	biao3 da2	generated	1342	4.604	unreviewed		wave1-05	132
表面|表面|biao3 mian4	表面	表面	biao3 mian4	generated	1866	4.286	unreviewed		wave1-07	120
被|被|bei4	被	被	bei4	generated	79	6.292	unreviewed		wave1-01	12
被捕|被捕|bei4 bu3	被捕	被捕	bei4 bu3	generated	1331	4.609	unreviewed		wave1-09	101
裝|装|zhuang1	裝	装	zhuang1	generated	562	5.174	unreviewed		wave1-04	176
裝置|装置|zhuang1 zhi4	裝置	装置	zhuang1 zhi4	generated	1449	4.535	unreviewed		wave1-07	120
裡|里|li3	裡	里	li3	generated	83	6.276	unreviewed		wave1-01	28
裡面|里面|li3 mian4	裡面	里面	li3 mian4	generated	328	5.482	unreviewed		wave1-07	120
製|制|zhi4	製	制	zhi4	generated	1857	4.291	unreviewed		wave1-05	132
製作|制作|zhi4 zuo4	製作	制作	zhi4 zuo4	generated	1323	4.615	unreviewed		wave1-04	176
製造|制造|zhi4 zao4	製造	制造	zhi4 zao4	generated	1214	4.679	unreviewed		wave1-04	176
複雜|复杂|fu4 za2	複雜	复杂	fu4 za2	generated	1120	4.733	unreviewed		wave1-04	176
襲擊|袭击|xi2 ji1	襲擊	袭击	xi2 ji1	generated	923	4.862	unreviewed		wave1-05	132
西|西|xi1	西	西	xi1	generated	887	4.89	unreviewed		wave1-02	154
西部|西部|xi1 bu4	西部	西部	xi1 bu4	generated	2026	4.172	unreviewed		wave1-08	111
要|要|yao1	要	要	yao1	generated	22	6.852	unreviewed		wave1-01	6
要|要|yao4	要	要	yao4	generated	21	6.852	unreviewed		wave1-01	5
要求|要求|yao1 qiu2	要求	要求	yao1 qiu2	generated	539	5.192	unreviewed		wave1-02	154
見|见|jian4	見	见	jian4	generated	161	5.942	unreviewed		wave1-01	28
見|见|xian4	見	见	xian4	generated	162	5.942	unreviewed		wave1-01	93
見到|见到|jian4 dao4	見到	见到	jian4 dao4	generated	323	5.488	unreviewed		wave1-08	111
規則|规则|gui1 ze2	規則	规则	gui1 ze2	generated	1233	4.667	unreviewed		wave1-05	132
規定|规定|gui1 ding4	規定	规定	gui1 ding4	generated	1359	4.593	unreviewed		wave1-04	176
視|视|shi4	視	视	shi4	generated	1937	4.242	unreviewed		wave1-07	120
親|亲|qin1	親	亲	qin1	generated	994	4.813	unreviewed		wave1-04	46
親|亲|qing4	親	亲	qing4	generated	995	4.813	unreviewed		wave1-04	46
親自|亲自|qin1 zi4	親自	亲自	qin1 zi4	generated	1305	4.624	unreviewed		wave1-07	120
覺|觉|jiao4	覺	觉	jiao4	generated	1465	4.526	unreviewed		wave1-09	101
覺|觉|jue2	覺	觉	jue2	generated	1466	4.526	unreviewed		wave1-09	101
覺得|觉得|jue2 de5	覺得	觉得	jue2 de5	generated	103	6.182	unreviewed		wave1-06	143
觀察|观察|guan1 cha2	觀察	观察	guan1 cha2	generated	1388	4.566	unreviewed		wave1-06	143
觀眾|观众|guan1 zhong4	觀眾	观众	guan1 zhong4	generated	913	4.873	unreviewed		wave1-05	132
觀點|观点|guan1 dian3	觀點	观点	guan1 dian3	generated	1581	4.463	unreviewed		wave1-05	132
角|角|jiao3	角	角	jiao3	generated	1338	4.606	unreviewed		wave1-04	176
角|角|jue2	角	角	jue2	generated	1339	4.606	unreviewed		wave1-04	176
角度|角度|jiao3 du4	角度	角度	jiao3 du4	generated	1386	4.567	unreviewed		wave1-07	120
角色|角色|jue2 se4	角色	角色	jue2 se4	generated	935	4.855	unreviewed		wave1-03	167
解|解|jie3	解	解	jie3	generated	1397	4.561	unreviewed		wave1-06	143
解|解|jie4	解	解	jie4	generated	1398	4.561	unreviewed		wave1-06	63
解|解|xie4	解	解	xie4	generated	1399	4.561	unreviewed		wave1-06	142
解決|解决|jie3 jue2	解決	解决	jie3 jue2	generated	495	5.244	unreviewed		wave1-02	154
解釋|解释|jie3 shi4	解釋	解释	jie3 shi4	generated	485	5.259	unreviewed		wave1-02	154
言|言|yan2	言	言	yan2	generated	1530	4.493	unreviewed		wave1-05	132
計|计|ji4	計	计	ji4	generated	1954	4.222	unreviewed		wave1-09	101
計劃|计划|ji4 hua4	計劃	计划	ji4 hua4	generated	352	5.437	unreviewed		wave1-01	93
計算|计算|ji4 suan4	計算	计算	ji4 suan4	generated	2076	4.117	unreviewed		wave1-08	111
討論|讨论|tao3 lun4	討論	讨论	tao3 lun4	generated	805	4.947	unreviewed		wave1-03	167
訓練|训练|xun4 lian4	訓練	训练	xun4 lian4	generated	789	4.957	unreviewed		wave1-04	176
託|托|tuo1	託	托	tuo1	generated	1543	4.485	unreviewed		wave1-04	176
記|记|ji4	記	记	ji4	generated	620	5.115	unreviewed		wave1-02	183
記憶|记忆|ji4 yi4	記憶	记忆	ji4 yi4	generated	1017	4.802	unreviewed		wave1-08	111
記者|记者|ji4 zhe3	記者	记者	ji4 zhe3	generated	1173	4.705	unreviewed		wave1-05	132
記錄|记录|ji4 lu4	記錄	记录	ji4 lu4	generated	611	5.126	unreviewed		wave1-03	167
訪問|访问|fang3 wen4	訪問	访问	fang3 wen4	generated	2044	4.153	unreviewed		wave1-08	111
設|设|she4	設	设	she4	generated	1892	4.272	unreviewed		wave1-06	143
設備|设备|she4 bei4	設備	设备	she4 bei4	generated	1476	4.519	unreviewed		wave1-05	132
設置|设置|she4 zhi4	設置	设置	she4 zhi4	generated	2074	4.119	unreviewed		wave1-08	111
設計|设计|she4 ji4	設計	设计	she4 ji4	generated	901	4.882	unreviewed		wave1-02	154
許|许|xu3	許	许	xu3	generated	1488	4.513	unreviewed		wave1-05	132
許多|许多|xu3 duo1	許多	许多	xu3 duo1	generated	1056	4.778	unreviewed		wave1-02	184
註|注|zhu4	註	注	zhu4	generated	1528	4.494	unreviewed		wave1-06	137
評價|评价|ping2 jia4	評價	评价	ping2 jia4	generated	1710	4.39	unreviewed		wave1-06	143
評論|评论|ping2 lun4	評論	评论	ping2 lun4	generated	1860	4.289	unreviewed		wave1-08	111
詞|词|ci2	詞	词	ci2	generated	749	4.997	unreviewed		wave1-02	154
試|试|shi4	試	试	shi4	generated	406	5.334	unreviewed		wave1-05	132
試圖|试图|shi4 tu2	試圖	试图	shi4 tu2	generated	884	4.892	unreviewed		wave1-04	176
試驗|试验|shi4 yan4	試驗	试验	shi4 yan4	generated	1676	4.407	unreviewed		wave1-08	111
詩|诗|shi1	詩	诗	shi1	generated	1695	4.398	unreviewed		wave1-05	132
話|话|hua4	話	话	hua4	generated	125	6.075	unreviewed		wave1-01	93
該|该|gai1	該	该	gai1	generated	140	6.008	unreviewed		wave1-01	12
認為|认为|ren4 wei2	認為	认为	ren4 wei2	generated	178	5.877	unreviewed		wave1-01	12
認識|认识|ren4 shi5	認識	认识	ren4 shi5	generated	255	5.63	unreviewed		wave1-04	46
語|语|yu3	語	语	yu3	generated	1097	4.751	unreviewed		wave1-03	167
語|语|yu4	語	语	yu4	generated	1098	4.751	unreviewed		wave1-03	167
語言|语言|yu3 yan2	語言	语言	yu3 yan2	generated	1483	4.515	unreviewed		wave1-04	176
說|说|shui4	說	说	shui4	generated	25	6.83	unreviewed		wave1-01	12
說|说|shuo1	說	说	shuo1	generated	24	6.83	unreviewed		wave1-01	5
說明|说明|shuo1 ming2	說明	说明	shuo1 ming2	generated	807	4.945	unreviewed		wave1-04	176
說法|说法|shuo1 fa3	說法	说法	shuo1 fa3	generated	1516	4.499	unreviewed		wave1-05	132
說法|说法|shuo1 fa5	說法	说法	shuo1 fa5	generated	1515	4.499	unreviewed		wave1-05	132
誰|谁|shei2	誰	谁	shei2	generated	95	6.197	unreviewed		wave1-05	132
課|课|ke4	課	课	ke4	generated	980	4.822	unreviewed		wave1-07	67
課程|课程|ke4 cheng2	課程	课程	ke4 cheng2	generated	1837	4.302	unreviewed		wave1-07	120
調|调|diao4	調	调	diao4	generated	1124	4.73	unreviewed		wave1-04	176
調|调|tiao2	調	调	tiao2	generated	1125	4.73	unreviewed		wave1-04	176
調整|调整|tiao2 zheng3	調整	调整	tiao2 zheng3	generated	1913	4.259	unreviewed		wave1-08	111
調查|调查|diao4 cha2	調查	调查	diao4 cha2	generated	468	5.275	unreviewed		wave1-02	154
談|谈|tan2	談	谈	tan2	generated	293	5.541	unreviewed		wave1-05	132
談判|谈判|tan2 pan4	談判	谈判	tan2 pan4	generated	1823	4.308	unreviewed		wave1-08	111
請|请|qing3	請	请	qing3	generated	154	5.96	unreviewed		wave1-02	154
請求|请求|qing3 qiu2	請求	请求	qing3 qiu2	generated	1188	4.696	unreviewed		wave1-06	143
論|论|lun4	論	论	lun4	generated	2121	4.029	unreviewed		wave1-08	111
諾|诺|nuo4	諾	诺	nuo4	generated	1381	4.573	unreviewed		wave1-04	176
講|讲|jiang3	講	讲	jiang3	generated	432	5.306	unreviewed		wave1-04	176
謝|谢|xie4	謝	谢	xie4	generated	820	4.939	unreviewed		wave1-03	159
證實|证实|zheng4 shi2	證實	证实	zheng4 shi2	generated	1559	4.476	unreviewed		wave1-08	111
證據|证据|zheng4 ju4	證據	证据	zheng4 ju4	generated	549	5.183	unreviewed		wave1-04	176
證明|证明|zheng4 ming2	證明	证明	zheng4 ming2	generated	490	5.252	unreviewed		wave1-02	154
警|警|jing3	警	警	jing3	generated	630	5.102	unreviewed		wave1-05	132
警告|警告|jing3 gao4	警告	警告	jing3 gao4	generated	1035	4.789	unreviewed		wave1-09	101
警察|警察|jing3 cha2	警察	警察	jing3 cha2	generated	304	5.523	unreviewed		wave1-04	176
警方|警方|jing3 fang1	警方	警方	jing3 fang1	generated	1031	4.791	unreviewed		wave1-07	120
議員|议员|yi4 yuan2	議員	议员	yi4 yuan2	generated	1443	4.538	unreviewed		wave1-05	132
議會|议会|yi4 hui4	議會	议会	yi4 hui4	generated	2118	4.04	unreviewed		wave1-09	101
護|护|hu4	護	护	hu4	generated	1787	4.339	unreviewed		wave1-09	101
讀|读|dou4	讀	读	dou4	generated	600	5.143	unreviewed		wave1-03	167
讀|读|du2	讀	读	du2	generated	599	5.143	unreviewed		wave1-03	167
變|变|bian4	變	变	bian4	generated	318	5.499	unreviewed		wave1-03	167
變化|变化|bian4 hua4	變化	变化	bian4 hua4	generated	1343	4.604	unreviewed		wave1-04	176
變成|变成|bian4 cheng2	變成	变成	bian4 cheng2	generated	481	5.26	unreviewed		wave1-03	167
讓|让|rang4	讓	让	rang4	generated	47	6.567	unreviewed		wave1-01	12
谷|谷|gu3	谷	谷	gu3	generated	2006	4.188	unreviewed		wave1-07	120
豐富|丰富|feng1 fu4	豐富	丰富	feng1 fu4	generated	2045	4.153	unreviewed		wave1-09	101
象|象|xiang4	象	象	xiang4	generated	563	5.174	unreviewed		wave1-04	176
豬|猪|zhu1	豬	猪	zhu1	generated	1057	4.778	unreviewed		wave1-07	120
貓|猫|mao1	貓	猫	mao1	generated	725	5.021	unreviewed		wave1-05	130
貝|贝|bei4	貝	贝	bei4	generated	1931	4.247	unreviewed		wave1-06	143
負|负|fu4	負	负	fu4	generated	1716	4.386	unreviewed		wave1-09	101
負責|负责|fu4 ze2	負責	负责	fu4 ze2	generated	652	5.083	unreviewed		wave1-02	154
財產|财产|cai2 chan3	財產	财产	cai2 chan3	generated	1621	4.437	unreviewed		wave1-08	111
貢獻|贡献|gong4 xian4	貢獻	贡献	gong4 xian4	generated	2039	4.156	unreviewed		wave1-09	101
責任|责任|ze2 ren4	責任	责任	ze2 ren4	generated	897	4.884	unreviewed		wave1-05	132
貴|贵|gui4	貴	贵	gui4	generated	1591	4.456	unreviewed		wave1-07	115
買|买|mai3	買	买	mai3	generated	244	5.672	unreviewed		wave1-06	143
費|费|fei4	費	费	fei4	generated	1454	4.532	unreviewed		wave1-05	58
資料|资料|zi1 liao4	資料	资料	zi1 liao4	generated	992	4.815	unreviewed		wave1-03	167
資格|资格|zi1 ge2	資格	资格	zi1 ge2	generated	1562	4.474	unreviewed		wave1-08	111
資源|资源|zi1 yuan2	資源	资源	zi1 yuan2	generated	2022	4.175	unreviewed		wave1-08	111
資金|资金|zi1 jin1	資金	资金	zi1 jin1	generated	1847	4.296	unreviewed		wave1-09	101
賣|卖|mai4	賣	卖	mai4	generated	397	5.348	unreviewed		wave1-06	63
賽|赛|sai4	賽	赛	sai4	generated	1009	4.805	unreviewed		wave1-03	167
贏得|赢得|ying2 de2	贏得	赢得	ying2 de2	generated	902	4.882	unreviewed		wave1-05	132
走|走|zou3	走	走	zou3	generated	80	6.289	unreviewed		wave1-02	154
起|起|qi3	起	起	qi3	generated	210	5.78	unreviewed		wave1-01	7
起來|起来|qi3 lai5	起來	起来	qi3 lai5	generated	131	6.045	unreviewed		wave1-02	154
起來|起来|qi5 lai5	起來	起来	qi5 lai5	generated	132	6.045	unreviewed		wave1-02	154
超|超|chao1	超	超	chao1	generated	751	4.996	unreviewed		wave1-03	167
超級|超级|chao1 ji2	超級	超级	chao1 ji2	generated	931	4.859	unreviewed		wave1-05	132
超過|超过|chao1 guo4	超過	超过	chao1 guo4	generated	1099	4.751	unreviewed		wave1-03	167
越|越|yue4	越	越	yue4	generated	614	5.123	unreviewed		wave1-02	186
越來越|越来越|yue4 lai2 yue4	越來越	越来越	yue4 lai2 yue4	generated	984	4.82	unreviewed		wave1-06	141
足|足|ju4	足	足	ju4	generated	1869	4.285	unreviewed		wave1-09	101
足|足|zu2	足	足	zu2	generated	1868	4.285	unreviewed		wave1-09	95
足夠|足够|zu2 gou4	足夠	足够	zu2 gou4	generated	811	4.943	unreviewed		wave1-06	143
足球|足球|zu2 qiu2	足球	足球	zu2 qiu2	generated	1908	4.262	unreviewed		wave1-07	120
跑|跑|pao2	跑	跑	pao2	generated	280	5.565	unreviewed		wave1-08	111
跑|跑|pao3	跑	跑	pao3	generated	279	5.565	unreviewed		wave1-08	111
距離|距离|ju4 li2	距離	距离	ju4 li2	generated	1319	4.616	unreviewed		wave1-05	132
跟|跟|gen1	跟	跟	gen1	generated	85	6.274	unreviewed		wave1-02	154
路|路|lu4	路	路	lu4	generated	422	5.319	unreviewed		wave1-01	93
路線|路线|lu4 xian4	路線	路线	lu4 xian4	generated	1923	4.253	unreviewed		wave1-07	120
跳|跳|tiao4	跳	跳	tiao4	generated	371	5.404	unreviewed		wave1-08	111
身|身|shen1	身	身	shen1	generated	607	5.13	unreviewed		wave1-03	162
身上|身上|shen1 shang5	身上	身上	shen1 shang5	generated	407	5.333	unreviewed		wave1-06	143
身份|身份|shen1 fen4	身份	身份	shen1 fen4	generated	808	4.945	unreviewed		wave1-04	176
身體|身体|shen1 ti3	身體	身体	shen1 ti3	generated	591	5.152	unreviewed		wave1-04	176
車|车|che1	車	车	che1	generated	184	5.854	unreviewed		wave1-01	19
車站|车站|che1 zhan4	車站	车站	che1 zhan4	generated	1967	4.211	unreviewed		wave1-08	111
軌道|轨道|gui3 dao4	軌道	轨道	gui3 dao4	generated	2109	4.065	unreviewed		wave1-09	101
軍|军|jun1	軍	军	jun1	generated	1683	4.404	unreviewed		wave1-04	171
軍事|军事|jun1 shi4	軍事	军事	jun1 shi4	generated	1896	4.27	unreviewed		wave1-06	143
軍隊|军队|jun1 dui4	軍隊	军队	jun1 dui4	generated	1106	4.746	unreviewed		wave1-03	167
較|较|jiao4	較	较	jiao4	generated	2119	4.035	unreviewed		wave1-08	103
載|载|zai3	載	载	zai3	generated	1597	4.454	unreviewed		wave1-06	143
載|载|zai4	載	载	zai4	generated	1598	4.454	unreviewed		wave1-06	143
輕|轻|qing1	輕	轻	qing1	generated	1389	4.566	unreviewed		wave1-06	143
輛|辆|liang4	輛	辆	liang4	generated	477	5.266	unreviewed		wave1-04	173
輪|轮|lun2	輪	轮	lun2	generated	885	4.892	unreviewed		wave1-05	127
轉|转|zhuan3	轉	转	zhuan3	generated	575	5.163	unreviewed		wave1-03	167
轉|转|zhuan4	轉	转	zhuan4	generated	576	5.163	unreviewed		wave1-03	162
轉移|转移|zhuan3 yi2	轉移	转移	zhuan3 yi2	generated	1496	4.51	unreviewed		wave1-07	120
辦|办|ban4	辦	办	ban4	generated	543	5.185	unreviewed		wave1-05	121
辦公室|办公室|ban4 gong1 shi4	辦公室	办公室	ban4 gong1 shi4	generated	496	5.244	unreviewed		wave1-04	176
辦法|办法|ban4 fa3	辦法	办法	ban4 fa3	generated	382	5.381	unreviewed		wave1-06	143
辭職|辞职|ci2 zhi2	辭職	辞职	ci2 zhi2	generated	1566	4.473	unreviewed		wave1-08	111
迅速|迅速|xun4 su4	迅速	迅速	xun4 su4	generated	2012	4.184	unreviewed		wave1-08	111
近|近|jin4	近	近	jin4	generated	871	4.908	unreviewed		wave1-03	167
返回|返回|fan3 hui2	返回	返回	fan3 hui2	generated	1972	4.208	unreviewed		wave1-08	111
迪|迪|di2	迪	迪	di2	generated	1505	4.505	unreviewed		wave1-05	132
迴|回|hui2	迴	回	hui2	generated	156	5.955	unreviewed		wave1-01	2
追|追|dui1	追	追	dui1	generated	822	4.939	unreviewed		wave1-08	68
追|追|zhui1	追	追	zhui1	generated	821	4.939	unreviewed		wave1-08	111
退|退|tui4	退	退	tui4	generated	1216	4.677	unreviewed		wave1-07	120
退出|退出|tui4 chu1	退出	退出	tui4 chu1	generated	1352	4.596	unreviewed		wave1-07	120
送|送|song4	送	送	song4	generated	271	5.595	unreviewed		wave1-02	154
逃|逃|tao2	逃	逃	tao2	generated	862	4.915	unreviewed		wave1-06	143
逐漸|逐渐|zhu2 jian4	逐漸	逐渐	zhu2 jian4	generated	2123	4.025	unreviewed		wave1-09	101
這|这|zhe4	這	这	zhe4	generated	16	6.932	unreviewed		wave1-01	11
這|这|zhei4	這	这	zhei4	generated	17	6.932	unreviewed		wave1-01	12
這些|这些|zhe4 xie1	這些	这些	zhe4 xie1	generated	134	6.039	unreviewed		wave1-01	12
這個|这个|zhe4 ge5	這個	这个	zhe4 ge5	generated	68	6.438	unreviewed		wave1-01	11
這樣|这样|zhe4 yang4	這樣	这样	zhe4 yang4	generated	82	6.283	unreviewed		wave1-01	93
這種|这种|zhe4 zhong3	這種	这种	zhe4 zhong3	generated	251	5.639	unreviewed		wave1-01	93
這裡|这里|zhe4 li3	這裡	这里	zhe4 li3	generated	93	6.206	unreviewed		wave1-03	167
通|通|tong1	通	通	tong1	generated	889	4.888	unreviewed		wave1-03	161
通|通|tong4	通	通	tong4	generated	890	4.888	unreviewed		wave1-03	163
通常|通常|tong1 chang2	通常	通常	tong1 chang2	generated	957	4.839	unreviewed		wave1-02	154
通知|通知|tong1 zhi1	通知	通知	tong1 zhi1	generated	863	4.915	unreviewed		wave1-07	120
通過|通过|tong1 guo4	通過	通过	tong1 guo4	generated	475	5.268	unreviewed		wave1-01	2
速度|速度|su4 du4	速度	速度	su4 du4	generated	1289	4.631	unreviewed		wave1-04	176
造|造|zao4	造	造	zao4	generated	1344	4.602	unreviewed		wave1-06	139
造成|造成|zao4 cheng2	造成	造成	zao4 cheng2	generated	966	4.827	unreviewed		wave1-03	167
連|连|lian2	連	连	lian2	generated	389	5.361	unreviewed		wave1-02	154
連接|连接|lian2 jie1	連接	连接	lian2 jie1	generated	1916	4.255	unreviewed		wave1-07	120
連續|连续|lian2 xu4	連續	连续	lian2 xu4	generated	1940	4.24	unreviewed		wave1-08	111
逮捕|逮捕|dai4 bu3	逮捕	逮捕	dai4 bu3	generated	1023	4.797	unreviewed		wave1-06	143
週|周|zhou1	週	周	zhou1	generated	349	5.44	unreviewed		wave1-01	92
週年|周年|zhou1 nian2	週年	周年	zhou1 nian2	generated	2049	4.146	unreviewed		wave1-09	101
進|进|jin4	進	进	jin4	generated	228	5.721	unreviewed		wave1-02	150
進一步|进一步|jin4 yi1 bu4	進一步	进一步	jin4 yi1 bu4	generated	1912	4.26	unreviewed		wave1-07	120
進入|进入|jin4 ru4	進入	进入	jin4 ru4	generated	519	5.214	unreviewed		wave1-02	154
進攻|进攻|jin4 gong1	進攻	进攻	jin4 gong1	generated	1622	4.436	unreviewed		wave1-06	143
進步|进步|jin4 bu4	進步	进步	jin4 bu4	generated	1754	4.359	unreviewed		wave1-09	101
進行|进行|jin4 xing2	進行	进行	jin4 xing2	generated	456	5.286	unreviewed		wave1-01	93
逼|逼|bi1	逼	逼	bi1	generated	883	4.894	unreviewed		wave1-09	100
遇到|遇到|yu4 dao4	遇到	遇到	yu4 dao4	generated	724	5.023	unreviewed		wave1-07	120
遊|游|you2	遊	游	you2	generated	1563	4.474	unreviewed		wave1-06	143
遊戲|游戏|you2 xi4	遊戲	游戏	you2 xi4	generated	503	5.233	unreviewed		wave1-02	154
運|运|yun4	運	运	yun4	generated	1419	4.552	unreviewed		wave1-06	143
運動|运动|yun4 dong4	運動	运动	yun4 dong4	generated	1082	4.758	unreviewed		wave1-03	167
運動員|运动员|yun4 dong4 yuan2	運動員	运动员	yun4 dong4 yuan2	generated	1826	4.307	unreviewed		wave1-06	143
過|过|guo4	過	过	guo4	generated	54	6.525	unreviewed		wave1-01	12
過|过|guo5	過	过	guo5	generated	55	6.525	unreviewed		wave1-01	12
過去|过去|guo4 qu4	過去	过去	guo4 qu4	generated	264	5.604	unreviewed		wave1-02	154
過去|过去|guo4 qu5	過去	过去	guo4 qu5	generated	265	5.604	unreviewed		wave1-02	153
過程|过程|guo4 cheng2	過程	过程	guo4 cheng2	generated	1185	4.698	unreviewed		wave1-03	167
道|道|dao4	道	道	dao4	generated	690	5.049	unreviewed		wave1-02	179
道德|道德|dao4 de2	道德	道德	dao4 de2	generated	1740	4.368	unreviewed		wave1-08	111
道路|道路|dao4 lu4	道路	道路	dao4 lu4	generated	1897	4.27	unreviewed		wave1-07	120
達|达|da2	達	达	da2	generated	915	4.871	unreviewed		wave1-02	154
達到|达到|da2 dao4	達到	达到	da2 dao4	generated	1420	4.552	unreviewed		wave1-04	176
達成|达成|da2 cheng2	達成	达成	da2 cheng2	generated	1648	4.424	unreviewed		wave1-07	120
遠|远|yuan3	遠	远	yuan3	generated	447	5.292	unreviewed		wave1-02	154
遠|远|yuan4	遠	远	yuan4	generated	448	5.292	unreviewed		wave1-02	154
適合|适合|shi4 he2	適合	适合	shi4 he2	generated	868	4.911	unreviewed		wave1-06	143
遭|遭|zao1	遭	遭	zao1	generated	1774	4.345	unreviewed		wave1-06	139
遭到|遭到|zao1 dao4	遭到	遭到	zao1 dao4	generated	1989	4.195	unreviewed		wave1-08	111
選|选|xuan3	選	选	xuan3	generated	445	5.295	unreviewed		wave1-02	154
選手|选手|xuan3 shou3	選手	选手	xuan3 shou3	generated	693	5.046	unreviewed		wave1-05	132
選擇|选择|xuan3 ze2	選擇	选择	xuan3 ze2	generated	386	5.371	unreviewed		wave1-02	154
選舉|选举|xuan3 ju3	選舉	选举	xuan3 ju3	generated	1955	4.221	unreviewed		wave1-07	120
避免|避免|bi4 mian3	避免	避免	bi4 mian3	generated	1636	4.429	unreviewed		wave1-06	143
邀請|邀请|yao1 qing3	邀請	邀请	yao1 qing3	generated	880	4.899	unreviewed		wave1-05	132
還|还|hai2	還	还	hai2	generated	43	6.589	unreviewed		wave1-01	12
還|还|huan2	還	还	huan2	generated	44	6.589	unreviewed		wave1-01	12
還是|还是|hai2 shi5	還是	还是	hai2 shi5	generated	211	5.775	unreviewed		wave1-02	154
還有|还有|hai2 you3	還有	还有	hai2 you3	generated	136	6.03	unreviewed		wave1-01	93
邊|边|bian1	邊	边	bian1	generated	741	5.004	unreviewed		wave1-03	35
邊|边|bian5	邊	边	bian5	generated	742	5.004	unreviewed		wave1-03	167
那|那|na4	那	那	na4	generated	30	6.753	unreviewed		wave1-01	91
那|那|nuo2	那	那	nuo2	generated	31	6.753	unreviewed		wave1-01	18
那些|那些|na4 xie1	那些	那些	na4 xie1	generated	173	5.897	unreviewed		wave1-03	167
那個|那个|na4 ge5	那個	那个	na4 ge5	generated	123	6.092	unreviewed		wave1-08	108
那樣|那样|na4 yang4	那樣	那样	na4 yang4	generated	229	5.717	unreviewed		wave1-06	143
那裏|那里|na4 li5	那裏	那里	na4 li5	generated	236	5.699	unreviewed		wave1-04	176
那裡|那里|na4 li5	那裡	那里	na4 li5	generated	235	5.699	unreviewed		wave1-04	176
那麼|那么|na4 me5	那麼	那么	na4 me5	generated	118	6.095	unreviewed		wave1-03	167
郎|郎|lang2	郎	郎	lang2	generated	1927	4.249	unreviewed		wave1-07	118
郡|郡|jun4	郡	郡	jun4	generated	1775	4.345	unreviewed		wave1-05	132
部|部|bu4	部	部	bu4	generated	527	5.21	unreviewed		wave1-01	89
部分|部分|bu4 fen5	部分	部分	bu4 fen5	generated	538	5.193	unreviewed		wave1-01	2
部落|部落|bu4 luo4	部落	部落	bu4 luo4	generated	991	4.816	unreviewed		wave1-05	132
部長|部长|bu4 zhang3	部長	部长	bu4 zhang3	generated	1974	4.206	unreviewed		wave1-08	111
部門|部门|bu4 men2	部門	部门	bu4 men2	generated	1248	4.658	unreviewed		wave1-05	132
部隊|部队|bu4 dui4	部隊	部队	bu4 dui4	generated	1447	4.536	unreviewed		wave1-04	176
都|都|dou1	都	都	dou1	generated	33	6.724	unreviewed		wave1-01	12
都|都|du1	都	都	du1	generated	34	6.724	unreviewed		wave1-01	12
配|配|pei4	配	配	pei4	generated	1089	4.755	unreviewed		wave1-06	143
配合|配合|pei4 he2	配合	配合	pei4 he2	generated	1807	4.323	unreviewed		wave1-08	111
酒|酒|jiu3	酒	酒	jiu3	generated	465	5.276	unreviewed		wave1-04	176
酒店|酒店|jiu3 dian4	酒店	酒店	jiu3 dian4	generated	1036	4.788	unreviewed		wave1-07	120
酸|酸|suan1	酸	酸	suan1	generated	1966	4.212	unreviewed		wave1-09	101
醫學|医学|yi1 xue2	醫學	医学	yi1 xue2	generated	1827	4.307	unreviewed		wave1-07	120
醫生|医生|yi1 sheng1	醫生	医生	yi1 sheng1	generated	247	5.67	unreviewed		wave1-04	176
醫療|医疗|yi1 liao2	醫療	医疗	yi1 liao2	generated	1479	4.516	unreviewed		wave1-07	120
醫院|医院|yi1 yuan4	醫院	医院	yi1 yuan4	generated	531	5.206	unreviewed		wave1-02	154
釋放|释放|shi4 fang4	釋放	释放	shi4 fang4	generated	1256	4.654	unreviewed		wave1-06	143
里|里|li3	里	里	li3	generated	84	6.276	unreviewed		wave1-01	12
重|重|chong2	重	重	chong2	generated	556	5.18	unreviewed		wave1-02	150
重|重|zhong4	重	重	zhong4	generated	555	5.18	unreviewed		wave1-02	154
重大|重大|zhong4 da4	重大	重大	zhong4 da4	generated	1595	4.455	unreviewed		wave1-06	143
重新|重新|chong2 xin1	重新	重新	chong2 xin1	generated	601	5.141	unreviewed		wave1-02	154
重複|重复|chong2 fu4	重複	重复	chong2 fu4	generated	1378	4.575	unreviewed		wave1-09	101
重要|重要|zhong4 yao4	重要	重要	zhong4 yao4	generated	292	5.542	unreviewed		wave1-01	93
重點|重点|chong2 dian3	重點	重点	chong2 dian3	generated	1429	4.545	unreviewed		wave1-05	132
重點|重点|zhong4 dian3	重點	重点	zhong4 dian3	generated	1428	4.545	unreviewed		wave1-05	132
野|野|ye3	野	野	ye3	generated	1705	4.392	unreviewed		wave1-06	143
量|量|liang2	量	量	liang2	generated	1838	4.302	unreviewed		wave1-06	143
量|量|liang4	量	量	liang4	generated	1839	4.302	unreviewed		wave1-06	133
金屬|金属|jin1 shu3	金屬	金属	jin1 shu3	generated	1654	4.42	unreviewed		wave1-06	143
針對|针对|zhen1 dui4	針對	针对	zhen1 dui4	generated	1600	4.453	unreviewed		wave1-06	143
銀|银|yin2	銀	银	yin2	generated	1960	4.217	unreviewed		wave1-08	111
銀行|银行|yin2 hang2	銀行	银行	yin2 hang2	generated	801	4.952	unreviewed		wave1-03	167
銷售|销售|xiao1 shou4	銷售	销售	xiao1 shou4	generated	1900	4.269	unreviewed		wave1-08	111
錄|录|lu4	錄	录	lu4	generated	1155	4.713	unreviewed		wave1-05	132
錢|钱|qian2	錢	钱	qian2	generated	163	5.94	unreviewed		wave1-02	154
錯|错|cuo4	錯	错	cuo4	generated	135	6.033	unreviewed		wave1-06	63
錯誤|错误|cuo4 wu4	錯誤	错误	cuo4 wu4	generated	655	5.074	unreviewed		wave1-04	176
鍾|钟|zhong1	鍾	钟	zhong1	generated	917	4.87	unreviewed		wave1-04	39
鎮|镇|zhen4	鎮	镇	zhen4	generated	1218	4.675	unreviewed		wave1-03	167
鏡|镜|jing4	鏡	镜	jing4	generated	1601	4.453	unreviewed		wave1-09	101
鐘|钟|zhong1	鐘	钟	zhong1	generated	916	4.87	unreviewed		wave1-04	176
鐵|铁|tie3	鐵	铁	tie3	generated	1611	4.448	unreviewed		wave1-05	132
長|长|chang2	長	长	chang2	generated	283	5.56	unreviewed		wave1-01	5
長|长|zhang3	長	长	zhang3	generated	284	5.56	unreviewed		wave1-01	12
長官|长官|zhang3 guan1	長官	长官	zhang3 guan1	generated	433	5.306	unreviewed		wave1-07	120
長期|长期|chang2 qi1	長期	长期	chang2 qi1	generated	2110	4.063	unreviewed		wave1-09	101
門|门|men2	門	门	men2	generated	358	5.423	unreviewed		wave1-01	87
開|开|kai1	開	开	kai1	generated	169	5.912	unreviewed		wave1-01	13
開始|开始|kai1 shi3	開始	开始	kai1 shi3	generated	147	5.981	unreviewed		wave1-01	12
開放|开放|kai1 fang4	開放	开放	kai1 fang4	generated	2088	4.099	unreviewed		wave1-09	101
間|间|jian1	間	间	jian1	generated	513	5.218	unreviewed		wave1-01	89
間|间|jian4	間	间	jian4	generated	514	5.218	unreviewed		wave1-01	20
關|关|guan1	關	关	guan1	generated	491	5.252	unreviewed		wave1-03	167
關係|关系|guan1 xi5	關係	关系	guan1 xi5	generated	319	5.498	unreviewed		wave1-01	93
關於|关于|guan1 yu2	關於	关于	guan1 yu2	generated	324	5.486	unreviewed		wave1-02	154
關注|关注|guan1 zhu4	關注	关注	guan1 zhu4	generated	1328	4.611	unreviewed		wave1-06	143
關鍵|关键|guan1 jian4	關鍵	关键	guan1 jian4	generated	970	4.826	unreviewed		wave1-06	143
關閉|关闭|guan1 bi4	關閉	关闭	guan1 bi4	generated	1412	4.555	unreviewed		wave1-08	111
防|防|fang2	防	防	fang2	generated	1706	4.392	unreviewed		wave1-08	111
阻止|阻止|zu3 zhi3	阻止	阻止	zu3 zhi3	generated	636	5.095	unreviewed		wave1-06	143
阿|阿|a1	阿	阿	a1	generated	793	4.956	unreviewed		wave1-02	177
阿|阿|e1	阿	阿	e1	generated	794	4.956	unreviewed		wave1-02	154
附近|附近|fu4 jin4	附近	附近	fu4 jin4	generated	761	4.993	unreviewed		wave1-03	167
降|降|jiang4	降	降	jiang4	generated	1979	4.203	unreviewed		wave1-08	111
降|降|xiang2	降	降	xiang2	generated	1980	4.203	unreviewed		wave1-08	111
限制|限制|xian4 zhi4	限制	限制	xian4 zhi4	generated	1858	4.291	unreviewed		wave1-07	120
院|院|yuan4	院	院	yuan4	generated	1952	4.226	unreviewed		wave1-06	143
除|除|chu2	除	除	chu2	generated	1941	4.239	unreviewed		wave1-07	120
除了|除了|chu2 le5	除了	除了	chu2 le5	generated	542	5.186	unreviewed		wave1-02	154
陳|陈|chen2	陳	陈	chen2	generated	1958	4.218	unreviewed		wave1-06	137
陷入|陷入|xian4 ru4	陷入	陷入	xian4 ru4	generated	1672	4.411	unreviewed		wave1-08	111
隆|隆|long1	隆	隆	long1	generated	2043	4.154	unreviewed		wave1-08	111
隆|隆|long2	隆	隆	long2	generated	2042	4.154	unreviewed		wave1-08	111
隊|队|dui4	隊	队	dui4	generated	376	5.393	unreviewed		wave1-01	93
隊伍|队伍|dui4 wu3	隊伍	队伍	dui4 wu3	generated	1087	4.756	unreviewed		wave1-08	111
階段|阶段|jie1 duan4	階段	阶段	jie1 duan4	generated	1718	4.384	unreviewed		wave1-06	143
隔|隔|ge2	隔	隔	ge2	generated	1902	4.268	unreviewed		wave1-09	101
隧道|隧道|sui4 dao4	隧道	隧道	sui4 dao4	generated	2015	4.182	unreviewed		wave1-08	111
隨|随|sui2	隨	随	sui2	generated	1058	4.775	unreviewed		wave1-04	176
隨著|随着|sui2 zhe5	隨著	随着	sui2 zhe5	generated	1800	4.325	unreviewed		wave1-06	143
隻|只|zhi1	隻	只	zhi1	generated	76	6.336	unreviewed		wave1-01	9
集|集|ji2	集	集	ji2	generated	624	5.107	unreviewed		wave1-02	150
集中|集中|ji2 zhong1	集中	集中	ji2 zhong1	generated	1131	4.725	unreviewed		wave1-04	176
集合|集合|ji2 he2	集合	集合	ji2 he2	generated	1968	4.211	unreviewed		wave1-09	101
集團|集团|ji2 tuan2	集團	集团	ji2 tuan2	generated	1898	4.27	unreviewed		wave1-06	143
雖然|虽然|sui1 ran2	雖然	虽然	sui1 ran2	generated	544	5.185	unreviewed		wave1-02	154
雙方|双方|shuang1 fang1	雙方	双方	shuang1 fang1	generated	2086	4.102	unreviewed		wave1-09	101
雜誌|杂志|za2 zhi4	雜誌	杂志	za2 zhi4	generated	936	4.854	unreviewed		wave1-04	176
雞|鸡|ji1	雞	鸡	ji1	generated	814	4.941	unreviewed		wave1-06	143
離|离|li2	離	离	li2	generated	484	5.259	unreviewed		wave1-03	167
離婚|离婚|li2 hun1	離婚	离婚	li2 hun1	generated	1090	4.755	unreviewed		wave1-09	101
離開|离开|li2 kai1	離開	离开	li2 kai1	generated	208	5.783	unreviewed		wave1-02	154
難|难|nan2	難	难	nan2	generated	325	5.485	unreviewed		wave1-03	167
難|难|nan4	難	难	nan4	generated	326	5.485	unreviewed		wave1-03	167
難以|难以|nan2 yi3	難以	难以	nan2 yi3	generated	1382	4.572	unreviewed		wave1-06	143
雨|雨|yu3	雨	雨	yu3	generated	1360	4.592	unreviewed		wave1-06	143
雨|雨|yu4	雨	雨	yu4	generated	1361	4.592	unreviewed		wave1-06	143
雪|雪|xue3	雪	雪	xue3	generated	1587	4.46	unreviewed		wave1-07	120
零|零|ling2	零	零	ling2	generated	1942	4.237	unreviewed		wave1-09	101
雷|雷|lei2	雷	雷	lei2	generated	834	4.933	unreviewed		wave1-02	181
電子|电子|dian4 zi3	電子	电子	dian4 zi3	generated	1647	4.425	unreviewed		wave1-05	132
電影|电影|dian4 ying3	電影	电影	dian4 ying3	generated	405	5.335	unreviewed		wave1-01	93
電腦|电脑|dian4 nao3	電腦	电脑	dian4 nao3	generated	768	4.981	unreviewed		wave1-03	167
電視|电视|dian4 shi4	電視	电视	dian4 shi4	generated	584	5.157	unreviewed		wave1-02	154
電視台|电视台|dian4 shi4 tai2	電視台	电视台	dian4 shi4 tai2	generated	1845	4.299	unreviewed		wave1-07	120
電話|电话|dian4 hua4	電話	电话	dian4 hua4	generated	223	5.739	unreviewed		wave1-05	132
需|需|xu1	需	需	xu1	generated	1430	4.545	unreviewed		wave1-05	132
需要|需要|xu1 yao4	需要	需要	xu1 yao4	generated	115	6.121	unreviewed		wave1-01	93
露|露|lou4	露	露	lou4	generated	1404	4.559	unreviewed		wave1-09	101
露|露|lu4	露	露	lu4	generated	1403	4.559	unreviewed		wave1-09	71
靈|灵|ling2	靈	灵	ling2	generated	1249	4.658	unreviewed		wave1-05	132
靈魂|灵魂|ling2 hun2	靈魂	灵魂	ling2 hun2	generated	932	4.859	unreviewed		wave1-09	101
青|青|qing1	青	青	qing1	generated	1953	4.223	unreviewed		wave1-07	120
非|非|fei1	非	非	fei1	generated	1071	4.764	unreviewed		wave1-03	164
非常|非常|fei1 chang2	非常	非常	fei1 chang2	generated	170	5.905	unreviewed		wave1-01	93
非法|非法|fei1 fa3	非法	非法	fei1 fa3	generated	1538	4.489	unreviewed		wave1-09	101
靠|靠|kao4	靠	靠	kao4	generated	497	5.244	unreviewed		wave1-05	132
靠近|靠近|kao4 jin4	靠近	靠近	kao4 jin4	generated	1230	4.669	unreviewed		wave1-09	101
面對|面对|mian4 dui4	面對	面对	mian4 dui4	generated	831	4.935	unreviewed		wave1-05	132
革命|革命|ge2 ming4	革命	革命	ge2 ming4	generated	2124	4.025	unreviewed		wave1-08	111
音|音|yin1	音	音	yin1	generated	1730	4.377	unreviewed		wave1-06	143
音樂|音乐|yin1 yue4	音樂	音乐	yin1 yue4	generated	590	5.153	unreviewed		wave1-02	154
頁|页|xie2	頁	页	xie2	generated	1473	4.521	unreviewed		wave1-07	120
頁|页|ye4	頁	页	ye4	generated	1472	4.521	unreviewed		wave1-07	120
頂|顶|ding3	頂	顶	ding3	generated	1314	4.62	unreviewed		wave1-06	139
項|项|xiang4	項	项	xiang4	generated	1008	4.806	unreviewed		wave1-03	34
項目|项目|xiang4 mu4	項目	项目	xiang4 mu4	generated	1130	4.726	unreviewed		wave1-04	176
順|顺|shun4	順	顺	shun4	generated	1801	4.325	unreviewed		wave1-08	111
順利|顺利|shun4 li4	順利	顺利	shun4 li4	generated	1060	4.772	unreviewed		wave1-08	111
頓|顿|dun4	頓	顿	dun4	generated	940	4.851	unreviewed		wave1-03	162
領|领|ling3	領	领	ling3	generated	1616	4.444	unreviewed		wave1-06	139
領域|领域|ling3 yu4	領域	领域	ling3 yu4	generated	2007	4.187	unreviewed		wave1-07	120
領導|领导|ling3 dao3	領導	领导	ling3 dao3	generated	1605	4.452	unreviewed		wave1-05	132
領袖|领袖|ling3 xiu4	領袖	领袖	ling3 xiu4	generated	1950	4.232	unreviewed		wave1-08	111
頭|头|tou5	頭	头	tou5	generated	297	5.538	unreviewed		wave1-02	154
頻道|频道|pin2 dao4	頻道	频道	pin2 dao4	generated	1725	4.378	unreviewed		wave1-06	143
顆|颗|ke1	顆	颗	ke1	generated	919	4.866	unreviewed		wave1-04	173
題|题|ti2	題	题	ti2	generated	1938	4.241	unreviewed		wave1-08	111
顏色|颜色|yan2 se4	顏色	颜色	yan2 se4	generated	1172	4.706	unreviewed		wave1-05	132
願意|愿意|yuan4 yi4	願意	愿意	yuan4 yi4	generated	351	5.438	unreviewed		wave1-07	120
類|类|lei4	類	类	lei4	generated	1128	4.728	unreviewed		wave1-03	158
類似|类似|lei4 si4	類似	类似	lei4 si4	generated	1480	4.516	unreviewed		wave1-04	176
類型|类型|lei4 xing2	類型	类型	lei4 xing2	generated	1652	4.421	unreviewed		wave1-06	143
顧問|顾问|gu4 wen4	顧問	顾问	gu4 wen4	generated	1759	4.353	unreviewed		wave1-08	111
顯示|显示|xian3 shi4	顯示	显示	xian3 shi4	generated	1085	4.757	unreviewed		wave1-03	167
風|风|feng1	風	风	feng1	generated	1116	4.735	unreviewed		wave1-04	74
風格|风格|feng1 ge2	風格	风格	feng1 ge2	generated	1165	4.708	unreviewed		wave1-04	176
風險|风险|feng1 xian3	風險	风险	feng1 xian3	generated	1627	4.432	unreviewed		wave1-07	120
飛|飞|fei1	飛	飞	fei1	generated	667	5.065	unreviewed		wave1-03	167
飛機|飞机|fei1 ji1	飛機	飞机	fei1 ji1	generated	561	5.175	unreviewed		wave1-03	167
飛行|飞行|fei1 xing2	飛行	飞行	fei1 xing2	generated	1524	4.495	unreviewed		wave1-06	143
食|食|shi2	食	食	shi2	generated	1572	4.469	unreviewed		wave1-06	143
食|食|si4	食	食	si4	generated	1573	4.469	unreviewed		wave1-06	143
食品|食品|shi2 pin3	食品	食品	shi2 pin3	generated	1828	4.307	unreviewed		wave1-08	111
食物|食物|shi2 wu4	食物	食物	shi2 wu4	generated	898	4.883	unreviewed		wave1-05	132
飯|饭|fan4	飯	饭	fan4	generated	1121	4.733	unreviewed		wave1-08	110
養|养|yang3	養	养	yang3	generated	815	4.941	unreviewed		wave1-07	120
首|首|shou3	首	首	shou3	generated	518	5.215	unreviewed		wave1-02	150
首先|首先|shou3 xian1	首先	首先	shou3 xian1	generated	705	5.034	unreviewed		wave1-04	176
香|香|xiang1	香	香	xiang1	generated	1578	4.466	unreviewed		wave1-06	143
馬|马|ma3	馬	马	ma3	generated	430	5.307	unreviewed		wave1-01	93
馬克|马克|ma3 ke4	馬克	马克	ma3 ke4	generated	1762	4.351	unreviewed		wave1-08	111
騎|骑|ji4	騎	骑	ji4	generated	1299	4.628	unreviewed		wave1-08	111
騎|骑|qi2	騎	骑	qi2	generated	1298	4.628	unreviewed		wave1-08	107
騎士|骑士|qi2 shi4	騎士	骑士	qi2 shi4	generated	1599	4.454	unreviewed		wave1-08	111
骨|骨|gu3	骨	骨	gu3	generated	1741	4.368	unreviewed		wave1-09	101
體|体|ti3	體	体	ti3	generated	1432	4.544	unreviewed		wave1-04	176
體育|体育|ti3 yu4	體育	体育	ti3 yu4	generated	1901	4.269	unreviewed		wave1-07	120
高|高|gao1	高	高	gao1	generated	402	5.344	unreviewed		wave1-01	93
高中|高中|gao1 zhong1	高中	高中	gao1 zhong1	generated	1018	4.802	unreviewed		wave1-05	123
高中|高中|gao1 zhong4	高中	高中	gao1 zhong4	generated	1019	4.802	unreviewed		wave1-05	132
高度|高度|gao1 du4	高度	高度	gao1 du4	generated	1849	4.295	unreviewed		wave1-07	120
高級|高级|gao1 ji2	高級	高级	gao1 ji2	generated	1626	4.433	unreviewed		wave1-07	120
鬆|松|song1	鬆	松	song1	generated	1642	4.428	unreviewed		wave1-05	132
鬥|斗|dou4	鬥	斗	dou4	generated	1698	4.397	unreviewed		wave1-07	120
鬼|鬼|gui3	鬼	鬼	gui3	generated	633	5.098	unreviewed		wave1-05	129
魔|魔|mo2	魔	魔	mo2	generated	1318	4.618	unreviewed		wave1-06	136
魚|鱼|yu2	魚	鱼	yu2	generated	905	4.878	unreviewed		wave1-04	176
魯|鲁|lu3	魯	鲁	lu3	generated	2069	4.124	unreviewed		wave1-07	64
鳥|鸟|diao3	鳥	鸟	diao3	generated	999	4.811	unreviewed		wave1-04	175
鳥|鸟|niao3	鳥	鸟	niao3	generated	998	4.811	unreviewed		wave1-04	176
鹿|鹿|lu4	鹿	鹿	lu4	generated	2000	4.19	unreviewed		wave1-09	101
麗|丽|li4	麗	丽	li4	generated	1558	4.477	unreviewed		wave1-05	132
麥|麦|mai4	麥	麦	mai4	generated	1514	4.5	unreviewed		wave1-05	52
麥克|麦克|mai4 ke4	麥克	麦克	mai4 ke4	generated	1367	4.584	unreviewed		wave1-08	112
麵|面|mian4	麵	面	mian4	generated	665	5.066	unreviewed		wave1-02	154
黃|黄|huang2	黃	黄	huang2	generated	1580	4.465	unreviewed		wave1-04	176
黑人|黑人|hei1 ren2	黑人	黑人	hei1 ren2	generated	1032	4.791	unreviewed		wave1-08	111
黑色|黑色|hei1 se4	黑色	黑色	hei1 se4	generated	1545	4.483	unreviewed		wave1-08	111
點|点|dian3	點	点	dian3	generated	71	6.365	unreviewed		wave1-01	89
黨|党|dang3	黨	党	dang3	generated	1917	4.255	unreviewed		wave1-06	143
齊|齐|qi2	齊	齐	qi2	generated	1791	4.336	unreviewed		wave1-06	143
龍|龙|long2	龍	龙	long2	generated	1391	4.565	unreviewed		wave1-04	170
