sense_uid	seq	trad	simp	realized	spans	shows	shows_simp
一些|一些|yi1 xie1~2	0	我在路上買了一些水果。	我在路上买了一些水果。	一些	[[6, 8]]		
一些|一些|yi1 xie1~3	0	他今天覺得好一些了。	他今天觉得好一些了。	一些	[[6, 8]]		
一個|一个|yi1 ge5~1	0	朋友送給我一個很特別的禮物。	朋友送给我一个很特别的礼物。	一個	[[5, 7]]		
一個|一个|yi1 ge5~2	0	他一個下午都在房間裡睡覺。	他一个下午都在房间里睡觉。	一個	[[1, 3]]		
一切|一切|yi1 qie4~1	0	別擔心，一切都會好起來的。	别担心，一切都会好起来的。	一切	[[4, 6]]		
一半|一半|yi1 ban4~1	0	這本書我只看了一半。	这本书我只看了一半。	一半	[[7, 9]]		
一定|一定|yi1 ding4~1	0	這件事我一定會幫你辦好。	这件事我一定会帮你办好。	一定	[[4, 6]]		
一定|一定|yi1 ding4~2	0	水在一定的條件下會變成冰。	水在一定的条件下会变成冰。	一定	[[2, 4]]		
一定|一定|yi1 ding4~3	0	學好中文要花一定的時間。	学好中文要花一定的时间。	一定	[[6, 8]]		
一家|一家|yi1 jia1~1	0	他們一家都住在南方。	他们一家都住在南方。	一家	[[2, 4]]		
一家|一家|yi1 jia1~2	0	這種看法不過是一家之言。	这种看法不过是一家之言。	一家	[[7, 9]]		
一旦|一旦|yi1 dan4~1	0	一旦下起大雨，比賽就得取消。	一旦下起大雨，比赛就得取消。	一旦	[[0, 2]]	假設	假设
一旦|一旦|yi1 dan4~1	1	他一旦決定了，誰也勸不動。	他一旦决定了，谁也劝不动。	一旦	[[1, 3]]	主語後	主语后
一旦|一旦|yi1 dan4~2	0	多年的積蓄一旦全都沒了。	多年的积蓄一旦全都没了。	一旦	[[5, 7]]		
一樣|一样|yi1 yang4~1	0	這兩件衣服的顏色一樣。	这两件衣服的颜色一样。	一樣	[[8, 10]]		
一生|一生|yi1 sheng1~1	0	他一生都在為教育努力。	他一生都在为教育努力。	一生	[[1, 3]]		
一直|一直|yi1 zhi2~1	0	他從早上一直等到現在。	他从早上一直等到现在。	一直	[[4, 6]]		
一直|一直|yi1 zhi2~2	0	你一直往前走就能看到車站。	你一直往前走就能看到车站。	一直	[[1, 3]]		
一致|一致|yi1 zhi4~1	0	大家的意見很一致。	大家的意见很一致。	一致	[[6, 8]]	形	形
一致|一致|yi1 zhi4~1	1	全場一致通過了這個決定。	全场一致通过了这个决定。	一致	[[2, 4]]	副	副
一般|一般|yi1 ban1~1	0	這部電影拍得很一般。	这部电影拍得很一般。	一般	[[7, 9]]		
一般|一般|yi1 ban1~2	0	他一般七點起床，很少晚起。	他一般七点起床，很少晚起。	一般	[[1, 3]]		
一般|一般|yi1 ban1~3	0	他們兄弟兩人一般高。	他们兄弟两人一般高。	一般	[[6, 8]]		
一起|一起|yi1 qi3~1	0	我們一起去公園走走吧。	我们一起去公园走走吧。	一起	[[2, 4]]	副	副
一起|一起|yi1 qi3~1	1	他們兩個人住在一起。	他们两个人住在一起。	一起	[[7, 9]]	名	名
一起|一起|yi1 qi3~2	0	這三本書一起多少錢？	这三本书一起多少钱？	一起	[[4, 6]]		
一起|一起|yi1 qi3~3	0	昨天這裡發生了一起車禍。	昨天这里发生了一起车祸。	一起	[[7, 9]]		
一點|一点|yi1 dian3~1	0	我今天只喝了一點水。	我今天只喝了一点水。	一點	[[6, 8]]		
一點|一点|yi1 dian3~2	0	請你說得大聲一點。	请你说得大声一点。	一點	[[6, 8]]		
一點|一点|yi1 dian3~3	0	我們約在下午一點見面。	我们约在下午一点见面。	一點	[[6, 8]]		
一點|一点|yi1 dian3~4	0	你說的這一點我完全同意。	你说的这一点我完全同意。	一點	[[4, 6]]		
一點|一点|yi1 dian3~5	0	這個字最後一筆是一點。	这个字最后一笔是一点。	一點	[[8, 10]]		
七|七|qi1~1	0	一個星期有七天。	一个星期有七天。	七	[[5, 6]]		
丈夫|丈夫|zhang4 fu5~1	0	她丈夫在醫院工作。	她丈夫在医院工作。	丈夫	[[1, 3]]		
三|三|san1~1	0	我們三個人一起去看電影。	我们三个人一起去看电影。	三	[[2, 3]]		
三十|三十|san1 shi2~1	0	這個班上有三十個學生。	这个班上有三十个学生。	三十	[[5, 7]]		
上|上|shang4~1	0	快上車，我們要出發了。	快上车，我们要出发了。	上	[[1, 2]]		
上|上|shang4~2	0	弟弟今年開始上小學。	弟弟今年开始上小学。	上	[[6, 7]]		
上|上|shang4~5	0	他一步一步爬上了山頂。	他一步一步爬上了山顶。	上	[[6, 7]]	向高處	向高处
上|上|shang4~5	1	出去的時候請把門關上。	出去的时候请把门关上。	上	[[9, 10]]	結果	结果
上|上|shang4~6	0	桌子上有一杯熱茶。	桌子上有一杯热茶。	上	[[2, 3]]	表面	表面
上|上|shang4~6	1	路上的車子越來越多。	路上的车子越来越多。	上	[[1, 2]]	範圍內	范围内
上|上|shang4~6	2	實際上他早就知道了。	实际上他早就知道了。	上	[[2, 3]]	抽象範圍	抽象范围
上面|上面|shang4 mian4~1	0	桌子上面放著一本書。	桌子上面放着一本书。	上面	[[2, 4]]		
上面|上面|shang4 mian4~2	0	上面說的幾點請大家注意。	上面说的几点请大家注意。	上面	[[0, 2]]		
下|下|xia4~1	0	山下有一個小村子。	山下有一个小村子。	下	[[1, 2]]		
下|下|xia4~2	0	我們先看下一個問題吧。	我们先看下一个问题吧。	下	[[4, 5]]		
下|下|xia4~3	0	車還沒停好，請不要下車。	车还没停好，请不要下车。	下	[[9, 10]]		
下|下|xia4~4	0	外面下著大雨，先別出去了。	外面下着大雨，先别出去了。	下	[[2, 3]]		
下|下|xia4~5	0	他下了決心，明年一定要出國。	他下了决心，明年一定要出国。	下	[[1, 2]]		
下|下|xia4~6	0	走了一天，大家都想坐下休息。	走了一天，大家都想坐下休息。	下	[[10, 11]]	動作向下	动作向下
下|下|xia4~6	1	他在紙上寫下了自己的名字。	他在纸上写下了自己的名字。	下	[[5, 6]]	有了結果	有了结果
下|下|xia4~7	0	她輕輕地敲了三下門。	她轻轻地敲了三下门。	下	[[7, 8]]		
下來|下来|xia4 lai5~1	0	你快點下來，我們要走了。	你快点下来，我们要走了。	下來	[[3, 5]]		
下來|下来|xia4 lai5~2	0	他從樓上一步步走下來。	他从楼上一步步走下来。	下來	[[8, 10]]	動作向下	动作向下
下來|下来|xia4 lai5~2	1	這個命令是上面發下來的。	这个命令是上面发下来的。	下來	[[8, 10]]	由上而下	由上而下
下來|下来|xia4 lai5~3	0	請把他的電話記下來。	请把他的电话记下来。	下來	[[7, 9]]	動作完成	动作完成
下來|下来|xia4 lai5~3	1	車子在門口停下來了。	车子在门口停下来了。	下來	[[6, 8]]	停止不動	停止不动
下來|下来|xia4 lai5~4	0	他一個人堅持下來，真不容易。	他一个人坚持下来，真不容易。	下來	[[6, 8]]	用在動詞後	用在动词后
下來|下来|xia4 lai5~4	1	幾個月下來，他的中文進步了很多。	几个月下来，他的中文进步了很多。	下來	[[3, 5]]	用在時間詞後	用在时间词后
下午|下午|xia4 wu3~1	0	我們下午三點在圖書館見面。	我们下午三点在图书馆见面。	下午	[[2, 4]]		
下降|下降|xia4 jiang4~1	0	這幾天氣溫明顯下降。	这几天气温明显下降。	下降	[[7, 9]]		
下面|下面|xia4 mian4~1	0	小貓躲在車子下面不出來。	小猫躲在车子下面不出来。	下面	[[6, 8]]		
下面|下面|xia4 mian4~2	0	下面請大家看第二段文字。	下面请大家看第二段文字。	下面	[[0, 2]]		
不久|不久|bu4 jiu3~1	0	他走了不久，電話就響了。	他走了不久，电话就响了。	不久	[[3, 5]]		
不僅|不仅|bu4 jin3~1	0	他不僅會說英語，還會說日語。	他不仅会说英语，还会说日语。	不僅	[[1, 3]]	後接還	后接还
不僅|不仅|bu4 jin3~1	1	這種做法不僅浪費時間，而且沒有效果。	这种做法不仅浪费时间，而且没有效果。	不僅	[[4, 6]]	後接而且	后接而且
不僅|不仅|bu4 jin3~1	2	不僅如此，他還親自跑了一趟。	不仅如此，他还亲自跑了一趟。	不僅	[[0, 2]]	不僅如此	不仅如此
不再|不再|bu4 zai4~1	0	他病好了以後不再吃藥。	他病好了以后不再吃药。	不再	[[6, 8]]		
不到|不到|bu4 dao4~1	0	他來這個城市還不到三個月。	他来这个城市还不到三个月。	不到	[[7, 9]]		
不到|不到|bu4 dao4~2	0	我們約好九點見面，可是他一直不到。	我们约好九点见面，可是他一直不到。	不到	[[14, 16]]		
不可|不可|bu4 ke3~1	0	這件事千萬不可告訴別人。	这件事千万不可告诉别人。	不可	[[5, 7]]		
不同|不同|bu4 tong2~1	0	南方和北方的天氣很不同。	南方和北方的天气很不同。	不同	[[9, 11]]		
不少|不少|bu4 shao3~1	0	他這幾年去過不少國家。	他这几年去过不少国家。	不少	[[6, 8]]		
不少|不少|bu4 shao3~1	1	我們班喜歡打球的人不少。	我们班喜欢打球的人不少。	不少	[[9, 11]]		
不得不|不得不|bu4 de2 bu4~1	0	天太晚了，我們不得不回家。	天太晚了，我们不得不回家。	不得不	[[7, 10]]		
不斷|不断|bu4 duan4~1	0	他不斷努力，終於考上了大學。	他不断努力，终于考上了大学。	不斷	[[1, 3]]		
不是|不是|bu4 shi4~1	0	他不是老師，是學生。	他不是老师，是学生。	不是	[[1, 3]]	否定判斷	否定判断
不是|不是|bu4 shi4~1	1	不是我不想去，是實在沒時間。	不是我不想去，是实在没时间。	不是	[[0, 2]]	不是…是…	不是…是…
不是|不是|bu4 shi5~1	0	他昨天向大家賠了個不是。	他昨天向大家赔了个不是。	不是	[[9, 11]]		
不會|不会|bu4 hui4~1	0	我不會游泳，你教我好嗎？	我不会游泳，你教我好吗？	不會	[[1, 3]]		
不會|不会|bu4 hui4~2	0	天氣這麼好，明天不會下雨。	天气这么好，明天不会下雨。	不會	[[8, 10]]		
不會|不会|bu4 hui4~3	0	別人謝我的時候，我總是說不會。	别人谢我的时候，我总是说不会。	不會	[[12, 14]]		
不用|不用|bu4 yong4~1	0	這件事你不用擔心。	这件事你不用担心。	不用	[[4, 6]]		
不知|不知|bu4 zhi1~1	0	我不知他為什麼還沒回來。	我不知他为什么还没回来。	不知	[[1, 3]]		
不知|不知|bu4 zhi1~2	0	他工作起來不知疲倦，常常忙到半夜。	他工作起来不知疲倦，常常忙到半夜。	不知	[[5, 7]]		
不能|不能|bu4 neng2~1	0	我明天有事，不能去看你了。	我明天有事，不能去看你了。	不能	[[6, 8]]		
不能|不能|bu4 neng2~2	0	教室裡不能大聲說話。	教室里不能大声说话。	不能	[[3, 5]]		
不要|不要|bu4 yao4~1	0	你不要太擔心，事情會好起來的。	你不要太担心，事情会好起来的。	不要	[[1, 3]]		
不過|不过|bu4 guo4~1	0	這件衣服很好看，不過有點貴。	这件衣服很好看，不过有点贵。	不過	[[8, 10]]		
不過|不过|bu4 guo4~2	0	他來這裡不過三個月。	他来这里不过三个月。	不過	[[4, 6]]		
不過|不过|bu4 guo4~3	0	這個安排再好不過了。	这个安排再好不过了。	不過	[[6, 8]]		
且|且|qie3~1	0	這個方法簡單且有效，大家都同意。	这个方法简单且有效，大家都同意。	且	[[6, 7]]	並列	并列
且|且|qie3~1	1	這家店東西便宜，且離家很近。	这家店东西便宜，且离家很近。	且	[[8, 9]]	進一步	进一步
且|且|qie3~2	0	你且等一等，我馬上就回來。	你且等一等，我马上就回来。	且	[[1, 2]]	請求	请求
且|且|qie3~3	0	他們且走且談，不久就到了。	他们且走且谈，不久就到了。	且	[[2, 3]]	同時進行	同时进行
世紀|世纪|shi4 ji4~1	0	這座橋是上個世紀建成的。	这座桥是上个世纪建成的。	世紀	[[6, 8]]		
並且|并且|bing4 qie3~1	0	他仔細看了一遍，並且改了幾個字。	他仔细看了一遍，并且改了几个字。	並且	[[8, 10]]	連接動詞短語	连接动词短语
並且|并且|bing4 qie3~1	1	這個辦法很簡單，並且花錢不多。	这个办法很简单，并且花钱不多。	並且	[[8, 10]]	連接小句	连接小句
並非|并非|bing4 fei1~1	0	這件事並非他一個人的錯。	这件事并非他一个人的错。	並非	[[3, 5]]	單用否定	单用否定
並非|并非|bing4 fei1~1	1	問題並非不能解決，而是需要時間。	问题并非不能解决，而是需要时间。	並非	[[2, 4]]	並非…而是	并非…而是
中|中|zhong4~1	0	他第一槍就中了靶心。	他第一枪就中了靶心。	中	[[5, 6]]		
中|中|zhong4~1	1	沒想到我買的彩票真的中了。	没想到我买的彩票真的中了。	中	[[10, 11]]		
中|中|zhong4~2	0	新聞說有人在街上中了一槍。	新闻说有人在街上中了一枪。	中	[[8, 9]]		
中央|中央|zhong1 yang1~1	0	湖的中央有一座小島。	湖的中央有一座小岛。	中央	[[2, 4]]		
中央|中央|zhong1 yang1~2	0	這項政策由中央決定。	这项政策由中央决定。	中央	[[5, 7]]		
中學|中学|zhong1 xue2~1	0	他妹妹今年開始上中學。	他妹妹今年开始上中学。	中學	[[8, 10]]		
中心|中心|zhong1 xin1~1	0	學校就在城市的中心。	学校就在城市的中心。	中心	[[7, 9]]		
中心|中心|zhong1 xin1~2	0	這篇文章的中心是講環境保護。	这篇文章的中心是讲环境保护。	中心	[[5, 7]]		
中心|中心|zhong1 xin1~3	0	這家醫院是本市的醫療中心。	这家医院是本市的医疗中心。	中心	[[10, 12]]		
中間|中间|zhong1 jian1~1	0	他坐在我們兩個人的中間。	他坐在我们两个人的中间。	中間	[[9, 11]]		
中間|中间|zhong1 jian1~2	0	開會中間他出去接了個電話。	开会中间他出去接了个电话。	中間	[[2, 4]]		
主|主|zhu3~2	0	這家店的客人以年輕人為主。	这家店的客人以年轻人为主。	主	[[11, 12]]		
主|主|zhu3~6	0	教堂裡的人一起唱歌讚美主。	教堂里的人一起唱歌赞美主。	主	[[11, 12]]		
主|主|zhu3~7	0	古人相信這樣的夢主吉。	古人相信这样的梦主吉。	主	[[8, 9]]		
主|主|zhu3~8	0	打牌時他手裡的主特別多。	打牌时他手里的主特别多。	主	[[7, 8]]		
主任|主任|zhu3 ren4~1	0	系主任找我談了半小時。	系主任找我谈了半小时。	主任	[[1, 3]]		
主席|主席|zhu3 xi2~1	0	大會主席宣布會議開始。	大会主席宣布会议开始。	主席	[[2, 4]]		
主持|主持|zhu3 chi2~1	0	這次會議由校長主持。	这次会议由校长主持。	主持	[[7, 9]]		
主持|主持|zhu3 chi2~2	0	她主持過很多電視節目。	她主持过很多电视节目。	主持	[[1, 3]]		
主持|主持|zhu3 chi2~3	0	大家都希望有人來主持公道。	大家都希望有人来主持公道。	主持	[[8, 10]]		
主義|主义|zhu3 yi4~1	0	他年輕時相信過這種主義。	他年轻时相信过这种主义。	主義	[[9, 11]]		
主要|主要|zhu3 yao4~1	0	這是他決定離開的主要原因。	这是他决定离开的主要原因。	主要	[[8, 10]]		
主角|主角|zhu3 jue2~1	0	他在這部新電影裡演主角。	他在这部新电影里演主角。	主角	[[9, 11]]		
主題|主题|zhu3 ti2~1	0	這篇文章的主題是環境保護。	这篇文章的主题是环境保护。	主題	[[5, 7]]		
久|久|jiu3~1	0	我們已經很久沒見面了。	我们已经很久没见面了。	久	[[5, 6]]		
之一|之一|zhi1 yi1~1	0	他是我最好的朋友之一。	他是我最好的朋友之一。	之一	[[8, 10]]		
之一|之一|zhi1 yi1~2	0	這本書我只看了三分之一。	这本书我只看了三分之一。	之一	[[9, 11]]		
之下|之下|zhi1 xia4~1	0	在老師的幫助之下，他進步得很快。	在老师的帮助之下，他进步得很快。	之下	[[6, 8]]		
之下|之下|zhi1 xia4~2	0	大樹之下坐著幾個乘涼的老人。	大树之下坐着几个乘凉的老人。	之下	[[2, 4]]		
之下|之下|zhi1 xia4~3	0	他這次的成績在平均分之下。	他这次的成绩在平均分之下。	之下	[[10, 12]]		
之中|之中|zhi1 zhong1~1	0	三個辦法之中，這個最好。	三个办法之中，这个最好。	之中	[[4, 6]]	範圍	范围
之中|之中|zhi1 zhong1~1	1	這件事還在討論之中。	这件事还在讨论之中。	之中	[[7, 9]]	進行	进行
之前|之前|zhi1 qian2~1	0	吃飯之前一定要先洗手。	吃饭之前一定要先洗手。	之前	[[2, 4]]		
之外|之外|zhi1 wai4~1	0	他住在城市之外的一個小村子裡。	他住在城市之外的一个小村子里。	之外	[[5, 7]]		
之外|之外|zhi1 wai4~1	1	除了他之外，大家都同意了。	除了他之外，大家都同意了。	之外	[[3, 5]]		
之後|之后|zhi1 hou4~1	0	下課之後我們一起去吃飯。	下课之后我们一起去吃饭。	之後	[[2, 4]]		
之後|之后|zhi1 hou4~2	0	之後他再也沒有回過那個地方。	之后他再也没有回过那个地方。	之後	[[0, 2]]		
之間|之间|zhi1 jian1~1	0	父母和孩子之間也需要交流。	父母和孩子之间也需要交流。	之間	[[5, 7]]	兩者之間	两者之间
之間|之间|zhi1 jian1~1	1	同事之間應該互相幫助。	同事之间应该互相帮助。	之間	[[2, 4]]	多者之中	多者之中
之間|之间|zhi1 jian1~1	2	他的年齡大概在三十到四十歲之間。	他的年龄大概在三十到四十岁之间。	之間	[[13, 15]]	數量範圍	数量范围
之間|之间|zhi1 jian1~2	0	一夜之間，天氣就冷了下來。	一夜之间，天气就冷了下来。	之間	[[2, 4]]	極短時間	极短时间
乘|乘|cheng2~1	0	我們乘火車去南方。	我们乘火车去南方。	乘	[[2, 3]]		
乘|乘|cheng2~2	0	他乘別人不注意，拿走了東西。	他乘别人不注意，拿走了东西。	乘	[[1, 2]]		
乘|乘|cheng2~3	0	這道題要先乘再加。	这道题要先乘再加。	乘	[[5, 6]]		
乘客|乘客|cheng2 ke4~1	0	車上的乘客都繫好了安全帶。	车上的乘客都系好了安全带。	乘客	[[3, 5]]		
九|九|jiu3~1	0	他每天早上九點上班。	他每天早上九点上班。	九	[[5, 6]]		
也|也|ye3~1	0	他喜歡喝茶，我也喜歡。	他喜欢喝茶，我也喜欢。	也	[[7, 8]]	肯定句	肯定句
也|也|ye3~1	1	我也沒看過這部電影。	我也没看过这部电影。	也	[[1, 2]]	否定句	否定句
也|也|ye3~2	0	這個字連老師也不認識。	这个字连老师也不认识。	也	[[6, 7]]	連…也	连…也
也|也|ye3~2	1	他一句話也沒說就走了。	他一句话也没说就走了。	也	[[4, 5]]	一…也沒	一…也没
也|也|ye3~2	2	即使下雨，我們也要去。	即使下雨，我们也要去。	也	[[7, 8]]	即使…也	即使…也
乾|干|gan1~1	0	衣服曬了一天，已經乾了。	衣服晒了一天，已经干了。	乾	[[9, 10]]		
乾|干|gan1~5	0	他說話太乾，聽的人不舒服。	他说话太干，听的人不舒服。	乾	[[4, 5]]		
亂|乱|luan4~1	0	他的房間又小又亂。	他的房间又小又乱。	亂	[[7, 8]]		
亂|乱|luan4~2	0	你別亂動我的東西。	你别乱动我的东西。	亂	[[2, 3]]		
亂|乱|luan4~3	0	這幾天我心裡很亂，睡不好覺。	这几天我心里很乱，睡不好觉。	亂	[[7, 8]]		
了|了|le5~1	0	他昨天買了三本書。	他昨天买了三本书。	了	[[4, 5]]	完成	完成
了|了|le5~1	1	明天我下了課就去找你。	明天我下了课就去找你。	了	[[4, 5]]	先後	先后
了|了|le5~2	0	天黑了，我們回家吧。	天黑了，我们回家吧。	了	[[2, 3]]	變化	变化
了|了|le5~2	1	你做的菜太好吃了！	你做的菜太好吃了！	了	[[7, 8]]	加強語氣	加强语气
了|了|le5~2	2	你別再說這件事了。	你别再说这件事了。	了	[[7, 8]]	勸止	劝止
了|了|liao3~1	0	我實在受不了這麼吵的地方。	我实在受不了这么吵的地方。	了	[[5, 6]]		
了|了|liao3~3	0	這篇文章寫得平淡，了無新意。	这篇文章写得平淡，了无新意。	了	[[9, 10]]		
了解|了解|liao3 jie3~1	0	我們認識多年，我很了解他。	我们认识多年，我很了解他。	了解	[[9, 11]]		
了解|了解|liao3 jie3~2	0	我先去了解一下這件事。	我先去了解一下这件事。	了解	[[3, 5]]		
事|事|shi4~1	0	這件事我明天再跟你說。	这件事我明天再跟你说。	事	[[2, 3]]		
事|事|shi4~1	1	他今天有事，不能來上課。	他今天有事，不能来上课。	事	[[4, 5]]		
事件|事件|shi4 jian4~1	0	警方正在調查上個月的那起事件。	警方正在调查上个月的那起事件。	事件	[[12, 14]]		
事實|事实|shi4 shi2~1	0	你說的跟事實不同。	你说的跟事实不同。	事實	[[4, 6]]		
事實上|事实上|shi4 shi2 shang4~1	0	他看起來很年輕，事實上已經五十歲了。	他看起来很年轻，事实上已经五十岁了。	事實上	[[8, 11]]		
事情|事情|shi4 qing5~1	0	這件事情我已經處理好了。	这件事情我已经处理好了。	事情	[[2, 4]]		
事故|事故|shi4 gu4~1	0	那條路上昨天發生了一起交通事故。	那条路上昨天发生了一起交通事故。	事故	[[13, 15]]		
事業|事业|shi4 ye4~1	0	她三十歲就有了自己的事業。	她三十岁就有了自己的事业。	事業	[[10, 12]]		
事業|事业|shi4 ye4~1	1	他把一生獻給了教育事業。	他把一生献给了教育事业。	事業	[[9, 11]]		
二|二|er4~1	0	我住在二樓，他住在三樓。	我住在二楼，他住在三楼。	二	[[3, 4]]		
二|二|er4~2	0	他這個人有點兒二。	他这个人有点儿二。	二	[[7, 8]]		
二十|二十|er4 shi2~1	0	這個班一共有二十個學生。	这个班一共有二十个学生。	二十	[[6, 8]]		
互相|互相|hu4 xiang1~1	0	同學之間應該互相幫助。	同学之间应该互相帮助。	互相	[[6, 8]]		
五|五|wu3~1	0	他們一家五口住在城裡。	他们一家五口住在城里。	五	[[4, 5]]		
井|井|jing3~1	0	村子裡的那口井已經乾了。	村子里的那口井已经干了。	井	[[6, 7]]		
些|些|xie1~1	0	我在市場買了一些水果。	我在市场买了一些水果。	些	[[7, 8]]		
交|交|jiao1~1	0	請把這份報告交給老師。	请把这份报告交给老师。	交	[[6, 7]]		
交|交|jiao1~2	0	他在學校交了很多好朋友。	他在学校交了很多好朋友。	交	[[4, 5]]		
交|交|jiao1~3	0	圖上這兩條線交於一點。	图上这两条线交于一点。	交	[[6, 7]]		
交換|交换|jiao1 huan4~1	0	我們見面時交換了電話號碼。	我们见面时交换了电话号码。	交換	[[5, 7]]		
交換|交换|jiao1 huan4~2	0	這套設備能把信號交換到別的線路。	这套设备能把信号交换到别的线路。	交換	[[8, 10]]		
交換|交换|jiao1 huan4~3	0	加法的兩個數是可以交換的。	加法的两个数是可以交换的。	交換	[[9, 11]]		
交易|交易|jiao1 yi4~1	0	他們用手機在網上交易。	他们用手机在网上交易。	交易	[[8, 10]]	動	动
交易|交易|jiao1 yi4~1	1	這筆交易對雙方都有好處。	这笔交易对双方都有好处。	交易	[[2, 4]]	名	名
交流|交流|jiao1 liu2~1	0	我們應該多交流意見。	我们应该多交流意见。	交流	[[5, 7]]	動	动
交流|交流|jiao1 liu2~1	1	兩國之間的文化交流越來越多。	两国之间的文化交流越来越多。	交流	[[7, 9]]	名	名
交通|交通|jiao1 tong1~1	0	這座城市的交通很方便。	这座城市的交通很方便。	交通	[[5, 7]]		
交通|交通|jiao1 tong1~2	0	這幾條水路彼此交通，來往的船很多。	这几条水路彼此交通，来往的船很多。	交通	[[7, 9]]		
亮|亮|liang4~1	0	太陽出來了，外面很亮。	太阳出来了，外面很亮。	亮	[[9, 10]]		
亮|亮|liang4~2	0	前面的路燈突然亮了。	前面的路灯突然亮了。	亮	[[7, 8]]		
亮|亮|liang4~3	0	這個孩子的聲音又高又亮。	这个孩子的声音又高又亮。	亮	[[10, 11]]		
亮|亮|liang4~4	0	他向警察亮出了自己的證件。	他向警察亮出了自己的证件。	亮	[[4, 5]]		
人們|人们|ren2 men5~1	0	這件事讓人們感到十分意外。	这件事让人们感到十分意外。	人們	[[4, 6]]		
人口|人口|ren2 kou3~1	0	這個城市的人口越來越多。	这个城市的人口越来越多。	人口	[[5, 7]]		
人員|人员|ren2 yuan2~1	0	無關人員請不要進入實驗室。	无关人员请不要进入实验室。	人員	[[2, 4]]		
人士|人士|ren2 shi4~1	0	這次會議來了不少各界人士。	这次会议来了不少各界人士。	人士	[[10, 12]]		
人數|人数|ren2 shu4~1	0	開會的人數比上次少了很多。	开会的人数比上次少了很多。	人數	[[3, 5]]		
人民|人民|ren2 min2~1	0	政府應該為人民做更多的事。	政府应该为人民做更多的事。	人民	[[5, 7]]		
人物|人物|ren2 wu4~1	0	他是我們公司很重要的人物。	他是我们公司很重要的人物。	人物	[[10, 12]]		
人物|人物|ren2 wu4~2	0	這部小說裡的人物都很真實。	这部小说里的人物都很真实。	人物	[[6, 8]]		
人物|人物|ren2 wu4~3	0	他畫山水，也畫人物。	他画山水，也画人物。	人物	[[7, 9]]		
人生|人生|ren2 sheng1~1	0	人生總會遇到一些困難。	人生总会遇到一些困难。	人生	[[0, 2]]		
人類|人类|ren2 lei4~1	0	火的使用改變了人類的生活。	火的使用改变了人类的生活。	人類	[[7, 9]]		
什麼|什么|shen2 me5~1	0	你們昨天談了什麼？	你们昨天谈了什么？	什麼	[[6, 8]]		
什麼|什么|shen2 me5~2	0	我有點餓，想吃點什麼。	我有点饿，想吃点什么。	什麼	[[8, 10]]		
什麼|什么|shen2 me5~2	1	他什麼都不肯說。	他什么都不肯说。	什麼	[[1, 3]]		
今天|今天|jin1 tian1~1	0	今天下午我要去醫院看朋友。	今天下午我要去医院看朋友。	今天	[[0, 2]]		
今天|今天|jin1 tian1~2	0	今天的科技發展得非常快。	今天的科技发展得非常快。	今天	[[0, 2]]		
介紹|介绍|jie4 shao4~1	0	我來給你們介紹一下。	我来给你们介绍一下。	介紹	[[5, 7]]		
介紹|介绍|jie4 shao4~2	0	老師向我們介紹了學校的歷史。	老师向我们介绍了学校的历史。	介紹	[[5, 7]]	動	动
介紹|介绍|jie4 shao4~2	1	這本書的內容介紹很清楚。	这本书的内容介绍很清楚。	介紹	[[6, 8]]	名	名
仍|仍|reng2~1	0	過了這麼久，他仍不肯原諒我。	过了这么久，他仍不肯原谅我。	仍	[[7, 8]]		
仍然|仍然|reng2 ran2~1	0	這件事過了很久，他仍然記得很清楚。	这件事过了很久，他仍然记得很清楚。	仍然	[[9, 11]]		
他|他|ta1~1	0	他是我最好的朋友。	他是我最好的朋友。	他	[[0, 1]]		
他人|他人|ta1 ren2~1	0	我們不應該把責任推給他人。	我们不应该把责任推给他人。	他人	[[10, 12]]		
他們|他们|ta1 men5~1	0	他們昨天一起去看電影了。	他们昨天一起去看电影了。	他們	[[0, 2]]		
代|代|dai4~2	0	今天老師病了，由我代他上課。	今天老师病了，由我代他上课。	代	[[9, 10]]		
代|代|dai4~3	0	他們家三代都住在這條街上。	他们家三代都住在这条街上。	代	[[4, 5]]		
代表|代表|dai4 biao3~1	0	他代表全班向老師道謝。	他代表全班向老师道谢。	代表	[[1, 3]]	動	动
代表|代表|dai4 biao3~1	1	我們選他當學生代表。	我们选他当学生代表。	代表	[[7, 9]]	名	名
代表|代表|dai4 biao3~2	0	白色在這裡代表和平。	白色在这里代表和平。	代表	[[5, 7]]		
令|令|ling3~1	0	這家公司一次買了三令紙。	这家公司一次买了三令纸。	令	[[9, 10]]		
令|令|ling4~2	0	這個消息令人非常高興。	这个消息令人非常高兴。	令	[[4, 5]]		
以|以|yi3~1	0	他以最快的速度跑到學校。	他以最快的速度跑到学校。	以	[[1, 2]]	方式	方式
以|以|yi3~1	1	學生的名單以成績高低排列。	学生的名单以成绩高低排列。	以	[[5, 6]]	根據	根据
以|以|yi3~1	2	這座城市以美食聞名。	这座城市以美食闻名。	以	[[4, 5]]	原因	原因
以|以|yi3~3	0	工廠改用機器生產，以提高速度。	工厂改用机器生产，以提高速度。	以	[[9, 10]]	目的	目的
以上|以上|yi3 shang4~1	0	這個活動只接受十八歲以上的人參加。	这个活动只接受十八岁以上的人参加。	以上	[[10, 12]]		
以上|以上|yi3 shang4~2	0	以上是我今天要說的內容。	以上是我今天要说的内容。	以上	[[0, 2]]		
以下|以下|yi3 xia4~1	0	這次考試六十分以下的都要重考。	这次考试六十分以下的都要重考。	以下	[[7, 9]]		
以下|以下|yi3 xia4~2	0	以下是這次會議的主要內容。	以下是这次会议的主要内容。	以下	[[0, 2]]		
以來|以来|yi3 lai2~1	0	三月以來，他一直住在學校。	三月以来，他一直住在学校。	以來	[[2, 4]]	時間詞後	时间词后
以來|以来|yi3 lai2~1	1	自從搬到這裡以來，我們常常見面。	自从搬到这里以来，我们常常见面。	以來	[[6, 8]]	自從…以來	自从…以来
以前|以前|yi3 qian2~1	0	我以前在這裡工作過。	我以前在这里工作过。	以前	[[1, 3]]		
以前|以前|yi3 qian2~1	1	睡覺以前記得關門。	睡觉以前记得关门。	以前	[[2, 4]]		
以及|以及|yi3 ji2~1	0	桌上放著書、報紙以及幾支筆。	桌上放着书、报纸以及几支笔。	以及	[[8, 10]]	列舉多項	列举多项
以及|以及|yi3 ji2~1	1	這次會議討論了經濟以及教育的問題。	这次会议讨论了经济以及教育的问题。	以及	[[9, 11]]	連接兩項	连接两项
以外|以外|yi3 wai4~1	0	這條路一公里以外就是海邊。	这条路一公里以外就是海边。	以外	[[6, 8]]	範圍之外	范围之外
以外|以外|yi3 wai4~1	1	除了小王以外，大家都到了。	除了小王以外，大家都到了。	以外	[[4, 6]]	除了…以外	除了…以外
以後|以后|yi3 hou4~1	0	下班以後我去看了朋友。	下班以后我去看了朋友。	以後	[[2, 4]]		
以後|以后|yi3 hou4~1	1	以後我想到南方工作。	以后我想到南方工作。	以後	[[0, 2]]		
以為|以为|yi3 wei2~1	0	我以為你今天不來了。	我以为你今天不来了。	以為	[[1, 3]]		
以為|以为|yi3 wei2~1	1	大家都以為他還在國外。	大家都以为他还在国外。	以為	[[3, 5]]		
件|件|jian4~1	0	他昨天買了三件新衣服。	他昨天买了三件新衣服。	件	[[6, 7]]		
任|任|ren4~2	0	他任經理已經三年了。	他任经理已经三年了。	任	[[1, 2]]		
任|任|ren4~4	0	剩下的事就任他自己決定。	剩下的事就任他自己决定。	任	[[5, 6]]		
任|任|ren4~5	0	他是這所學校的第五任校長。	他是这所学校的第五任校长。	任	[[9, 10]]		
任|任|ren4~6	0	任誰都看得出這是假的。	任谁都看得出这是假的。	任	[[0, 1]]	任誰都	任谁都
任|任|ren4~6	1	任你怎麼問，他都不肯說。	任你怎么问，他都不肯说。	任	[[0, 1]]	任你怎麼	任你怎么
任何|任何|ren4 he2~1	0	任何人都不能進入這個房間。	任何人都不能进入这个房间。	任何	[[0, 2]]		
任務|任务|ren4 wu5~1	0	他順利完成了這次的任務。	他顺利完成了这次的任务。	任務	[[9, 11]]		
份|份|fen4~1	0	他送了我一份生日禮物。	他送了我一份生日礼物。	份	[[5, 6]]		
企業|企业|qi3 ye4~1	0	這家企業有兩千多名員工。	这家企业有两千多名员工。	企業	[[2, 4]]		
估計|估计|gu1 ji4~1	0	他估計了一下修車要多少錢。	他估计了一下修车要多少钱。	估計	[[1, 3]]		
估計|估计|gu1 ji4~2	0	估計他今天不會來了。	估计他今天不会来了。	估計	[[0, 2]]		
似乎|似乎|si4 hu1~1	0	他似乎不太願意去。	他似乎不太愿意去。	似乎	[[1, 3]]		
但|但|dan4~1	0	這件衣服很好看，但太貴了。	这件衣服很好看，但太贵了。	但	[[8, 9]]	轉折	转折
但|但|dan4~1	1	雖然下著雨，但他還是來了。	虽然下着雨，但他还是来了。	但	[[6, 7]]	雖然…但…	虽然…但…
但是|但是|dan4 shi4~1	0	雖然他很忙，但是每天都運動。	虽然他很忙，但是每天都运动。	但是	[[6, 8]]	雖然…但是	虽然…但是
但是|但是|dan4 shi4~1	1	我很想去，但是沒有時間。	我很想去，但是没有时间。	但是	[[5, 7]]	單用	单用
位|位|wei4~2	0	昨天家裡來了三位客人。	昨天家里来了三位客人。	位	[[7, 8]]		
位|位|wei4~3	0	他的手機號碼是十一位數。	他的手机号码是十一位数。	位	[[9, 10]]		
位於|位于|wei4 yu2~1	0	這座圖書館位於學校的東邊。	这座图书馆位于学校的东边。	位於	[[5, 7]]		
位置|位置|wei4 zhi5~1	0	請把桌子放回原來的位置。	请把桌子放回原来的位置。	位置	[[9, 11]]		
位置|位置|wei4 zhi5~1	1	請問這個位置有人坐嗎？	请问这个位置有人坐吗？	位置	[[4, 6]]		
低|低|di1~1	0	這家店的東西價錢都很低。	这家店的东西价钱都很低。	低	[[10, 11]]		
低|低|di1~1	1	這間房子的屋頂很低。	这间房子的屋顶很低。	低	[[8, 9]]		
低|低|di1~2	0	他低著頭，一句話也不說。	他低着头，一句话也不说。	低	[[1, 2]]		
住|住|zhu4~1	0	我在這裡住了三年。	我在这里住了三年。	住	[[4, 5]]		
作|作|zuo1~2	0	你別再作了，大家都累了。	你别再作了，大家都累了。	作	[[3, 4]]		
作|作|zuo4~1	0	公司決定作一次全面的調查。	公司决定作一次全面的调查。	作	[[4, 5]]		
作|作|zuo4~2	0	這首詩是他年輕時作的。	这首诗是他年轻时作的。	作	[[8, 9]]		
作出|作出|zuo4 chu1~1	0	公司對這件事作出了正式的說明。	公司对这件事作出了正式的说明。	作出	[[6, 8]]		
作品|作品|zuo4 pin3~1	0	這位作家的作品很受歡迎。	这位作家的作品很受欢迎。	作品	[[5, 7]]		
作家|作家|zuo4 jia1~1	0	這位作家寫過很多小說。	这位作家写过很多小说。	作家	[[2, 4]]		
作戰|作战|zuo4 zhan4~1	0	部隊在山區作戰了三個月。	部队在山区作战了三个月。	作戰	[[5, 7]]		
作為|作为|zuo4 wei2~1	0	作為老師，他非常關心學生。	作为老师，他非常关心学生。	作為	[[0, 2]]		
作為|作为|zuo4 wei2~2	0	他把這次失敗作為教訓。	他把这次失败作为教训。	作為	[[6, 8]]		
作為|作为|zuo4 wei2~3	0	他這種作為讓大家很失望。	他这种作为让大家很失望。	作為	[[3, 5]]		
作為|作为|zuo4 wei2~4	0	他在工作上很有作為。	他在工作上很有作为。	作為	[[7, 9]]		
作用|作用|zuo4 yong4~1	0	這次談話起了很大的作用。	这次谈话起了很大的作用。	作用	[[9, 11]]		
作用|作用|zuo4 yong4~2	0	新藥主要作用於神經。	新药主要作用于神经。	作用	[[4, 6]]		
作者|作者|zuo4 zhe3~1	0	這本書的作者是一位老師。	这本书的作者是一位老师。	作者	[[4, 6]]		
你|你|ni3~1	0	你今天怎麼這麼高興？	你今天怎么这么高兴？	你	[[0, 1]]		
你們|你们|ni3 men5~1	0	你們什麼時候出發？	你们什么时候出发？	你們	[[0, 2]]		
使|使|shi3~5	0	這次成功使他更有信心。	这次成功使他更有信心。	使	[[4, 5]]		
使|使|shi3~6	0	孩子已經會使筷子了。	孩子已经会使筷子了。	使	[[5, 6]]		
使得|使得|shi3 de5~1	0	這場大雨使得比賽只好取消。	这场大雨使得比赛只好取消。	使得	[[4, 6]]		
使得|使得|shi3 de5~2	0	你這個主意使得，就這麼辦吧。	你这个主意使得，就这么办吧。	使得	[[5, 7]]		
使用|使用|shi3 yong4~1	0	使用這種工具要特別小心。	使用这种工具要特别小心。	使用	[[0, 2]]		
來|来|lai2~1	0	明天你來我家吃飯，好嗎？	明天你来我家吃饭，好吗？	來	[[3, 4]]		
來|来|lai2~2	0	你把那本書拿來給我。	你把那本书拿来给我。	來	[[6, 7]]	動詞後	动词后
來|来|lai2~2	1	他從外面走進來了。	他从外面走进来了。	來	[[6, 7]]	進出回後	进出回后
來|来|lai2~3	0	這件事我來，你休息吧。	这件事我来，你休息吧。	來	[[4, 5]]		
來|来|lai2~4	0	他用畫畫來表達自己的感情。	他用画画来表达自己的感情。	來	[[4, 5]]	用…來…	用…来…
來|来|lai2~4	1	請大家想個辦法來解決。	请大家想个办法来解决。	來	[[7, 8]]	動詞之間	动词之间
來|来|lai2~5	0	這幾年來，村子的變化很大。	这几年来，村子的变化很大。	來	[[3, 4]]	年來	年来
來|来|lai2~5	1	他長期以來都很關心家人。	他长期以来都很关心家人。	來	[[4, 5]]	以來	以来
來|来|lai2~6	0	他們兩個很談得來。	他们两个很谈得来。	來	[[7, 8]]	得來	得来
來|来|lai2~6	1	這種辣的菜我吃不來。	这种辣的菜我吃不来。	來	[[8, 9]]	不來	不来
來|来|lai2~7	0	他今年已經五十來歲了。	他今年已经五十来岁了。	來	[[7, 8]]	整數後	整数后
來到|来到|lai2 dao4~1	0	我們走了很久，終於來到了山下。	我们走了很久，终于来到了山下。	來到	[[9, 11]]		
來源|来源|lai2 yuan2~1	0	這條消息的來源很可靠。	这条消息的来源很可靠。	來源	[[5, 7]]		
來自|来自|lai2 zi4~1	0	他來自一個很小的村子。	他来自一个很小的村子。	來自	[[1, 3]]		
例如|例如|li4 ru2~1	0	他喜歡運動，例如游泳和跑步。	他喜欢运动，例如游泳和跑步。	例如	[[6, 8]]		
供|供|gong1~1	0	這座圖書館供學生免費使用。	这座图书馆供学生免费使用。	供	[[5, 6]]		
供|供|gong4~1	0	他家每天早上都供祖先。	他家每天早上都供祖先。	供	[[7, 8]]		
依|依|yi1~1	0	依我看，這件事還要再想想。	依我看，这件事还要再想想。	依	[[0, 1]]		
依|依|yi1~3	0	這件事就依你的意思吧。	这件事就依你的意思吧。	依	[[4, 5]]		
依然|依然|yi1 ran2~1	0	二十年過去了，那家小店依然開著。	二十年过去了，那家小店依然开着。	依然	[[11, 13]]		
便|便|bian4~2	0	他說完這句話便走了。	他说完这句话便走了。	便	[[6, 7]]		
係|系|xi4~2	0	他說的話確係事實。	他说的话确系事实。	係	[[5, 6]]		
保|保|bao3~1	0	他想辦法保住了自己的工作。	他想办法保住了自己的工作。	保	[[4, 5]]		
保|保|bao3~2	0	你按我說的做，我保你不會出錯。	你按我说的做，我保你不会出错。	保	[[8, 9]]		
保存|保存|bao3 cun2~1	0	這些照片我保存了很多年。	这些照片我保存了很多年。	保存	[[5, 7]]		
保持|保持|bao3 chi2~1	0	運動可以幫助我們保持健康。	运动可以帮助我们保持健康。	保持	[[8, 10]]		
保留|保留|bao3 liu2~1	0	這座老房子保留了當時的樣子。	这座老房子保留了当时的样子。	保留	[[5, 7]]		
保留|保留|bao3 liu2~2	0	他對這個結果保留意見。	他对这个结果保留意见。	保留	[[6, 8]]		
保證|保证|bao3 zheng4~1	0	我保證明天一定把書還給你。	我保证明天一定把书还给你。	保證	[[1, 3]]	動	动
保證|保证|bao3 zheng4~1	1	好的習慣是身體健康的保證。	好的习惯是身体健康的保证。	保證	[[10, 12]]	名	名
保護|保护|bao3 hu4~1	0	父母都會保護自己的孩子。	父母都会保护自己的孩子。	保護	[[4, 6]]	動	动
保護|保护|bao3 hu4~1	1	這些動物需要更好的保護。	这些动物需要更好的保护。	保護	[[9, 11]]	名	名
信|信|xin4~1	0	我昨天收到一封他寫的信。	我昨天收到一封他写的信。	信	[[10, 11]]		
信|信|xin4~2	0	這件事你信我，我不會騙你。	这件事你信我，我不会骗你。	信	[[4, 5]]		
信|信|xin4~3	0	他信佛已經很多年了。	他信佛已经很多年了。	信	[[1, 2]]		
信仰|信仰|xin4 yang3~1	0	他從小就信仰佛教。	他从小就信仰佛教。	信仰	[[4, 6]]	動	动
信仰|信仰|xin4 yang3~1	1	每個人都有選擇信仰的自由。	每个人都有选择信仰的自由。	信仰	[[7, 9]]	名	名
信任|信任|xin4 ren4~1	0	大家都很信任這位新來的老師。	大家都很信任这位新来的老师。	信任	[[4, 6]]		
信息|信息|xin4 xi1~1	0	他手機上收到一條重要信息。	他手机上收到一条重要信息。	信息	[[10, 12]]		
信號|信号|xin4 hao4~1	0	這裡的手機信號很不好。	这里的手机信号很不好。	信號	[[5, 7]]		
修|修|xiu1~1	0	我的手機壞了，明天拿去修。	我的手机坏了，明天拿去修。	修	[[11, 12]]		
修|修|xiu1~2	0	村裡正在修一條新路。	村里正在修一条新路。	修	[[4, 5]]		
修|修|xiu1~3	0	她每個月都去修指甲。	她每个月都去修指甲。	修	[[6, 7]]		
修|修|xiu1~4	0	這學期我修了三門課。	这学期我修了三门课。	修	[[4, 5]]		
俱樂部|俱乐部|ju4 le4 bu4~1	0	他每個星期都去足球俱樂部練習。	他每个星期都去足球俱乐部练习。	俱樂部	[[9, 12]]		
個人|个人|ge4 ren2~1	0	這是我個人的意見。	这是我个人的意见。	個人	[[3, 5]]		
倍|倍|bei4~1	0	今年的產量是去年的三倍。	今年的产量是去年的三倍。	倍	[[10, 11]]		
們|们|men5~1	0	我們明天一起去看電影。	我们明天一起去看电影。	們	[[1, 2]]	接在代詞後	接在代词后
們|们|men5~1	1	老師們都很關心學生。	老师们都很关心学生。	們	[[2, 3]]	接在名詞後	接在名词后
倒|倒|dao3~1	0	他被人推了一下，倒在地上。	他被人推了一下，倒在地上。	倒	[[8, 9]]		
倒|倒|dao3~2	0	那家小店去年就倒了。	那家小店去年就倒了。	倒	[[7, 8]]		
倒|倒|dao3~3	0	我得倒一次車才能到。	我得倒一次车才能到。	倒	[[2, 3]]		
倒|倒|dao4~1	0	他給客人倒了一杯茶。	他给客人倒了一杯茶。	倒	[[4, 5]]		
倒|倒|dao4~2	0	這張畫好像掛倒了。	这张画好像挂倒了。	倒	[[6, 7]]		
倒|倒|dao4~3	0	你把車往後倒一點。	你把车往后倒一点。	倒	[[5, 6]]		
倒|倒|dao4~4	0	他年紀不大，倒懂得不少。	他年纪不大，倒懂得不少。	倒	[[6, 7]]	出乎意料	出乎意料
倒|倒|dao4~4	1	這件衣服倒不貴，只是不好看。	这件衣服倒不贵，只是不好看。	倒	[[4, 5]]	轉折	转折
倒|倒|dao4~4	2	你倒是快說啊，別等了。	你倒是快说啊，别等了。	倒	[[1, 2]]	催促	催促
借|借|jie4~1	0	我向同學借了一本書。	我向同学借了一本书。	借	[[4, 5]]		
借|借|jie4~2	0	他上個月借給我不少錢。	他上个月借给我不少钱。	借	[[4, 5]]		
借|借|jie4~3	0	他借這次機會向大家表示感謝。	他借这次机会向大家表示感谢。	借	[[1, 2]]	動	动
借|借|jie4~3	1	我們借著月光走回家。	我们借着月光走回家。	借	[[2, 3]]	介	介
值|值|zhi2~1	0	這輛車還值十萬塊嗎？	这辆车还值十万块吗？	值	[[4, 5]]		
值|值|zhi2~2	0	電腦算出來的值不太對。	电脑算出来的值不太对。	值	[[6, 7]]		
值|值|zhi2~4	0	正值下班時間，路上的車特別多。	正值下班时间，路上的车特别多。	值	[[1, 2]]		
值得|值得|zhi2 de5~1	0	這本書很值得看一遍。	这本书很值得看一遍。	值得	[[4, 6]]		
假|假|jia3~1	0	他說的話都是假的。	他说的话都是假的。	假	[[6, 7]]		
假|假|jia4~1	0	這個週末我要請兩天假。	这个周末我要请两天假。	假	[[9, 10]]		
假設|假设|jia3 she4~1	0	我們假設這句話是對的。	我们假设这句话是对的。	假設	[[2, 4]]	動	动
假設|假设|jia3 she4~1	1	假設明天下雨，比賽就取消。	假设明天下雨，比赛就取消。	假設	[[0, 2]]	連	连
假設|假设|jia3 she4~2	0	這個假設還需要進一步證明。	这个假设还需要进一步证明。	假設	[[2, 4]]		
偉大|伟大|wei3 da4~1	0	他是一位偉大的科學家。	他是一位伟大的科学家。	偉大	[[4, 6]]		
做|做|zuo4~1	0	媽媽用這塊布做了一件衣服。	妈妈用这块布做了一件衣服。	做	[[6, 7]]		
做|做|zuo4~2	0	哥哥在一家公司做管理工作。	哥哥在一家公司做管理工作。	做	[[7, 8]]		
做|做|zuo4~3	0	他一直想做一名醫生。	他一直想做一名医生。	做	[[4, 5]]		
做|做|zuo4~4	0	這間屋子現在做倉庫用。	这间屋子现在做仓库用。	做	[[6, 7]]		
做|做|zuo4~5	0	他做出一副很生氣的樣子。	他做出一副很生气的样子。	做	[[1, 2]]		
做出|做出|zuo4 chu1~1	0	他很快就做出了決定。	他很快就做出了决定。	做出	[[4, 6]]		
停|停|ting2~1	0	雨停了，我們出去走走吧。	雨停了，我们出去走走吧。	停	[[1, 2]]		
停|停|ting2~2	0	他把車停在學校門口。	他把车停在学校门口。	停	[[3, 4]]		
停止|停止|ting2 zhi3~1	0	醫生要他停止吃這種藥。	医生要他停止吃这种药。	停止	[[4, 6]]		
健康|健康|jian4 kang1~1	0	他每天運動，身體很健康。	他每天运动，身体很健康。	健康	[[9, 11]]	形	形
健康|健康|jian4 kang1~1	1	他很注意自己的健康。	他很注意自己的健康。	健康	[[7, 9]]	名	名
側|侧|ce4~1	0	馬路兩側種滿了大樹。	马路两侧种满了大树。	側	[[3, 4]]		
側|侧|ce4~2	0	他側著身子從人群中走了過去。	他侧着身子从人群中走了过去。	側	[[1, 2]]		
側|侧|zhai1~1	0	他側歪著身子靠在門上。	他侧歪着身子靠在门上。	側	[[1, 2]]		
偵探|侦探|zhen1 tan4~1	0	那位偵探很快就找到了關鍵線索。	那位侦探很快就找到了关键线索。	偵探	[[2, 4]]		
偶像|偶像|ou3 xiang4~1	0	這位歌手是很多年輕人的偶像。	这位歌手是很多年轻人的偶像。	偶像	[[11, 13]]		
傳|传|chuan2~1	0	請把這本書傳給後面的人。	请把这本书传给后面的人。	傳	[[5, 6]]		
傳|传|chuan2~2	0	這件事很快就在學校裡傳開了。	这件事很快就在学校里传开了。	傳	[[10, 11]]		
傳|传|chuan2~3	0	天冷的時候，感冒傳得特別快。	天冷的时候，感冒传得特别快。	傳	[[8, 9]]		
傳|传|chuan2~4	0	這種材料不容易傳熱。	这种材料不容易传热。	傳	[[7, 8]]		
傳統|传统|chuan2 tong3~1	0	過年時全家一起吃飯是我們的傳統。	过年时全家一起吃饭是我们的传统。	傳統	[[13, 15]]	名	名
傳統|传统|chuan2 tong3~1	1	這家店賣的都是傳統點心。	这家店卖的都是传统点心。	傳統	[[7, 9]]	形	形
傳說|传说|chuan2 shuo1~1	0	這個地方有很多美麗的傳說。	这个地方有很多美丽的传说。	傳說	[[10, 12]]		
傳說|传说|chuan2 shuo1~2	0	傳說這裡以前是一片大海。	传说这里以前是一片大海。	傳說	[[0, 2]]		
傷|伤|shang1~1	0	他在比賽中傷了腳。	他在比赛中伤了脚。	傷	[[5, 6]]		
傷|伤|shang1~2	0	他腿上的傷已經好了。	他腿上的伤已经好了。	傷	[[4, 5]]		
傷害|伤害|shang1 hai4~1	0	這些話深深傷害了她。	这些话深深伤害了她。	傷害	[[5, 7]]		
僅|仅|jin3~1	0	這場比賽僅三個人報名。	这场比赛仅三个人报名。	僅	[[4, 5]]	用在數量前	用在数量前
僅|仅|jin3~1	1	他僅說了一句話就走了。	他仅说了一句话就走了。	僅	[[1, 2]]	用在動詞前	用在动词前
像|像|xiang4~1	0	他長得很像他媽媽。	他长得很像他妈妈。	像	[[4, 5]]		
像|像|xiang4~2	0	外面很安靜，像沒有人在家。	外面很安静，像没有人在家。	像	[[6, 7]]		
像|像|xiang4~3	0	像跑步、游泳這樣的運動很適合他。	像跑步、游泳这样的运动很适合他。	像	[[0, 1]]		
價值|价值|jia4 zhi2~1	0	這項研究有很高的科學價值。	这项研究有很高的科学价值。	價值	[[10, 12]]		
價值|价值|jia4 zhi2~2	0	這些傳統價值值得保留。	这些传统价值值得保留。	價值	[[4, 6]]		
價格|价格|jia4 ge2~1	0	這家店的水果價格很便宜。	这家店的水果价格很便宜。	價格	[[6, 8]]		
儀式|仪式|yi2 shi4~1	0	婚禮的儀式在下午三點開始。	婚礼的仪式在下午三点开始。	儀式	[[3, 5]]		
億|亿|yi4~1	0	這座橋花了十幾億元。	这座桥花了十几亿元。	億	[[7, 8]]		
儘管|尽管|jin3 guan3~1	0	儘管下著大雨，他還是準時到了。	尽管下着大雨，他还是准时到了。	儘管	[[0, 2]]	後接還是	后接还是
儘管|尽管|jin3 guan3~1	1	這件事很難，儘管如此，我們也要試試。	这件事很难，尽管如此，我们也要试试。	儘管	[[6, 8]]	儘管如此	尽管如此
儘管|尽管|jin3 guan3~2	0	有什麼問題，儘管來問我。	有什么问题，尽管来问我。	儘管	[[6, 8]]	請人開口	请人开口
儘管|尽管|jin3 guan3~2	1	你儘管去做，出了事我負責。	你尽管去做，出了事我负责。	儘管	[[1, 3]]	放心去做	放心去做
優勢|优势|you1 shi4~1	0	這家公司在技術上很有優勢。	这家公司在技术上很有优势。	優勢	[[10, 12]]		
優秀|优秀|you1 xiu4~1	0	她是班上最優秀的學生。	她是班上最优秀的学生。	優秀	[[5, 7]]		
允許|允许|yun3 xu3~1	0	老師不允許我們上課用手機。	老师不允许我们上课用手机。	允許	[[3, 5]]		
元|元|yuan2~1	0	這件衣服要八百元。	这件衣服要八百元。	元	[[7, 8]]		
元素|元素|yuan2 su4~1	0	這件衣服加入了不少中國元素。	这件衣服加入了不少中国元素。	元素	[[11, 13]]		
元素|元素|yuan2 su4~2	0	水是由兩種元素組成的。	水是由两种元素组成的。	元素	[[5, 7]]		
元素|元素|yuan2 su4~3	0	這個集合一共有五個元素。	这个集合一共有五个元素。	元素	[[9, 11]]		
兄弟|兄弟|xiong1 di4~1	0	他們兄弟兩個長得很像。	他们兄弟两个长得很像。	兄弟	[[2, 4]]		
兄弟|兄弟|xiong1 di4~2	0	他上面有個哥哥，下面有個兄弟。	他上面有个哥哥，下面有个兄弟。	兄弟	[[12, 14]]		
兄弟|兄弟|xiong1 di4~3	0	這兩所學校是兄弟學校。	这两所学校是兄弟学校。	兄弟	[[6, 8]]		
兄弟|兄弟|xiong1 di4~4	0	這件事，兄弟我一定幫忙。	这件事，兄弟我一定帮忙。	兄弟	[[4, 6]]		
充滿|充满|chong1 man3~1	0	孩子們的臉上充滿了快樂。	孩子们的脸上充满了快乐。	充滿	[[6, 8]]		
先|先|xian1~1	0	你先走，我馬上就來。	你先走，我马上就来。	先	[[1, 2]]		
先|先|xian1~2	0	這件事先放著，明天再處理。	这件事先放着，明天再处理。	先	[[3, 4]]		
先|先|xian1~3	0	他先是不同意，後來又答應了。	他先是不同意，后来又答应了。	先	[[1, 2]]		
先生|先生|xian1 sheng5~1	0	那位先生正在門口等人。	那位先生正在门口等人。	先生	[[2, 4]]		
先生|先生|xian1 sheng5~2	0	我先生在銀行工作。	我先生在银行工作。	先生	[[1, 3]]		
先生|先生|xian1 sheng5~3	0	學生們都叫她王先生。	学生们都叫她王先生。	先生	[[7, 9]]		
先生|先生|xian1 sheng5~4	0	村裡的先生給他開了藥。	村里的先生给他开了药。	先生	[[3, 5]]		
光|光|guang1~1	0	房間裡沒有光，什麼也看不見。	房间里没有光，什么也看不见。	光	[[5, 6]]		
光|光|guang1~3	0	你別光說不做，快動手吧。	你别光说不做，快动手吧。	光	[[2, 3]]		
光|光|guang1~4	0	他把錢都花光了。	他把钱都花光了。	光	[[5, 6]]		
光|光|guang1~5	0	天氣熱，他光著上身坐在院子裡。	天气热，他光着上身坐在院子里。	光	[[5, 6]]		
克|克|ke4~1	0	這包糖一共有五百克。	这包糖一共有五百克。	克	[[8, 9]]		
克|克|ke4~4	0	他家在山下有三克地。	他家在山下有三克地。	克	[[7, 8]]		
免費|免费|mian3 fei4~1	0	這個博物館星期一免費。	这个博物馆星期一免费。	免費	[[8, 10]]		
兒子|儿子|er2 zi5~1	0	他兒子今年上大學了。	他儿子今年上大学了。	兒子	[[1, 3]]		
兒童|儿童|er2 tong2~1	0	這個公園是專門為兒童設計的。	这个公园是专门为儿童设计的。	兒童	[[8, 10]]		
入|入|ru4~4	0	這種糖一包十二入。	这种糖一包十二入。	入	[[7, 8]]		
入|入|ru4~5	0	古代漢語有平、上、去、入四聲。	古代汉语有平、上、去、入四声。	入	[[11, 12]]		
入侵|入侵|ru4 qin1~1	0	敵人的軍隊從南方入侵。	敌人的军队从南方入侵。	入侵	[[8, 10]]		
內|内|nei4~1	0	請在三天內回答這個問題。	请在三天内回答这个问题。	內	[[4, 5]]		
內|内|nei4~1	1	車站內有很多商店。	车站内有很多商店。	內	[[2, 3]]		
內容|内容|nei4 rong2~1	0	他把信的內容告訴了我。	他把信的内容告诉了我。	內容	[[4, 6]]		
內部|内部|nei4 bu4~1	0	這臺機器的內部很複雜。	这台机器的内部很复杂。	內部	[[5, 7]]		
全|全|quan2~1	0	全班同學都參加了比賽。	全班同学都参加了比赛。	全	[[0, 1]]		
全|全|quan2~2	0	他說的話我全聽見了。	他说的话我全听见了。	全	[[5, 6]]		
全|全|quan2~3	0	這套書不全，少了兩本。	这套书不全，少了两本。	全	[[4, 5]]		
全世界|全世界|quan2 shi4 jie4~1	0	這個消息很快就傳遍了全世界。	这个消息很快就传遍了全世界。	全世界	[[10, 13]]		
全國|全国|quan2 guo2~1	0	這個消息很快傳到了全國。	这个消息很快传到了全国。	全國	[[9, 11]]		
全球|全球|quan2 qiu2~1	0	這家公司的產品賣到全球各地。	这家公司的产品卖到全球各地。	全球	[[9, 11]]		
全部|全部|quan2 bu4~1	0	他把全部的錢都存了起來。	他把全部的钱都存了起来。	全部	[[2, 4]]		
全面|全面|quan2 mian4~1	0	這個計劃考慮得很全面。	这个计划考虑得很全面。	全面	[[8, 10]]		
八|八|ba1~1	0	他每天早上八點出門。	他每天早上八点出门。	八	[[5, 6]]		
公|公|gong1~5	0	這隻貓是公的還是母的？	这只猫是公的还是母的？	公	[[4, 5]]		
公主|公主|gong1 zhu3~1	0	她小時候最愛看公主的故事。	她小时候最爱看公主的故事。	公主	[[7, 9]]		
公共|公共|gong1 gong4~1	0	這裡是公共場所，請小聲說話。	这里是公共场所，请小声说话。	公共	[[3, 5]]		
公園|公园|gong1 yuan2~1	0	這座公園裡有很多老人在跳舞。	这座公园里有很多老人在跳舞。	公園	[[2, 4]]		
公民|公民|gong1 min2~1	0	每個公民都有投票的權利。	每个公民都有投票的权利。	公民	[[2, 4]]		
公眾|公众|gong1 zhong4~1	0	這件事引起了公眾的注意。	这件事引起了公众的注意。	公眾	[[6, 8]]		
公路|公路|gong1 lu4~1	0	這條公路一直通到海邊。	这条公路一直通到海边。	公路	[[2, 4]]		
公里|公里|gong1 li3~1	0	從我家到學校大約有三公里。	从我家到学校大约有三公里。	公里	[[10, 12]]		
公開|公开|gong1 kai1~1	0	他第一次在公開場合談這件事。	他第一次在公开场合谈这件事。	公開	[[5, 7]]	形	形
公開|公开|gong1 kai1~1	1	公司決定公開這些資料。	公司决定公开这些资料。	公開	[[4, 6]]	動	动
六|六|liu4~1	0	我妹妹今年六歲。	我妹妹今年六岁。	六	[[5, 6]]		
共|共|gong4~2	0	這本書共分成五個部分。	这本书共分成五个部分。	共	[[3, 4]]		
共同|共同|gong4 tong2~1	0	我們有共同的目標。	我们有共同的目标。	共同	[[3, 5]]	形	形
共同|共同|gong4 tong2~1	1	這個計劃由我們共同完成。	这个计划由我们共同完成。	共同	[[7, 9]]	副	副
兵|兵|bing1~1	0	他當了三年兵才回家。	他当了三年兵才回家。	兵	[[5, 6]]		
其|其|qi2~1	0	每本書都有其價值。	每本书都有其价值。	其	[[5, 6]]		
其中|其中|qi2 zhong1~1	0	他有三個孩子，其中兩個是女孩。	他有三个孩子，其中两个是女孩。	其中	[[7, 9]]		
其他|其他|qi2 ta1~1	0	除了他以外，其他人都到了。	除了他以外，其他人都到了。	其他	[[6, 8]]		
其它|其它|qi2 ta1~1	0	這個問題解決了，其它問題還沒有。	这个问题解决了，其它问题还没有。	其它	[[8, 10]]		
其實|其实|qi2 shi2~1	0	大家都以為他很老，其實他才三十歲。	大家都以为他很老，其实他才三十岁。	其實	[[9, 11]]		
具|具|ju4~3	0	警方在河邊發現了一具屍體。	警方在河边发现了一具尸体。	具	[[9, 10]]		
具有|具有|ju4 you3~1	0	這件事具有重要的意義。	这件事具有重要的意义。	具有	[[3, 5]]		
具體|具体|ju4 ti3~1	0	請你把計劃說得再具體一點。	请你把计划说得再具体一点。	具體	[[8, 10]]		
再|再|zai4~1	0	請你把剛才的話再說一遍。	请你把刚才的话再说一遍。	再	[[7, 8]]		
再|再|zai4~2	0	你能不能走得再快一點？	你能不能走得再快一点？	再	[[6, 7]]		
再|再|zai4~3	0	他每天先做完工作，再休息。	他每天先做完工作，再休息。	再	[[9, 10]]		
再|再|zai4~4	0	這件事再難，他也不怕。	这件事再难，他也不怕。	再	[[3, 4]]		
再|再|zai4~5	0	機會難再，你要好好抓住。	机会难再，你要好好抓住。	再	[[3, 4]]		
再次|再次|zai4 ci4~1	0	球隊再次贏得了冠軍。	球队再次赢得了冠军。	再次	[[2, 4]]		
冒險|冒险|mao4 xian3~1	0	為了救人，他冒險跳進河裡。	为了救人，他冒险跳进河里。	冒險	[[6, 8]]	動	动
冒險|冒险|mao4 xian3~1	1	這本小說寫的是一次海上冒險。	这本小说写的是一次海上冒险。	冒險	[[11, 13]]	名	名
冠軍|冠军|guan4 jun1~1	0	他去年拿到了世界冠軍。	他去年拿到了世界冠军。	冠軍	[[8, 10]]		
冰|冰|bing1~1	0	杯子裡的冰快化了。	杯子里的冰快化了。	冰	[[4, 5]]		
冰|冰|bing1~2	0	這水太冰了，別喝太多。	这水太冰了，别喝太多。	冰	[[3, 4]]		
冰|冰|bing1~3	0	先把牛奶冰起來吧。	先把牛奶冰起来吧。	冰	[[4, 5]]		
冰|冰|bing1~4	0	他因為吸冰被警察抓了。	他因为吸冰被警察抓了。	冰	[[4, 5]]		
冷|冷|leng3~1	0	今天風大，外面很冷。	今天风大，外面很冷。	冷	[[8, 9]]		
冷|冷|leng3~2	0	他說話的語氣有點冷。	他说话的语气有点冷。	冷	[[8, 9]]		
准|准|zhun3~1	0	老師不准我們在教室裡吃東西。	老师不准我们在教室里吃东西。	准	[[3, 4]]		
凱|凯|kai3~2	0	他這個人請客很凱。	他这个人请客很凯。	凱	[[7, 8]]		
出來|出来|chu1 lai2~1	0	快出來，外面太陽很好。	快出来，外面太阳很好。	出來	[[1, 3]]		
出來|出来|chu1 lai2~2	0	考試的結果明天就出來了。	考试的结果明天就出来了。	出來	[[8, 10]]		
出來|出来|chu5 lai5~1	0	他從屋裡走出來了。	他从屋里走出来了。	出來	[[5, 7]]	動詞後面	动词后面
出來|出来|chu5 lai5~1	1	請把那本書拿出來。	请把那本书拿出来。	出來	[[6, 8]]	把字句	把字句
出來|出来|chu5 lai5~2	0	這個辦法是他想出來的。	这个办法是他想出来的。	出來	[[7, 9]]	表示做成	表示做成
出來|出来|chu5 lai5~2	1	我一聽就聽出來是你了。	我一听就听出来是你了。	出來	[[5, 7]]	表示看清	表示看清
出口|出口|chu1 kou3~1	0	電影院的出口在左邊。	电影院的出口在左边。	出口	[[4, 6]]		
出口|出口|chu1 kou3~2	0	這家工廠把產品出口到國外。	这家工厂把产品出口到国外。	出口	[[7, 9]]	動	动
出口|出口|chu1 kou3~2	1	今年的出口比去年增加了。	今年的出口比去年增加了。	出口	[[3, 5]]	名	名
出口|出口|chu1 kou3~3	0	道歉的話他一直說不出口。	道歉的话他一直说不出口。	出口	[[9, 11]]		
出口|出口|chu1 kou3~4	0	大船要等到天亮才能出口。	大船要等到天亮才能出口。	出口	[[9, 11]]		
出席|出席|chu1 xi2~1	0	這次會議他因為生病沒有出席。	这次会议他因为生病没有出席。	出席	[[11, 13]]		
出版|出版|chu1 ban3~1	0	這本小說去年才出版。	这本小说去年才出版。	出版	[[7, 9]]		
出現|出现|chu1 xian4~1	0	這個問題最近經常出現。	这个问题最近经常出现。	出現	[[8, 10]]		
出生|出生|chu1 sheng1~1	0	我妹妹是在冬天出生的。	我妹妹是在冬天出生的。	出生	[[7, 9]]		
出發|出发|chu1 fa1~1	0	我們明天早上六點出發。	我们明天早上六点出发。	出發	[[8, 10]]		
出發|出发|chu1 fa1~2	0	我們應該從實際情況出發。	我们应该从实际情况出发。	出發	[[9, 11]]		
刀|刀|dao1~1	0	切菜的刀要放好，別讓小孩碰到。	切菜的刀要放好，别让小孩碰到。	刀	[[3, 4]]		
刀|刀|dao1~2	0	他不小心在手上切了一刀。	他不小心在手上切了一刀。	刀	[[10, 11]]		
刀|刀|dao1~3	0	他這次出去玩花了三千刀。	他这次出去玩花了三千刀。	刀	[[10, 11]]		
刀|刀|dao1~4	0	他去買了三刀紙回來。	他去买了三刀纸回来。	刀	[[5, 6]]		
刀|刀|dao1~5	0	這件衣服我刀了五十塊。	这件衣服我刀了五十块。	刀	[[5, 6]]		
刀|刀|dao1~6	0	他偷看我的手機，真想刀他。	他偷看我的手机，真想刀他。	刀	[[10, 11]]		
分|分|fen1~1	0	我們分成兩隊比賽。	我们分成两队比赛。	分	[[2, 3]]		
分|分|fen1~2	0	媽媽把糖分給了三個孩子。	妈妈把糖分给了三个孩子。	分	[[4, 5]]		
分|分|fen1~3	0	好壞要分清楚，不能混在一起。	好坏要分清楚，不能混在一起。	分	[[3, 4]]		
分|分|fen1~4	0	現在是三點十五分。	现在是三点十五分。	分	[[7, 8]]		
分|分|fen1~5	0	他這次考試考了九十分。	他这次考试考了九十分。	分	[[9, 10]]		
分|分|fen1~6	0	從前坐公車只要五分錢。	从前坐公车只要五分钱。	分	[[8, 9]]		
分|分|fen1~7	0	全班有三分之一的人請假。	全班有三分之一的人请假。	分	[[4, 5]]		
分|分|fen1~8	0	老人家還習慣用尺和分來說長短。	老人家还习惯用尺和分来说长短。	分	[[9, 10]]		
分別|分别|fen1 bie2~1	0	老師分別跟三位家長談了很久。	老师分别跟三位家长谈了很久。	分別	[[2, 4]]		
分別|分别|fen1 bie2~2	0	我很難分別這兩幅畫的真假。	我很难分别这两幅画的真假。	分別	[[3, 5]]	動	动
分別|分别|fen1 bie2~2	1	這兩種做法其實沒有分別。	这两种做法其实没有分别。	分別	[[9, 11]]	名	名
分別|分别|fen1 bie2~3	0	他們在車站分別後就再也沒見面。	他们在车站分别后就再也没见面。	分別	[[5, 7]]		
分子|分子|fen1 zi3~1	0	科學家發現了一種新的分子。	科学家发现了一种新的分子。	分子	[[10, 12]]		
分子|分子|fen1 zi3~2	0	這個分數的分子是三。	这个分数的分子是三。	分子	[[5, 7]]		
分子|分子|fen4 zi3~1	0	少數分子的行為影響了整個團體。	少数分子的行为影响了整个团体。	分子	[[2, 4]]		
分析|分析|fen1 xi1~1	0	老師分析了這次考試的結果。	老师分析了这次考试的结果。	分析	[[2, 4]]	動	动
分析|分析|fen1 xi1~1	1	他的分析很有道理。	他的分析很有道理。	分析	[[2, 4]]	名	名
分鐘|分钟|fen1 zhong1~1	0	我等了十分鐘，他才來。	我等了十分钟，他才来。	分鐘	[[4, 6]]		
切|切|qie1~1	0	她把西瓜切成了兩半。	她把西瓜切成了两半。	切	[[4, 5]]		
切|切|qie4~5	0	切，我才不相信你說的話。	切，我才不相信你说的话。	切	[[0, 1]]		
划|划|hua2~1	0	兩個人一起划船很有意思。	两个人一起划船很有意思。	划	[[5, 6]]		
列|列|lie4~1	0	請把你想到的問題都列出來。	请把你想到的问题都列出来。	列	[[9, 10]]		
列|列|lie4~3	0	一列火車正開進車站。	一列火车正开进车站。	列	[[1, 2]]		
列|列|lie4~4	0	這個表格的第一列是學生的名字。	这个表格的第一列是学生的名字。	列	[[7, 8]]		
列|列|lie4~5	0	資料每一列代表一個人。	资料每一列代表一个人。	列	[[4, 5]]		
列車|列车|lie4 che1~1	0	開往南方的列車就要出發了。	开往南方的列车就要出发了。	列車	[[5, 7]]		
別|别|bie2~1	0	上課的時候別玩手機。	上课的时候别玩手机。	別	[[5, 6]]	禁止	禁止
別|别|bie2~1	1	別忘了明天早上八點開會。	别忘了明天早上八点开会。	別	[[0, 1]]	提醒	提醒
別|别|bie2~1	2	大家別再等了，先開始吧。	大家别再等了，先开始吧。	別	[[2, 3]]	勸人停止	劝人停止
別|别|bie2~6	0	他用一根木棍把門別住了。	他用一根木棍把门别住了。	別	[[8, 9]]		
別|别|bie2~7	0	她生氣地別過頭去，不理他。	她生气地别过头去，不理他。	別	[[4, 5]]		
別人|别人|bie2 ren5~1	0	你不能只想自己，不管別人。	你不能只想自己，不管别人。	別人	[[10, 12]]		
利用|利用|li4 yong4~1	0	他利用週末學了一門外語。	他利用周末学了一门外语。	利用	[[1, 3]]		
利用|利用|li4 yong4~2	0	他只是在利用你的信任。	他只是在利用你的信任。	利用	[[4, 6]]		
利益|利益|li4 yi4~1	0	這件事關係到大家的利益。	这件事关系到大家的利益。	利益	[[9, 11]]		
到|到|dao4~1	0	火車還有五分鐘就到了。	火车还有五分钟就到了。	到	[[8, 9]]		
到|到|dao4~2	0	我終於找到了那把鑰匙。	我终于找到了那把钥匙。	到	[[4, 5]]	有結果	有结果
到|到|dao4~2	1	我們走到公園門口就回去了。	我们走到公园门口就回去了。	到	[[3, 4]]	到達地方	到达地方
到|到|dao4~2	2	他昨天晚上睡到十點才起床。	他昨天晚上睡到十点才起床。	到	[[6, 7]]	到達時間	到达时间
到|到|dao4~3	0	明天我要到機場接朋友。	明天我要到机场接朋友。	到	[[4, 5]]		
到|到|dao4~4	0	他從早到晚都在店裡忙。	他从早到晚都在店里忙。	到	[[3, 4]]	從…到…	从…到…
到|到|dao4~4	1	到現在他還沒有給我回信。	到现在他还没有给我回信。	到	[[0, 1]]	直到某個時間	直到某个时间
到|到|dao4~5	0	有不到之處，請各位多多原諒。	有不到之处，请各位多多原谅。	到	[[2, 3]]		
到達|到达|dao4 da2~1	0	火車準時到達了車站。	火车准时到达了车站。	到達	[[4, 6]]		
刺激|刺激|ci4 ji1~1	0	這些話刺激了他，讓他很難過。	这些话刺激了他，让他很难过。	刺激	[[3, 5]]		
刺激|刺激|ci4 ji1~2	0	這部電影的結局非常刺激。	这部电影的结局非常刺激。	刺激	[[9, 11]]		
刺激|刺激|ci4 ji1~3	0	辣的東西對胃是一種刺激。	辣的东西对胃是一种刺激。	刺激	[[9, 11]]		
刻|刻|ke4~1	0	他在石頭上刻了自己的名字。	他在石头上刻了自己的名字。	刻	[[5, 6]]		
刻|刻|ke4~2	0	那一刻我什麼話也說不出來。	那一刻我什么话也说不出来。	刻	[[2, 3]]		
刻|刻|ke4~3	0	現在是三點一刻。	现在是三点一刻。	刻	[[6, 7]]		
則|则|ze2~1	0	如果人數不夠，則比賽取消。	如果人数不够，则比赛取消。	則	[[7, 8]]	引出結果	引出结果
則|则|ze2~1	1	哥哥喜歡運動，弟弟則愛看書。	哥哥喜欢运动，弟弟则爱看书。	則	[[9, 10]]	前後相反	前后相反
則|则|ze2~3	0	報紙上登了三則重要新聞。	报纸上登了三则重要新闻。	則	[[6, 7]]		
前|前|qian2~1	0	請往前走，過了橋就到了。	请往前走，过了桥就到了。	前	[[2, 3]]		
前|前|qian2~2	0	三年前，我們在同一家公司工作。	三年前，我们在同一家公司工作。	前	[[2, 3]]		
前|前|qian2~3	0	他的成績在全班排前十名。	他的成绩在全班排前十名。	前	[[8, 9]]		
前|前|qian2~4	0	她跟前男友已經沒有聯繫了。	她跟前男友已经没有联系了。	前	[[2, 3]]		
前|前|qian2~6	0	這座古城建於前200年左右。	这座古城建于前200年左右。	前	[[6, 7]]		
前往|前往|qian2 wang3~1	0	他下個月將前往國外工作。	他下个月将前往国外工作。	前往	[[5, 7]]		
剛|刚|gang1~1	0	他剛出門，你打電話給他吧。	他刚出门，你打电话给他吧。	剛	[[1, 2]]		
剛|刚|gang1~2	0	這些錢剛夠買一張車票。	这些钱刚够买一张车票。	剛	[[3, 4]]		
剩下|剩下|sheng4 xia4~1	0	桌上還剩下半杯茶。	桌上还剩下半杯茶。	剩下	[[3, 5]]		
副|副|fu4~3	0	天冷了，我買了一副手套。	天冷了，我买了一副手套。	副	[[8, 9]]		
副|副|fu4~4	0	詞典裡用「副」表示副詞。	词典里用「副」表示副词。	副	[[5, 6]]		
創作|创作|chuang4 zuo4~1	0	他這幾年創作了很多歌曲。	他这几年创作了很多歌曲。	創作	[[4, 6]]	動	动
創作|创作|chuang4 zuo4~1	1	這是他一生中最重要的創作。	这是他一生中最重要的创作。	創作	[[10, 12]]	名	名
創造|创造|chuang4 zao4~1	0	他們為孩子創造了很好的學習條件。	他们为孩子创造了很好的学习条件。	創造	[[5, 7]]		
劃|划|hua2~1	0	小心別被刀劃到手。	小心别被刀划到手。	劃	[[5, 6]]		
劃|划|hua2~2	0	他劃了一根火柴，房間亮了起來。	他划了一根火柴，房间亮了起来。	劃	[[1, 2]]		
劃|划|hua4~1	0	這塊地被劃成兩部分。	这块地被划成两部分。	劃	[[4, 5]]		
劃|划|hua4~3	0	老師在黑板上劃了一條線。	老师在黑板上划了一条线。	劃	[[6, 7]]	動	动
劃|划|hua4~3	1	「大」這個字只有三劃。	「大」这个字只有三划。	劃	[[9, 10]]	名	名
劃|划|hua4~4	0	公司把這筆錢劃給了新的部門。	公司把这笔钱划给了新的部门。	劃	[[6, 7]]		
劇|剧|ju4~1	0	這部劇最近很受歡迎。	这部剧最近很受欢迎。	劇	[[2, 3]]		
劇本|剧本|ju4 ben3~1	0	這部電影的劇本寫得很好。	这部电影的剧本写得很好。	劇本	[[5, 7]]		
劍|剑|jian4~1	0	這把劍是他父親留下來的。	这把剑是他父亲留下来的。	劍	[[2, 3]]		
劍|剑|jian4~2	0	他被對手刺了一劍。	他被对手刺了一剑。	劍	[[7, 8]]		
力|力|li4~1	0	這兩個力的方向不一樣。	这两个力的方向不一样。	力	[[3, 4]]		
力|力|li4~1	1	他一點力也使不出來。	他一点力也使不出来。	力	[[3, 4]]		
力量|力量|li4 liang5~1	0	他的力量很大，一個人就搬得動。	他的力量很大，一个人就搬得动。	力量	[[2, 4]]		
力量|力量|li4 liang5~1	1	這些話給了他很大的力量。	这些话给了他很大的力量。	力量	[[9, 11]]		
功能|功能|gong1 neng2~1	0	這部手機有很多新功能。	这部手机有很多新功能。	功能	[[8, 10]]		
加|加|jia1~1	0	天冷了，記得加件衣服。	天冷了，记得加件衣服。	加	[[6, 7]]		
加|加|jia1~2	0	老師問我七加八等於多少。	老师问我七加八等于多少。	加	[[5, 6]]		
加|加|jia1~3	0	這篇文章只要稍加修改就可以了。	这篇文章只要稍加修改就可以了。	加	[[7, 8]]	稍加	稍加
加|加|jia1~3	1	他不加考慮就答應了下來。	他不加考虑就答应了下来。	加	[[2, 3]]	不加	不加
加|加|jia1~3	2	警方對這件案子嚴加調查。	警方对这件案子严加调查。	加	[[8, 9]]	嚴加	严加
加上|加上|jia1 shang4~1	0	請在湯裡加上一點鹽。	请在汤里加上一点盐。	加上	[[4, 6]]		
加上|加上|jia1 shang4~2	0	天色已晚，加上下著雨，我們決定不去了。	天色已晚，加上下着雨，我们决定不去了。	加上	[[5, 7]]		
加入|加入|jia1 ru4~1	0	他去年加入了學校的樂隊。	他去年加入了学校的乐队。	加入	[[3, 5]]		
加入|加入|jia1 ru4~2	0	湯裡加入一點鹽會更好喝。	汤里加入一点盐会更好喝。	加入	[[2, 4]]		
努力|努力|nu3 li4~1	0	他為了考試努力了半年。	他为了考试努力了半年。	努力	[[5, 7]]	動	动
努力|努力|nu3 li4~1	1	他是個很努力的學生。	他是个很努力的学生。	努力	[[4, 6]]	形	形
勒|勒|le4~6	0	教室的照度不能低於三百勒。	教室的照度不能低于三百勒。	勒	[[11, 12]]		
勒|勒|lei1~1	0	他把行李上的帶子勒緊了。	他把行李上的带子勒紧了。	勒	[[8, 9]]		
動作|动作|dong4 zuo4~1	0	他的動作又快又準。	他的动作又快又准。	動作	[[2, 4]]	名	名
動作|动作|dong4 zuo4~1	1	大家聽了命令，馬上動作起來。	大家听了命令，马上动作起来。	動作	[[9, 11]]	動	动
動物|动物|dong4 wu4~1	0	他從小就很喜歡小動物。	他从小就很喜欢小动物。	動物	[[8, 10]]		
勝|胜|sheng4~1	0	主隊三比一勝了對手。	主队三比一胜了对手。	勝	[[5, 6]]		
勝利|胜利|sheng4 li4~1	0	這場比賽的勝利來得很不容易。	这场比赛的胜利来得很不容易。	勝利	[[5, 7]]	名	名
勝利|胜利|sheng4 li4~1	1	我們相信最後一定會勝利。	我们相信最后一定会胜利。	勝利	[[9, 11]]	動	动
包|包|bao1~1	0	他把禮物包好，送給了朋友。	他把礼物包好，送给了朋友。	包	[[4, 5]]		
包|包|bao1~2	0	這個包裡放著幾本書。	这个包里放着几本书。	包	[[2, 3]]		
包|包|bao1~3	0	這裡的房租已經包水電了。	这里的房租已经包水电了。	包	[[7, 8]]		
包|包|bao1~4	0	這件事你放心，包在我身上。	这件事你放心，包在我身上。	包	[[7, 8]]		
包括|包括|bao1 kuo4~1	0	這次活動的費用包括車票和住宿。	这次活动的费用包括车票和住宿。	包括	[[7, 9]]		
化學|化学|hua4 xue2~1	0	他對化學特別有興趣。	他对化学特别有兴趣。	化學	[[2, 4]]		
北|北|bei3~1	0	從這裡往北走十分鐘就到。	从这里往北走十分钟就到。	北	[[4, 5]]		
區|区|qu1~1	0	這座公園分成好幾區。	这座公园分成好几区。	區	[[8, 9]]		
區|区|qu1~2	0	這個區今年新開了一家醫院。	这个区今年新开了一家医院。	區	[[2, 3]]		
區別|区别|qu1 bie2~1	0	這兩個字的意思沒有什麼區別。	这两个字的意思没有什么区别。	區別	[[11, 13]]	名	名
區別|区别|qu1 bie2~1	1	我們要區別對待這兩種情況。	我们要区别对待这两种情况。	區別	[[3, 5]]	動	动
區域|区域|qu1 yu4~1	0	這個區域禁止停車。	这个区域禁止停车。	區域	[[2, 4]]		
十|十|shi2~1	0	這個班一共有十個學生。	这个班一共有十个学生。	十	[[6, 7]]		
十二|十二|shi2 er4~1	0	我兒子今年十二歲。	我儿子今年十二岁。	十二	[[5, 7]]		
十分|十分|shi2 fen1~1	0	這件事十分重要，一定要小心。	这件事十分重要，一定要小心。	十分	[[3, 5]]		
千|千|qian1~1	0	這個學校有三千多個學生。	这个学校有三千多个学生。	千	[[6, 7]]		
千萬|千万|qian1 wan4~1	0	你千萬別把這件事說出去。	你千万别把这件事说出去。	千萬	[[1, 3]]		
千萬|千万|qian1 wan4~2	0	那塊地賣了三千萬。	那块地卖了三千万。	千萬	[[6, 8]]		
千萬|千万|qian1 wan4~3	0	這是千萬個家庭共同的希望。	这是千万个家庭共同的希望。	千萬	[[2, 4]]		
升|升|sheng1~1	0	太陽從東邊慢慢升起來。	太阳从东边慢慢升起来。	升	[[7, 8]]		
升|升|sheng1~2	0	他工作認真，很快就升了主任。	他工作认真，很快就升了主任。	升	[[9, 10]]		
升|升|sheng1~3	0	這輛車一百公里用八升油。	这辆车一百公里用八升油。	升	[[9, 10]]		
半|半|ban4~1	0	這個西瓜我吃了半個。	这个西瓜我吃了半个。	半	[[7, 8]]		
協助|协助|xie2 zhu4~1	0	他協助老師處理學生的資料。	他协助老师处理学生的资料。	協助	[[1, 3]]		
協會|协会|xie2 hui4~1	0	這個協會每年舉辦一次比賽。	这个协会每年举办一次比赛。	協會	[[2, 4]]		
協議|协议|xie2 yi4~1	0	雙方經過長時間談判，終於達成協議。	双方经过长时间谈判，终于达成协议。	協議	[[14, 16]]		
協議|协议|xie2 yi4~2	0	這兩臺電腦使用的協議不一樣。	这两台电脑使用的协议不一样。	協議	[[8, 10]]		
南|南|nan2~1	0	這間屋子的窗戶朝南。	这间屋子的窗户朝南。	南	[[8, 9]]		
南方|南方|nan2 fang1~1	0	我們的窗戶朝著南方。	我们的窗户朝着南方。	南方	[[7, 9]]		
南方|南方|nan2 fang1~2	0	他從小在南方長大。	他从小在南方长大。	南方	[[4, 6]]		
博|博|bo2~5	0	他大學畢業後打算讀博。	他大学毕业后打算读博。	博	[[9, 10]]		
博士|博士|bo2 shi4~1	0	她讀了五年才拿到博士學位。	她读了五年才拿到博士学位。	博士	[[8, 10]]		
博物館|博物馆|bo2 wu4 guan3~1	0	我們昨天去博物館看展覽。	我们昨天去博物馆看展览。	博物館	[[5, 8]]		
占|占|zhan4~1	0	他來得早，占了一個好位置。	他来得早，占了一个好位置。	占	[[5, 6]]		
占|占|zhan4~2	0	我們班女生占一半以上。	我们班女生占一半以上。	占	[[5, 6]]		
卡|卡|qia3~1	0	這張紙卡在機器裡拿不出來。	这张纸卡在机器里拿不出来。	卡	[[3, 4]]		
印|印|yin4~1	0	這本書已經印了三次。	这本书已经印了三次。	印	[[5, 6]]		
印|印|yin4~3	0	老師在我的作業上蓋了一個印。	老师在我的作业上盖了一个印。	印	[[12, 13]]		
危機|危机|wei1 ji1~1	0	這家公司正面對一場經濟危機。	这家公司正面对一场经济危机。	危機	[[11, 13]]		
危險|危险|wei1 xian3~1	0	這條路晚上開車很危險。	这条路晚上开车很危险。	危險	[[8, 10]]	形	形
危險|危险|wei1 xian3~1	1	他不怕危險，衝進了火場。	他不怕危险，冲进了火场。	危險	[[3, 5]]	名	名
即|即|ji2~1	0	這本書的作者即我的老師。	这本书的作者即我的老师。	即	[[6, 7]]		
即|即|ji2~2	0	會議結束後，他即前往機場。	会议结束后，他即前往机场。	即	[[7, 8]]		
即|即|ji2~3	0	即有困難，我們也要想辦法完成。	即有困难，我们也要想办法完成。	即	[[0, 1]]	讓步	让步
即使|即使|ji2 shi3~1	0	即使下大雨，我們也要準時出發。	即使下大雨，我们也要准时出发。	即使	[[0, 2]]	與「也」連用	与「也」连用
即使|即使|ji2 shi3~1	1	即使你不同意，這件事還是要做。	即使你不同意，这件事还是要做。	即使	[[0, 2]]	與「還是」連用	与「还是」连用
即使|即使|ji2 shi3~1	2	他即使很忙，也不肯休息。	他即使很忙，也不肯休息。	即使	[[1, 3]]	用在主語後	用在主语后
卷|卷|juan3~3	0	昨晚的大風卷走了屋頂的瓦。	昨晚的大风卷走了屋顶的瓦。	卷	[[5, 6]]		
卷|卷|juan3~4	0	同事們都在卷，我也只好加班。	同事们都在卷，我也只好加班。	卷	[[5, 6]]	動	动
卷|卷|juan3~4	1	他們那個行業實在太卷了。	他们那个行业实在太卷了。	卷	[[9, 10]]	形	形
卷|卷|juan3~5	0	我把地圖卷起來放進包裡。	我把地图卷起来放进包里。	卷	[[4, 5]]		
卷|卷|juan3~6	0	他被這件事卷了進去。	他被这件事卷了进去。	卷	[[5, 6]]		
卷|卷|juan3~7	0	她在店裡買了兩卷紙。	她在店里买了两卷纸。	卷	[[7, 8]]		
卷|卷|juan4~1	0	時間到了，請大家交卷。	时间到了，请大家交卷。	卷	[[9, 10]]		
卷|卷|juan4~2	0	這本書的下卷還沒出版。	这本书的下卷还没出版。	卷	[[5, 6]]		
卷|卷|juan4~3	0	他家收藏了三卷古畫。	他家收藏了三卷古画。	卷	[[6, 7]]		
卻|却|que4~1	0	天氣很冷，他卻只穿一件衣服。	天气很冷，他却只穿一件衣服。	卻	[[6, 7]]		
原|原|yuan2~1	0	他後來又回到原公司工作。	他后来又回到原公司工作。	原	[[6, 7]]	形	形
原|原|yuan2~1	1	我原以為他今天不會來。	我原以为他今天不会来。	原	[[1, 2]]	副	副
原來|原来|yuan2 lai2~1	0	他還住在原來的地方。	他还住在原来的地方。	原來	[[4, 6]]	形	形
原來|原来|yuan2 lai2~1	1	這裡原來是一片樹林。	这里原来是一片树林。	原來	[[2, 4]]	副	副
原來|原来|yuan2 lai2~2	0	原來這件事是他做的！	原来这件事是他做的！	原來	[[0, 2]]		
原則|原则|yuan2 ze2~1	0	他做事很有原則，從不隨便答應。	他做事很有原则，从不随便答应。	原則	[[5, 7]]		
原因|原因|yuan2 yin1~1	0	醫生還沒找出他生病的原因。	医生还没找出他生病的原因。	原因	[[10, 12]]		
原本|原本|yuan2 ben3~1	0	他原本打算今天出發，後來改了。	他原本打算今天出发，后来改了。	原本	[[1, 3]]		
原本|原本|yuan2 ben3~2	0	這份合約的原本存在公司裡。	这份合约的原本存在公司里。	原本	[[5, 7]]		
去|去|qu4~1	0	我明天要去圖書館看書。	我明天要去图书馆看书。	去	[[4, 5]]		
去|去|qu4~3	0	洗好的菜要去掉黃葉子。	洗好的菜要去掉黄叶子。	去	[[5, 6]]		
去|去|qu4~4	0	那隻鳥朝山上飛去了。	那只鸟朝山上飞去了。	去	[[7, 8]]	趨向	趋向
去|去|qu4~4	1	你把不要的衣服拿去。	你把不要的衣服拿去。	去	[[8, 9]]	分離	分离
去世|去世|qu4 shi4~1	0	他的母親三年前去世了。	他的母亲三年前去世了。	去世	[[7, 9]]		
參加|参加|can1 jia1~1	0	他報名參加了這次比賽。	他报名参加了这次比赛。	參加	[[3, 5]]		
參與|参与|can1 yu4~1	0	這項研究他從頭到尾都參與了。	这项研究他从头到尾都参与了。	參與	[[10, 12]]		
又|又|you4~1	0	這本書我昨天又看了一遍。	这本书我昨天又看了一遍。	又	[[6, 7]]		
又|又|you4~2	0	她會唱歌，又會跳舞。	她会唱歌，又会跳舞。	又	[[5, 6]]		
又|又|you4~3	0	我很想去，又走不開。	我很想去，又走不开。	又	[[5, 6]]		
又|又|you4~4	0	我又沒做錯什麼，你別生氣。	我又没做错什么，你别生气。	又	[[1, 2]]		
及|及|ji2~1	0	本次會議討論教育及醫療兩個問題。	本次会议讨论教育及医疗两个问题。	及	[[8, 9]]		
反|反|fan3~1	0	你的毛衣穿反了。	你的毛衣穿反了。	反	[[5, 6]]	形	形
反|反|fan3~1	1	他把紙反過來，看背面寫了什麼。	他把纸反过来，看背面写了什么。	反	[[3, 4]]	動	动
反|反|fan3~6	0	古書上常用反給難字注音。	古书上常用反给难字注音。	反	[[5, 6]]		
反對|反对|fan3 dui4~1	0	大家都反對這個計劃。	大家都反对这个计划。	反對	[[3, 5]]		
反應|反应|fan3 ying4~1	0	聽到消息，他一時沒反應過來。	听到消息，他一时没反应过来。	反應	[[9, 11]]	動	动
反應|反应|fan3 ying4~1	1	這件事在網上引起很大的反應。	这件事在网上引起很大的反应。	反應	[[11, 13]]	名	名
反應|反应|fan3 ying4~2	0	鐵生鏽是一種化學反應。	铁生锈是一种化学反应。	反應	[[8, 10]]		
取|取|qu3~1	0	我去銀行取了一些錢。	我去银行取了一些钱。	取	[[4, 5]]		
取|取|qu3~2	0	這幾個方案裡，我們取最省錢的。	这几个方案里，我们取最省钱的。	取	[[9, 10]]		
取得|取得|qu3 de2~1	0	他這次考試取得了很好的成績。	他这次考试取得了很好的成绩。	取得	[[5, 7]]		
取消|取消|qu3 xiao1~1	0	因為下雨，比賽取消了。	因为下雨，比赛取消了。	取消	[[7, 9]]		
受|受|shou4~1	0	這位老師很受學生歡迎。	这位老师很受学生欢迎。	受	[[5, 6]]		
受|受|shou4~2	0	他在事故中受了傷。	他在事故中受了伤。	受	[[5, 6]]		
受|受|shou4~3	0	天氣這麼熱，我真受不了。	天气这么热，我真受不了。	受	[[8, 9]]		
受|受|shou4~4	0	這個角色在故事裡是受。	这个角色在故事里是受。	受	[[9, 10]]		
受傷|受伤|shou4 shang1~1	0	他在比賽中受傷了。	他在比赛中受伤了。	受傷	[[5, 7]]		
受到|受到|shou4 dao4~1	0	他的表演受到觀眾的歡迎。	他的表演受到观众的欢迎。	受到	[[4, 6]]		
口|口|kou3~1	0	醫生讓他張開口看看。	医生让他张开口看看。	口	[[6, 7]]		
口|口|kou3~2	0	這個瓶子的口太小了。	这个瓶子的口太小了。	口	[[5, 6]]		
口|口|kou3~3	0	他們家一共有五口人。	他们家一共有五口人。	口	[[7, 8]]		
口|口|kou3~4	0	他喝了一口水就走了。	他喝了一口水就走了。	口	[[4, 5]]		
句|句|ju4~2	0	他只說了一句話就走了。	他只说了一句话就走了。	句	[[5, 6]]		
另|另|ling4~1	0	這個辦法不行，你試試另一個。	这个办法不行，你试试另一个。	另	[[10, 11]]		
另|另|ling4~2	0	這件事我們另找時間談。	这件事我们另找时间谈。	另	[[5, 6]]		
另外|另外|ling4 wai4~1	0	這件太大了，請給我另外一件。	这件太大了，请给我另外一件。	另外	[[9, 11]]		
另外|另外|ling4 wai4~2	0	會議改到下午，另外請大家準備好資料。	会议改到下午，另外请大家准备好资料。	另外	[[7, 9]]		
只|只|zhi3~1	0	瓶子裡只剩下一點水了。	瓶子里只剩下一点水了。	只	[[3, 4]]		
只|只|zhi3~1	1	我只想在家好好休息。	我只想在家好好休息。	只	[[1, 2]]		
只是|只是|zhi3 shi4~1	0	我只是開個玩笑，別生氣。	我只是开个玩笑，别生气。	只是	[[1, 3]]		
只是|只是|zhi3 shi4~2	0	這件衣服很好看，只是有點貴。	这件衣服很好看，只是有点贵。	只是	[[8, 10]]		
只有|只有|zhi3 you3~1	0	家裡只有我一個人。	家里只有我一个人。	只有	[[2, 4]]		
只有|只有|zhi3 you3~2	0	只有努力工作，才能得到機會。	只有努力工作，才能得到机会。	只有	[[0, 2]]		
只有|只有|zhi3 you3~3	0	車票賣完了，我們只有走路去。	车票卖完了，我们只有走路去。	只有	[[8, 10]]		
只能|只能|zhi3 neng2~1	0	公車開走了，我們只能走路回家。	公车开走了，我们只能走路回家。	只能	[[8, 10]]		
只要|只要|zhi3 yao4~1	0	只要多練習，你的中文就會進步。	只要多练习，你的中文就会进步。	只要	[[0, 2]]	只要…就…	只要…就…
只要|只要|zhi3 yao4~1	1	我一定幫你，只要你開口。	我一定帮你，只要你开口。	只要	[[6, 8]]	條件在後	条件在后
叫|叫|jiao4~1	0	請問你叫什麼名字？	请问你叫什么名字？	叫	[[3, 4]]		
叫|叫|jiao4~2	0	那隻狗一直在門外叫。	那只狗一直在门外叫。	叫	[[8, 9]]		
叫|叫|jiao4~3	0	他在路邊叫了一輛車。	他在路边叫了一辆车。	叫	[[4, 5]]		
叫|叫|jiao4~4	0	媽媽叫我早點回家。	妈妈叫我早点回家。	叫	[[2, 3]]		
叫|叫|jiao4~5	0	我的傘叫人拿走了。	我的伞叫人拿走了。	叫	[[3, 4]]	被動	被动
叫|叫|jiao4~5	1	那個杯子叫貓給打翻了。	那个杯子叫猫给打翻了。	叫	[[4, 5]]	叫…給…	叫…给…
叫做|叫做|jiao4 zuo4~1	0	這種病在醫學上叫做感染。	这种病在医学上叫做感染。	叫做	[[7, 9]]		
可以|可以|ke3 yi3~1	0	他一個人就可以把工作做完。	他一个人就可以把工作做完。	可以	[[5, 7]]	能力	能力
可以|可以|ke3 yi3~1	1	這種病現在可以治好。	这种病现在可以治好。	可以	[[5, 7]]	可能	可能
可以|可以|ke3 yi3~2	0	媽媽說我可以出去玩。	妈妈说我可以出去玩。	可以	[[4, 6]]	允許	允许
可以|可以|ke3 yi3~2	1	我可以問你一個問題嗎？	我可以问你一个问题吗？	可以	[[1, 3]]	請求	请求
可以|可以|ke3 yi3~3	0	這家店的菜還可以，就是有點貴。	这家店的菜还可以，就是有点贵。	可以	[[6, 8]]		
可是|可是|ke3 shi4~1	0	我很想去，可是那天沒有時間。	我很想去，可是那天没有时间。	可是	[[5, 7]]	轉折	转折
可是|可是|ke3 shi4~1	1	雖然天氣很冷，可是他還是出門了。	虽然天气很冷，可是他还是出门了。	可是	[[7, 9]]	與雖然連用	与虽然连用
可是|可是|ke3 shi4~1	2	可是，事情沒有那麼簡單。	可是，事情没有那么简单。	可是	[[0, 2]]	句首	句首
可是|可是|ke3 shi4~2	0	這可是真的，我沒有騙你。	这可是真的，我没有骗你。	可是	[[1, 3]]	強調事實	强调事实
可是|可是|ke3 shi4~2	1	他可是這裡最好的醫生。	他可是这里最好的医生。	可是	[[1, 3]]	強調身份	强调身份
可能|可能|ke3 neng2~1	0	他可能已經睡了，別打電話了。	他可能已经睡了，别打电话了。	可能	[[1, 3]]		
可能|可能|ke3 neng2~2	0	大家要做好一切可能的準備。	大家要做好一切可能的准备。	可能	[[7, 9]]	形	形
可能|可能|ke3 neng2~2	1	這件事還有成功的可能。	这件事还有成功的可能。	可能	[[8, 10]]	名	名
司|司|si1~2	0	這項工作由教育部的一個司負責。	这项工作由教育部的一个司负责。	司	[[11, 12]]		
吃|吃|chi1~1	0	他每天早上吃兩個雞蛋。	他每天早上吃两个鸡蛋。	吃	[[5, 6]]		
吃|吃|chi1~2	0	他在生意上吃了大虧。	他在生意上吃了大亏。	吃	[[5, 6]]		
吃|吃|chi1~3	0	這一步棋吃掉了對方兩個子。	这一步棋吃掉了对方两个子。	吃	[[4, 5]]		
吃|吃|chi1~4	0	這塊布很吃水，洗了很難乾。	这块布很吃水，洗了很难干。	吃	[[4, 5]]		
各|各|ge4~1	0	各國的代表都到了。	各国的代表都到了。	各	[[0, 1]]	各＋名詞	各＋名词
各|各|ge4~1	1	三個人各買了一本書。	三个人各买了一本书。	各	[[3, 4]]	各＋動詞	各＋动词
各地|各地|ge4 di4~1	0	他的作品在各地都很受歡迎。	他的作品在各地都很受欢迎。	各地	[[5, 7]]		
各種|各种|ge4 zhong3~1	0	這家店賣各種顏色的衣服。	这家店卖各种颜色的衣服。	各種	[[4, 6]]		
合作|合作|he2 zuo4~1	0	這兩家公司決定合作開發新產品。	这两家公司决定合作开发新产品。	合作	[[7, 9]]		
合併|合并|he2 bing4~1	0	這兩家公司去年合併了。	这两家公司去年合并了。	合併	[[7, 9]]		
合法|合法|he2 fa3~1	0	這家公司的做法完全合法。	这家公司的做法完全合法。	合法	[[9, 11]]		
同|同|tong2~1	0	我們兩班用同一間教室。	我们两班用同一间教室。	同	[[5, 6]]		
同|同|tong2~3	0	這件事我想同你商量。	这件事我想同你商量。	同	[[5, 6]]		
同志|同志|tong2 zhi4~1	0	他們是多年一起工作的老同志。	他们是多年一起工作的老同志。	同志	[[11, 13]]		
同志|同志|tong2 zhi4~2	0	越來越多同志公開自己的身份。	越来越多同志公开自己的身份。	同志	[[4, 6]]		
同性戀|同性恋|tong2 xing4 lian4~1	0	這部電影講的是同性戀的故事。	这部电影讲的是同性恋的故事。	同性戀	[[7, 10]]		
同性戀|同性恋|tong2 xing4 lian4~2	0	他的哥哥是同性戀，家人都知道。	他的哥哥是同性恋，家人都知道。	同性戀	[[5, 8]]		
同意|同意|tong2 yi4~1	0	父母同意讓他一個人去旅行。	父母同意让他一个人去旅行。	同意	[[2, 4]]		
同時|同时|tong2 shi2~1	0	兩個人同時走進教室。	两个人同时走进教室。	同時	[[3, 5]]	副	副
同時|同时|tong2 shi2~1	1	與此同時，外面下起了大雨。	与此同时，外面下起了大雨。	同時	[[2, 4]]	名	名
同時|同时|tong2 shi2~2	0	他是位老師，同時也是作家。	他是位老师，同时也是作家。	同時	[[6, 8]]	連接小句	连接小句
同樣|同样|tong2 yang4~1	0	我們遇到了同樣的問題。	我们遇到了同样的问题。	同樣	[[5, 7]]	形	形
同樣|同样|tong2 yang4~1	1	他失敗了，我同樣沒有成功。	他失败了，我同样没有成功。	同樣	[[6, 8]]	副	副
名|名|ming2~3	0	他在比賽中得了第一名。	他在比赛中得了第一名。	名	[[9, 10]]		
名|名|ming2~4	0	學校來了五名新老師。	学校来了五名新老师。	名	[[5, 6]]		
名|名|ming2~5	0	「動」表示動詞，「名」表示名詞。	「动」表示动词，「名」表示名词。	名	[[9, 10]]		
名人|名人|ming2 ren2~1	0	不少名人都來參加了這個活動。	不少名人都来参加了这个活动。	名人	[[2, 4]]		
名單|名单|ming2 dan1~1	0	他的名字不在這次的名單上。	他的名字不在这次的名单上。	名單	[[9, 11]]		
名字|名字|ming2 zi5~1	0	請問你的名字怎麼寫？	请问你的名字怎么写？	名字	[[4, 6]]		
向|向|xiang4~1	0	我們向北走了兩個小時。	我们向北走了两个小时。	向	[[2, 3]]	方向	方向
向|向|xiang4~1	1	有不懂的地方，你可以向老師請教。	有不懂的地方，你可以向老师请教。	向	[[10, 11]]	對象	对象
向|向|xiang4~2	0	那間屋子向南，光線很好。	那间屋子向南，光线很好。	向	[[4, 5]]		
向|向|xiang4~4	0	媽媽總是向著弟弟，什麼都聽他的。	妈妈总是向着弟弟，什么都听他的。	向	[[4, 5]]		
向|向|xiang4~6	0	孩子都愛看這部兒童向的動畫。	孩子都爱看这部儿童向的动画。	向	[[9, 10]]	對象	对象
君|君|jun1~1	0	古時候，君說的話沒有人敢反對。	古时候，君说的话没有人敢反对。	君	[[4, 5]]		
君|君|jun1~2	0	這封信是寫給李君的。	这封信是写给李君的。	君	[[7, 8]]		
否則|否则|fou3 ze2~1	0	你快點走，否則就要遲到了。	你快点走，否则就要迟到了。	否則	[[5, 7]]	引出結果	引出结果
否則|否则|fou3 ze2~1	1	他一定有事，否則不會不來。	他一定有事，否则不会不来。	否則	[[6, 8]]	反推理由	反推理由
吸引|吸引|xi1 yin3~1	0	這部電影吸引了很多年輕人。	这部电影吸引了很多年轻人。	吸引	[[4, 6]]		
告訴|告诉|gao4 su4~1	0	這種罪必須由被害人自己告訴。	这种罪必须由被害人自己告诉。	告訴	[[11, 13]]		
告訴|告诉|gao4 su5~1	0	請你告訴我他的電話號碼。	请你告诉我他的电话号码。	告訴	[[2, 4]]		
呢|呢|ne5~1	0	我已經吃過了，你呢？	我已经吃过了，你呢？	呢	[[8, 9]]	接著話題問	接着话题问
呢|呢|ne5~1	1	你打算什麼時候走呢？	你打算什么时候走呢？	呢	[[8, 9]]	問句末尾	问句末尾
呢|呢|ne5~2	0	外面還下著雨呢。	外面还下着雨呢。	呢	[[6, 7]]	動作進行	动作进行
呢|呢|ne5~2	1	離上課還早呢，我們先走走。	离上课还早呢，我们先走走。	呢	[[5, 6]]	狀態持續	状态持续
呢|呢|ne5~3	0	這件事呢，我們明天再談。	这件事呢，我们明天再谈。	呢	[[3, 4]]	句中停頓	句中停顿
周|周|zhou1~1	0	地球繞太陽一周要一年。	地球绕太阳一周要一年。	周	[[6, 7]]		
周圍|周围|zhou1 wei2~1	0	房子周圍種了很多樹。	房子周围种了很多树。	周圍	[[2, 4]]		
味|味|wei4~1	0	這鍋湯的味太淡了。	这锅汤的味太淡了。	味	[[4, 5]]		
味|味|wei4~2	0	同事之間的人情味讓他很感動。	同事之间的人情味让他很感动。	味	[[7, 8]]	名詞後	名词后
味|味|wei4~2	1	這本小說寫得很有趣味。	这本小说写得很有趣味。	味	[[9, 10]]	單音節詞後	单音节词后
味|味|wei4~3	0	這個藥方一共有八味藥。	这个药方一共有八味药。	味	[[8, 9]]		
命|命|ming4~1	0	醫生救了他一命。	医生救了他一命。	命	[[6, 7]]		
命|命|ming4~2	0	他總說這都是命。	他总说这都是命。	命	[[6, 7]]		
命令|命令|ming4 ling4~1	0	將軍命令部隊向南方前進。	将军命令部队向南方前进。	命令	[[2, 4]]	動	动
命令|命令|ming4 ling4~1	1	這道命令必須馬上執行。	这道命令必须马上执行。	命令	[[2, 4]]	名	名
命名|命名|ming4 ming2~1	0	學校決定為這條新路命名。	学校决定为这条新路命名。	命名	[[9, 11]]		
和平|和平|he2 ping2~1	0	全世界的人都希望和平。	全世界的人都希望和平。	和平	[[8, 10]]	名	名
和平|和平|he2 ping2~1	1	兩國用和平的方式解決了問題。	两国用和平的方式解决了问题。	和平	[[3, 5]]	形	形
咖啡|咖啡|ka1 fei1~1	0	他每天早上都要喝一杯咖啡。	他每天早上都要喝一杯咖啡。	咖啡	[[10, 12]]		
品|品|pin3~5	0	客人正在品今年的新茶。	客人正在品今年的新茶。	品	[[4, 5]]		
品|品|pin3~6	0	這把琵琶上有二十四個品。	这把琵琶上有二十四个品。	品	[[10, 11]]		
哈|哈|ha1~1	0	聽完這個笑話，他哈哈大笑。	听完这个笑话，他哈哈大笑。	哈哈	[[8, 10]]		
哈|哈|ha1~2	0	哈，原來你也在這裡！	哈，原来你也在这里！	哈	[[0, 1]]		
哈|哈|ha1~3	0	他最近很哈日本的漫畫。	他最近很哈日本的漫画。	哈	[[4, 5]]		
哈|哈|ha3~2	0	他做錯了事，被父親哈了一頓。	他做错了事，被父亲哈了一顿。	哈	[[9, 10]]		
員|员|yuan2~3	0	他手下有三員大將。	他手下有三员大将。	員	[[5, 6]]		
員工|员工|yuan2 gong1~1	0	這家公司有三百多名員工。	这家公司有三百多名员工。	員工	[[9, 11]]		
哥|哥|ge1~1	0	我哥明年就要大學畢業了。	我哥明年就要大学毕业了。	哥	[[1, 2]]		
唯一|唯一|wei2 yi1~1	0	這是我們唯一的機會。	这是我们唯一的机会。	唯一	[[4, 6]]		
唱|唱|chang4~1	0	她為大家唱了一首老歌。	她为大家唱了一首老歌。	唱	[[4, 5]]		
唱片|唱片|chang4 pian4~1	0	他收集了很多老唱片。	他收集了很多老唱片。	唱片	[[7, 9]]		
商|商|shang1~4	0	十二除以四，商是三。	十二除以四，商是三。	商	[[6, 7]]		
商業|商业|shang1 ye4~1	0	這個地區的商業發展得很快。	这个地区的商业发展得很快。	商業	[[5, 7]]		
問|问|wen4~1	0	他問我為什麼還不回家。	他问我为什么还不回家。	問	[[1, 2]]		
問|问|wen4~2	0	這本書是我問朋友借的。	这本书是我问朋友借的。	問	[[5, 6]]	問…借	问…借
問|问|wen4~2	1	孩子問媽媽要錢買書。	孩子问妈妈要钱买书。	問	[[2, 3]]	問…要	问…要
問題|问题|wen4 ti2~1	0	老師的問題我都回答出來了。	老师的问题我都回答出来了。	問題	[[3, 5]]		
問題|问题|wen4 ti2~2	0	環境問題越來越受到關注。	环境问题越来越受到关注。	問題	[[2, 4]]		
問題|问题|wen4 ti2~3	0	我的電腦出了問題，打不開了。	我的电脑出了问题，打不开了。	問題	[[6, 8]]		
啟動|启动|qi3 dong4~1	0	他按下按鈕，啟動了機器。	他按下按钮，启动了机器。	啟動	[[6, 8]]		
啟動|启动|qi3 dong4~1	1	公司下個月啟動這個計劃。	公司下个月启动这个计划。	啟動	[[5, 7]]		
善|善|shan4~2	0	他不善說話，可是做事認真。	他不善说话，可是做事认真。	善	[[2, 3]]		
喜|喜|xi3~1	0	他向來喜靜，不愛熱鬧的地方。	他向来喜静，不爱热闹的地方。	喜	[[3, 4]]		
喜|喜|xi3~2	0	聽到女兒考上了，他又驚又喜。	听到女儿考上了，他又惊又喜。	喜	[[12, 13]]		
喜|喜|xi3~3	0	這件事對全家來說是個大喜。	这件事对全家来说是个大喜。	喜	[[11, 12]]		
喜歡|喜欢|xi3 huan5~1	0	我最喜歡吃媽媽做的菜。	我最喜欢吃妈妈做的菜。	喜歡	[[2, 4]]		
單|单|dan1~4	0	單是房租一個月就要一萬多塊。	单是房租一个月就要一万多块。	單	[[0, 1]]		
單位|单位|dan1 wei4~1	0	公尺是長度的基本單位。	公尺是长度的基本单位。	單位	[[8, 10]]		
單位|单位|dan1 wei4~2	0	我們單位今年來了幾個新人。	我们单位今年来了几个新人。	單位	[[2, 4]]		
單獨|单独|dan1 du2~1	0	老師想單獨跟他談談。	老师想单独跟他谈谈。	單獨	[[3, 5]]		
嗎|吗|ma5~1	0	你明天下午有空嗎？	你明天下午有空吗？	嗎	[[7, 8]]	句末疑問	句末疑问
嗎|吗|ma5~1	1	這件事你難道不知道嗎？	这件事你难道不知道吗？	嗎	[[9, 10]]	反問	反问
嗎|吗|ma5~1	2	他是說明天就不來了嗎？	他是说明天就不来了吗？	嗎	[[9, 10]]	確認	确认
嘗試|尝试|chang2 shi4~1	0	他決定嘗試一種新的方法。	他决定尝试一种新的方法。	嘗試	[[3, 5]]		
嘴|嘴|zui3~1	0	他張開嘴，一口喝下了那杯水。	他张开嘴，一口喝下了那杯水。	嘴	[[3, 4]]		
嘴|嘴|zui3~2	0	這個茶壺的嘴斷了一小塊。	这个茶壶的嘴断了一小块。	嘴	[[5, 6]]		
嚴格|严格|yan2 ge2~1	0	這位老師對學生非常嚴格。	这位老师对学生非常严格。	嚴格	[[9, 11]]		
嚴重|严重|yan2 zhong4~1	0	這次事故造成了嚴重的損失。	这次事故造成了严重的损失。	嚴重	[[7, 9]]		
四|四|si4~1	0	我們一家四口住在這裡。	我们一家四口住在这里。	四	[[4, 5]]		
回|回|hui2~1	0	天黑以前我們要回學校。	天黑以前我们要回学校。	回	[[7, 8]]		
回|回|hui2~2	0	他很快就回了我的信。	他很快就回了我的信。	回	[[4, 5]]		
回|回|hui2~3	0	這件事我跟他說過兩回了。	这件事我跟他说过两回了。	回	[[9, 10]]		
回|回|hui2~4	0	這本小說一共有一百回。	这本小说一共有一百回。	回	[[9, 10]]		
回到|回到|hui2 dao4~1	0	他昨天晚上很晚才回到家。	他昨天晚上很晚才回到家。	回到	[[8, 10]]		
回憶|回忆|hui2 yi4~1	0	他常常回憶起小時候的事。	他常常回忆起小时候的事。	回憶	[[3, 5]]	動	动
回憶|回忆|hui2 yi4~1	1	那段日子留給我很多美好的回憶。	那段日子留给我很多美好的回忆。	回憶	[[12, 14]]	名	名
回答|回答|hui2 da2~1	0	他認真回答了老師的問題。	他认真回答了老师的问题。	回答	[[3, 5]]	動	动
回答|回答|hui2 da2~1	1	這樣的回答讓大家很滿意。	这样的回答让大家很满意。	回答	[[3, 5]]	名	名
因|因|yin1~2	0	他因病請了三天假。	他因病请了三天假。	因	[[1, 2]]	介	介
因|因|yin1~2	1	因天氣不好，比賽改到下週。	因天气不好，比赛改到下周。	因	[[0, 1]]	連	连
因此|因此|yin1 ci3~1	0	他生病了，因此沒來上課。	他生病了，因此没来上课。	因此	[[5, 7]]	接在原因後	接在原因后
因此|因此|yin1 ci3~1	1	由於下大雨，因此比賽取消了。	由于下大雨，因此比赛取消了。	因此	[[6, 8]]	與由於連用	与由于连用
因為|因为|yin1 wei4~1	0	因為下雨，所以比賽取消了。	因为下雨，所以比赛取消了。	因為	[[0, 2]]	連	连
因為|因为|yin1 wei4~1	1	他因為工作，很少回家。	他因为工作，很少回家。	因為	[[1, 3]]	介	介
困難|困难|kun4 nan5~1	0	這道題對他來說有點困難。	这道题对他来说有点困难。	困難	[[9, 11]]	形	形
困難|困难|kun4 nan5~1	1	我們一定能克服這些困難。	我们一定能克服这些困难。	困難	[[9, 11]]	名	名
困難|困难|kun4 nan5~2	0	他家經濟困難，孩子上不起學。	他家经济困难，孩子上不起学。	困難	[[4, 6]]		
圈|圈|juan1~1	0	天黑前要把雞圈起來。	天黑前要把鸡圈起来。	圈	[[6, 7]]		
圈|圈|juan4~1	0	那頭牛正站在圈裡。	那头牛正站在圈里。	圈	[[6, 7]]		
圈|圈|quan1~1	0	他在紙上畫了一個圈。	他在纸上画了一个圈。	圈	[[8, 9]]		
圈|圈|quan1~2	0	這個圈裡的人大多是年輕人。	这个圈里的人大多是年轻人。	圈	[[2, 3]]		
圈|圈|quan1~3	0	他每天早上在公園跑五圈。	他每天早上在公园跑五圈。	圈	[[10, 11]]		
圈|圈|quan1~4	0	請你圈出不認識的字。	请你圈出不认识的字。	圈	[[2, 3]]		
圈|圈|quan1~5	0	他們用木板把院子圈了起來。	他们用木板把院子圈了起来。	圈	[[8, 9]]		
國家|国家|guo2 jia1~1	0	他到過世界上很多國家。	他到过世界上很多国家。	國家	[[8, 10]]		
國王|国王|guo2 wang2~1	0	大家都很喜歡這位年輕的國王。	大家都很喜欢这位年轻的国王。	國王	[[11, 13]]		
國際|国际|guo2 ji4~1	0	這是一場重要的國際會議。	这是一场重要的国际会议。	國際	[[7, 9]]		
圍|围|wei2~1	0	警察把整座大樓圍了起來。	警察把整座大楼围了起来。	圍	[[7, 8]]		
圍|围|wei2~2	0	外面很冷，你圍上圍巾吧。	外面很冷，你围上围巾吧。	圍	[[6, 7]]		
圓|圆|yuan2~1	0	這張桌子是圓的，坐得下八個人。	这张桌子是圆的，坐得下八个人。	圓	[[5, 6]]		
圓|圆|yuan2~2	0	老師在黑板上畫了一個圓。	老师在黑板上画了一个圆。	圓	[[10, 11]]		
圓|圆|yuan2~5	0	他想了半天才把這個謊圓過去。	他想了半天才把这个谎圆过去。	圓	[[10, 11]]		
圖|图|tu2~1	0	老師在黑板上畫了一張圖。	老师在黑板上画了一张图。	圖	[[10, 11]]		
圖|图|tu2~2	0	他買這種東西只是圖便宜。	他买这种东西只是图便宜。	圖	[[8, 9]]		
圖書館|图书馆|tu2 shu1 guan3~1	0	他每天下午都在圖書館看書。	他每天下午都在图书馆看书。	圖書館	[[7, 10]]		
團|团|tuan2~4	0	她手裡拿著一團毛線。	她手里拿着一团毛线。	團	[[6, 7]]		
團|团|tuan2~5	0	他把紙團起來扔掉了。	他把纸团起来扔掉了。	團	[[3, 4]]		
團隊|团队|tuan2 dui4~1	0	這個團隊由五個年輕人組成。	这个团队由五个年轻人组成。	團隊	[[2, 4]]		
團體|团体|tuan2 ti3~1	0	我們學校有很多學生團體。	我们学校有很多学生团体。	團體	[[9, 11]]		
土|土|tu3~1	0	種花的時候要用好一點的土。	种花的时候要用好一点的土。	土	[[11, 12]]		
土|土|tu3~2	0	市場上的土雞蛋賣得很快。	市场上的土鸡蛋卖得很快。	土	[[4, 5]]		
土|土|tu3~3	0	他覺得這件衣服有點土。	他觉得这件衣服有点土。	土	[[9, 10]]		
土地|土地|tu3 di4~1	0	這片土地種著小麥。	这片土地种着小麦。	土地	[[2, 4]]		
土地|土地|tu3 di4~2	0	他們為了保護自己的土地而戰。	他们为了保护自己的土地而战。	土地	[[9, 11]]		
土地|土地|tu3 di5~1	0	村裡的人每年都去拜土地。	村里的人每年都去拜土地。	土地	[[9, 11]]		
在|在|zai4~1	0	老師今天不在學校。	老师今天不在学校。	在	[[5, 6]]		
在|在|zai4~1	1	你的那本書在我這裡。	你的那本书在我这里。	在	[[5, 6]]		
在|在|zai4~2	0	他喜歡在圖書館看書。	他喜欢在图书馆看书。	在	[[3, 4]]	地點	地点
在|在|zai4~2	1	會議在下午三點開始。	会议在下午三点开始。	在	[[2, 3]]	時間	时间
在|在|zai4~2	2	他們一家人住在附近。	他们一家人住在附近。	在	[[6, 7]]	動詞後	动词后
在|在|zai4~3	0	他在打電話，請等一下。	他在打电话，请等一下。	在	[[1, 2]]	進行	进行
在|在|zai4~3	1	這麼晚了，你還在工作嗎？	这么晚了，你还在工作吗？	在	[[7, 8]]	持續	持续
在|在|zai4~4	0	他爸爸已經不在了。	他爸爸已经不在了。	在	[[6, 7]]		
在|在|zai4~4	1	小時候常去的那家店還在。	小时候常去的那家店还在。	在	[[10, 11]]		
在於|在于|zai4 yu2~1	0	這件事的困難在於時間太短。	这件事的困难在于时间太短。	在於	[[6, 8]]		
在於|在于|zai4 yu2~2	0	能不能成功，在於你自己是否努力。	能不能成功，在于你自己是否努力。	在於	[[6, 8]]		
地|地|di4~1	0	他的鑰匙掉在地上了。	他的钥匙掉在地上了。	地	[[6, 7]]		
地|地|di4~3	0	他家在山下有一塊地。	他家在山下有一块地。	地	[[8, 9]]		
地下|地下|di4 xia4~1	0	這條水管埋在地下。	这条水管埋在地下。	地下	[[6, 8]]		
地下|地下|di4 xia4~2	0	那個組織長期在地下活動。	那个组织长期在地下活动。	地下	[[7, 9]]		
地位|地位|di4 wei4~1	0	她在公司裡地位很高。	她在公司里地位很高。	地位	[[5, 7]]		
地區|地区|di4 qu1~1	0	這個地區的雨水特別多。	这个地区的雨水特别多。	地區	[[2, 4]]		
地區|地区|di4 qu1~2	0	這幾個縣過去屬於同一個地區。	这几个县过去属于同一个地区。	地區	[[11, 13]]		
地圖|地图|di4 tu2~1	0	我在地圖上找到了那個小鎮。	我在地图上找到了那个小镇。	地圖	[[2, 4]]		
地址|地址|di4 zhi3~1	0	請把你的地址寫在這張紙上。	请把你的地址写在这张纸上。	地址	[[4, 6]]		
地方|地方|di4 fang1~1	0	地方上的情況跟中央不同。	地方上的情况跟中央不同。	地方	[[0, 2]]		
地方|地方|di4 fang5~1	0	我們找個地方坐下來吧。	我们找个地方坐下来吧。	地方	[[4, 6]]		
地方|地方|di4 fang5~2	0	這篇文章有幾個地方要改。	这篇文章有几个地方要改。	地方	[[7, 9]]		
地球|地球|di4 qiu2~1	0	我們只有一個地球，要好好保護它。	我们只有一个地球，要好好保护它。	地球	[[6, 8]]		
地鐵|地铁|di4 tie3~1	0	我每天坐地鐵去上班。	我每天坐地铁去上班。	地鐵	[[4, 6]]		
地點|地点|di4 dian3~1	0	開會的地點改到三樓了。	开会的地点改到三楼了。	地點	[[3, 5]]		
均|均|jun1~2	0	這幾項工作均已完成。	这几项工作均已完成。	均	[[5, 6]]		
坐|坐|zuo4~1	0	大家坐好，電影要開始了。	大家坐好，电影要开始了。	坐	[[2, 3]]		
坐|坐|zuo4~2	0	他坐飛機去了南方。	他坐飞机去了南方。	坐	[[1, 2]]		
城|城|cheng2~1	0	這座城很小，走路半天就能走完。	这座城很小，走路半天就能走完。	城	[[2, 3]]		
城市|城市|cheng2 shi4~1	0	他從小在這座城市長大。	他从小在这座城市长大。	城市	[[6, 8]]		
執行|执行|zhi2 xing2~1	0	警察正在執行任務。	警察正在执行任务。	執行	[[4, 6]]		
基因|基因|ji1 yin1~1	0	這種病和基因有很大的關係。	这种病和基因有很大的关系。	基因	[[4, 6]]		
基地|基地|ji1 di4~1	0	這座島上有一個軍事基地。	这座岛上有一个军事基地。	基地	[[9, 11]]		
基地|基地|ji1 di4~1	1	這一帶是重要的生產基地。	这一带是重要的生产基地。	基地	[[9, 11]]		
基於|基于|ji1 yu2~1	0	基於安全的考慮，這條路暫時關閉。	基于安全的考虑，这条路暂时关闭。	基於	[[0, 2]]	原因	原因
基於|基于|ji1 yu2~1	1	他基於這些資料做出了決定。	他基于这些资料做出了决定。	基於	[[1, 3]]	根據	根据
基本|基本|ji1 ben3~1	0	這些都是最基本的要求。	这些都是最基本的要求。	基本	[[5, 7]]		
基本|基本|ji1 ben3~2	0	工作基本完成了，只剩下一點。	工作基本完成了，只剩下一点。	基本	[[2, 4]]		
基礎|基础|ji1 chu3~1	0	做任何事都要先打好基礎。	做任何事都要先打好基础。	基礎	[[9, 11]]		
堂|堂|tang2~3	0	今天下午我們有兩堂數學課。	今天下午我们有两堂数学课。	堂	[[8, 9]]		
堂|堂|tang2~4	0	他們買了一堂新家具。	他们买了一堂新家具。	堂	[[5, 6]]		
堅持|坚持|jian1 chi2~1	0	他堅持每天走路上班。	他坚持每天走路上班。	堅持	[[1, 3]]		
堅持|坚持|jian1 chi2~1	1	大家都反對，他還是堅持自己的想法。	大家都反对，他还是坚持自己的想法。	堅持	[[9, 11]]		
堆|堆|dui1~1	0	他把舊報紙堆在門後面。	他把旧报纸堆在门后面。	堆	[[5, 6]]		
堆|堆|dui1~2	0	地上有一堆沒洗的衣服。	地上有一堆没洗的衣服。	一堆	[[3, 5]]		
報|报|bao4~4	0	這門課我上星期就報了。	这门课我上星期就报了。	報	[[8, 9]]		
報|报|bao4~5	0	發現問題要馬上報上去。	发现问题要马上报上去。	報	[[7, 8]]		
報|报|bao4~6	0	父親每天早上都看報。	父亲每天早上都看报。	報	[[8, 9]]		
報告|报告|bao4 gao4~1	0	他花了三天寫完這份報告。	他花了三天写完这份报告。	報告	[[9, 11]]		
報告|报告|bao4 gao4~2	0	發現問題要馬上向老師報告。	发现问题要马上向老师报告。	報告	[[10, 12]]		
報紙|报纸|bao4 zhi3~1	0	爸爸每天早上都看報紙。	爸爸每天早上都看报纸。	報紙	[[8, 10]]		
報道|报道|bao4 dao4~1	0	各大電視臺都報道了這件事。	各大电视台都报道了这件事。	報道	[[6, 8]]		
報道|报道|bao4 dao4~2	0	我在報紙上看到一篇相關報道。	我在报纸上看到一篇相关报道。	報道	[[11, 13]]		
場|场|chang2~3	0	村裡的人把穀物放在場上曬乾。	村里的人把谷物放在场上晒干。	場	[[9, 10]]		
場|场|chang2~4	0	昨天晚上下了一場大雨。	昨天晚上下了一场大雨。	場	[[7, 8]]		
場|场|chang3~2	0	我們昨天去看了一場電影。	我们昨天去看了一场电影。	場	[[8, 9]]		
塊|块|kuai4~1	0	他把肉切成小塊，放在盤子裡。	他把肉切成小块，放在盘子里。	塊	[[6, 7]]		
塊|块|kuai4~2	0	弟弟一口氣吃了兩塊蛋糕。	弟弟一口气吃了两块蛋糕。	塊	[[8, 9]]		
塊|块|kuai4~3	0	這件衣服只要一百塊錢。	这件衣服只要一百块钱。	塊	[[8, 9]]		
塔|塔|ta3~1	0	山上那座塔已經有幾百年了。	山上那座塔已经有几百年了。	塔	[[4, 5]]		
塞|塞|sai1~1	0	他把衣服塞進了包裡。	他把衣服塞进了包里。	塞	[[4, 5]]		
增加|增加|zeng1 jia1~1	0	這幾年學校的學生增加了很多。	这几年学校的学生增加了很多。	增加	[[8, 10]]		
壓|压|ya1~1	0	小心別壓到我的腳。	小心别压到我的脚。	壓	[[3, 4]]		
壓|压|ya1~2	0	公司把這個消息壓了下來。	公司把这个消息压了下来。	壓	[[7, 8]]		
壓力|压力|ya1 li4~1	0	老師要我們別給自己太多壓力。	老师要我们别给自己太多压力。	壓力	[[11, 13]]		
壓力|压力|ya1 li4~2	0	水深的地方，壓力也比較大。	水深的地方，压力也比较大。	壓力	[[6, 8]]		
士兵|士兵|shi4 bing1~1	0	那些士兵正在接受訓練。	那些士兵正在接受训练。	士兵	[[2, 4]]		
外|外|wai4~1	0	小狗在門外叫個不停。	小狗在门外叫个不停。	外	[[4, 5]]		
多|多|duo1~1	0	今天公園裡的人很多。	今天公园里的人很多。	多	[[8, 9]]	形	形
多|多|duo1~1	1	天氣冷，多穿一點衣服。	天气冷，多穿一点衣服。	多	[[4, 5]]	副	副
多|多|duo1~2	0	他在這家公司工作了十多年。	他在这家公司工作了十多年。	多	[[10, 11]]		
多|多|duo1~3	0	你知道那座山有多高嗎？	你知道那座山有多高吗？	多	[[7, 8]]		
多|多|duo1~4	0	這句話多了一個字。	这句话多了一个字。	多	[[3, 4]]		
多少|多少|duo1 shao3~1	0	錢的多少不是最重要的。	钱的多少不是最重要的。	多少	[[2, 4]]		
多少|多少|duo1 shao3~2	0	他的話多少有些道理。	他的话多少有些道理。	多少	[[3, 5]]		
多少|多少|duo1 shao5~1	0	這本書一共多少錢？	这本书一共多少钱？	多少	[[5, 7]]	問數量	问数量
多少|多少|duo1 shao5~1	1	你的手機號碼是多少？	你的手机号码是多少？	多少	[[7, 9]]	問號碼	问号码
夜|夜|ye4~1	0	他昨天一夜都沒睡好。	他昨天一夜都没睡好。	夜	[[4, 5]]		
夢|梦|meng4~1	0	我昨晚做了一個很奇怪的夢。	我昨晚做了一个很奇怪的梦。	夢	[[11, 12]]		
大事|大事|da4 shi4~1	0	結婚是人生的一件大事。	结婚是人生的一件大事。	大事	[[8, 10]]		
大事|大事|da4 shi4~2	0	報紙大事宣傳這次比賽。	报纸大事宣传这次比赛。	大事	[[2, 4]]		
大型|大型|da4 xing2~1	0	公司下個月要辦一場大型活動。	公司下个月要办一场大型活动。	大型	[[9, 11]]		
大多數|大多数|da4 duo1 shu4~1	0	大多數人都同意這個做法。	大多数人都同意这个做法。	大多數	[[0, 3]]		
大學|大学|da4 xue2~1	0	他今年考上了一所有名的大學。	他今年考上了一所有名的大学。	大學	[[11, 13]]		
大家|大家|da4 jia1~1	0	大家都同意這個辦法。	大家都同意这个办法。	大家	[[0, 2]]		
大家|大家|da4 jia1~2	0	他是有名的書法大家。	他是有名的书法大家。	大家	[[7, 9]]		
大會|大会|da4 hui4~1	0	這次大會有五百多人參加。	这次大会有五百多人参加。	大會	[[2, 4]]		
大樓|大楼|da4 lou2~1	0	他在這座大樓裡上班。	他在这座大楼里上班。	大樓	[[4, 6]]		
大約|大约|da4 yue1~1	0	從這裡走到學校大約要十分鐘。	从这里走到学校大约要十分钟。	大約	[[7, 9]]		
大約|大约|da4 yue1~2	0	他今天沒來，大約是生病了。	他今天没来，大约是生病了。	大約	[[6, 8]]		
大道|大道|da4 dao4~1	0	公司就在這條大道的東邊。	公司就在这条大道的东边。	大道	[[6, 8]]		
大部分|大部分|da4 bu4 fen5~1	0	班上大部分的學生都會游泳。	班上大部分的学生都会游泳。	大部分	[[2, 5]]		
大量|大量|da4 liang4~1	0	工廠大量生產這種產品。	工厂大量生产这种产品。	大量	[[2, 4]]		
大量|大量|da4 liang4~1	1	他們收到了大量的來信。	他们收到了大量的来信。	大量	[[5, 7]]		
天|天|tian1~1	0	他在朋友家住了三天。	他在朋友家住了三天。	天	[[8, 9]]		
天|天|tian1~2	0	今晚天上有很多星星。	今晚天上有很多星星。	天	[[2, 3]]		
天|天|tian1~3	0	天太熱了，我們在家休息吧。	天太热了，我们在家休息吧。	天	[[0, 1]]		
天|天|tian1~4	0	天啊，我把鑰匙忘在家裡了！	天啊，我把钥匙忘在家里了！	天	[[0, 1]]		
天氣|天气|tian1 qi4~1	0	今天天氣不錯，我們出去走走。	今天天气不错，我们出去走走。	天氣	[[2, 4]]		
太|太|tai4~1	0	這件衣服太貴了，我買不起。	这件衣服太贵了，我买不起。	太	[[4, 5]]		
太|太|tai4~2	0	太好了，我們終於見面了！	太好了，我们终于见面了！	太	[[0, 1]]		
太空|太空|tai4 kong1~1	0	人類已經多次進入太空。	人类已经多次进入太空。	太空	[[8, 10]]		
太陽|太阳|tai4 yang5~1	0	下午的太陽太大，我們找個地方休息。	下午的太阳太大，我们找个地方休息。	太陽	[[3, 5]]		
太陽|太阳|tai4 yang5~2	0	他用手指按了按兩邊的太陽。	他用手指按了按两边的太阳。	太陽	[[10, 12]]		
夫人|夫人|fu1 ren5~1	0	請問您夫人身體好些了嗎？	请问您夫人身体好些了吗？	夫人	[[3, 5]]		
失去|失去|shi1 qu4~1	0	他失去了一次很好的機會。	他失去了一次很好的机会。	失去	[[1, 3]]		
失敗|失败|shi1 bai4~1	0	這次實驗又失敗了。	这次实验又失败了。	失敗	[[5, 7]]	動	动
失敗|失败|shi1 bai4~1	1	他從失敗中學到了很多。	他从失败中学到了很多。	失敗	[[2, 4]]	名	名
奇|奇|qi2~3	0	這個星期奇熱，大家都不想出門。	这个星期奇热，大家都不想出门。	奇	[[4, 5]]		
套|套|tao4~1	0	他給每本書都套上了一層紙。	他给每本书都套上了一层纸。	套	[[6, 7]]		
套|套|tao4~3	0	他們家買了一套新房子。	他们家买了一套新房子。	套	[[6, 7]]		
套|套|tao4~4	0	這篇文章只是套了別人的格式。	这篇文章只是套了别人的格式。	套	[[6, 7]]		
套|套|tao4~7	0	他想從我這裡套出一點消息。	他想从我这里套出一点消息。	套	[[6, 7]]		
奪|夺|duo2~1	0	他把小孩手裡的玩具奪了過去。	他把小孩手里的玩具夺了过去。	奪	[[9, 10]]		
奪|夺|duo2~2	0	兩隊都想奪下今年的冠軍。	两队都想夺下今年的冠军。	奪	[[4, 5]]		
奪|夺|duo2~3	0	他一句話沒說就奪門而出。	他一句话没说就夺门而出。	奪	[[7, 8]]		
女|女|nu:3~1	0	這家醫院有很多女醫生。	这家医院有很多女医生。	女	[[7, 8]]	形	形
女|女|nu:3~1	1	他們家生了一男一女。	他们家生了一男一女。	女	[[8, 9]]	名	名
女人|女人|nu:3 ren2~1	0	那個女人是我媽媽的同事。	那个女人是我妈妈的同事。	女人	[[2, 4]]		
女人|女人|nu:3 ren5~1	0	我女人在家帶孩子。	我女人在家带孩子。	女人	[[1, 3]]		
女兒|女儿|nu:3 er2~1	0	他們的女兒今年上大學了。	他们的女儿今年上大学了。	女兒	[[3, 5]]		
女子|女子|nu:3 zi3~1	0	一位年輕女子走進了店裡。	一位年轻女子走进了店里。	女子	[[4, 6]]		
女孩|女孩|nu:3 hai2~1	0	那個女孩正在公園裡跳舞。	那个女孩正在公园里跳舞。	女孩	[[2, 4]]		
女性|女性|nu:3 xing4~1	0	這家公司的員工多半是女性。	这家公司的员工多半是女性。	女性	[[10, 12]]		
女王|女王|nu:3 wang2~1	0	這位女王在位超過五十年。	这位女王在位超过五十年。	女王	[[2, 4]]		
她|她|ta1~1	0	她把手機忘在家裡了。	她把手机忘在家里了。	她	[[0, 1]]		
她們|她们|ta1 men5~1	0	她們每天下午一起去打球。	她们每天下午一起去打球。	她們	[[0, 2]]		
好|好|hao3~1	0	他找到了一份很好的工作。	他找到了一份很好的工作。	好	[[7, 8]]		
好|好|hao3~3	0	外面好冷，記得多穿一件。	外面好冷，记得多穿一件。	好	[[2, 3]]		
好|好|hao3~4	0	作業寫好了就可以出去玩。	作业写好了就可以出去玩。	好	[[3, 4]]	動詞後	动词后
好|好|hao3~4	1	東西還沒收好，先別出門。	东西还没收好，先别出门。	好	[[5, 6]]	還沒…好	还没…好
好|好|hao3~5	0	好，我馬上就去辦。	好，我马上就去办。	好	[[0, 1]]		
好|好|hao3~7	0	他跟我從小就很好。	他跟我从小就很好。	好	[[7, 8]]		
如|如|ru2~1	0	這裡的風景美如圖畫。	这里的风景美如图画。	如	[[6, 7]]		
如|如|ru2~2	0	如有問題，請馬上告訴我。	如有问题，请马上告诉我。	如	[[0, 1]]		
如|如|ru2~3	0	不少動物如貓和狗都怕冷。	不少动物如猫和狗都怕冷。	如	[[4, 5]]		
如何|如何|ru2 he2~1	0	這個問題應該如何解決？	这个问题应该如何解决？	如何	[[6, 8]]		
如何|如何|ru2 he2~1	1	你覺得這個辦法如何？	你觉得这个办法如何？	如何	[[7, 9]]		
如果|如果|ru2 guo3~1	0	如果明天下雨，我們就不去了。	如果明天下雨，我们就不去了。	如果	[[0, 2]]	假設加結果	假设加结果
如果|如果|ru2 guo3~1	1	如果你有時間的話，來我家坐坐。	如果你有时间的话，来我家坐坐。	如果	[[0, 2]]	如果…的話	如果…的话
如此|如此|ru2 ci3~1	0	事情已經如此，再說也沒有用。	事情已经如此，再说也没有用。	如此	[[4, 6]]		
如此|如此|ru2 ci3~1	1	我沒想到問題如此嚴重。	我没想到问题如此严重。	如此	[[6, 8]]		
妳|你|ni3~1	0	媽媽，妳先坐一會兒吧。	妈妈，你先坐一会儿吧。	妳	[[3, 4]]		
妹妹|妹妹|mei4 mei5~1	0	我妹妹今年剛上大學。	我妹妹今年刚上大学。	妹妹	[[1, 3]]		
妹妹|妹妹|mei4 mei5~2	0	剛才那個妹妹是誰啊？	刚才那个妹妹是谁啊？	妹妹	[[4, 6]]		
妻子|妻子|qi1 zi5~1	0	他和妻子一起去看電影。	他和妻子一起去看电影。	妻子	[[2, 4]]		
姓|姓|xing4~1	0	這個姓在南方很常見。	这个姓在南方很常见。	姓	[[2, 3]]	名	名
姓|姓|xing4~1	1	他姓張，是我的老師。	他姓张，是我的老师。	姓	[[1, 2]]	動	动
委員會|委员会|wei3 yuan2 hui4~1	0	學校成立了一個新的委員會。	学校成立了一个新的委员会。	委員會	[[9, 12]]		
威脅|威胁|wei1 xie2~1	0	他威脅說要告訴老師。	他威胁说要告诉老师。	威脅	[[1, 3]]	動	动
威脅|威胁|wei1 xie2~1	1	空氣不好對健康是很大的威脅。	空气不好对健康是很大的威胁。	威脅	[[11, 13]]	名	名
娛樂|娱乐|yu2 le4~1	0	工作之外也需要一些娛樂。	工作之外也需要一些娱乐。	娛樂	[[9, 11]]	名	名
娛樂|娱乐|yu2 le4~1	1	這個節目主要是娛樂大家。	这个节目主要是娱乐大家。	娛樂	[[7, 9]]	動	动
婚姻|婚姻|hun1 yin1~1	0	他們的婚姻一直很幸福。	他们的婚姻一直很幸福。	婚姻	[[3, 5]]		
婦女|妇女|fu4 nu:3~1	0	這家工廠的工人大多是婦女。	这家工厂的工人大多是妇女。	婦女	[[10, 12]]		
媒體|媒体|mei2 ti3~1	0	這件事引起了媒體的注意。	这件事引起了媒体的注意。	媒體	[[6, 8]]		
嫁|嫁|jia4~1	0	她去年嫁給了一位中學老師。	她去年嫁给了一位中学老师。	嫁	[[3, 4]]		
嫁|嫁|jia4~2	0	他把兩個女兒都嫁到了城裡。	他把两个女儿都嫁到了城里。	嫁	[[7, 8]]		
字|字|zi4~1	0	這個字我不會念。	这个字我不会念。	字	[[2, 3]]		
字|字|zi4~2	0	古人成年以後才取字。	古人成年以后才取字。	字	[[8, 9]]		
字母|字母|zi4 mu3~1	0	老師正在教孩子念英語字母。	老师正在教孩子念英语字母。	字母	[[10, 12]]		
存|存|cun2~1	0	我每個月存一點錢。	我每个月存一点钱。	存	[[4, 5]]		
存在|存在|cun2 zai4~1	0	這種問題在很多學校都存在。	这种问题在很多学校都存在。	存在	[[10, 12]]	動	动
存在|存在|cun2 zai4~1	1	大家都感覺到他的存在。	大家都感觉到他的存在。	存在	[[8, 10]]	名	名
季|季|ji4~2	0	南方一年能種兩季稻子。	南方一年能种两季稻子。	季	[[7, 8]]		
孩子|孩子|hai2 zi5~1	0	幾個孩子在公園裡玩。	几个孩子在公园里玩。	孩子	[[2, 4]]		
孩子|孩子|hai2 zi5~2	0	我的兩個孩子都上大學了。	我的两个孩子都上大学了。	孩子	[[4, 6]]		
學會|学会|xue2 hui4~1	0	他很快就學會了游泳。	他很快就学会了游泳。	學會	[[4, 6]]		
學會|学会|xue2 hui4~2	0	他是這個學會的成員。	他是这个学会的成员。	學會	[[4, 6]]		
學校|学校|xue2 xiao4~1	0	這所學校離我家很近。	这所学校离我家很近。	學校	[[2, 4]]		
學生|学生|xue2 sheng5~1	0	我們班有四十個學生。	我们班有四十个学生。	學生	[[7, 9]]		
學習|学习|xue2 xi2~1	0	他每天晚上都在家學習中文。	他每天晚上都在家学习中文。	學習	[[8, 10]]		
學院|学院|xue2 yuan4~1	0	他在一所音樂學院學習。	他在一所音乐学院学习。	學院	[[6, 8]]		
學院|学院|xue2 yuan4~2	0	這所大學的醫學院很有名。	这所大学的医学院很有名。	學院	[[6, 8]]		
它|它|ta1~1	0	我的手機壞了，它才用了一年。	我的手机坏了，它才用了一年。	它	[[7, 8]]		
它們|它们|ta1 men5~1	0	那幾隻小狗很可愛，孩子們常常和它們玩。	那几只小狗很可爱，孩子们常常和它们玩。	它們	[[15, 17]]		
宇宙|宇宙|yu3 zhou4~1	0	人類對宇宙還有很多不知道的事。	人类对宇宙还有很多不知道的事。	宇宙	[[3, 5]]		
守|守|shou3~1	0	兩個士兵守在門口。	两个士兵守在门口。	守	[[4, 5]]		
守|守|shou3~2	0	做人一定要守信用。	做人一定要守信用。	守	[[5, 6]]		
守|守|shou3~3	0	母親整夜守著生病的孩子。	母亲整夜守着生病的孩子。	守	[[4, 5]]		
安|安|an1~2	0	他在門上安了一把新鎖。	他在门上安了一把新锁。	安	[[4, 5]]		
安|安|an1~5	0	你這樣做，到底安的是什麼心？	你这样做，到底安的是什么心？	安	[[7, 8]]		
安|安|an1~6	0	這臺機器的電流大約是三安。	这台机器的电流大约是三安。	安	[[11, 12]]		
安排|安排|an1 pai2~1	0	公司安排他下個月去外地工作。	公司安排他下个月去外地工作。	安排	[[2, 4]]	動	动
安排|安排|an1 pai2~1	1	明天的安排已經定好了。	明天的安排已经定好了。	安排	[[3, 5]]	名	名
完|完|wan2~1	0	我三天就把這本書看完了。	我三天就把这本书看完了。	完	[[9, 10]]		
完全|完全|wan2 quan2~1	0	這次的準備工作還不夠完全。	这次的准备工作还不够完全。	完全	[[10, 12]]	形	形
完全|完全|wan2 quan2~1	1	我完全同意你的看法。	我完全同意你的看法。	完全	[[1, 3]]	副	副
完成|完成|wan2 cheng2~1	0	他終於完成了這項工作。	他终于完成了这项工作。	完成	[[3, 5]]		
完整|完整|wan2 zheng3~1	0	他把事情的經過完整地說了一遍。	他把事情的经过完整地说了一遍。	完整	[[7, 9]]		
完美|完美|wan2 mei3~1	0	他把這件事處理得很完美。	他把这件事处理得很完美。	完美	[[9, 11]]		
宗|宗|zong1~5	0	警方最近處理了三宗案件。	警方最近处理了三宗案件。	宗	[[8, 9]]		
宗教|宗教|zong1 jiao4~1	0	宗教在他們的生活中很重要。	宗教在他们的生活中很重要。	宗教	[[0, 2]]		
官|官|guan1~1	0	他一心想當個大官。	他一心想当个大官。	官	[[7, 8]]		
官員|官员|guan1 yuan2~1	0	幾位政府官員參加了會議。	几位政府官员参加了会议。	官員	[[4, 6]]		
官方|官方|guan1 fang1~1	0	這個消息已經得到官方確認。	这个消息已经得到官方确认。	官方	[[8, 10]]		
定|定|ding4~1	0	開會的時間還沒定下來。	开会的时间还没定下来。	定	[[7, 8]]		
定|定|ding4~2	0	我已經定好了明天的機票。	我已经定好了明天的机票。	定	[[3, 4]]		
定|定|ding4~3	0	湯冷了，上面的油定住了。	汤冷了，上面的油定住了。	定	[[8, 9]]		
定|定|ding4~4	0	他定能完成這件事。	他定能完成这件事。	定	[[1, 2]]		
定義|定义|ding4 yi4~1	0	老師先解釋了這個詞的定義。	老师先解释了这个词的定义。	定義	[[10, 12]]	名	名
定義|定义|ding4 yi4~1	1	這本書把幸福定義為健康和自由。	这本书把幸福定义为健康和自由。	定義	[[6, 8]]	動	动
客|客|ke4~1	0	家裡來客了，媽媽忙著做飯。	家里来客了，妈妈忙着做饭。	客	[[3, 4]]		
客|客|ke4~2	0	他點了一客牛排，又要了杯茶。	他点了一客牛排，又要了杯茶。	客	[[4, 5]]		
宣傳|宣传|xuan1 chuan2~1	0	學校正在宣傳這次活動。	学校正在宣传这次活动。	宣傳	[[4, 6]]	動	动
宣傳|宣传|xuan1 chuan2~1	1	這次宣傳做得很成功。	这次宣传做得很成功。	宣傳	[[2, 4]]	名	名
宣布|宣布|xuan1 bu4~1	0	老師宣布這次考試取消了。	老师宣布这次考试取消了。	宣布	[[2, 4]]		
宮|宫|gong1~2	0	山上那座宮，每天都有人來拜。	山上那座宫，每天都有人来拜。	宮	[[4, 5]]		
宮|宫|gong1~4	0	這首曲子從宮開始，聽起來很穩定。	这首曲子从宫开始，听起来很稳定。	宮	[[5, 6]]		
家人|家人|jia1 ren2~1	0	他每個星期都打電話給家人。	他每个星期都打电话给家人。	家人	[[10, 12]]		
家庭|家庭|jia1 ting2~1	0	他來自一個普通的家庭。	他来自一个普通的家庭。	家庭	[[8, 10]]		
家族|家族|jia1 zu2~1	0	這個家族在當地很有名。	这个家族在当地很有名。	家族	[[2, 4]]		
容易|容易|rong2 yi4~1	0	這個工作很容易，一天就能做完。	这个工作很容易，一天就能做完。	容易	[[5, 7]]		
容易|容易|rong2 yi4~2	0	天氣一冷就容易感冒。	天气一冷就容易感冒。	容易	[[5, 7]]		
密|密|mi4~1	0	這片森林的樹長得很密。	这片森林的树长得很密。	密	[[9, 10]]		
密|密|mi4~4	0	有什麼問題，可以直接密我。	有什么问题，可以直接密我。	密	[[10, 11]]		
富|富|fu4~1	0	他們村子這幾年富起來了。	他们村子这几年富起来了。	富	[[7, 8]]		
實施|实施|shi2 shi1~1	0	這項新規定下個月開始實施。	这项新规定下个月开始实施。	實施	[[10, 12]]		
實現|实现|shi2 xian4~1	0	他終於實現了自己的計劃。	他终于实现了自己的计划。	實現	[[3, 5]]		
實現|实现|shi2 xian4~1	1	這個夢想不容易實現。	这个梦想不容易实现。	實現	[[7, 9]]		
實際|实际|shi2 ji4~1	0	這個計劃不符合實際。	这个计划不符合实际。	實際	[[7, 9]]	名	名
實際|实际|shi2 ji4~1	1	他的實際年齡比看起來大。	他的实际年龄比看起来大。	實際	[[2, 4]]	形	形
實際|实际|shi2 ji4~2	0	他想的辦法很實際，馬上就能用。	他想的办法很实际，马上就能用。	實際	[[6, 8]]		
實際上|实际上|shi2 ji4 shang4~1	0	他看起來很輕鬆，實際上很緊張。	他看起来很轻松，实际上很紧张。	實際上	[[8, 11]]		
實驗|实验|shi2 yan4~1	0	學生們在課上做了一個有趣的實驗。	学生们在课上做了一个有趣的实验。	實驗	[[13, 15]]	名	名
實驗|实验|shi2 yan4~1	1	他們正在實驗一種新的教學方法。	他们正在实验一种新的教学方法。	實驗	[[4, 6]]	動	动
實驗室|实验室|shi2 yan4 shi4~1	0	他每天都在實驗室裡做研究。	他每天都在实验室里做研究。	實驗室	[[5, 8]]		
審判|审判|shen3 pan4~1	0	法庭下週開始審判這個案件。	法庭下周开始审判这个案件。	審判	[[6, 8]]	動	动
審判|审判|shen3 pan4~1	1	這次審判引起社會的關注。	这次审判引起社会的关注。	審判	[[2, 4]]	名	名
寫|写|xie3~1	0	他在本子上寫了幾個字。	他在本子上写了几个字。	寫	[[5, 6]]		
寫|写|xie3~2	0	她正在寫一本關於旅行的書。	她正在写一本关于旅行的书。	寫	[[3, 4]]		
封|封|feng1~1	0	他小心地把箱子封好了。	他小心地把箱子封好了。	封	[[7, 8]]		
封|封|feng1~1	1	這條路封了三天才重新打開。	这条路封了三天才重新打开。	封	[[3, 4]]		
封|封|feng1~2	0	皇帝封他為大將軍。	皇帝封他为大将军。	封	[[2, 3]]		
封|封|feng1~3	0	他昨天收到了一封信。	他昨天收到了一封信。	封	[[7, 8]]		
射|射|she4~1	0	他一箭射中了目標。	他一箭射中了目标。	射	[[3, 4]]		
射|射|she4~2	0	太陽的光射進了房間。	太阳的光射进了房间。	射	[[4, 5]]		
將|将|jiang1~1	0	這場比賽將在明天下午開始。	这场比赛将在明天下午开始。	將	[[4, 5]]		
將|将|jiang1~2	0	請將這份文件交給老師。	请将这份文件交给老师。	將	[[1, 2]]		
將|将|jiang1~3	0	他一步棋就將了對方一軍。	他一步棋就将了对方一军。	將軍	[[5, 6], [10, 11]]		
將|将|jiang4~2	0	這盤象棋他的將被吃掉了。	这盘象棋他的将被吃掉了。	將	[[6, 7]]		
將軍|将军|jiang1 jun1~1	0	這位將軍指揮過很多次戰爭。	这位将军指挥过很多次战争。	將軍	[[2, 4]]		
將軍|将军|jiang1 jun1~2	0	走這一步就可以將軍。	走这一步就可以将军。	將軍	[[7, 9]]		
將軍|将军|jiang1 jun1~3	0	他這句話把我將了一軍。	他这句话把我将了一军。	將軍	[[6, 7], [9, 10]]		
專家|专家|zhuan1 jia1~1	0	這方面的問題可以去問專家。	这方面的问题可以去问专家。	專家	[[10, 12]]		
專業|专业|zhuan1 ye4~1	0	他大學的專業是歷史。	他大学的专业是历史。	專業	[[4, 6]]		
專業|专业|zhuan1 ye4~2	0	他們的服務很專業。	他们的服务很专业。	專業	[[6, 8]]		
專輯|专辑|zhuan1 ji2~1	0	這位歌手去年出了新專輯。	这位歌手去年出了新专辑。	專輯	[[9, 11]]		
專輯|专辑|zhuan1 ji2~2	0	電視臺為這件事做了一個專輯。	电视台为这件事做了一个专辑。	專輯	[[11, 13]]		
專門|专门|zhuan1 men2~1	0	這件事得找專門的機構處理。	这件事得找专门的机构处理。	專門	[[5, 7]]		
專門|专门|zhuan1 men2~2	0	我今天專門來向你道歉。	我今天专门来向你道歉。	專門	[[3, 5]]		
尊重|尊重|zun1 zhong4~1	0	我們應該尊重每個人的選擇。	我们应该尊重每个人的选择。	尊重	[[4, 6]]		
尋找|寻找|xun2 zhao3~1	0	警方正在尋找失蹤的女孩。	警方正在寻找失踪的女孩。	尋找	[[4, 6]]		
對|对|dui4~1	0	你說得對，我完全同意。	你说得对，我完全同意。	對	[[3, 4]]		
對|对|dui4~2	0	老師對學生都很好。	老师对学生都很好。	對	[[2, 3]]	引出對象	引出对象
對|对|dui4~2	1	對我來說，這個工作不容易。	对我来说，这个工作不容易。	對	[[0, 1]]	對…來說	对…来说
對|对|dui4~3	0	房子的大門對著一條大路。	房子的大门对着一条大路。	對	[[5, 6]]		
對|对|dui4~5	0	考完試大家都在對答案。	考完试大家都在对答案。	對	[[7, 8]]		
對|对|dui4~6	0	她買了一對耳環送給媽媽。	她买了一对耳环送给妈妈。	對	[[4, 5]]		
對|对|dui4~7	0	這裡的菜很對我的胃口。	这里的菜很对我的胃口。	對	[[5, 6]]		
對|对|dui4~8	0	這杯茶太濃了，對一點水吧。	这杯茶太浓了，对一点水吧。	對	[[7, 8]]		
對手|对手|dui4 shou3~1	0	這次比賽他遇到了很強的對手。	这次比赛他遇到了很强的对手。	對手	[[11, 13]]		
對抗|对抗|dui4 kang4~1	0	村民決定對抗這項不公平的規定。	村民决定对抗这项不公平的规定。	對抗	[[4, 6]]	動	动
對抗|对抗|dui4 kang4~1	1	兩國之間的對抗越來越嚴重。	两国之间的对抗越来越严重。	對抗	[[5, 7]]	名	名
對方|对方|dui4 fang1~1	0	打電話時對方一直沒有說話。	打电话时对方一直没有说话。	對方	[[4, 6]]		
對於|对于|dui4 yu2~1	0	對於這件事，我沒有別的意見。	对于这件事，我没有别的意见。	對於	[[0, 2]]	句首話題	句首话题
對於|对于|dui4 yu2~1	1	他對於音樂非常感興趣。	他对于音乐非常感兴趣。	對於	[[1, 3]]	主語後面	主语后面
對象|对象|dui4 xiang4~1	0	這次調查的對象是大學生。	这次调查的对象是大学生。	對象	[[5, 7]]		
對象|对象|dui4 xiang4~2	0	他上個月才找到對象。	他上个月才找到对象。	對象	[[7, 9]]		
導致|导致|dao3 zhi4~1	0	他的錯誤導致公司損失很多錢。	他的错误导致公司损失很多钱。	導致	[[4, 6]]		
小時|小时|xiao3 shi2~1	0	從這裡開車到那裡要三個小時。	从这里开车到那里要三个小时。	小時	[[11, 13]]		
小組|小组|xiao3 zu3~1	0	我們班分成四個小組討論。	我们班分成四个小组讨论。	小組	[[7, 9]]		
小說|小说|xiao3 shuo1~1	0	這本小說我一個晚上就看完了。	这本小说我一个晚上就看完了。	小說	[[2, 4]]		
少|少|shao3~1	0	今年下的雨比去年少。	今年下的雨比去年少。	少	[[8, 9]]		
少|少|shao3~2	0	我發現錢包裡少了五百塊。	我发现钱包里少了五百块。	少	[[6, 7]]		
少|少|shao3~3	0	這種事你以後少管。	这种事你以后少管。	少	[[6, 7]]		
少|少|shao3~3	1	他平時很少來我們家。	他平时很少来我们家。	少	[[4, 5]]		
尤其|尤其|you2 qi2~1	0	他喜歡運動，尤其喜歡打球。	他喜欢运动，尤其喜欢打球。	尤其	[[6, 8]]		
就是|就是|jiu4 shi4~1	0	我要找的人就是他。	我要找的人就是他。	就是	[[5, 7]]	用在人或事前	用在人或事前
就是|就是|jiu4 shi4~1	1	就是嘛，我早想這麼說了。	就是嘛，我早想这么说了。	就是	[[0, 2]]	表同意	表同意
就是|就是|jiu4 shi4~2	0	我就是隨便問問，你別多想。	我就是随便问问，你别多想。	就是	[[1, 3]]	用在動詞前	用在动词前
就是|就是|jiu4 shi4~3	0	就是天氣再冷，他也每天跑步。	就是天气再冷，他也每天跑步。	就是	[[0, 2]]	就是…也…	就是…也…
尾|尾|wei3~3	0	他今天在河邊釣到三尾魚。	他今天在河边钓到三尾鱼。	尾	[[9, 10]]		
局|局|ju2~3	0	他們下午一連下了三局棋。	他们下午一连下了三局棋。	局	[[9, 10]]		
居民|居民|ju1 min2~1	0	附近的居民都反對蓋這座工廠。	附近的居民都反对盖这座工厂。	居民	[[3, 5]]		
屆|届|jie4~1	0	他們去年舉行了第三屆足球比賽。	他们去年举行了第三届足球比赛。	屆	[[9, 10]]		
屍體|尸体|shi1 ti3~1	0	警察在河邊發現了一具屍體。	警察在河边发现了一具尸体。	屍體	[[10, 12]]		
展示|展示|zhan3 shi4~1	0	這次活動展示了學生的作品。	这次活动展示了学生的作品。	展示	[[4, 6]]		
展開|展开|zhan3 kai1~1	0	她把那張紙展開，讓大家看。	她把那张纸展开，让大家看。	展開	[[5, 7]]		
展開|展开|zhan3 kai1~2	0	警方已經展開調查。	警方已经展开调查。	展開	[[4, 6]]		
層|层|ceng2~2	0	這座大樓一共有三十層樓。	这座大楼一共有三十层楼。	層	[[9, 10]]		
屬|属|shu3~1	0	這塊土地屬國家所有。	这块土地属国家所有。	屬	[[4, 5]]		
屬|属|shu3~2	0	我屬馬，今年三十六歲。	我属马，今年三十六岁。	屬	[[1, 2]]		
屬|属|shu3~4	0	科學家發現了一個新的屬。	科学家发现了一个新的属。	屬	[[10, 11]]		
屬於|属于|shu3 yu2~1	0	這件事不屬於我們的工作範圍。	这件事不属于我们的工作范围。	屬於	[[4, 6]]		
山|山|shan1~1	0	我家後面有一座不高的山。	我家后面有一座不高的山。	山	[[10, 11]]		
山|山|shan1~2	0	蠶老了就要上山做繭。	蚕老了就要上山做茧。	山	[[6, 7]]		
島|岛|dao3~1	0	這座島上住著幾百個人。	这座岛上住着几百个人。	島	[[2, 3]]		
州|州|zhou1~1	0	他在美國的一個小州讀書。	他在美国的一个小州读书。	州	[[8, 9]]		
州|州|zhou1~2	0	古時候一個州管著好幾個縣。	古时候一个州管着好几个县。	州	[[5, 6]]		
工人|工人|gong1 ren2~1	0	這家工廠有兩千多個工人。	这家工厂有两千多个工人。	工人	[[9, 11]]		
工作|工作|gong1 zuo4~1	0	他在一家公司工作了三年。	他在一家公司工作了三年。	工作	[[6, 8]]	動	动
工作|工作|gong1 zuo4~1	1	最近工作很忙，沒有時間休息。	最近工作很忙，没有时间休息。	工作	[[2, 4]]	名	名
工作|工作|gong1 zuo4~2	0	他大學畢業後找到了一份新工作。	他大学毕业后找到了一份新工作。	工作	[[12, 14]]		
工作|工作|gong1 zuo4~3	0	這些機器一天二十四小時不停地工作。	这些机器一天二十四小时不停地工作。	工作	[[14, 16]]		
工具|工具|gong1 ju4~1	0	修理汽車要用到很多工具。	修理汽车要用到很多工具。	工具	[[9, 11]]		
工具|工具|gong1 ju4~2	0	語言是人們交流思想的工具。	语言是人们交流思想的工具。	工具	[[10, 12]]		
工廠|工厂|gong1 chang3~1	0	這家工廠有五百多個工人。	这家工厂有五百多个工人。	工廠	[[2, 4]]		
工程|工程|gong1 cheng2~1	0	這座橋的工程已經完成了。	这座桥的工程已经完成了。	工程	[[4, 6]]		
工程|工程|gong1 cheng2~2	0	他在大學讀的是電子工程。	他在大学读的是电子工程。	工程	[[9, 11]]		
左|左|zuo3~1	0	到前面的路口向左轉。	到前面的路口向左转。	左	[[7, 8]]		
左|左|zuo3~2	0	他在政治上的看法比較左。	他在政治上的看法比较左。	左	[[10, 11]]		
左|左|zuo3~5	0	你想左了，我不是這個意思。	你想左了，我不是这个意思。	左	[[2, 3]]		
左右|左右|zuo3 you4~1	0	大樓的左右各有一個出口。	大楼的左右各有一个出口。	左右	[[3, 5]]		
左右|左右|zuo3 you4~2	0	這場電影兩個小時左右。	这场电影两个小时左右。	左右	[[8, 10]]	數量後	数量后
左右|左右|zuo3 you4~2	1	我們明天七點左右出發。	我们明天七点左右出发。	左右	[[6, 8]]	時間後	时间后
左右|左右|zuo3 you4~3	0	他的想法容易被別人左右。	他的想法容易被别人左右。	左右	[[9, 11]]		
巨大|巨大|ju4 da4~1	0	這場大火造成了巨大的損失。	这场大火造成了巨大的损失。	巨大	[[7, 9]]		
差|差|cha1~2	0	這兩個數的差是多少？	这两个数的差是多少？	差	[[5, 6]]		
差|差|cha4~1	0	他這次考試的成績很差。	他这次考试的成绩很差。	差	[[9, 10]]		
差|差|cha4~2	0	這些錢還差一點，不夠買車。	这些钱还差一点，不够买车。	差	[[4, 5]]		
差|差|cha4~2	1	他的想法跟我差得很遠。	他的想法跟我差得很远。	差	[[6, 7]]		
差|差|cha4~3	0	這件事你想差了，他不是那個意思。	这件事你想差了，他不是那个意思。	差	[[5, 6]]		
差|差|chai1~3	0	老闆差他到外地辦事。	老板差他到外地办事。	差	[[2, 3]]		
已|已|yi3~1	0	這項工作已順利完成。	这项工作已顺利完成。	已	[[4, 5]]		
已經|已经|yi3 jing1~1	0	我到的時候，電影已經開始了。	我到的时候，电影已经开始了。	已經	[[8, 10]]		
巴士|巴士|ba1 shi4~1	0	我每天坐巴士上學。	我每天坐巴士上学。	巴士	[[4, 6]]		
市場|市场|shi4 chang3~1	0	媽媽每天早上去市場買菜。	妈妈每天早上去市场买菜。	市場	[[7, 9]]		
市場|市场|shi4 chang3~2	0	公司想把產品賣到國外市場。	公司想把产品卖到国外市场。	市場	[[10, 12]]		
市長|市长|shi4 zhang3~1	0	市長答應要解決交通問題。	市长答应要解决交通问题。	市長	[[0, 2]]		
布|布|bu4~1	0	這塊布的顏色我很喜歡。	这块布的颜色我很喜欢。	布	[[2, 3]]		
希望|希望|xi1 wang4~1	0	我希望明天不要下雨。	我希望明天不要下雨。	希望	[[1, 3]]	動	动
希望|希望|xi1 wang4~1	1	大家對這次比賽充滿希望。	大家对这次比赛充满希望。	希望	[[9, 11]]	名	名
帝國|帝国|di4 guo2~1	0	這個帝國曾經控制過周圍很多地方。	这个帝国曾经控制过周围很多地方。	帝國	[[2, 4]]		
師|师|shi1~3	0	他們派了一個師去支援。	他们派了一个师去支援。	師	[[6, 7]]		
帶|带|dai4~10	0	她說話帶著南方口音。	她说话带着南方口音。	帶	[[3, 4]]		
帶|带|dai4~7	0	出門前別忘了帶鑰匙。	出门前别忘了带钥匙。	帶	[[6, 7]]		
帶|带|dai4~8	0	你帶路，我們跟你走。	你带路，我们跟你走。	帶	[[1, 2]]		
帶|带|dai4~9	0	這個孩子是奶奶帶大的。	这个孩子是奶奶带大的。	帶	[[7, 8]]		
帶來|带来|dai4 lai2~1	0	我把家裡的照片帶來給你看。	我把家里的照片带来给你看。	帶來	[[7, 9]]		
帶來|带来|dai4 lai2~2	0	新的技術給生活帶來很大的改變。	新的技术给生活带来很大的改变。	帶來	[[7, 9]]		
常|常|chang2~1	0	我父親常來這裡喝茶。	我父亲常来这里喝茶。	常	[[3, 4]]		
常常|常常|chang2 chang2~1	0	他常常一個人去公園散步。	他常常一个人去公园散步。	常常	[[1, 3]]		
幅|幅|fu2~2	0	牆上掛著一幅山水畫。	墙上挂着一幅山水画。	幅	[[5, 6]]		
幫|帮|bang1~1	0	你能幫我拿一下這本書嗎？	你能帮我拿一下这本书吗？	幫	[[2, 3]]		
幫|帮|bang1~2	0	門外站著一幫年輕人。	门外站着一帮年轻人。	幫	[[5, 6]]		
幫助|帮助|bang1 zhu4~1	0	他常常幫助有困難的同學。	他常常帮助有困难的同学。	幫助	[[3, 5]]	動	动
幫助|帮助|bang1 zhu4~1	1	這件事得到了大家的幫助。	这件事得到了大家的帮助。	幫助	[[9, 11]]	名	名
年|年|nian2~1	0	他在國外工作了三年。	他在国外工作了三年。	年	[[8, 9]]		
年|年|nian2~2	0	這個年過得很開心，家裡人都回來了。	这个年过得很开心，家里人都回来了。	年	[[2, 3]]		
年代|年代|nian2 dai4~1	0	他喜歡聽八十年代的歌曲。	他喜欢听八十年代的歌曲。	年代	[[6, 8]]		
年代|年代|nian2 dai4~2	0	那個年代的生活很不容易。	那个年代的生活很不容易。	年代	[[2, 4]]		
年輕|年轻|nian2 qing1~1	0	這位老師很年輕，才二十五歲。	这位老师很年轻，才二十五岁。	年輕	[[5, 7]]		
年齡|年龄|nian2 ling2~1	0	他的年齡跟我差不多。	他的年龄跟我差不多。	年齡	[[2, 4]]		
幹|干|gan4~1	0	他在這家公司幹了十年。	他在这家公司干了十年。	幹	[[6, 7]]		
幹|干|gan4~5	0	等了兩個小時，他覺得很幹。	等了两个小时，他觉得很干。	幹	[[11, 12]]		
幾|几|ji3~1	0	你們班上有幾個學生？	你们班上有几个学生？	幾	[[5, 6]]		
幾|几|ji3~2	0	我在那裡住了幾天。	我在那里住了几天。	幾	[[6, 7]]		
幾乎|几乎|ji1 hu1~1	0	天太黑，我幾乎看不見路。	天太黑，我几乎看不见路。	幾乎	[[5, 7]]		
底|底|di3~1	0	水很清，能看見河底的石頭。	水很清，能看见河底的石头。	底	[[8, 9]]		
底|底|di3~3	0	心裡有底就不怕了。	心里有底就不怕了。	底	[[3, 4]]		
底|底|di3~4	0	白底藍花的布很好看。	白底蓝花的布很好看。	底	[[1, 2]]		
底|底|di3~5	0	這份文件請留個底。	这份文件请留个底。	底	[[7, 8]]		
底|底|di3~6	0	兩個數的底相同才好算。	两个数的底相同才好算。	底	[[4, 5]]		
店|店|dian4~1	0	這家店晚上八點關門。	这家店晚上八点关门。	店	[[2, 3]]		
度|度|du4~2	0	這個月家裡用了兩百度電。	这个月家里用了两百度电。	度	[[9, 10]]		
度|度|du4~4	0	一年一度的運動會又開始了。	一年一度的运动会又开始了。	度	[[3, 4]]		
座|座|zuo4~4	0	城裡新建了一座大樓。	城里新建了一座大楼。	座	[[6, 7]]		
廣告|广告|guang3 gao4~1	0	這個廣告拍得很有意思。	这个广告拍得很有意思。	廣告	[[2, 4]]		
廣場|广场|guang3 chang3~1	0	晚上很多人在廣場上跳舞。	晚上很多人在广场上跳舞。	廣場	[[6, 8]]		
廣播|广播|guang3 bo1~1	0	他每天早上都聽廣播。	他每天早上都听广播。	廣播	[[7, 9]]	名	名
廣播|广播|guang3 bo1~1	1	學校正在廣播明天的活動安排。	学校正在广播明天的活动安排。	廣播	[[4, 6]]	動	动
廣播|广播|guang3 bo1~2	0	這個消息很快廣播到全國各地。	这个消息很快广播到全国各地。	廣播	[[6, 8]]		
建|建|jian4~1	0	這座橋是三年前建的。	这座桥是三年前建的。	建	[[7, 8]]		
建|建|jian4~2	0	這個國家建於一千多年前。	这个国家建于一千多年前。	建	[[4, 5]]		
建立|建立|jian4 li4~1	0	兩國在去年建立了外交關係。	两国在去年建立了外交关系。	建立	[[5, 7]]		
建築|建筑|jian4 zhu4~1	0	那座白色的建築是圖書館。	那座白色的建筑是图书馆。	建築	[[5, 7]]		
建築|建筑|jian4 zhu4~2	0	這家公司專門建築高樓。	这家公司专门建筑高楼。	建築	[[6, 8]]		
建議|建议|jian4 yi4~1	0	我建議你早點休息。	我建议你早点休息。	建議	[[1, 3]]	動	动
建議|建议|jian4 yi4~1	1	大家都同意他的建議。	大家都同意他的建议。	建議	[[7, 9]]	名	名
建造|建造|jian4 zao4~1	0	工人正在建造一座新橋。	工人正在建造一座新桥。	建造	[[4, 6]]		
引|引|yin3~1	0	這件小事引來很多人的注意。	这件小事引来很多人的注意。	引	[[4, 5]]		
引|引|yin3~2	0	老人在前面引我們進了村子。	老人在前面引我们进了村子。	引	[[5, 6]]		
引|引|yin3~3	0	他在文章裡引了一句古詩。	他在文章里引了一句古诗。	引	[[5, 6]]		
引擎|引擎|yin3 qing2~1	0	這輛車的引擎壞了。	这辆车的引擎坏了。	引擎	[[4, 6]]		
引發|引发|yin3 fa1~1	0	這件事引發了很大的爭論。	这件事引发了很大的争论。	引發	[[3, 5]]		
引起|引起|yin3 qi3~1	0	這件事引起了很多人的注意。	这件事引起了很多人的注意。	引起	[[3, 5]]		
弟弟|弟弟|di4 di5~1	0	我弟弟比我小三歲。	我弟弟比我小三岁。	弟弟	[[1, 3]]		
張|张|zhang1~3	0	他張大嘴巴，一句話也說不出來。	他张大嘴巴，一句话也说不出来。	張	[[1, 2]]		
張|张|zhang1~4	0	他在桌上放了三張紙。	他在桌上放了三张纸。	張	[[7, 8]]		
強|强|qiang2~1	0	今天風很強，出門要小心。	今天风很强，出门要小心。	強	[[4, 5]]		
強|强|qiang2~2	0	他的中文比我強多了。	他的中文比我强多了。	強	[[6, 7]]		
強|强|qiang2~3	0	這個班的女生佔一半強。	这个班的女生占一半强。	強	[[9, 10]]		
強大|强大|qiang2 da4~1	0	這個國家有強大的軍隊。	这个国家有强大的军队。	強大	[[5, 7]]		
強烈|强烈|qiang2 lie4~1	0	他對這件事的反應非常強烈。	他对这件事的反应非常强烈。	強烈	[[10, 12]]		
彈|弹|tan2~1	0	她從小就會彈鋼琴。	她从小就会弹钢琴。	彈	[[5, 6]]		
彈|弹|tan2~2	0	他把桌上的灰塵彈掉了。	他把桌上的灰尘弹掉了。	彈	[[7, 8]]		
彈|弹|tan2~3	0	球從地上彈了起來。	球从地上弹了起来。	彈	[[4, 5]]		
彈|弹|tan2~6	0	村裡還有老人會彈棉花。	村里还有老人会弹棉花。	彈	[[7, 8]]		
形式|形式|xing2 shi4~1	0	他們用表演的形式介紹這個故事。	他们用表演的形式介绍这个故事。	形式	[[6, 8]]		
形式|形式|xing2 shi4~2	0	這個會只是走形式，大家都不說話。	这个会只是走形式，大家都不说话。	形式	[[6, 8]]		
形成|形成|xing2 cheng2~1	0	這個習慣是他很早以前形成的。	这个习惯是他很早以前形成的。	形成	[[10, 12]]		
形象|形象|xing2 xiang4~1	0	這件事影響了公司的形象。	这件事影响了公司的形象。	形象	[[9, 11]]		
形象|形象|xing2 xiang4~2	0	老師講的故事很形象。	老师讲的故事很形象。	形象	[[7, 9]]		
影響|影响|ying3 xiang3~1	0	天氣不好，影響了比賽的進行。	天气不好，影响了比赛的进行。	影響	[[5, 7]]	動	动
影響|影响|ying3 xiang3~1	1	老師對他的影響很大。	老师对他的影响很大。	影響	[[5, 7]]	名	名
彼此|彼此|bi3 ci3~1	0	他們兩個人彼此很了解。	他们两个人彼此很了解。	彼此	[[5, 7]]		
往|往|wang3~1	0	往前走五分鐘就到了。	往前走五分钟就到了。	往	[[0, 1]]	動詞前	动词前
往|往|wang3~1	1	這班車開往南方的大城市。	这班车开往南方的大城市。	往	[[4, 5]]	動詞後	动词后
待|待|dai1~1	0	他一個人待在房間裡不出來。	他一个人待在房间里不出来。	待	[[4, 5]]		
待|待|dai4~2	0	他待朋友像家人一樣。	他待朋友像家人一样。	待	[[1, 2]]		
待|待|dai4~3	0	他正待開口，電話就響了。	他正待开口，电话就响了。	待	[[2, 3]]		
很|很|hen3~1	0	外面很冷，你多穿一點衣服。	外面很冷，你多穿一点衣服。	很	[[2, 3]]	形容詞前	形容词前
很|很|hen3~1	1	我很喜歡你送的這件禮物。	我很喜欢你送的这件礼物。	很	[[1, 2]]	動詞前	动词前
很|很|hen3~1	2	最近他忙得很，沒時間休息。	最近他忙得很，没时间休息。	很	[[5, 6]]	得字後	得字后
律師|律师|lu:4 shi1~1	0	這件事最好先問問律師的意見。	这件事最好先问问律师的意见。	律師	[[8, 10]]		
後|后|hou4~1	0	他站在門後，等我出來。	他站在门后，等我出来。	後	[[4, 5]]		
後|后|hou4~2	0	下課後，我們一起去打球。	下课后，我们一起去打球。	後	[[2, 3]]		
後來|后来|hou4 lai2~1	0	他先在北方工作，後來搬到了南方。	他先在北方工作，后来搬到了南方。	後來	[[8, 10]]		
後來|后来|hou4 lai2~2	0	我們要給後來人留下好的環境。	我们要给后来人留下好的环境。	後來	[[4, 6]]		
得|得|de2~1	0	他在比賽中得了第一名。	他在比赛中得了第一名。	得	[[5, 6]]		
得|得|de2~2	0	天氣一冷，他就容易得感冒。	天气一冷，他就容易得感冒。	得	[[9, 10]]		
得|得|de2~6	0	飯得了，快來吃吧。	饭得了，快来吃吧。	得	[[1, 2]]		
得|得|dei3~1	0	明天要早起，你得早點睡。	明天要早起，你得早点睡。	得	[[7, 8]]		
得|得|dei3~2	0	從這裡到火車站得半個小時。	从这里到火车站得半个小时。	得	[[7, 8]]		
得|得|dei3~3	0	快走吧，再晚就得遲到了。	快走吧，再晚就得迟到了。	得	[[7, 8]]		
得到|得到|de2 dao4~1	0	她得到了大家的支持。	她得到了大家的支持。	得到	[[1, 3]]		
得知|得知|de2 zhi1~1	0	我從報紙上得知這個消息。	我从报纸上得知这个消息。	得知	[[5, 7]]		
從未|从未|cong2 wei4~1	0	他在國外住了十年，從未回過家。	他在国外住了十年，从未回过家。	從未	[[9, 11]]	與過連用	与过连用
從未|从未|cong2 wei4~1	1	我從未後悔自己的決定。	我从未后悔自己的决定。	從未	[[1, 3]]	直接加動詞	直接加动词
徹底|彻底|che4 di3~1	0	這個問題已經徹底解決了。	这个问题已经彻底解决了。	徹底	[[6, 8]]		
徹底|彻底|che4 di3~1	1	他做事一向很徹底。	他做事一向很彻底。	徹底	[[6, 8]]		
心理|心理|xin1 li3~1	0	他很懂得抓住顧客的心理。	他很懂得抓住顾客的心理。	心理	[[9, 11]]		
必|必|bi4~1	0	你放心，我明天必到。	你放心，我明天必到。	必	[[7, 8]]		
必要|必要|bi4 yao4~1	0	出門前做好必要的準備。	出门前做好必要的准备。	必要	[[5, 7]]	形	形
必要|必要|bi4 yao4~1	1	我看沒有必要再等下去了。	我看没有必要再等下去了。	必要	[[4, 6]]	名	名
必須|必须|bi4 xu1~1	0	明天的會議你必須參加。	明天的会议你必须参加。	必須	[[6, 8]]		
快|快|kuai4~1	0	他寫字寫得特別快。	他写字写得特别快。	快	[[7, 8]]		
快|快|kuai4~2	0	電影快開始了，我們進去吧。	电影快开始了，我们进去吧。	快	[[2, 3]]		
快|快|kuai4~3	0	快叫他過來，我有事找他。	快叫他过来，我有事找他。	快	[[0, 1]]		
快|快|kuai4~5	0	這把刀很快，切肉一點也不費力。	这把刀很快，切肉一点也不费力。	快	[[4, 5]]		
快速|快速|kuai4 su4~1	0	這種方法可以快速解決問題。	这种方法可以快速解决问题。	快速	[[6, 8]]		
念|念|nian4~1	0	老師讓他把課文念一遍。	老师让他把课文念一遍。	念	[[7, 8]]		
念|念|nian4~2	0	他在北京念大學。	他在北京念大学。	念	[[4, 5]]		
念|念|nian4~3	0	老人一直念著遠方的兒子。	老人一直念着远方的儿子。	念	[[4, 5]]		
念|念|nian4~5	0	我遲到了，被媽媽念了一頓。	我迟到了，被妈妈念了一顿。	念	[[8, 9]]		
思想|思想|si1 xiang3~1	0	這本書對我的思想影響很大。	这本书对我的思想影响很大。	思想	[[6, 8]]		
急|急|ji2~1	0	我有急事，得先走了。	我有急事，得先走了。	急	[[2, 3]]		
急|急|ji2~2	0	山上的水流得很急。	山上的水流得很急。	急	[[7, 8]]		
急|急|ji2~3	0	等了半天不見人來，他心裡很急。	等了半天不见人来，他心里很急。	急	[[13, 14]]	形	形
急|急|ji2~3	1	這件事真把我急壞了。	这件事真把我急坏了。	急	[[6, 7]]	動	动
怪|怪|guai4~1	0	這杯茶的味道有點怪。	这杯茶的味道有点怪。	怪	[[8, 9]]		
怪|怪|guai4~2	0	這次失敗不能怪他一個人。	这次失败不能怪他一个人。	怪	[[6, 7]]		
怪|怪|guai4~3	0	今天怪冷的，多穿一件吧。	今天怪冷的，多穿一件吧。	怪	[[2, 3]]		
恐怖|恐怖|kong3 bu4~1	0	那部電影的畫面十分恐怖。	那部电影的画面十分恐怖。	恐怖	[[9, 11]]	形	形
恐怖|恐怖|kong3 bu4~1	1	戰爭給這座城市帶來了恐怖。	战争给这座城市带来了恐怖。	恐怖	[[10, 12]]	名	名
恢復|恢复|hui1 fu4~1	0	他的身體已經恢復得差不多了。	他的身体已经恢复得差不多了。	恢復	[[6, 8]]		
恢復|恢复|hui1 fu4~1	1	學校下週恢復上課。	学校下周恢复上课。	恢復	[[4, 6]]		
恩|恩|en1~1	0	他對我有恩，我不會忘記。	他对我有恩，我不会忘记。	恩	[[4, 5]]		
恩|恩|en1~2	0	恩，我知道了，明天見。	恩，我知道了，明天见。	恩	[[0, 1]]		
情報|情报|qing2 bao4~1	0	他負責收集敵人的情報。	他负责收集敌人的情报。	情報	[[8, 10]]		
情況|情况|qing2 kuang4~1	0	請你說一下當時的情況。	请你说一下当时的情况。	情況	[[8, 10]]		
情緒|情绪|qing2 xu4~1	0	音樂能讓人的情緒穩定下來。	音乐能让人的情绪稳定下来。	情緒	[[6, 8]]		
情緒|情绪|qing2 xu4~2	0	他心裡有情緒，一句話也不說。	他心里有情绪，一句话也不说。	情緒	[[4, 6]]		
想|想|xiang3~1	0	這個問題我想了很久。	这个问题我想了很久。	想	[[5, 6]]		
想|想|xiang3~2	0	孩子們都想早點兒放假。	孩子们都想早点儿放假。	想	[[4, 5]]		
想|想|xiang3~3	0	我想他今天不會來了。	我想他今天不会来了。	想	[[1, 2]]		
想|想|xiang3~4	0	他很想家裡的父母。	他很想家里的父母。	想	[[2, 3]]		
想法|想法|xiang3 fa3~1	0	說說你對這件事的想法。	说说你对这件事的想法。	想法	[[8, 10]]		
想法|想法|xiang3 fa3~2	0	你得想法把問題解決。	你得想法把问题解决。	想法	[[2, 4]]		
意味著|意味着|yi4 wei4 zhe5~1	0	這個決定意味著他要離開這裡。	这个决定意味着他要离开这里。	意味著	[[4, 7]]		
意外|意外|yi4 wai4~1	0	他的回答讓我很意外。	他的回答让我很意外。	意外	[[7, 9]]		
意外|意外|yi4 wai4~2	0	昨天的意外造成兩人受傷。	昨天的意外造成两人受伤。	意外	[[3, 5]]		
意思|意思|yi4 si5~1	0	這個詞在這裡是什麼意思？	这个词在这里是什么意思？	意思	[[9, 11]]		
意思|意思|yi4 si5~2	0	大家的意思是明天再開會。	大家的意思是明天再开会。	意思	[[3, 5]]		
意思|意思|yi4 si5~3	0	他講的故事很有意思。	他讲的故事很有意思。	意思	[[7, 9]]		
意思|意思|yi4 si5~4	0	這是我的一點小意思，請收下。	这是我的一点小意思，请收下。	意思	[[7, 9]]	名	名
意思|意思|yi4 si5~4	1	別人都送了禮，你也意思一下吧。	别人都送了礼，你也意思一下吧。	意思	[[9, 11]]	動	动
意義|意义|yi4 yi4~1	0	這次談話對我來說意義很大。	这次谈话对我来说意义很大。	意義	[[8, 10]]		
意義|意义|yi4 yi4~2	0	這個詞在古文裡的意義不同。	这个词在古文里的意义不同。	意義	[[8, 10]]		
意見|意见|yi4 jian4~1	0	我想聽聽你對這件事的意見。	我想听听你对这件事的意见。	意見	[[10, 12]]		
意見|意见|yi4 jian4~2	0	他對公司的安排很有意見。	他对公司的安排很有意见。	意見	[[9, 11]]		
意識|意识|yi4 shi2~1	0	他受傷以後失去了意識。	他受伤以后失去了意识。	意識	[[8, 10]]		
意識|意识|yi4 shi2~2	0	他這才意識到自己說錯了話。	他这才意识到自己说错了话。	意識	[[3, 5]]		
愛|爱|ai4~1	0	媽媽最愛她的小女兒。	妈妈最爱她的小女儿。	愛	[[3, 4]]	動	动
愛|爱|ai4~1	1	孩子需要父母的愛。	孩子需要父母的爱。	愛	[[7, 8]]	名	名
愛|爱|ai4~2	0	我妹妹很愛吃甜的東西。	我妹妹很爱吃甜的东西。	愛	[[4, 5]]		
愛|爱|ai4~3	0	天氣一冷，他就愛感冒。	天气一冷，他就爱感冒。	愛	[[7, 8]]		
愛情|爱情|ai4 qing2~1	0	他們的愛情經過了很多考驗。	他们的爱情经过了很多考验。	愛情	[[3, 5]]		
感到|感到|gan3 dao4~1	0	聽到這個消息，他感到十分高興。	听到这个消息，他感到十分高兴。	感到	[[8, 10]]		
感情|感情|gan3 qing2~1	0	他從不在別人面前表現自己的感情。	他从不在别人面前表现自己的感情。	感情	[[13, 15]]		
感情|感情|gan3 qing2~2	0	他們兄弟兩個感情一直很好。	他们兄弟两个感情一直很好。	感情	[[6, 8]]		
感染|感染|gan3 ran3~1	0	傷口沒有處理好，很容易感染。	伤口没有处理好，很容易感染。	感染	[[11, 13]]	動	动
感染|感染|gan3 ran3~1	1	這種感染要用藥物治療。	这种感染要用药物治疗。	感染	[[2, 4]]	名	名
感染|感染|gan3 ran3~2	0	他的熱情感染了整個團隊。	他的热情感染了整个团队。	感染	[[4, 6]]		
感覺|感觉|gan3 jue2~1	0	我感覺今天比昨天冷得多。	我感觉今天比昨天冷得多。	感覺	[[1, 3]]	動	动
感覺|感觉|gan3 jue2~1	1	這種音樂給人一種很安靜的感覺。	这种音乐给人一种很安静的感觉。	感覺	[[12, 14]]	名	名
態度|态度|tai4 du5~1	0	那位服務員的態度很不好。	那位服务员的态度很不好。	態度	[[6, 8]]		
態度|态度|tai4 du5~2	0	公司對這個問題的態度很清楚。	公司对这个问题的态度很清楚。	態度	[[8, 10]]		
慢|慢|man4~1	0	他走路很慢，我們在門口等了半天。	他走路很慢，我们在门口等了半天。	慢	[[4, 5]]		
慶祝|庆祝|qing4 zhu4~1	0	大家一起慶祝她的生日。	大家一起庆祝她的生日。	慶祝	[[4, 6]]		
應|应|ying1~1	0	這件事應由你自己決定。	这件事应由你自己决定。	應	[[3, 4]]		
應|应|ying4~1	0	我在門外叫了幾聲，屋裡沒人應。	我在门外叫了几声，屋里没人应。	應	[[13, 14]]		
應該|应该|ying1 gai1~1	0	做錯了事應該向人道歉。	做错了事应该向人道歉。	應該	[[4, 6]]		
應該|应该|ying1 gai1~2	0	他早上就出發了，現在應該到家了。	他早上就出发了，现在应该到家了。	應該	[[10, 12]]		
懷|怀|huai2~1	0	孩子在媽媽懷裡睡著了。	孩子在妈妈怀里睡着了。	懷	[[5, 6]]		
懷|怀|huai2~2	0	她懷了第二個孩子，全家都很高興。	她怀了第二个孩子，全家都很高兴。	懷	[[1, 2]]		
懷疑|怀疑|huai2 yi2~1	0	大家都懷疑他說的話。	大家都怀疑他说的话。	懷疑	[[3, 5]]		
懷疑|怀疑|huai2 yi2~2	0	警方懷疑他和這件案子有關。	警方怀疑他和这件案子有关。	懷疑	[[2, 4]]		
成|成|cheng2~1	0	下午雪都化成了水。	下午雪都化成了水。	成	[[5, 6]]		
成|成|cheng2~2	0	只要大家一起努力，事情就能成。	只要大家一起努力，事情就能成。	成	[[13, 14]]		
成|成|cheng2~3	0	明天上午九點出發，成嗎？	明天上午九点出发，成吗？	成	[[9, 10]]		
成|成|cheng2~4	0	至少有七成的人同意這個計劃。	至少有七成的人同意这个计划。	成	[[4, 5]]		
成功|成功|cheng2 gong1~1	0	他經過多次試驗，終於成功了。	他经过多次试验，终于成功了。	成功	[[10, 12]]	動	动
成功|成功|cheng2 gong1~1	1	她是一位很成功的作家。	她是一位很成功的作家。	成功	[[5, 7]]	形	形
成功|成功|cheng2 gong1~1	2	成功需要努力，也需要運氣。	成功需要努力，也需要运气。	成功	[[0, 2]]	名	名
成員|成员|cheng2 yuan2~1	0	他是這個小組的新成員。	他是这个小组的新成员。	成員	[[8, 10]]		
成就|成就|cheng2 jiu4~1	0	他在教育方面有很大的成就。	他在教育方面有很大的成就。	成就	[[10, 12]]		
成就|成就|cheng2 jiu4~2	0	這段經歷成就了他的事業。	这段经历成就了他的事业。	成就	[[4, 6]]		
成為|成为|cheng2 wei2~1	0	他經過多年努力，終於成為一名醫生。	他经过多年努力，终于成为一名医生。	成為	[[10, 12]]		
成熟|成熟|cheng2 shu2~1	0	這個孩子的想法很成熟。	这个孩子的想法很成熟。	成熟	[[8, 10]]	形	形
成熟|成熟|cheng2 shu2~1	1	這些桃子再過幾天就成熟了。	这些桃子再过几天就成熟了。	成熟	[[9, 11]]	動	动
成立|成立|cheng2 li4~1	0	這家公司在十年前成立。	这家公司在十年前成立。	成立	[[8, 10]]		
成立|成立|cheng2 li4~2	0	你這個理由根本不成立。	你这个理由根本不成立。	成立	[[8, 10]]		
成績|成绩|cheng2 ji4~1	0	他這學期的成績進步了很多。	他这学期的成绩进步了很多。	成績	[[5, 7]]		
成長|成长|cheng2 zhang3~1	0	孩子在父母的關心下慢慢成長。	孩子在父母的关心下慢慢成长。	成長	[[11, 13]]	動	动
成長|成长|cheng2 zhang3~1	1	這段經歷對他的成長很重要。	这段经历对他的成长很重要。	成長	[[7, 9]]	名	名
我|我|wo3~1	0	我明天要去看朋友。	我明天要去看朋友。	我	[[0, 1]]		
我們|我们|wo3 men5~1	0	我們明天一起去看電影。	我们明天一起去看电影。	我們	[[0, 2]]		
或|或|huo4~1	0	你可以坐車或走路過去。	你可以坐车或走路过去。	或	[[5, 6]]	連接兩項	连接两项
或|或|huo4~1	1	他喜歡紅色、藍色或綠色。	他喜欢红色、蓝色或绿色。	或	[[8, 9]]	列舉多項	列举多项
或|或|huo4~2	0	此事或與那次會議有關。	此事或与那次会议有关。	或	[[2, 3]]		
或是|或是|huo4 shi4~1	0	週末我常去公園或是圖書館。	周末我常去公园或是图书馆。	或是	[[7, 9]]	連接詞語	连接词语
或是|或是|huo4 shi4~1	1	你可以打電話或是寫信給我。	你可以打电话或是写信给我。	或是	[[6, 8]]	連接動作	连接动作
或是|或是|huo4 shi4~1	2	或是今天去，或是明天去，你決定吧。	或是今天去，或是明天去，你决定吧。	或是	[[0, 2]]	成對連用	成对连用
或者|或者|huo4 zhe3~1	0	這件事你可以打電話或者寫信告訴他。	这件事你可以打电话或者写信告诉他。	或者	[[9, 11]]		
或者|或者|huo4 zhe3~2	0	他今天沒來，或者是病了。	他今天没来，或者是病了。	或者	[[6, 8]]		
戰士|战士|zhan4 shi4~1	0	戰士們日夜守在邊界上。	战士们日夜守在边界上。	戰士	[[0, 2]]		
戰爭|战争|zhan4 zheng1~1	0	那場戰爭持續了將近十年。	那场战争持续了将近十年。	戰爭	[[2, 4]]		
戰鬥|战斗|zhan4 dou4~1	0	戰士們在山上戰鬥了三天三夜。	战士们在山上战斗了三天三夜。	戰鬥	[[6, 8]]	動	动
戰鬥|战斗|zhan4 dou4~1	1	這場戰鬥一共進行了六個小時。	这场战斗一共进行了六个小时。	戰鬥	[[2, 4]]	名	名
戲|戏|xi4~1	0	這齣戲演了兩個多小時。	这出戏演了两个多小时。	戲	[[2, 3]]		
戴|戴|dai4~1	0	天氣冷，出門記得戴上帽子。	天气冷，出门记得戴上帽子。	戴	[[8, 9]]		
戶|户|hu4~1	0	這個小村子只有二十幾戶人家。	这个小村子只有二十几户人家。	戶	[[10, 11]]		
房|房|fang2~1	0	他去年在城裡買了房。	他去年在城里买了房。	房	[[8, 9]]		
房|房|fang2~2	0	這間房朝南，光線很好。	这间房朝南，光线很好。	房	[[2, 3]]		
房|房|fang2~3	0	這個家族分成好幾房。	这个家族分成好几房。	房	[[8, 9]]		
房|房|fang2~4	0	舊時富人家裡有三房太太。	旧时富人家里有三房太太。	房	[[8, 9]]		
所|所|suo3~2	0	我們學校附近有一所醫院。	我们学校附近有一所医院。	所	[[8, 9]]		
所|所|suo3~3	0	他所說的話，我都記在心裡。	他所说的话，我都记在心里。	所	[[1, 2]]	所…的	所…的
所|所|suo3~3	1	這位作家的作品為大家所喜愛。	这位作家的作品为大家所喜爱。	所	[[10, 11]]	為…所…	为…所…
所以|所以|suo3 yi3~1	0	因為下雨，所以比賽取消了。	因为下雨，所以比赛取消了。	所以	[[5, 7]]	因為…所以	因为…所以
所以|所以|suo3 yi3~1	1	他病了，所以今天沒來上課。	他病了，所以今天没来上课。	所以	[[4, 6]]	直接引出結果	直接引出结果
所以|所以|suo3 yi3~2	0	他之所以生氣，是因為你騙了他。	他之所以生气，是因为你骗了他。	所以	[[2, 4]]	之所以…是因為	之所以…是因为
所以|所以|suo3 yi3~2	1	這就是他所以不肯來的原因。	这就是他所以不肯来的原因。	所以	[[4, 6]]	所以…的原因	所以…的原因
所在|所在|suo3 zai4~1	0	我們要先找出問題的所在。	我们要先找出问题的所在。	所在	[[9, 11]]		
所在|所在|suo3 zai4~2	0	這裡是全城最安靜的所在。	这里是全城最安静的所在。	所在	[[9, 11]]		
所有|所有|suo3 you3~1	0	所有的問題都解決了。	所有的问题都解决了。	所有	[[0, 2]]		
所有|所有|suo3 you3~2	0	這片土地為國家所有。	这片土地为国家所有。	所有	[[7, 9]]		
所謂|所谓|suo3 wei4~1	0	所謂幸福，就是有人陪在身邊。	所谓幸福，就是有人陪在身边。	所謂	[[0, 2]]		
所謂|所谓|suo3 wei4~2	0	他那位所謂的專家其實什麼都不懂。	他那位所谓的专家其实什么都不懂。	所謂	[[3, 5]]		
手機|手机|shou3 ji1~1	0	我的手機快沒電了。	我的手机快没电了。	手機	[[2, 4]]		
手段|手段|shou3 duan4~1	0	他們用和平手段解決了問題。	他们用和平手段解决了问题。	手段	[[5, 7]]		
手段|手段|shou3 duan4~2	0	他耍手段騙走了朋友的錢。	他耍手段骗走了朋友的钱。	手段	[[2, 4]]		
手段|手段|shou3 duan4~3	0	這個人很有手段，什麼事都辦得成。	这个人很有手段，什么事都办得成。	手段	[[5, 7]]		
手術|手术|shou3 shu4~1	0	他明天要做一個小手術。	他明天要做一个小手术。	手術	[[8, 10]]		
扎|扎|zha1~1	0	我的手被針扎了一下。	我的手被针扎了一下。	扎	[[5, 6]]		
扎|扎|zha1~2	0	他一口氣喝完了一扎啤酒。	他一口气喝完了一扎啤酒。	扎	[[8, 9]]		
打|打|da3~1	0	我等一下打電話給你。	我等一下打电话给你。	打	[[4, 5]]		
打|打|da3~2	0	他氣得打了那個人一拳。	他气得打了那个人一拳。	打	[[3, 4]]		
打|打|da3~3	0	兩個孩子為了玩具打起來了。	两个孩子为了玩具打起来了。	打	[[8, 9]]		
打|打|da3~4	0	打那以後，他再也沒回來過。	打那以后，他再也没回来过。	打	[[0, 1]]	時間起點	时间起点
打|打|da3~4	1	他打北邊來，走了三天。	他打北边来，走了三天。	打	[[1, 2]]	地點起點	地点起点
打擊|打击|da3 ji1~1	0	政府正在大力打擊走私。	政府正在大力打击走私。	打擊	[[6, 8]]		
打擊|打击|da3 ji1~2	0	這次失敗對他打擊很大。	这次失败对他打击很大。	打擊	[[6, 8]]		
打算|打算|da3 suan4~1	0	他打算明年開一家公司。	他打算明年开一家公司。	打算	[[1, 3]]	動	动
打算|打算|da3 suan4~1	1	你以後有什麼打算？	你以后有什么打算？	打算	[[6, 8]]	名	名
打開|打开|da3 kai1~1	0	他打開窗戶，讓空氣進來。	他打开窗户，让空气进来。	打開	[[1, 3]]		
打開|打开|da3 kai1~2	0	天黑了，請把電燈打開。	天黑了，请把电灯打开。	打開	[[8, 10]]		
托|托|tuo1~1	0	弟弟托著下巴，想了很久。	弟弟托着下巴，想了很久。	托	[[2, 3]]		
托|托|tuo1~2	0	我托他幫我買一張車票。	我托他帮我买一张车票。	托	[[1, 2]]		
托|托|tuo1~5	0	實驗室裡的壓力下降到十托。	实验室里的压力下降到十托。	托	[[11, 12]]		
扮演|扮演|ban4 yan3~1	0	她在這部電影裡扮演一位醫生。	她在这部电影里扮演一位医生。	扮演	[[7, 9]]		
批|批|pi1~1	0	這家工廠每月送出兩批產品。	这家工厂每月送出两批产品。	批	[[9, 10]]		
批|批|pi1~2	0	這份申請主任已經批過了。	这份申请主任已经批过了。	批	[[8, 9]]		
批准|批准|pi1 zhun3~1	0	公司批准了他的申請。	公司批准了他的申请。	批准	[[2, 4]]		
批評|批评|pi1 ping2~1	0	老師批評他上課的時候說話。	老师批评他上课的时候说话。	批評	[[2, 4]]	動	动
批評|批评|pi1 ping2~1	1	他的新作品受到不少批評。	他的新作品受到不少批评。	批評	[[9, 11]]	名	名
找|找|zhao3~1	0	他到處找那把鑰匙。	他到处找那把钥匙。	找	[[3, 4]]		
找|找|zhao3~2	0	剛才有人打電話找你。	刚才有人打电话找你。	找	[[7, 8]]		
找|找|zhao3~3	0	老闆找了我五塊錢。	老板找了我五块钱。	找	[[2, 3]]		
找到|找到|zhao3 dao4~1	0	我終於找到了那本書。	我终于找到了那本书。	找到	[[3, 5]]		
承認|承认|cheng2 ren4~1	0	他終於承認自己錯了。	他终于承认自己错了。	承認	[[3, 5]]	動	动
承認|承认|cheng2 ren4~1	1	這位畫家的作品得到了大家的承認。	这位画家的作品得到了大家的承认。	承認	[[13, 15]]	名	名
承諾|承诺|cheng2 nuo4~1	0	他承諾一個月內完成這項工作。	他承诺一个月内完成这项工作。	承諾	[[1, 3]]	動	动
承諾|承诺|cheng2 nuo4~1	1	他到現在還沒做到當初的承諾。	他到现在还没做到当初的承诺。	承諾	[[11, 13]]	名	名
把|把|ba3~1	0	請把門關上，外面風太大了。	请把门关上，外面风太大了。	把	[[1, 2]]	動作結果	动作结果
把|把|ba3~1	1	他把車停在學校門口。	他把车停在学校门口。	把	[[1, 2]]	移到某處	移到某处
把|把|ba3~2	0	門後放著兩把雨傘。	门后放着两把雨伞。	把	[[5, 6]]		
把|把|ba3~3	0	她抓了一把糖，分給大家吃。	她抓了一把糖，分给大家吃。	把	[[4, 5]]		
把|把|ba3~4	0	她把著欄杆，一步一步往下走。	她把着栏杆，一步一步往下走。	把	[[1, 2]]		
把|把|ba3~6	0	半夜她起來給孩子把尿。	半夜她起来给孩子把尿。	把	[[8, 9]]		
把|把|ba4~1	0	這個杯子的把斷了，不太好拿。	这个杯子的把断了，不太好拿。	把	[[5, 6]]		
投|投|tou2~1	0	他用力一投，球就進了。	他用力一投，球就进了。	投	[[4, 5]]		
投|投|tou2~2	0	上車的時候要先投一塊錢。	上车的时候要先投一块钱。	投	[[7, 8]]		
投|投|tou2~3	0	他向報社投了一篇文章。	他向报社投了一篇文章。	投	[[4, 5]]		
投|投|tou2~4	0	他把目光投向遠方。	他把目光投向远方。	投	[[4, 5]]		
投|投|tou2~6	0	聽說她昨天晚上投河了。	听说她昨天晚上投河了。	投	[[7, 8]]		
投|投|tou2~7	0	這件衣服再投一遍就乾淨了。	这件衣服再投一遍就干净了。	投	[[5, 6]]		
投入|投入|tou2 ru4~1	0	政府投入大量資金建學校。	政府投入大量资金建学校。	投入	[[2, 4]]		
投入|投入|tou2 ru4~2	0	他很快就投入了新的工作。	他很快就投入了新的工作。	投入	[[4, 6]]		
投入|投入|tou2 ru4~3	0	她聽得很投入，忘了時間。	她听得很投入，忘了时间。	投入	[[4, 6]]		
投票|投票|tou2 piao4~1	0	明天大家要去投票選市長。	明天大家要去投票选市长。	投票	[[6, 8]]		
投資|投资|tou2 zi1~1	0	他打算投資一家小公司。	他打算投资一家小公司。	投資	[[3, 5]]	動	动
投資|投资|tou2 zi1~1	1	這筆投資最後完全失敗了。	这笔投资最后完全失败了。	投資	[[2, 4]]	名	名
投降|投降|tou2 xiang2~1	0	敵人最後只好向我們投降。	敌人最后只好向我们投降。	投降	[[9, 11]]		
拉|拉|la1~1	0	他拉著我的手過了馬路。	他拉着我的手过了马路。	拉	[[1, 2]]		
拉|拉|la1~2	0	她從小就會拉二胡。	她从小就会拉二胡。	拉	[[5, 6]]		
拉|拉|la1~3	0	他吃壞了肚子，拉了一整天。	他吃坏了肚子，拉了一整天。	拉	[[7, 8]]		
拉|拉|la2~1	0	刀子在他手上拉了一道口子。	刀子在他手上拉了一道口子。	拉	[[6, 7]]		
拍|拍|pai1~1	0	她輕輕拍著孩子的背。	她轻轻拍着孩子的背。	拍	[[3, 4]]		
拍|拍|pai1~2	0	我在山上拍了很多照片。	我在山上拍了很多照片。	拍	[[4, 5]]		
拍|拍|pai1~4	0	這首歌每小節有四拍。	这首歌每小节有四拍。	拍	[[8, 9]]		
拍攝|拍摄|pai1 she4~1	0	這部電影在海邊拍攝了三個月。	这部电影在海边拍摄了三个月。	拍攝	[[7, 9]]		
拒絕|拒绝|ju4 jue2~1	0	他拒絕了公司的邀請。	他拒绝了公司的邀请。	拒絕	[[1, 3]]		
拜|拜|bai4~1	0	他每天早上都在家裡拜祖先。	他每天早上都在家里拜祖先。	拜	[[9, 10]]		
拜|拜|bai4~4	0	他很早就拜這位老畫家為師。	他很早就拜这位老画家为师。	拜	[[4, 5]]		
拳|拳|quan2~1	0	他生氣地把手握成了拳。	他生气地把手握成了拳。	拳	[[9, 10]]		
拳|拳|quan2~2	0	爺爺每天早上在公園打拳。	爷爷每天早上在公园打拳。	拳	[[10, 11]]		
拳|拳|quan2~3	0	他朝那人打了一拳。	他朝那人打了一拳。	拳	[[7, 8]]		
拿|拿|na2~1	0	請你幫我拿一下那本書。	请你帮我拿一下那本书。	拿	[[4, 5]]		
拿|拿|na2~2	0	他一直拿我當自己人。	他一直拿我当自己人。	拿	[[3, 4]]	拿…當…	拿…当…
拿|拿|na2~2	1	他總是這樣，我真拿他沒辦法。	他总是这样，我真拿他没办法。	拿	[[8, 9]]	拿…沒辦法	拿…没办法
拿|拿|na2~3	0	警察在車站拿住了那個小偷。	警察在车站拿住了那个小偷。	拿	[[5, 6]]		
持續|持续|chi2 xu4~1	0	這場雨已經持續了三天。	这场雨已经持续了三天。	持續	[[5, 7]]		
指|指|zhi3~2	0	他指著牆上的地圖說了很久。	他指着墙上的地图说了很久。	指	[[1, 2]]		
指|指|zhi3~3	0	他說的「那位老師」指的是我。	他说的「那位老师」指的是我。	指	[[9, 10]]		
指|指|zhi3~4	0	我們家就指著這家小店過日子。	我们家就指着这家小店过日子。	指	[[4, 5]]		
指出|指出|zhi3 chu1~1	0	老師指出了我作文裡的錯誤。	老师指出了我作文里的错误。	指出	[[2, 4]]		
指導|指导|zhi3 dao3~1	0	老師指導我們完成了這個實驗。	老师指导我们完成了这个实验。	指導	[[2, 4]]	動	动
指導|指导|zhi3 dao3~1	1	在教練的指導下，他進步很快。	在教练的指导下，他进步很快。	指導	[[4, 6]]	名	名
指導|指导|zhi3 dao3~2	0	他是球隊的技術指導。	他是球队的技术指导。	指導	[[7, 9]]		
指控|指控|zhi3 kong4~1	0	他被指控偷走了公司的錢。	他被指控偷走了公司的钱。	指控	[[2, 4]]	動	动
指控|指控|zhi3 kong4~1	1	這項指控目前還沒有證據。	这项指控目前还没有证据。	指控	[[2, 4]]	名	名
指揮|指挥|zhi3 hui1~1	0	警察正在路口指揮交通。	警察正在路口指挥交通。	指揮	[[6, 8]]		
指揮|指挥|zhi3 hui1~2	0	這位指揮今年才三十歲。	这位指挥今年才三十岁。	指揮	[[2, 4]]		
按|按|an4~1	0	他按了幾下電鈴，沒人開門。	他按了几下电铃，没人开门。	按	[[1, 2]]		
按|按|an4~2	0	我們按規定辦事。	我们按规定办事。	按	[[2, 3]]	引出標準	引出标准
按|按|an4~2	1	大家請按時到達會場。	大家请按时到达会场。	按	[[3, 4]]	引出時間	引出时间
按|按|an4~3	0	她按住心裡的不安，走了進去。	她按住心里的不安，走了进去。	按	[[1, 2]]		
按照|按照|an4 zhao4~1	0	按照學校的規定，學生不能帶手機。	按照学校的规定，学生不能带手机。	按照	[[0, 2]]	句首	句首
按照|按照|an4 zhao4~1	1	我們按照老師說的方法去做。	我们按照老师说的方法去做。	按照	[[2, 4]]	主語後	主语后
挑戰|挑战|tiao3 zhan4~1	0	他向去年的冠軍挑戰。	他向去年的冠军挑战。	挑戰	[[7, 9]]		
挑戰|挑战|tiao3 zhan4~1	1	他想挑戰自己，跑完全程。	他想挑战自己，跑完全程。	挑戰	[[2, 4]]		
挑戰|挑战|tiao3 zhan4~2	0	這份工作對他是很大的挑戰。	这份工作对他是很大的挑战。	挑戰	[[10, 12]]		
捲|卷|juan3~1	0	她捲起袖子，開始洗衣服。	她卷起袖子，开始洗衣服。	捲	[[1, 2]]		
捲|卷|juan3~2	0	昨天的大風捲走了屋頂上的瓦。	昨天的大风卷走了屋顶上的瓦。	捲	[[5, 6]]		
捲|卷|juan3~3	0	媽媽喜歡把頭髮燙成小捲。	妈妈喜欢把头发烫成小卷。	捲	[[10, 11]]		
捲|卷|juan3~4	0	他在店裡買了兩捲線。	他在店里买了两卷线。	捲	[[7, 8]]		
授權|授权|shou4 quan2~1	0	公司授權他處理這件事。	公司授权他处理这件事。	授權	[[2, 4]]		
掉|掉|diao4~1	0	我的手機掉在地上了。	我的手机掉在地上了。	掉	[[4, 5]]		
掉|掉|diao4~2	0	錢包不知道什麼時候掉了。	钱包不知道什么时候掉了。	掉	[[9, 10]]		
掉|掉|diao4~3	0	這杯水他一口就喝掉了。	这杯水他一口就喝掉了。	掉	[[8, 9]]	表示完成	表示完成
掉|掉|diao4~3	1	請把桌上的字擦掉。	请把桌上的字擦掉。	掉	[[7, 8]]	表示除去	表示除去
掉|掉|diao4~4	0	最近水果的價格掉了很多。	最近水果的价格掉了很多。	掉	[[7, 8]]		
掉|掉|diao4~5	0	他掉過頭來看了我一眼。	他掉过头来看了我一眼。	掉	[[1, 2]]		
掉|掉|diao4~6	0	我們把座位掉一下好嗎？	我们把座位掉一下好吗？	掉	[[5, 6]]		
掉|掉|diao4~7	0	他走得慢，很快就掉在後面了。	他走得慢，很快就掉在后面了。	掉	[[8, 9]]		
掌握|掌握|zhang3 wo4~1	0	他已經掌握了三種語言。	他已经掌握了三种语言。	掌握	[[3, 5]]		
掌握|掌握|zhang3 wo4~2	0	公司的大權掌握在他手裡。	公司的大权掌握在他手里。	掌握	[[5, 7]]		
排|排|pai2~1	0	老師把桌子排成一個圓圈。	老师把桌子排成一个圆圈。	排	[[5, 6]]		
排|排|pai2~2	0	工廠的髒水不能直接排到河裡。	工厂的脏水不能直接排到河里。	排	[[9, 10]]		
排|排|pai2~3	0	他坐在前排，聽得很清楚。	他坐在前排，听得很清楚。	排	[[4, 5]]		
排|排|pai2~4	0	學校門前種了兩排大樹。	学校门前种了两排大树。	排	[[7, 8]]		
排|排|pai2~6	0	演員們每天都在排這場戲。	演员们每天都在排这场戏。	排	[[7, 8]]		
排|排|pai2~7	0	他在部隊裡帶過一個排。	他在部队里带过一个排。	排	[[9, 10]]		
掛|挂|gua4~1	0	牆上掛著一張全家的照片。	墙上挂着一张全家的照片。	掛	[[2, 3]]		
掛|挂|gua4~2	0	他還沒說完就把電話掛了。	他还没说完就把电话挂了。	掛	[[9, 10]]		
掛|挂|gua4~3	0	你放心去吧，家裡的事別掛著。	你放心去吧，家里的事别挂着。	掛	[[11, 12]]		
掛|挂|gua4~4	0	他去醫院掛了一個專家號。	他去医院挂了一个专家号。	掛	[[4, 5]]		
掛|挂|gua4~5	0	這次數學考試我又掛了。	这次数学考试我又挂了。	掛	[[8, 9]]		
掛|挂|gua4~6	0	你到了給我掛個電話。	你到了给我挂个电话。	掛	[[5, 6]]		
掛|挂|gua4~7	0	門口那一掛鞭炮特別長。	门口那一挂鞭炮特别长。	掛	[[4, 5]]		
採取|采取|cai3 qu3~1	0	為了安全，公司採取了新的辦法。	为了安全，公司采取了新的办法。	採取	[[7, 9]]		
接|接|jie1~1	0	他正在接一個重要的電話。	他正在接一个重要的电话。	接	[[3, 4]]		
接|接|jie1~2	0	明天我去機場接朋友。	明天我去机场接朋友。	接	[[6, 7]]		
接|接|jie1~3	0	小孩跳起來接住了那個球。	小孩跳起来接住了那个球。	接	[[5, 6]]		
接|接|jie1~4	0	這條線斷了，重新接好就行。	这条线断了，重新接好就行。	接	[[8, 9]]		
接|接|jie1~5	0	下個月由他來接我的班。	下个月由他来接我的班。	接	[[6, 7]]		
接受|接受|jie1 shou4~1	0	他接受了公司的建議。	他接受了公司的建议。	接受	[[1, 3]]		
接著|接着|jie1 zhe5~1	0	他先看了新聞，接著出門上班。	他先看了新闻，接着出门上班。	接著	[[7, 9]]		
接著|接着|jie1 zhe5~2	0	她順手接著了掉下來的杯子。	她顺手接着了掉下来的杯子。	接著	[[3, 5]]		
接觸|接触|jie1 chu4~1	0	這兩根電線一接觸就會起火。	这两根电线一接触就会起火。	接觸	[[6, 8]]		
接觸|接触|jie1 chu4~2	0	我跟這位老師接觸過幾次。	我跟这位老师接触过几次。	接觸	[[6, 8]]		
接近|接近|jie1 jin4~1	0	考試的日子越來越接近了。	考试的日子越来越接近了。	接近	[[8, 10]]		
控制|控制|kong4 zhi4~1	0	他很難控制自己的情緒。	他很难控制自己的情绪。	控制	[[3, 5]]		
推|推|tui1~1	0	他推開門走了進去。	他推开门走了进去。	推	[[1, 2]]		
推|推|tui1~2	0	這件事你不能往別人身上推。	这件事你不能往别人身上推。	推	[[11, 12]]		
推|推|tui1~3	0	會議推到下星期再開。	会议推到下星期再开。	推	[[2, 3]]		
推|推|tui1~4	0	同事們推他做代表。	同事们推他做代表。	推	[[3, 4]]		
推|推|tui1~7	0	天熱了，他去把頭髮推短。	天热了，他去把头发推短。	推	[[9, 10]]		
措施|措施|cuo4 shi1~1	0	政府採取了新的措施來減少空氣污染。	政府采取了新的措施来减少空气污染。	措施	[[7, 9]]		
描述|描述|miao2 shu4~1	0	請你描述一下當時的情況。	请你描述一下当时的情况。	描述	[[2, 4]]	動	动
描述|描述|miao2 shu4~1	1	他的描述跟事實有些不同。	他的描述跟事实有些不同。	描述	[[2, 4]]	名	名
提|提|ti2~1	0	他提著一桶水走進來。	他提着一桶水走进来。	提	[[1, 2]]		
提|提|ti2~2	0	這個問題他昨天已經提過了。	这个问题他昨天已经提过了。	提	[[9, 10]]		
提|提|ti2~3	0	老師說這一筆叫提。	老师说这一笔叫提。	提	[[7, 8]]		
提|提|ti2~4	0	賣酒的人用提量出一斤酒。	卖酒的人用提量出一斤酒。	提	[[5, 6]]		
提供|提供|ti2 gong1~1	0	公司為員工提供住的地方。	公司为员工提供住的地方。	提供	[[5, 7]]		
提出|提出|ti2 chu1~1	0	他在會議上提出了一個新方案。	他在会议上提出了一个新方案。	提出	[[5, 7]]		
提出|提出|ti2 chu1~2	0	這筆錢是上個月從銀行提出的。	这笔钱是上个月从银行提出的。	提出	[[10, 12]]		
提到|提到|ti2 dao4~1	0	他在信裡提到了你。	他在信里提到了你。	提到	[[4, 6]]		
提議|提议|ti2 yi4~1	0	他提議大家一起去看電影。	他提议大家一起去看电影。	提議	[[1, 3]]	動	动
提議|提议|ti2 yi4~1	1	這個提議得到了大家的支持。	这个提议得到了大家的支持。	提議	[[2, 4]]	名	名
提高|提高|ti2 gao1~1	0	他這幾年中文水平提高了很多。	他这几年中文水平提高了很多。	提高	[[8, 10]]		
換|换|huan4~1	0	他回家先換了一身衣服。	他回家先换了一身衣服。	換	[[4, 5]]		
換|换|huan4~2	0	我用一本書跟他換了一支筆。	我用一本书跟他换了一支笔。	換	[[7, 8]]		
損失|损失|sun3 shi1~1	0	公司在這次事故中損失了很多錢。	公司在这次事故中损失了很多钱。	損失	[[8, 10]]	動	动
損失|损失|sun3 shi1~1	1	這場大火造成的損失非常嚴重。	这场大火造成的损失非常严重。	損失	[[7, 9]]	名	名
搬|搬|ban1~1	0	這張桌子太重，我一個人搬不動。	这张桌子太重，我一个人搬不动。	搬	[[11, 12]]		
搬|搬|ban1~2	0	他們下個月要搬到城外去。	他们下个月要搬到城外去。	搬	[[6, 7]]		
搬|搬|ban1~3	0	這種辦法不能直接搬過來用。	这种办法不能直接搬过来用。	搬	[[8, 9]]		
擁有|拥有|yong1 you3~1	0	這家公司擁有一千多名員工。	这家公司拥有一千多名员工。	擁有	[[4, 6]]		
擊敗|击败|ji1 bai4~1	0	我們在比賽中擊敗了對手。	我们在比赛中击败了对手。	擊敗	[[6, 8]]		
擔心|担心|dan1 xin1~1	0	媽媽擔心孩子的身體。	妈妈担心孩子的身体。	擔心	[[2, 4]]		
支|支|zhi1~1	0	他用木頭把窗戶支起來。	他用木头把窗户支起来。	支	[[7, 8]]		
支|支|zhi1~4	0	他從包裡拿出一支筆。	他从包里拿出一支笔。	支	[[7, 8]]		
支持|支持|zhi1 chi2~1	0	大家都支持他的決定。	大家都支持他的决定。	支持	[[3, 5]]	動	动
支持|支持|zhi1 chi2~1	1	這項計劃得到了政府的支持。	这项计划得到了政府的支持。	支持	[[10, 12]]	名	名
支援|支援|zhi1 yuan2~1	0	附近的村子派了不少人來支援救火。	附近的村子派了不少人来支援救火。	支援	[[11, 13]]		
收|收|shou1~1	0	他不肯收我送的禮物。	他不肯收我送的礼物。	收	[[3, 4]]		
收|收|shou1~2	0	老師開始收作業了。	老师开始收作业了。	收	[[4, 5]]		
收|收|shou1~3	0	下雨了，快把衣服收進來。	下雨了，快把衣服收进来。	收	[[8, 9]]		
收|收|shou1~4	0	他說到這裡就收住了。	他说到这里就收住了。	收	[[6, 7]]		
收入|收入|shou1 ru4~1	0	他每個月的收入不算高。	他每个月的收入不算高。	收入	[[5, 7]]		
收入|收入|shou1 ru4~2	0	這首詩收入了中學課本。	这首诗收入了中学课本。	收入	[[3, 5]]		
收到|收到|shou1 dao4~1	0	我今天收到了他寄來的信。	我今天收到了他寄来的信。	收到	[[3, 5]]		
收集|收集|shou1 ji2~1	0	他從小就喜歡收集郵票。	他从小就喜欢收集邮票。	收集	[[6, 8]]		
改|改|gai3~1	0	開會的時間改到下星期。	开会的时间改到下星期。	改	[[5, 6]]		
改|改|gai3~2	0	請你把錯字改過來。	请你把错字改过来。	改	[[5, 6]]		
改變|改变|gai3 bian4~1	0	這件事改變了他的一生。	这件事改变了他的一生。	改變	[[3, 5]]		
攻擊|攻击|gong1 ji1~1	0	敵人在夜裡攻擊了這座城市。	敌人在夜里攻击了这座城市。	攻擊	[[5, 7]]	動	动
攻擊|攻击|gong1 ji1~1	1	這次攻擊造成了很大的損失。	这次攻击造成了很大的损失。	攻擊	[[2, 4]]	名	名
攻擊|攻击|gong1 ji1~2	0	報紙上有人攻擊這位作家。	报纸上有人攻击这位作家。	攻擊	[[5, 7]]		
放|放|fang4~1	0	他把鑰匙放在門口的桌子上。	他把钥匙放在门口的桌子上。	放	[[4, 5]]		
放|放|fang4~2	0	他們決定放了那隻受傷的鳥。	他们决定放了那只受伤的鸟。	放	[[4, 5]]		
放|放|fang4~3	0	店裡放著輕音樂，很舒服。	店里放着轻音乐，很舒服。	放	[[2, 3]]		
放|放|fang4~4	0	游泳池裡的水已經放完了。	游泳池里的水已经放完了。	放	[[8, 9]]		
放|放|fang4~5	0	過年的時候，孩子們喜歡放鞭炮。	过年的时候，孩子们喜欢放鞭炮。	放	[[11, 12]]		
放棄|放弃|fang4 qi4~1	0	他因為生病放棄了這次比賽。	他因为生病放弃了这次比赛。	放棄	[[5, 7]]		
政府|政府|zheng4 fu3~1	0	政府決定明年在這裡建一所學校。	政府决定明年在这里建一所学校。	政府	[[0, 2]]		
政策|政策|zheng4 ce4~1	0	政府決定調整這項政策。	政府决定调整这项政策。	政策	[[8, 10]]		
故事|故事|gu4 shi4~1	0	這件事照故事辦理就好。	这件事照故事办理就好。	故事	[[4, 6]]		
故事|故事|gu4 shi5~1	0	媽媽每天晚上給孩子講故事。	妈妈每天晚上给孩子讲故事。	故事	[[10, 12]]		
效果|效果|xiao4 guo3~1	0	新的辦法效果不錯。	新的办法效果不错。	效果	[[4, 6]]		
效果|效果|xiao4 guo3~2	0	這場演出的效果做得很真實。	这场演出的效果做得很真实。	效果	[[5, 7]]		
救|救|jiu4~1	0	他跳進水裡救了那個孩子。	他跳进水里救了那个孩子。	救	[[5, 6]]		
教|教|jiao1~1	0	老師正在教我們寫字。	老师正在教我们写字。	教	[[4, 5]]		
教|教|jiao4~3	0	這件事教人難以忘記。	这件事教人难以忘记。	教	[[3, 4]]		
教堂|教堂|jiao4 tang2~1	0	每個星期天她都去教堂。	每个星期天她都去教堂。	教堂	[[8, 10]]		
教授|教授|jiao1 shou4~1	0	他在大學教授中文和歷史。	他在大学教授中文和历史。	教授	[[4, 6]]		
教授|教授|jiao4 shou4~1	0	這位教授的課很受學生歡迎。	这位教授的课很受学生欢迎。	教授	[[2, 4]]		
教會|教会|jiao1 hui4~1	0	老師教會我們怎麼寫這種文章。	老师教会我们怎么写这种文章。	教會	[[2, 4]]		
教會|教会|jiao4 hui4~1	0	他們一家人都是教會的成員。	他们一家人都是教会的成员。	教會	[[7, 9]]		
教練|教练|jiao4 lian4~1	0	教練要求我們每天早上跑步。	教练要求我们每天早上跑步。	教練	[[0, 2]]		
教練|教练|jiao4 lian4~2	0	這支球隊由他教練了三年。	这支球队由他教练了三年。	教練	[[6, 8]]		
教育|教育|jiao4 yu4~1	0	父母應該好好教育孩子。	父母应该好好教育孩子。	教育	[[6, 8]]	動	动
教育|教育|jiao4 yu4~1	1	他從小就受到很好的教育。	他从小就受到很好的教育。	教育	[[9, 11]]	名	名
敢|敢|gan3~1	0	他不敢一個人晚上出門。	他不敢一个人晚上出门。	敢	[[2, 3]]		
敢|敢|gan3~1	1	這件事很難，你敢做嗎？	这件事很难，你敢做吗？	敢	[[7, 8]]		
敢|敢|gan3~2	0	敢問這位先生怎麼稱呼？	敢问这位先生怎么称呼？	敢	[[0, 1]]		
敬|敬|jing4~2	0	我敬您一杯，祝您身體健康。	我敬您一杯，祝您身体健康。	敬	[[1, 2]]		
整|整|zheng3~6	0	他在單位裡常被人整。	他在单位里常被人整。	整	[[8, 9]]		
整|整|zheng3~7	0	你給我整點吃的吧。	你给我整点吃的吧。	整	[[3, 4]]		
整個|整个|zheng3 ge4~1	0	這件事整個公司都知道了。	这件事整个公司都知道了。	整個	[[3, 5]]		
敵人|敌人|di2 ren2~1	0	他們終於打敗了敵人。	他们终于打败了敌人。	敵人	[[7, 9]]		
數|数|shu3~1	0	妹妹正在數天上的星星。	妹妹正在数天上的星星。	數	[[4, 5]]		
數|数|shu3~2	0	我們班上數他跑得最快。	我们班上数他跑得最快。	數	[[4, 5]]		
數|数|shu4~1	0	這個數我覺得太大了。	这个数我觉得太大了。	數	[[2, 3]]		
數|数|shu4~2	0	那座橋已經有數百年的歷史。	那座桥已经有数百年的历史。	數	[[6, 7]]		
數字|数字|shu4 zi4~1	0	他把電話號碼上的數字看錯了。	他把电话号码上的数字看错了。	數字	[[8, 10]]		
數字|数字|shu4 zi4~2	0	去年的銷售數字比前年高。	去年的销售数字比前年高。	數字	[[5, 7]]		
數字|数字|shu4 zi4~3	0	我家換了一臺數字電視。	我家换了一台数字电视。	數字	[[6, 8]]		
數學|数学|shu4 xue2~1	0	他從小就對數學很有興趣。	他从小就对数学很有兴趣。	數學	[[5, 7]]		
數據|数据|shu4 ju4~1	0	他們用電腦分析這些數據。	他们用电脑分析这些数据。	數據	[[9, 11]]		
數量|数量|shu4 liang4~1	0	這批貨的數量還不夠。	这批货的数量还不够。	數量	[[4, 6]]		
數量|数量|shu4 liang4~2	0	時間和溫度都屬於數量。	时间和温度都属于数量。	數量	[[8, 10]]		
文|文|wen2~4	0	他身上只剩下三文錢。	他身上只剩下三文钱。	文	[[7, 8]]		
文件|文件|wen2 jian4~1	0	公司的重要文件都放在這裡。	公司的重要文件都放在这里。	文件	[[5, 7]]		
文件|文件|wen2 jian4~2	0	電腦裡的這個文件打不開。	电脑里的这个文件打不开。	文件	[[6, 8]]		
文化|文化|wen2 hua4~1	0	出國旅行可以認識別的文化。	出国旅行可以认识别的文化。	文化	[[10, 12]]		
文化|文化|wen2 hua4~2	0	他雖然沒上過大學，卻很有文化。	他虽然没上过大学，却很有文化。	文化	[[12, 14]]		
文章|文章|wen2 zhang1~1	0	他寫的這篇文章很有意思。	他写的这篇文章很有意思。	文章	[[5, 7]]		
文章|文章|wen2 zhang1~2	0	他這句話裡面大有文章。	他这句话里面大有文章。	文章	[[8, 10]]		
斗|斗|dou3~1	0	那時候一斗米賣三塊錢。	那时候一斗米卖三块钱。	斗	[[4, 5]]		
斯|斯|si1~2	0	他生於斯，對這座城市感情很深。	他生于斯，对这座城市感情很深。	斯	[[3, 4]]		
新|新|xin1~1	0	他今天穿了一件新衣服。	他今天穿了一件新衣服。	新	[[7, 8]]	形	形
新|新|xin1~1	1	她給我看了她新買的手機。	她给我看了她新买的手机。	新	[[6, 7]]	副	副
新聞|新闻|xin1 wen2~1	0	他每天早上都看新聞。	他每天早上都看新闻。	新聞	[[7, 9]]		
斷|断|duan4~1	0	他手裡的筆一下子就斷了。	他手里的笔一下子就断了。	斷	[[9, 10]]		
斷|断|duan4~2	0	他們兩個早就斷了聯繫。	他们两个早就断了联系。	斷	[[6, 7]]		
斷|断|duan4~4	0	這種事我們斷不能答應。	这种事我们断不能答应。	斷	[[5, 6]]		
方|方|fang1~11	0	她年方十八，正在讀大學。	她年方十八，正在读大学。	方	[[2, 3]]		
方|方|fang1~12	0	這件事直到今天他方知道。	这件事直到今天他方知道。	方	[[8, 9]]		
方|方|fang1~5	0	這張桌子是方的，不是圓的。	这张桌子是方的，不是圆的。	方	[[5, 6]]		
方|方|fang1~8	0	他在信上蓋了一方印。	他在信上盖了一方印。	方	[[7, 8]]		
方|方|fang1~9	0	這批沙子一共有三十方。	这批沙子一共有三十方。	方	[[9, 10]]		
方便|方便|fang1 bian4~1	0	住在車站附近，上班很方便。	住在车站附近，上班很方便。	方便	[[10, 12]]		
方便|方便|fang1 bian4~2	0	這項新規定是為了方便老人辦事。	这项新规定是为了方便老人办事。	方便	[[8, 10]]		
方便|方便|fang1 bian4~3	0	我去方便一下，馬上就回來。	我去方便一下，马上就回来。	方便	[[2, 4]]		
方便|方便|fang1 bian4~4	0	你最近手頭方便嗎？	你最近手头方便吗？	方便	[[5, 7]]		
方向|方向|fang1 xiang4~1	0	我們好像走錯方向了。	我们好像走错方向了。	方向	[[6, 8]]		
方式|方式|fang1 shi4~1	0	這種學習方式很適合他。	这种学习方式很适合他。	方式	[[4, 6]]		
方案|方案|fang1 an4~1	0	公司最後選擇了第二個方案。	公司最后选择了第二个方案。	方案	[[10, 12]]		
方法|方法|fang1 fa3~1	0	老師教了我們一個記單字的方法。	老师教了我们一个记单字的方法。	方法	[[12, 14]]		
方面|方面|fang1 mian4~1	0	這件事要從幾個方面來看。	这件事要从几个方面来看。	方面	[[7, 9]]		
於|于|yu2~1	0	本公司成立於二〇〇八年。	本公司成立于二〇〇八年。	於	[[5, 6]]	時間	时间
於|于|yu2~1	1	她畢業於一所很有名的大學。	她毕业于一所很有名的大学。	於	[[3, 4]]	地點	地点
於|于|yu2~2	0	他多年來一直忠於自己的國家。	他多年来一直忠于自己的国家。	於	[[7, 8]]	對象	对象
於|于|yu2~3	0	今年的氣溫明顯高於去年。	今年的气温明显高于去年。	於	[[8, 9]]	比較	比较
於|于|yu2~4	0	他幫你完全是出於好意。	他帮你完全是出于好意。	於	[[7, 8]]	來源	来源
於|于|yu2~5	0	他們在比賽中敗於對手。	他们在比赛中败于对手。	於	[[7, 8]]	被動	被动
於是|于是|yu2 shi4~1	0	外面下起了大雨，於是我們回家了。	外面下起了大雨，于是我们回家了。	於是	[[8, 10]]	接著發生	接着发生
於是|于是|yu2 shi4~1	1	大家都不同意，他於是換了個辦法。	大家都不同意，他于是换了个办法。	於是	[[8, 10]]	表示結果	表示结果
旁|旁|pang2~1	0	他把車停在路旁的樹下。	他把车停在路旁的树下。	旁	[[6, 7]]		
旁|旁|pang2~2	0	我沒有旁的意思，你別多想。	我没有旁的意思，你别多想。	旁	[[3, 4]]		
旁|旁|pang2~3	0	「江」和「河」都是三點水旁。	「江」和「河」都是三点水旁。	旁	[[12, 13]]		
旅|旅|lu:3~2	0	這個旅的士兵正在山區訓練。	这个旅的士兵正在山区训练。	旅	[[2, 3]]		
旅行|旅行|lu:3 xing2~1	0	我們打算暑假去日本旅行。	我们打算暑假去日本旅行。	旅行	[[9, 11]]	動	动
旅行|旅行|lu:3 xing2~1	1	這次旅行讓他認識了很多朋友。	这次旅行让他认识了很多朋友。	旅行	[[2, 4]]	名	名
旅遊|旅游|lu:3 you2~1	0	他們打算下個月去南方旅遊。	他们打算下个月去南方旅游。	旅遊	[[10, 12]]	動	动
旅遊|旅游|lu:3 you2~1	1	旅遊是這個城市重要的收入。	旅游是这个城市重要的收入。	旅遊	[[0, 2]]	名	名
既|既|ji4~1	0	他既聰明又努力。	他既聪明又努力。	既	[[1, 2]]	既…又…	既…又…
既|既|ji4~1	1	這個地方既安全，也很方便。	这个地方既安全，也很方便。	既	[[4, 5]]	既…也…	既…也…
既|既|ji4~2	0	你既答應了，就要做到。	你既答应了，就要做到。	既	[[1, 2]]	既…就…	既…就…
既|既|ji4~2	1	既決定要走，那就早點出發。	既决定要走，那就早点出发。	既	[[0, 1]]	既…那就…	既…那就…
早|早|zao3~1	0	今天他來得特別早。	今天他来得特别早。	早	[[7, 8]]		
早|早|zao3~3	0	這件事我早就知道了。	这件事我早就知道了。	早	[[4, 5]]		
早|早|zao3~4	0	他見到老師就說了聲早。	他见到老师就说了声早。	早	[[9, 10]]		
早上|早上|zao3 shang5~1	0	我每天早上七點起床。	我每天早上七点起床。	早上	[[3, 5]]		
明星|明星|ming2 xing1~1	0	她從小就想當明星。	她从小就想当明星。	明星	[[6, 8]]		
明確|明确|ming2 que4~1	0	他的態度很明確，不會改變。	他的态度很明确，不会改变。	明確	[[5, 7]]		
明確|明确|ming2 que4~2	0	這次會議明確了工作的目標。	这次会议明确了工作的目标。	明確	[[4, 6]]		
明顯|明显|ming2 xian3~1	0	他的進步非常明顯。	他的进步非常明显。	明顯	[[6, 8]]		
易|易|yi4~1	0	這件工作看起來簡單，做起來卻不易。	这件工作看起来简单，做起来却不易。	易	[[15, 16]]		
星|星|xing1~1	0	夜裡天上的星特別亮。	夜里天上的星特别亮。	星	[[5, 6]]		
是|是|shi4~1	0	他是我妹妹的數學老師。	他是我妹妹的数学老师。	是	[[1, 2]]	判斷	判断
是|是|shi4~1	1	你聽錯了，那不是我的意思。	你听错了，那不是我的意思。	是	[[7, 8]]	否定	否定
是|是|shi4~2	0	打開門一看，地上都是水。	打开门一看，地上都是水。	是	[[9, 10]]	存在	存在
是|是|shi4~3	0	今天是冷，你多穿一點吧。	今天是冷，你多穿一点吧。	是	[[2, 3]]	強調	强调
是|是|shi4~4	0	你說得是，這件事怪我。	你说得是，这件事怪我。	是	[[3, 4]]		
是|是|shi4~5	0	聽到命令，他回答了一聲「是」。	听到命令，他回答了一声「是」。	是	[[12, 13]]		
是否|是否|shi4 fou3~1	0	他還不知道是否要去。	他还不知道是否要去。	是否	[[5, 7]]	引出問句	引出问句
是否|是否|shi4 fou3~1	1	請問是否需要幫忙？	请问是否需要帮忙？	是否	[[2, 4]]	直接問句	直接问句
時|时|shi2~2	0	開會時請不要看手機。	开会时请不要看手机。	時	[[2, 3]]		
時|时|shi2~3	0	圖書館上午九時開門。	图书馆上午九时开门。	時	[[6, 7]]		
時代|时代|shi2 dai4~1	0	我們正處在一個變化很快的時代。	我们正处在一个变化很快的时代。	時代	[[12, 14]]		
時代|时代|shi2 dai4~2	0	他常常想起自己的學生時代。	他常常想起自己的学生时代。	時代	[[10, 12]]		
時候|时候|shi2 hou5~1	0	他小的時候住在這條街上。	他小的时候住在这条街上。	時候	[[3, 5]]		
時期|时期|shi2 qi1~1	0	上大學的那段時期，我認識了很多朋友。	上大学的那段时期，我认识了很多朋友。	時期	[[6, 8]]		
時間|时间|shi2 jian1~1	0	時間過得真快，孩子都長大了。	时间过得真快，孩子都长大了。	時間	[[0, 2]]		
時間|时间|shi2 jian1~1	1	我最近很忙，沒有時間看電影。	我最近很忙，没有时间看电影。	時間	[[8, 10]]		
時間|时间|shi2 jian1~2	0	開會的時間是明天下午三點。	开会的时间是明天下午三点。	時間	[[3, 5]]		
晚|晚|wan3~1	0	他從早到晚都在工作。	他从早到晚都在工作。	晚	[[4, 5]]		
晚|晚|wan3~2	0	你今天來得太晚了。	你今天来得太晚了。	晚	[[6, 7]]		
晚上|晚上|wan3 shang5~1	0	我們晚上七點在門口見。	我们晚上七点在门口见。	晚上	[[2, 4]]		
普通|普通|pu3 tong1~1	0	他只是一個普通的學生。	他只是一个普通的学生。	普通	[[5, 7]]		
暫時|暂时|zan4 shi2~1	0	這只是一個暫時的辦法。	这只是一个暂时的办法。	暫時	[[5, 7]]	形	形
暫時|暂时|zan4 shi2~1	1	你先在我家暫時住幾天吧。	你先在我家暂时住几天吧。	暫時	[[5, 7]]	副	副
暴力|暴力|bao4 li4~1	0	我們反對用暴力解決問題。	我们反对用暴力解决问题。	暴力	[[5, 7]]		
曲|曲|qu3~1	0	這支曲我從小就會唱。	这支曲我从小就会唱。	曲	[[2, 3]]		
更|更|geng4~1	0	今天比昨天更冷。	今天比昨天更冷。	更	[[5, 6]]		
更|更|geng4~1	1	聽了他的話，我更不明白了。	听了他的话，我更不明白了。	更	[[7, 8]]		
更加|更加|geng4 jia1~1	0	有了大家的幫助，工作更加順利了。	有了大家的帮助，工作更加顺利了。	更加	[[10, 12]]		
書|书|shu1~1	0	我最近在讀一本關於歷史的書。	我最近在读一本关于历史的书。	書	[[12, 13]]		
曾|曾|ceng2~1	0	他曾在這家醫院工作了五年。	他曾在这家医院工作了五年。	曾	[[1, 2]]	動詞前	动词前
曾|曾|ceng2~1	1	這座樓曾是一所小學。	这座楼曾是一所小学。	曾	[[3, 4]]	曾是	曾是
曾|曾|ceng2~1	2	我不曾聽過這樣的故事。	我不曾听过这样的故事。	曾	[[2, 3]]	否定式	否定式
曾經|曾经|ceng2 jing1~1	0	我曾經在那家公司工作過三年。	我曾经在那家公司工作过三年。	曾經	[[1, 3]]	動詞前	动词前
曾經|曾经|ceng2 jing1~1	1	你曾經一個人去旅行嗎？	你曾经一个人去旅行吗？	曾經	[[1, 3]]	疑問句	疑问句
曾經|曾经|ceng2 jing1~1	2	這座樓曾經是學校，現在是醫院。	这座楼曾经是学校，现在是医院。	曾經	[[3, 5]]	「是」字句	「是」字句
替|替|ti4~1	0	我來替你，你先去休息吧。	我来替你，你先去休息吧。	替	[[2, 3]]		
替|替|ti4~2	0	請你替我開一下門。	请你替我开一下门。	替	[[2, 3]]	替＋人＋動作	替＋人＋动作
替|替|ti4~2	1	我真替你感到高興。	我真替你感到高兴。	替	[[2, 3]]	表示心情	表示心情
最|最|zui4~1	0	我最好的朋友下個月結婚。	我最好的朋友下个月结婚。	最	[[1, 2]]	修飾形容詞	修饰形容词
最|最|zui4~1	1	妹妹最喜歡吃甜的東西。	妹妹最喜欢吃甜的东西。	最	[[2, 3]]	修飾動詞	修饰动词
最|最|zui4~2	0	這條河的長度是世界之最。	这条河的长度是世界之最。	最	[[10, 11]]		
最佳|最佳|zui4 jia1~1	0	這是解決問題的最佳辦法。	这是解决问题的最佳办法。	最佳	[[7, 9]]		
最初|最初|zui4 chu1~1	0	這跟最初的計劃很不一樣。	这跟最初的计划很不一样。	最初	[[2, 4]]	名	名
最初|最初|zui4 chu1~1	1	最初大家都不同意這個做法。	最初大家都不同意这个做法。	最初	[[0, 2]]	副	副
最後|最后|zui4 hou4~1	0	這是我們最後一次見面。	这是我们最后一次见面。	最後	[[4, 6]]	形	形
最後|最后|zui4 hou4~1	1	他想了很久，最後還是答應了。	他想了很久，最后还是答应了。	最後	[[6, 8]]	副	副
最終|最终|zui4 zhong1~1	0	這是我們最終的決定。	这是我们最终的决定。	最終	[[4, 6]]	形	形
最終|最终|zui4 zhong1~1	1	他最終還是接受了這份工作。	他最终还是接受了这份工作。	最終	[[1, 3]]	副	副
最近|最近|zui4 jin4~1	0	他最近工作特別忙，很少休息。	他最近工作特别忙，很少休息。	最近	[[1, 3]]		
最近|最近|zui4 jin4~2	0	請問最近的地鐵站在哪裡？	请问最近的地铁站在哪里？	最近	[[2, 4]]		
最高|最高|zui4 gao1~1	0	這座山是全國最高的。	这座山是全国最高的。	最高	[[6, 8]]		
最高|最高|zui4 gao1~1	1	他是公司裡職位最高的人。	他是公司里职位最高的人。	最高	[[7, 9]]		
會議|会议|hui4 yi4~1	0	明天下午有一場重要的會議。	明天下午有一场重要的会议。	會議	[[10, 12]]		
月|月|yue4~1	0	我在這家公司工作了八個月。	我在这家公司工作了八个月。	月	[[11, 12]]		
有些|有些|you3 xie1~1	0	有些學生已經回家了。	有些学生已经回家了。	有些	[[0, 2]]		
有些|有些|you3 xie1~2	0	他說的話有些奇怪。	他说的话有些奇怪。	有些	[[4, 6]]		
有人|有人|you3 ren2~1	0	剛才有人打電話找你。	刚才有人打电话找你。	有人	[[2, 4]]		
有人|有人|you3 ren2~2	0	這個座位有人了，我們坐那邊吧。	这个座位有人了，我们坐那边吧。	有人	[[4, 6]]		
有所|有所|you3 suo3~1	0	這幾年，他的成績有所提高。	这几年，他的成绩有所提高。	有所	[[8, 10]]		
有所|有所|you3 suo3~1	1	大家對這個問題已經有所了解。	大家对这个问题已经有所了解。	有所	[[9, 11]]		
有效|有效|you3 xiao4~1	0	這種藥對感冒很有效。	这种药对感冒很有效。	有效	[[7, 9]]		
有效|有效|you3 xiao4~2	0	車票過了今天就不再有效。	车票过了今天就不再有效。	有效	[[9, 11]]		
有時|有时|you3 shi2~1	0	這種病有時很難發現。	这种病有时很难发现。	有時	[[3, 5]]		
有時|有时|you3 shi2~1	1	他有時看書，有時聽音樂。	他有时看书，有时听音乐。	有時	[[1, 3]]		
有的|有的|you3 de5~1	0	這些蘋果有的甜，有的酸。	这些苹果有的甜，有的酸。	有的	[[4, 6]]		
有的|有的|you3 de5~1	1	班上有的同學已經回家了。	班上有的同学已经回家了。	有的	[[2, 4]]		
有著|有着|you3 zhe5~1	0	他對這個問題有著不同的意見。	他对这个问题有着不同的意见。	有著	[[6, 8]]		
有關|有关|you3 guan1~1	0	這次事故跟天氣有關。	这次事故跟天气有关。	有關	[[7, 9]]	動	动
有關|有关|you3 guan1~1	1	有關單位已經開始調查。	有关单位已经开始调查。	有關	[[0, 2]]	形	形
朋友|朋友|peng2 you5~1	0	我和他從小就是朋友。	我和他从小就是朋友。	朋友	[[7, 9]]		
朝|朝|chao2~1	0	這間房子朝南，光線特別好。	这间房子朝南，光线特别好。	朝	[[4, 5]]	動	动
朝|朝|chao2~1	1	他朝我笑了笑，然後轉身走了。	他朝我笑了笑，然后转身走了。	朝	[[1, 2]]	介	介
期|期|qi1~3	0	他把這三期雜誌都看完了。	他把这三期杂志都看完了。	期	[[4, 5]]		
期間|期间|qi1 jian1~1	0	開會期間請關掉手機。	开会期间请关掉手机。	期間	[[2, 4]]		
木|木|mu4~3	0	在雪地裡站久了，手都木了。	在雪地里站久了，手都木了。	木	[[10, 11]]		
未|未|wei4~1	0	今年的計劃還未完成。	今年的计划还未完成。	未	[[6, 7]]	動詞前	动词前
未|未|wei4~1	1	未經允許不可進入。	未经允许不可进入。	未	[[0, 1]]	未經…	未经…
未|未|wei4~2	0	未時大約是下午一點到三點。	未时大约是下午一点到三点。	未	[[0, 1]]		
未來|未来|wei4 lai2~1	0	沒有人知道未來會發生什麼事。	没有人知道未来会发生什么事。	未來	[[5, 7]]	名	名
未來|未来|wei4 lai2~1	1	未來幾天的天氣都不太好。	未来几天的天气都不太好。	未來	[[0, 2]]	形	形
本|本|ben3~4	0	我本想早點出門，結果還是遲到了。	我本想早点出门，结果还是迟到了。	本	[[1, 2]]		
本|本|ben3~6	0	他昨天在書店買了兩本小說。	他昨天在书店买了两本小说。	本	[[9, 10]]		
本人|本人|ben3 ren2~1	0	領獎的時候必須由本人到場。	领奖的时候必须由本人到场。	本人	[[8, 10]]		
本人|本人|ben3 ren2~2	0	這件事本人並不知情。	这件事本人并不知情。	本人	[[3, 5]]		
本來|本来|ben3 lai2~1	0	這房子還是本來的樣子。	这房子还是本来的样子。	本來	[[5, 7]]	形	形
本來|本来|ben3 lai2~1	1	我本來想去，後來太忙就沒去。	我本来想去，后来太忙就没去。	本來	[[1, 3]]	副	副
本來|本来|ben3 lai2~2	0	這本來就是他的錯。	这本来就是他的错。	本來	[[1, 3]]		
本地|本地|ben3 di4~1	0	這道菜在本地很有名。	这道菜在本地很有名。	本地	[[4, 6]]	名	名
本地|本地|ben3 di4~1	1	他不是本地人，去年才搬來。	他不是本地人，去年才搬来。	本地	[[3, 5]]	形	形
本身|本身|ben3 shen1~1	0	這個問題本身並不難。	这个问题本身并不难。	本身	[[4, 6]]		
材料|材料|cai2 liao4~1	0	蓋房子的材料已經運到了。	盖房子的材料已经运到了。	材料	[[4, 6]]		
材料|材料|cai2 liao4~2	0	他寫報告前看了很多材料。	他写报告前看了很多材料。	材料	[[9, 11]]		
材料|材料|cai2 liao4~3	0	他不是讀書的材料。	他不是读书的材料。	材料	[[6, 8]]		
村|村|cun1~1	0	這個村只有幾十戶人家。	这个村只有几十户人家。	村	[[2, 3]]		
村|村|cun1~2	0	他當著大家的面村了我幾句。	他当着大家的面村了我几句。	村	[[7, 8]]		
村|村|cun1~3	0	他這身衣服看起來有點村。	他这身衣服看起来有点村。	村	[[10, 11]]		
杯|杯|bei1~3	0	他每天早上喝一杯咖啡。	他每天早上喝一杯咖啡。	杯	[[7, 8]]		
東|东|dong1~1	0	從這裡一直往東走就到了。	从这里一直往东走就到了。	東	[[6, 7]]		
東西|东西|dong1 xi1~1	0	這座城市東西長二十公里。	这座城市东西长二十公里。	東西	[[4, 6]]		
東西|东西|dong1 xi5~1	0	我去買點東西就回來。	我去买点东西就回来。	東西	[[4, 6]]		
東西|东西|dong1 xi5~2	0	這隻小狗真是個聰明的小東西。	这只小狗真是个聪明的小东西。	東西	[[11, 13]]		
松|松|song1~1	0	這棵松已經長了幾十年了。	这棵松已经长了几十年了。	松	[[2, 3]]		
板|板|ban3~3	0	他板著臉，一句話也不說。	他板着脸，一句话也不说。	板	[[1, 2]]		
枚|枚|mei2~1	0	他拿出一枚硬幣放在桌上。	他拿出一枚硬币放在桌上。	枚	[[4, 5]]		
枚|枚|mei2~2	0	這次一共發射了兩枚衛星。	这次一共发射了两枚卫星。	枚	[[8, 9]]		
枚|枚|mei2~3	0	包裝上寫著每盒十二枚餅乾。	包装上写着每盒十二枚饼干。	枚	[[9, 10]]		
架|架|jia4~1	0	他把書一本一本放回架上。	他把书一本一本放回架上。	架	[[9, 10]]		
架|架|jia4~2	0	剛才天上飛過了三架飛機。	刚才天上飞过了三架飞机。	架	[[8, 9]]		
架|架|jia4~3	0	工人們正在河上架起一座橋。	工人们正在河上架起一座桥。	架	[[7, 8]]		
某|某|mou3~1	0	他在某家公司工作了十年。	他在某家公司工作了十年。	某	[[2, 3]]		
某些|某些|mou3 xie1~1	0	這種藥對某些人沒有效果。	这种药对某些人没有效果。	某些	[[4, 6]]		
某種|某种|mou3 zhong3~1	0	他好像因為某種原因不想去。	他好像因为某种原因不想去。	某種	[[5, 7]]		
查|查|cha2~1	0	警察正在查這件案子。	警察正在查这件案子。	查	[[4, 5]]		
查|查|cha2~2	0	不認識的字可以查字典。	不认识的字可以查字典。	查	[[7, 8]]		
校|校|jiao4~1	0	這篇文章我已經校過兩遍了。	这篇文章我已经校过两遍了。	校	[[7, 8]]		
校長|校长|xiao4 zhang3~1	0	新來的校長很關心學生的生活。	新来的校长很关心学生的生活。	校長	[[3, 5]]		
根|根|gen1~1	0	這棵大樹的根長得很深。	这棵大树的根长得很深。	根	[[5, 6]]		
根|根|gen1~2	0	地上掉了一根白色的頭髮。	地上掉了一根白色的头发。	根	[[5, 6]]		
根據|根据|gen1 ju4~1	0	根據天氣預報，明天會下雨。	根据天气预报，明天会下雨。	根據	[[0, 2]]	介	介
根據|根据|gen1 ju4~1	1	你這樣說有什麼根據？	你这样说有什么根据？	根據	[[7, 9]]	名	名
根本|根本|gen1 ben3~1	0	他根本不知道這件事。	他根本不知道这件事。	根本	[[1, 3]]		
根本|根本|gen1 ben3~2	0	我們要從根本上解決這個問題。	我们要从根本上解决这个问题。	根本	[[4, 6]]	名	名
根本|根本|gen1 ben3~2	1	這才是問題的根本原因。	这才是问题的根本原因。	根本	[[6, 8]]	形	形
格|格|ge2~1	0	這個櫃子一共有八個格。	这个柜子一共有八个格。	格	[[9, 10]]		
格|格|ge2~4	0	手機還有三格電。	手机还有三格电。	格	[[5, 6]]		
案|案|an4~1	0	警方正在調查這起大案。	警方正在调查这起大案。	案	[[9, 10]]		
案件|案件|an4 jian4~1	0	警方正在調查這起案件。	警方正在调查这起案件。	案件	[[8, 10]]		
梅|梅|mei2~2	0	今年的梅開得特別早。	今年的梅开得特别早。	梅	[[3, 4]]		
條|条|tiao2~2	0	村子前面有一條小河。	村子前面有一条小河。	條	[[6, 7]]		
條|条|tiao2~2	1	老師給了我們三條建議。	老师给了我们三条建议。	條	[[7, 8]]		
條件|条件|tiao2 jian4~1	0	參加比賽的條件是年滿十八歲。	参加比赛的条件是年满十八岁。	條件	[[5, 7]]		
條件|条件|tiao2 jian4~2	0	這裡的工作條件比以前好多了。	这里的工作条件比以前好多了。	條件	[[5, 7]]		
棒|棒|bang4~1	0	你今天表現得真棒！	你今天表现得真棒！	棒	[[7, 8]]		
棒|棒|bang4~3	0	這次接力賽由他跑第三棒。	这次接力赛由他跑第三棒。	棒	[[10, 11]]		
棒球|棒球|bang4 qiu2~1	0	他每個週末都跟同學去打棒球。	他每个周末都跟同学去打棒球。	棒球	[[11, 13]]		
森林|森林|sen1 lin2~1	0	這座山上有一大片森林。	这座山上有一大片森林。	森林	[[8, 10]]		
植物|植物|zhi2 wu4~1	0	這種植物很喜歡陽光。	这种植物很喜欢阳光。	植物	[[2, 4]]		
極|极|ji2~1	0	這次考試的成績極好。	这次考试的成绩极好。	極	[[7, 8]]		
概念|概念|gai4 nian4~1	0	這本書解釋了幾個重要的概念。	这本书解释了几个重要的概念。	概念	[[11, 13]]		
榮譽|荣誉|rong2 yu4~1	0	他為學校贏得了榮譽。	他为学校赢得了荣誉。	榮譽	[[7, 9]]		
榮譽|荣誉|rong2 yu4~2	0	他是這所大學的榮譽博士。	他是这所大学的荣誉博士。	榮譽	[[7, 9]]		
槍|枪|qiang1~1	0	警察在他身上找到了一把槍。	警察在他身上找到了一把枪。	槍	[[11, 12]]		
槍|枪|qiang1~2	0	他舞起槍來，動作又快又好看。	他舞起枪来，动作又快又好看。	槍	[[3, 4]]		
槍|枪|qiang1~5	0	那個士兵一連開了三槍。	那个士兵一连开了三枪。	槍	[[9, 10]]		
樂|乐|le4~2	0	他一聽這話就樂了。	他一听这话就乐了。	樂	[[6, 7]]		
樂隊|乐队|yue4 dui4~1	0	這支樂隊昨天在學校表演。	这支乐队昨天在学校表演。	樂隊	[[2, 4]]		
樓|楼|lou2~1	0	電梯壞了，我們走上五樓。	电梯坏了，我们走上五楼。	樓	[[10, 11]]		
樓|楼|lou2~2	0	他家就在前面那棟樓。	他家就在前面那栋楼。	樓	[[8, 9]]		
標準|标准|biao1 zhun3~1	0	這家公司對產品的標準很高。	这家公司对产品的标准很高。	標準	[[8, 10]]		
標準|标准|biao1 zhun3~2	0	她的中文發音很標準。	她的中文发音很标准。	標準	[[7, 9]]		
標誌|标志|biao1 zhi4~1	0	路口有一個禁止停車的標誌。	路口有一个禁止停车的标志。	標誌	[[10, 12]]	名	名
標誌|标志|biao1 zhi4~1	1	這件事標誌著新階段的開始。	这件事标志着新阶段的开始。	標誌	[[3, 5]]	動	动
模型|模型|mo2 xing2~1	0	他花了一個月做飛機模型。	他花了一个月做飞机模型。	模型	[[9, 11]]		
模型|模型|mo2 xing2~2	0	科學家用模型分析氣候的變化。	科学家用模型分析气候的变化。	模型	[[4, 6]]		
模型|模型|mo2 xing2~3	0	工人把鐵水倒進模型裡。	工人把铁水倒进模型里。	模型	[[7, 9]]		
模式|模式|mo2 shi4~1	0	這家公司改變了經營模式。	这家公司改变了经营模式。	模式	[[9, 11]]		
樹|树|shu4~1	0	他在院子裡種了兩棵樹。	他在院子里种了两棵树。	樹	[[9, 10]]		
橋|桥|qiao2~1	0	過了這座橋就到我家了。	过了这座桥就到我家了。	橋	[[4, 5]]		
機器|机器|ji1 qi4~1	0	這臺機器已經用了十年了。	这台机器已经用了十年了。	機器	[[2, 4]]		
機器人|机器人|ji1 qi4 ren2~1	0	現在很多工廠都在用機器人。	现在很多工厂都在用机器人。	機器人	[[9, 12]]		
機場|机场|ji1 chang3~1	0	我明天早上要去機場接朋友。	我明天早上要去机场接朋友。	機場	[[7, 9]]		
機場|机场|ji1 chang3~2	0	這個機場最近很不穩定，常常連不上。	这个机场最近很不稳定，常常连不上。	機場	[[2, 4]]		
機會|机会|ji1 hui4~1	0	我一直沒有機會跟他說這件事。	我一直没有机会跟他说这件事。	機會	[[5, 7]]		
機構|机构|ji1 gou4~1	0	這個機構專門幫助生病的老人。	这个机构专门帮助生病的老人。	機構	[[2, 4]]		
機構|机构|ji1 gou4~2	0	這種機器的機構並不複雜。	这种机器的机构并不复杂。	機構	[[5, 7]]		
檔案|档案|dang4 an4~1	0	公司的檔案要保存十年。	公司的档案要保存十年。	檔案	[[3, 5]]		
檔案|档案|dang4 an4~2	0	我把這個檔案存到電腦裡了。	我把这个档案存到电脑里了。	檔案	[[4, 6]]		
檢查|检查|jian3 cha2~1	0	老師正在檢查我們的作業。	老师正在检查我们的作业。	檢查	[[4, 6]]	動	动
檢查|检查|jian3 cha2~1	1	這次檢查發現了不少問題。	这次检查发现了不少问题。	檢查	[[2, 4]]	名	名
權利|权利|quan2 li4~1	0	每個人都有受教育的權利。	每个人都有受教育的权利。	權利	[[9, 11]]		
權力|权力|quan2 li4~1	0	政府的權力必須受到法律的限制。	政府的权力必须受到法律的限制。	權力	[[3, 5]]		
次|次|ci4~1	0	醫生要他每天吃三次藥。	医生要他每天吃三次药。	次	[[8, 9]]		
次|次|ci4~5	0	這個牌子的手機太次，用了兩個月就壞了。	这个牌子的手机太次，用了两个月就坏了。	次	[[8, 9]]		
欲|欲|yu4~1	0	公司欲在明年進入國際市場。	公司欲在明年进入国际市场。	欲	[[2, 3]]		
款|款|kuan3~1	0	公司昨天就把這筆款付清了。	公司昨天就把这笔款付清了。	款	[[8, 9]]		
款|款|kuan3~2	0	這家店今年推出了三款手機。	这家店今年推出了三款手机。	款	[[9, 10]]		
款|款|kuan3~3	0	這一條的第二款規定得很清楚。	这一条的第二款规定得很清楚。	款	[[6, 7]]		
歌|歌|ge1~1	0	這首歌我聽了很多遍。	这首歌我听了很多遍。	歌	[[2, 3]]		
歌手|歌手|ge1 shou3~1	0	這位歌手的新歌很受年輕人喜歡。	这位歌手的新歌很受年轻人喜欢。	歌手	[[2, 4]]		
歌曲|歌曲|ge1 qu3~1	0	這首歌曲我聽過很多次。	这首歌曲我听过很多次。	歌曲	[[2, 4]]		
歐|欧|ou1~1	0	這件外套要一百歐。	这件外套要一百欧。	歐	[[7, 8]]		
歐|欧|ou1~2	0	這個電阻只有五歐。	这个电阻只有五欧。	歐	[[7, 8]]		
歡迎|欢迎|huan1 ying2~1	0	我們熱烈歡迎新同學。	我们热烈欢迎新同学。	歡迎	[[4, 6]]		
止|止|zhi3~1	0	他的血很快就止住了。	他的血很快就止住了。	止	[[6, 7]]		
止|止|zhi3~2	0	報名時間到本月十號止。	报名时间到本月十号止。	止	[[9, 10]]		
止|止|zhi3~3	0	止此一家，別無分店。	止此一家，别无分店。	止	[[0, 1]]		
正|正|zheng4~1	0	我正忙著，等一下再說。	我正忙着，等一下再说。	正	[[1, 2]]	動作在進行	动作在进行
正|正|zheng4~1	1	他正要出門，電話響了。	他正要出门，电话响了。	正	[[1, 2]]	正要	正要
正|正|zheng4~2	0	這本書正是我要找的。	这本书正是我要找的。	正	[[3, 4]]		
正|正|zheng4~5	0	牆上的畫沒掛正。	墙上的画没挂正。	正	[[6, 7]]		
正|正|zheng4~7	0	這兩個數一個是正的，一個是負的。	这两个数一个是正的，一个是负的。	正	[[7, 8]]		
正在|正在|zheng4 zai4~1	0	他正在打電話，你等一下。	他正在打电话，你等一下。	正在	[[1, 3]]	動詞前	动词前
正在|正在|zheng4 zai4~1	1	我進來的時候，他正在看書呢。	我进来的时候，他正在看书呢。	正在	[[8, 10]]	句末加呢	句末加呢
正常|正常|zheng4 chang2~1	0	孩子有這種想法很正常。	孩子有这种想法很正常。	正常	[[8, 10]]		
正式|正式|zheng4 shi4~1	0	公司給了他一份正式的合約。	公司给了他一份正式的合约。	正式	[[7, 9]]		
正是|正是|zheng4 shi4~1	0	這正是我要找的那本書。	这正是我要找的那本书。	正是	[[1, 3]]		
正確|正确|zheng4 que4~1	0	這個說法並不正確。	这个说法并不正确。	正確	[[6, 8]]		
此|此|ci3~2	0	此事與你無關，你不用擔心。	此事与你无关，你不用担心。	此	[[0, 1]]		
步|步|bu4~1	0	他向前走了三步。	他向前走了三步。	步	[[6, 7]]		
步|步|bu4~3	0	下一步我們要做什麼？	下一步我们要做什么？	步	[[2, 3]]		
步|步|bu4~4	0	事情已經到了這一步，只能接受。	事情已经到了这一步，只能接受。	步	[[8, 9]]		
武器|武器|wu3 qi4~1	0	警察在他家裡找到了武器。	警察在他家里找到了武器。	武器	[[9, 11]]		
歲|岁|sui4~1	0	他有一個三歲的女兒。	他有一个三岁的女儿。	歲	[[5, 6]]		
歷史|历史|li4 shi3~1	0	這座城市有兩千多年的歷史。	这座城市有两千多年的历史。	歷史	[[10, 12]]		
歸|归|gui1~1	0	他出國二十年，至今未歸。	他出国二十年，至今未归。	歸	[[10, 11]]		
歸|归|gui1~2	0	這件事歸我們部門管。	这件事归我们部门管。	歸	[[3, 4]]		
歸|归|gui1~3	0	我把資料歸為三大類。	我把资料归为三大类。	歸	[[4, 5]]		
歸|归|gui1~4	0	說歸說，事情還是要做。	说归说，事情还是要做。	歸	[[1, 2]]	動詞重複	动词重复
歸|归|gui1~4	1	貴歸貴，東西真的好。	贵归贵，东西真的好。	歸	[[1, 2]]	形容詞重複	形容词重复
死|死|si3~1	0	他養的那條魚昨天死了。	他养的那条鱼昨天死了。	死	[[8, 9]]		
死|死|si3~2	0	今天熱死了，一點風也沒有。	今天热死了，一点风也没有。	死	[[3, 4]]		
死|死|si3~3	0	規定太死，做起來很不方便。	规定太死，做起来很不方便。	死	[[3, 4]]		
死|死|si3~5	0	你這個死孩子，怎麼又不聽話！	你这个死孩子，怎么又不听话！	死	[[3, 4]]		
死亡|死亡|si3 wang2~1	0	那場大火造成十多人死亡。	那场大火造成十多人死亡。	死亡	[[9, 11]]	動	动
死亡|死亡|si3 wang2~1	1	醫生記錄了病人的死亡時間。	医生记录了病人的死亡时间。	死亡	[[8, 10]]	名	名
段|段|duan4~3	0	我們在路邊坐了一段時間。	我们在路边坐了一段时间。	段	[[8, 9]]		
殺|杀|sha1~1	0	士兵在戰場上殺了很多敵人。	士兵在战场上杀了很多敌人。	殺	[[6, 7]]		
殺|杀|sha1~3	0	藥水碰到傷口，殺得他叫了起來。	药水碰到伤口，杀得他叫了起来。	殺	[[7, 8]]		
殺|杀|sha1~4	0	這件事真是氣殺我了。	这件事真是气杀我了。	殺	[[6, 7]]	動詞後表程度	动词后表程度
殺|杀|sha1~4	1	他的樣子笑殺了一屋子的人。	他的样子笑杀了一屋子的人。	殺	[[5, 6]]	帶受事賓語	带受事宾语
殺害|杀害|sha1 hai4~1	0	那名記者在戰爭中被殺害了。	那名记者在战争中被杀害了。	殺害	[[9, 11]]		
殺死|杀死|sha1 si3~1	0	他不小心把那隻蟲殺死了。	他不小心把那只虫杀死了。	殺死	[[8, 10]]		
毀|毁|hui3~1	0	一場大火毀了整條街的房子。	一场大火毁了整条街的房子。	毀	[[4, 5]]		
母|母|mu3~3	0	你看得出這隻狗是公的還是母的嗎？	你看得出这只狗是公的还是母的吗？	母	[[12, 13]]		
母親|母亲|mu3 qin1~1	0	他每個星期都打電話給母親。	他每个星期都打电话给母亲。	母親	[[10, 12]]		
每|每|mei3~1	0	每個學生都要參加這次考試。	每个学生都要参加这次考试。	每	[[0, 1]]	代	代
每|每|mei3~1	1	他每工作一小時就休息一下。	他每工作一小时就休息一下。	每	[[1, 2]]	副	副
每個|每个|mei3 ge4~1	0	每個人都有自己的想法。	每个人都有自己的想法。	每個	[[0, 2]]		
每天|每天|mei3 tian1~1	0	他每天早上跑步半小時。	他每天早上跑步半小时。	每天	[[1, 3]]		
每年|每年|mei3 nian2~1	0	他每年都回家過年。	他每年都回家过年。	每年	[[1, 3]]	副	副
每年|每年|mei3 nian2~1	1	這是我們每年的重要活動。	这是我们每年的重要活动。	每年	[[4, 6]]	名	名
毒|毒|du2~1	0	這種蘑菇有毒，不要吃。	这种蘑菇有毒，不要吃。	毒	[[5, 6]]	名	名
毒|毒|du2~1	1	那條蛇很毒，別靠近牠。	那条蛇很毒，别靠近它。	毒	[[4, 5]]	形	形
毒|毒|du2~3	0	他想毒死那些老鼠。	他想毒死那些老鼠。	毒	[[2, 3]]		
毒|毒|du2~4	0	他的手段實在太毒了。	他的手段实在太毒了。	毒	[[7, 8]]		
比|比|bi3~1	0	今天比昨天冷，你多穿一點。	今天比昨天冷，你多穿一点。	比	[[2, 3]]	基本比較	基本比较
比|比|bi3~1	1	坐地鐵比開車快得多。	坐地铁比开车快得多。	比	[[3, 4]]	程度差別	程度差别
比|比|bi3~2	0	不要拿我跟別人比，每個人都不一樣。	不要拿我跟别人比，每个人都不一样。	比	[[7, 8]]		
比|比|bi3~3	0	昨天的球賽，我們三比二贏了。	昨天的球赛，我们三比二赢了。	比	[[9, 10]]		
比|比|bi3~4	0	他比了一個手勢，讓我們過去。	他比了一个手势，让我们过去。	比	[[1, 2]]		
比如|比如|bi3 ru2~1	0	他喜歡運動，比如跑步和打球。	他喜欢运动，比如跑步和打球。	比如	[[6, 8]]	引出例子	引出例子
比如|比如|bi3 ru2~1	1	比如今天下雨，我們就在家裡看書。	比如今天下雨，我们就在家里看书。	比如	[[0, 2]]	句首舉例	句首举例
比賽|比赛|bi3 sai4~1	0	兩隊明天下午比賽。	两队明天下午比赛。	比賽	[[6, 8]]	動	动
比賽|比赛|bi3 sai4~1	1	這場比賽我們贏了。	这场比赛我们赢了。	比賽	[[2, 4]]	名	名
比較|比较|bi3 jiao4~1	0	今天比較冷，多穿一件。	今天比较冷，多穿一件。	比較	[[2, 4]]		
比較|比较|bi3 jiao4~2	0	買車以前，最好多比較幾家。	买车以前，最好多比较几家。	比較	[[8, 10]]	動	动
比較|比较|bi3 jiao4~2	1	這篇文章對兩種說法作了比較。	这篇文章对两种说法作了比较。	比較	[[11, 13]]	名	名
毛|毛|mao2~1	0	他家的貓每天都掉毛。	他家的猫每天都掉毛。	毛	[[8, 9]]		
毛|毛|mao2~2	0	這種糖一顆只要五毛錢。	这种糖一颗只要五毛钱。	毛	[[8, 9]]		
毛|毛|mao2~3	0	麵包忘了吃，上面長毛了。	面包忘了吃，上面长毛了。	毛	[[9, 10]]		
毛|毛|mao2~5	0	屋裡的怪聲音把他嚇毛了。	屋里的怪声音把他吓毛了。	毛	[[9, 10]]		
毛|毛|mao2~7	0	錢一年比一年毛，大家都不敢花。	钱一年比一年毛，大家都不敢花。	毛	[[6, 7]]		
民主|民主|min2 zhu3~1	0	大家都希望有更多的民主。	大家都希望有更多的民主。	民主	[[9, 11]]	名	名
民主|民主|min2 zhu3~1	1	學校的決定過程越來越民主。	学校的决定过程越来越民主。	民主	[[10, 12]]	形	形
水平|水平|shui3 ping2~1	0	他的中文水平提高得很快。	他的中文水平提高得很快。	水平	[[4, 6]]		
水平|水平|shui3 ping2~2	0	桌面必須保持水平。	桌面必须保持水平。	水平	[[6, 8]]		
永遠|永远|yong3 yuan3~1	0	我永遠不會忘記那一天。	我永远不会忘记那一天。	永遠	[[1, 3]]		
求|求|qiu2~1	0	他求老闆再給他一次機會。	他求老板再给他一次机会。	求	[[1, 2]]		
求|求|qiu2~2	0	他一心只求把事情做好。	他一心只求把事情做好。	求	[[4, 5]]		
決定|决定|jue2 ding4~1	0	我們決定明天一早出發。	我们决定明天一早出发。	決定	[[2, 4]]	動	动
決定|决定|jue2 ding4~1	1	這個決定讓大家都很意外。	这个决定让大家都很意外。	決定	[[2, 4]]	名	名
決定|决定|jue2 ding4~2	0	天氣決定了比賽能不能進行。	天气决定了比赛能不能进行。	決定	[[2, 4]]		
汽車|汽车|qi4 che1~1	0	他開汽車送孩子去學校。	他开汽车送孩子去学校。	汽車	[[2, 4]]		
沒|没|mei2~1	0	我身上沒錢，先跟你借一點。	我身上没钱，先跟你借一点。	沒	[[3, 4]]	不擁有	不拥有
沒|没|mei2~1	1	天氣不好，公園裡沒人。	天气不好，公园里没人。	沒	[[8, 9]]	不存在	不存在
沒|没|mei2~2	0	他昨天生病，沒來上班。	他昨天生病，没来上班。	沒	[[6, 7]]	否定過去	否定过去
沒|没|mei2~2	1	我還沒吃飯，等一下再走。	我还没吃饭，等一下再走。	沒	[[2, 3]]	還未完成	还未完成
沒|没|mo4~1	0	大水沒過了路邊的小樹。	大水没过了路边的小树。	沒	[[2, 3]]		
沒有|没有|mei2 you3~1	0	我身上沒有錢，不能買東西。	我身上没有钱，不能买东西。	沒有	[[3, 5]]		
沒有|没有|mei2 you3~1	1	房間裡一個人也沒有。	房间里一个人也没有。	沒有	[[7, 9]]		
沒有|没有|mei2 you3~2	0	他昨天沒有去上班。	他昨天没有去上班。	沒有	[[3, 5]]	動詞前	动词前
沒有|没有|mei2 you3~2	1	天還沒有黑，我們再玩一會兒。	天还没有黑，我们再玩一会儿。	沒有	[[2, 4]]	形容詞前	形容词前
沒有|没有|mei2 you3~2	2	這件事你告訴他了沒有？	这件事你告诉他了没有？	沒有	[[8, 10]]	句末疑問	句末疑问
沒有|没有|mei2 you3~3	0	弟弟沒有哥哥那麼高。	弟弟没有哥哥那么高。	沒有	[[2, 4]]		
沖|冲|chong1~1	0	他用開水沖了一杯茶。	他用开水冲了一杯茶。	沖	[[4, 5]]		
沖|冲|chong1~2	0	用完廁所要記得沖水。	用完厕所要记得冲水。	沖	[[7, 8]]		
沖|冲|chong1~3	0	大水把路邊的小樹沖走了。	大水把路边的小树冲走了。	沖	[[8, 9]]		
沖|冲|chong1~4	0	這卷底片還沒沖出來。	这卷底片还没冲出来。	沖	[[6, 7]]		
沖|冲|chong1~5	0	大火的煙沖上了天空。	大火的烟冲上了天空。	沖	[[4, 5]]		
沖|冲|chong1~6	0	他們說這兩個生肖相沖。	他们说这两个生肖相冲。	沖	[[9, 10]]		
沙|沙|sha1~1	0	孩子們在海邊玩沙。	孩子们在海边玩沙。	沙	[[7, 8]]		
沙|沙|sha4~1	0	他把米沙了一遍才拿去做飯。	他把米沙了一遍才拿去做饭。	沙	[[3, 4]]		
河|河|he2~1	0	這條河上有一座很長的橋。	这条河上有一座很长的桥。	河	[[2, 3]]		
油|油|you2~1	0	炒菜的時候要先放油。	炒菜的时候要先放油。	油	[[8, 9]]		
油|油|you2~2	0	這輛車開起來很省油。	这辆车开起来很省油。	油	[[8, 9]]		
油|油|you2~3	0	這道菜太油了，我吃不下。	这道菜太油了，我吃不下。	油	[[4, 5]]		
油|油|you2~4	0	他說話越來越油，我不太相信他。	他说话越来越油，我不太相信他。	油	[[6, 7]]		
油|油|you2~5	0	門和窗子都重新油過了。	门和窗子都重新油过了。	油	[[7, 8]]		
治|治|zhi4~1	0	他的病已經治好了。	他的病已经治好了。	治	[[5, 6]]		
治|治|zhi4~3	0	政府花了不少錢治這條河。	政府花了不少钱治这条河。	治	[[7, 8]]		
治|治|zhi4~4	0	他做了壞事，一定要治他的罪。	他做了坏事，一定要治他的罪。	治	[[9, 10]]		
治療|治疗|zhi4 liao2~1	0	這種病現在可以治療了。	这种病现在可以治疗了。	治療	[[7, 9]]	動	动
治療|治疗|zhi4 liao2~1	1	他接受了三個月的治療。	他接受了三个月的治疗。	治療	[[8, 10]]	名	名
法|法|fa3~6	0	這種電容大約是一法。	这种电容大约是一法。	法	[[8, 9]]		
法官|法官|fa3 guan1~1	0	法官在法庭上宣布了判決結果。	法官在法庭上宣布了判决结果。	法官	[[0, 2]]		
法庭|法庭|fa3 ting2~1	0	法官在法庭上宣布了最後的結果。	法官在法庭上宣布了最后的结果。	法庭	[[3, 5]]		
法律|法律|fa3 lu:4~1	0	這種行為違反了法律。	这种行为违反了法律。	法律	[[7, 9]]		
法院|法院|fa3 yuan4~1	0	這件案子已經送到法院了。	这件案子已经送到法院了。	法院	[[8, 10]]		
波|波|bo1~4	0	晚上又來了一波客人。	晚上又来了一波客人。	波	[[6, 7]]		
注|注|zhu4~4	0	他今年做成了一注大買賣。	他今年做成了一注大买卖。	注	[[7, 8]]		
注意|注意|zhu4 yi4~1	0	過馬路的時候要注意來往的車。	过马路的时候要注意来往的车。	注意	[[7, 9]]		
洞|洞|dong4~1	0	他的襪子破了一個洞。	他的袜子破了一个洞。	洞	[[8, 9]]		
洞|洞|dong4~1	1	這座山裡有一個很深的洞。	这座山里有一个很深的洞。	洞	[[10, 11]]		
洞|洞|dong4~2	0	他報的號碼是三洞八六。	他报的号码是三洞八六。	洞	[[7, 8]]		
活|活|huo2~1	0	他一直活到九十多歲。	他一直活到九十多岁。	活	[[3, 4]]	動	动
活|活|huo2~1	1	市場上賣的都是活魚。	市场上卖的都是活鱼。	活	[[7, 8]]	形	形
活|活|huo2~2	0	這些活我一個人做不完。	这些活我一个人做不完。	活	[[2, 3]]		
活動|活动|huo2 dong4~1	0	這次活動有兩百多人參加。	这次活动有两百多人参加。	活動	[[2, 4]]		
活動|活动|huo2 dong4~2	0	老人每天早上到公園活動。	老人每天早上到公园活动。	活動	[[9, 11]]	動	动
活動|活动|huo2 dong4~2	1	這幾年這裡的地震活動變多了。	这几年这里的地震活动变多了。	活動	[[8, 10]]	名	名
活動|活动|huo2 dong4~3	0	他的一顆牙活動了。	他的一颗牙活动了。	活動	[[5, 7]]		
活動|活动|huo2 dong4~4	0	他為了升職到處活動。	他为了升职到处活动。	活動	[[7, 9]]		
派|派|pai4~1	0	公司派他去南方工作。	公司派他去南方工作。	派	[[2, 3]]		
派|派|pai4~3	0	在這個問題上，同學分成了兩派人。	在这个问题上，同学分成了两派人。	派	[[13, 14]]		
派|派|pai4~4	0	他說的全是一派胡言。	他说的全是一派胡言。	派	[[6, 7]]		
派|派|pai4~6	0	客人點了一個派和一杯茶。	客人点了一个派和一杯茶。	派	[[6, 7]]		
派|派|pai4~7	0	這道數學題要用到派。	这道数学题要用到派。	派	[[8, 9]]		
流|流|liu2~1	0	山上的水一直往下流。	山上的水一直往下流。	流	[[8, 9]]		
流行|流行|liu2 xing2~1	0	她最喜歡聽流行歌曲。	她最喜欢听流行歌曲。	流行	[[5, 7]]	形	形
流行|流行|liu2 xing2~1	1	今年冬天流行長裙。	今年冬天流行长裙。	流行	[[4, 6]]	動	动
流行|流行|liu2 xing2~2	0	去年這種病在很多國家流行。	去年这种病在很多国家流行。	流行	[[10, 12]]		
海軍|海军|hai3 jun1~1	0	他從小就想加入海軍。	他从小就想加入海军。	海軍	[[7, 9]]		
消失|消失|xiao1 shi1~1	0	那個人很快就在人群中消失了。	那个人很快就在人群中消失了。	消失	[[10, 12]]		
消息|消息|xiao1 xi5~1	0	這個消息讓大家都很高興。	这个消息让大家都很高兴。	消息	[[2, 4]]		
深|深|shen1~1	0	這條河的水很深，不要下去。	这条河的水很深，不要下去。	深	[[6, 7]]		
深|深|shen1~2	0	我對這個城市有很深的感情。	我对这个城市有很深的感情。	深	[[8, 9]]		
深|深|shen1~3	0	這個顏色太深了，換一個。	这个颜色太深了，换一个。	深	[[5, 6]]		
混|混|hun4~1	0	別把這兩種藥混在一起吃。	别把这两种药混在一起吃。	混	[[6, 7]]		
混|混|hun4~2	0	他畢業後在外面混了兩年。	他毕业后在外面混了两年。	混	[[7, 8]]		
混|混|hun4~3	0	他假裝成記者混了進去。	他假装成记者混了进去。	混	[[6, 7]]		
混|混|hun4~4	0	他這個人太混，誰的話都不聽。	他这个人太混，谁的话都不听。	混	[[5, 6]]		
混亂|混乱|hun4 luan4~1	0	那天下午，車站裡非常混亂。	那天下午，车站里非常混乱。	混亂	[[10, 12]]		
清|清|qing1~1	0	這幾個字太小，我看不清。	这几个字太小，我看不清。	清	[[10, 11]]		
清|清|qing1~2	0	山上的湖水非常清。	山上的湖水非常清。	清	[[7, 8]]		
清|清|qing1~3	0	他把借的錢都還清了。	他把借的钱都还清了。	清	[[7, 8]]		
清楚|清楚|qing1 chu5~1	0	他說話很清楚，大家都聽得懂。	他说话很清楚，大家都听得懂。	清楚	[[4, 6]]		
清楚|清楚|qing1 chu5~2	0	我很清楚自己要的是什麼。	我很清楚自己要的是什么。	清楚	[[2, 4]]		
減少|减少|jian3 shao3~1	0	這條路上的車比以前減少了。	这条路上的车比以前减少了。	減少	[[9, 11]]		
測試|测试|ce4 shi4~1	0	工程師正在測試新的機器。	工程师正在测试新的机器。	測試	[[5, 7]]	動	动
測試|测试|ce4 shi4~1	1	這次測試的結果很好。	这次测试的结果很好。	測試	[[2, 4]]	名	名
港|港|gang3~1	0	大船慢慢開進港裡。	大船慢慢开进港里。	港	[[6, 7]]		
游|游|you2~1	0	他在河裡游了半個小時。	他在河里游了半个小时。	游	[[4, 5]]		
湖|湖|hu2~1	0	這個湖的水很清，能看見魚。	这个湖的水很清，能看见鱼。	湖	[[2, 3]]		
湯|汤|tang1~1	0	天冷的時候，喝一碗熱湯最好。	天冷的时候，喝一碗热汤最好。	湯	[[10, 11]]		
準|准|zhun3~1	0	這個鐘走得很準。	这个钟走得很准。	準	[[6, 7]]		
準|准|zhun3~3	0	你這樣做，他準生氣。	你这样做，他准生气。	準	[[6, 7]]		
準備|准备|zhun3 bei4~1	0	我們正在準備明天的會議。	我们正在准备明天的会议。	準備	[[4, 6]]	動	动
準備|准备|zhun3 bei4~1	1	這次考試他做了很多準備。	这次考试他做了很多准备。	準備	[[9, 11]]	名	名
準備|准备|zhun3 bei4~2	0	我準備下個月回老家看看。	我准备下个月回老家看看。	準備	[[1, 3]]		
準備|准备|zhun3 bei4~3	0	銀行按規定留下一部分準備。	银行按规定留下一部分准备。	準備	[[10, 12]]		
滅|灭|mie4~1	0	大家一起把火滅了。	大家一起把火灭了。	滅	[[6, 7]]		
滅|灭|mie4~2	0	燈突然滅了，房間裡一片黑。	灯突然灭了，房间里一片黑。	滅	[[3, 4]]		
滅|灭|mie4~3	0	他們用了三年才滅了敵人。	他们用了三年才灭了敌人。	滅	[[7, 8]]		
滿|满|man3~1	0	杯子裡的水快滿了。	杯子里的水快满了。	滿	[[6, 7]]		
滿|满|man3~3	0	他下個月就滿二十歲了。	他下个月就满二十岁了。	滿	[[5, 6]]		
滿|满|man3~4	0	這家店的東西滿好吃的。	这家店的东西满好吃的。	滿	[[6, 7]]		
滿足|满足|man3 zu2~1	0	這些設備可以滿足學生的需要。	这些设备可以满足学生的需要。	滿足	[[6, 8]]		
滿足|满足|man3 zu2~2	0	他對現在的生活很滿足。	他对现在的生活很满足。	滿足	[[8, 10]]		
演|演|yan3~1	0	他在這部電影裡演一個老師。	他在这部电影里演一个老师。	演	[[7, 8]]		
演出|演出|yan3 chu1~1	0	這個樂隊今晚在學校演出。	这个乐队今晚在学校演出。	演出	[[9, 11]]	動	动
演出|演出|yan3 chu1~1	1	這場演出非常成功，觀眾都很喜歡。	这场演出非常成功，观众都很喜欢。	演出	[[2, 4]]	名	名
演員|演员|yan3 yuan2~1	0	這部電影請了很多有名的演員。	这部电影请了很多有名的演员。	演員	[[11, 13]]		
演唱|演唱|yan3 chang4~1	0	她今晚要演唱三首新歌。	她今晚要演唱三首新歌。	演唱	[[4, 6]]	動	动
演唱|演唱|yan3 chang4~1	1	他的演唱十分精彩。	他的演唱十分精彩。	演唱	[[2, 4]]	名	名
演唱會|演唱会|yan3 chang4 hui4~1	0	我買到了他的演唱會門票。	我买到了他的演唱会门票。	演唱會	[[6, 9]]		
演奏|演奏|yan3 zou4~1	0	他用鋼琴演奏了一首曲子。	他用钢琴演奏了一首曲子。	演奏	[[4, 6]]		
漫畫|漫画|man4 hua4~1	0	他每天下課以後都看漫畫。	他每天下课以后都看漫画。	漫畫	[[9, 11]]		
灣|湾|wan1~2	0	他們把小船灣在河邊過夜。	他们把小船湾在河边过夜。	灣	[[5, 6]]		
火|火|huo3~1	0	山上的火燒了一整天才停。	山上的火烧了一整天才停。	火	[[3, 4]]		
火|火|huo3~2	0	這件事讓他心裡的火越來越大。	这件事让他心里的火越来越大。	火	[[8, 9]]		
火|火|huo3~3	0	這部電視劇今年特別火。	这部电视剧今年特别火。	火	[[9, 10]]		
炸彈|炸弹|zha4 dan4~1	0	警方在車站發現了一顆炸彈。	警方在车站发现了一颗炸弹。	炸彈	[[10, 12]]		
為|为|wei2~1	0	大家都選他為班上的代表。	大家都选他为班上的代表。	為	[[5, 6]]		
為|为|wei2~3	0	今天的最高溫度為三十二度。	今天的最高温度为三十二度。	為	[[7, 8]]		
為|为|wei2~6	0	他的音樂為很多人所喜愛。	他的音乐为很多人所喜爱。	為	[[4, 5]]	為…所…	为…所…
為|为|wei4~1	0	她為孩子準備了生日禮物。	她为孩子准备了生日礼物。	為	[[1, 2]]	替人做事	替人做事
為|为|wei4~1	1	我們都為你感到高興。	我们都为你感到高兴。	為	[[3, 4]]	為人高興	为人高兴
為|为|wei4~2	0	為這件事，他好幾天沒睡好。	为这件事，他好几天没睡好。	為	[[0, 1]]	原因	原因
為|为|wei4~2	1	他為考上大學而努力學習。	他为考上大学而努力学习。	為	[[1, 2]]	目的	目的
為了|为了|wei4 le5~1	0	為了孩子，他放棄了那份工作。	为了孩子，他放弃了那份工作。	為了	[[0, 2]]	帶名詞	带名词
為了|为了|wei4 le5~1	1	為了考上大學，他每天讀書到深夜。	为了考上大学，他每天读书到深夜。	為了	[[0, 2]]	帶動詞	带动词
為什麼|为什么|wei4 shen2 me5~1	0	你為什麼不早點告訴我？	你为什么不早点告诉我？	為什麼	[[1, 4]]		
為止|为止|wei2 zhi3~1	0	到目前為止，一切都很順利。	到目前为止，一切都很顺利。	為止	[[3, 5]]	時間點	时间点
為止|为止|wei2 zhi3~1	1	我們等到他回來為止。	我们等到他回来为止。	為止	[[7, 9]]	動作終點	动作终点
為止|为止|wei2 zhi3~1	2	至上個月為止，工程還沒完成。	至上个月为止，工程还没完成。	為止	[[4, 6]]	至…為止	至…为止
無|无|wu2~1	0	他們兩人之間並無矛盾。	他们两人之间并无矛盾。	無	[[7, 8]]		
無法|无法|wu2 fa3~1	0	這件事我實在無法接受。	这件事我实在无法接受。	無法	[[6, 8]]		
無論|无论|wu2 lun4~1	0	無論誰來問，他都不肯說。	无论谁来问，他都不肯说。	無論	[[0, 2]]	疑問詞	疑问词
無論|无论|wu2 lun4~1	1	無論下雨還是出太陽，我們都要走。	无论下雨还是出太阳，我们都要走。	無論	[[0, 2]]	還是句	还是句
然後|然后|ran2 hou4~1	0	我們先吃飯，然後去看電影。	我们先吃饭，然后去看电影。	然後	[[6, 8]]		
然而|然而|ran2 er2~1	0	他很努力，然而結果並不理想。	他很努力，然而结果并不理想。	然而	[[5, 7]]	用在後半句	用在后半句
然而|然而|ran2 er2~1	1	然而，事情並沒有那麼簡單。	然而，事情并没有那么简单。	然而	[[0, 2]]	用在句首	用在句首
照|照|zhao4~1	0	月光照在水面上，十分好看。	月光照在水面上，十分好看。	照	[[2, 3]]		
照|照|zhao4~2	0	我們在門前照了一張相。	我们在门前照了一张相。	照	[[5, 6]]		
照|照|zhao4~3	0	她每天早上都照鏡子。	她每天早上都照镜子。	照	[[6, 7]]		
照|照|zhao4~4	0	請你照我說的去做。	请你照我说的去做。	照	[[2, 3]]	引出標準	引出标准
照|照|zhao4~4	1	照這樣下去，事情會更糟。	照这样下去，事情会更糟。	照	[[0, 1]]	引出方式	引出方式
照片|照片|zhao4 pian4~1	0	牆上掛著一張全家的照片。	墙上挂着一张全家的照片。	照片	[[9, 11]]		
熊|熊|xiong2~1	0	動物園裡的熊很受孩子歡迎。	动物园里的熊很受孩子欢迎。	熊	[[5, 6]]		
熊|熊|xiong2~2	0	他昨天被老闆熊了一頓。	他昨天被老板熊了一顿。	熊	[[6, 7]]		
熊|熊|xiong2~3	0	這點小事都做不好，他也太熊了。	这点小事都做不好，他也太熊了。	熊	[[12, 13]]		
熱|热|re4~1	0	今天太熱了，我不想出門。	今天太热了，我不想出门。	熱	[[3, 4]]		
熱|热|re4~2	0	這菜涼了，我去熱一下。	这菜凉了，我去热一下。	熱	[[7, 8]]		
熱|热|re4~3	0	太陽給地球帶來光和熱。	太阳给地球带来光和热。	熱	[[9, 10]]		
燈|灯|deng1~1	0	天黑了，快把燈打開。	天黑了，快把灯打开。	燈	[[6, 7]]		
燒|烧|shao1~1	0	他把舊信都燒了。	他把旧信都烧了。	燒	[[5, 6]]		
燒|烧|shao1~2	0	水快燒開了，你去關火。	水快烧开了，你去关火。	燒	[[2, 3]]		
燒|烧|shao1~3	0	今天晚上我來燒兩個菜。	今天晚上我来烧两个菜。	燒	[[6, 7]]		
燒|烧|shao1~4	0	孩子昨天燒了一整夜。	孩子昨天烧了一整夜。	燒	[[4, 5]]	動	动
燒|烧|shao1~4	1	他的燒還沒退，別出門。	他的烧还没退，别出门。	燒	[[2, 3]]	名	名
燒|烧|shao1~5	0	他有了點錢就燒得不行了。	他有了点钱就烧得不行了。	燒	[[6, 7]]		
營|营|ying2~2	0	士兵們天黑前回到營裡。	士兵们天黑前回到营里。	營	[[8, 9]]		
營|营|ying2~3	0	上級把他調到另一個營。	上级把他调到另一个营。	營	[[9, 10]]		
爆炸|爆炸|bao4 zha4~1	0	那顆炸彈在山上爆炸了。	那颗炸弹在山上爆炸了。	爆炸	[[7, 9]]	動	动
爆炸|爆炸|bao4 zha4~1	1	工廠的爆炸造成很大損失。	工厂的爆炸造成很大损失。	爆炸	[[3, 5]]	名	名
爆發|爆发|bao4 fa1~1	0	那座火山去年突然爆發了。	那座火山去年突然爆发了。	爆發	[[8, 10]]		
爆發|爆发|bao4 fa1~1	1	兩國之間爆發了一場戰爭。	两国之间爆发了一场战争。	爆發	[[4, 6]]		
爭取|争取|zheng1 qu3~1	0	我們要爭取更多的時間準備。	我们要争取更多的时间准备。	爭取	[[3, 5]]		
父母|父母|fu4 mu3~1	0	這件事我還沒告訴父母。	这件事我还没告诉父母。	父母	[[8, 10]]		
父親|父亲|fu4 qin1~1	0	我父親年輕時在工廠工作。	我父亲年轻时在工厂工作。	父親	[[1, 3]]		
牆|墙|qiang2~1	0	他在牆上掛了一幅畫。	他在墙上挂了一幅画。	牆	[[2, 3]]		
牆|墙|qiang2~2	0	這個論壇去年就被牆了。	这个论坛去年就被墙了。	牆	[[8, 9]]		
片|片|pian4~1	0	這種藥要先切成片再吃。	这种药要先切成片再吃。	片	[[7, 8]]		
片|片|pian4~3	0	他每天早上吃兩片麵包。	他每天早上吃两片面包。	片	[[7, 8]]		
片|片|pian4~4	0	遠處是一片綠色的樹林。	远处是一片绿色的树林。	片	[[4, 5]]		
片|片|pian4~6	0	他用刀把肉片得很薄。	他用刀把肉片得很薄。	片	[[5, 6]]		
版|版|ban3~1	0	這本書已經出到第五版了。	这本书已经出到第五版了。	版	[[9, 10]]		
版|版|ban3~1	1	這部電影有中文版。	这部电影有中文版。	版	[[7, 8]]		
版|版|ban3~2	0	這條新聞登在第三版。	这条新闻登在第三版。	版	[[8, 9]]		
版本|版本|ban3 ben3~1	0	這本書有好幾個不同的版本。	这本书有好几个不同的版本。	版本	[[10, 12]]		
牌|牌|pai2~1	0	他在門上掛了一塊牌。	他在门上挂了一块牌。	牌	[[8, 9]]		
牌|牌|pai2~2	0	我手裡的牌不太好。	我手里的牌不太好。	牌	[[4, 5]]		
牛|牛|niu2~1	0	田裡有幾頭牛在吃草。	田里有几头牛在吃草。	牛	[[5, 6]]		
牛|牛|niu2~2	0	他一個人修好了車，真牛！	他一个人修好了车，真牛！	牛	[[10, 11]]		
牛|牛|niu2~3	0	這個力大約是五十牛。	这个力大约是五十牛。	牛	[[8, 9]]		
牠|它|ta1~1	0	我家的狗很聰明，牠會自己開門。	我家的狗很聪明，它会自己开门。	牠	[[8, 9]]		
物質|物质|wu4 zhi4~1	0	水和空氣都是常見的物質。	水和空气都是常见的物质。	物質	[[9, 11]]		
物質|物质|wu4 zhi4~2	0	他這個人不太看重物質享受。	他这个人不太看重物质享受。	物質	[[8, 10]]		
特|特|te4~2	0	我今天特來向你道謝。	我今天特来向你道谢。	特	[[3, 4]]		
特|特|te4~3	0	這家店的麵特好吃。	这家店的面特好吃。	特	[[5, 6]]		
特|特|te4~4	0	這批線是三十特的。	这批线是三十特的。	特	[[6, 7]]		
特別|特别|te4 bie2~1	0	這個名字很特別，我一聽就記住了。	这个名字很特别，我一听就记住了。	特別	[[5, 7]]		
特別|特别|te4 bie2~2	0	今天的天氣特別熱，大家都不想出門。	今天的天气特别热，大家都不想出门。	特別	[[5, 7]]		
特別|特别|te4 bie2~3	0	他喜歡運動，特別是打球。	他喜欢运动，特别是打球。	特別	[[6, 8]]		
特別|特别|te4 bie2~4	0	我特別為你留了一張票。	我特别为你留了一张票。	特別	[[1, 3]]		
特殊|特殊|te4 shu1~1	0	他的情況很特殊，我們得另外安排。	他的情况很特殊，我们得另外安排。	特殊	[[5, 7]]		
犯|犯|fan4~1	0	他犯了很重的罪，被關了起來。	他犯了很重的罪，被关了起来。	犯	[[1, 2]]		
犯|犯|fan4~2	0	這種錯誤他犯過好幾次。	这种错误他犯过好几次。	犯	[[5, 6]]		
犯罪|犯罪|fan4 zui4~1	0	他因為犯罪被關進了監獄。	他因为犯罪被关进了监狱。	犯罪	[[3, 5]]	動	动
犯罪|犯罪|fan4 zui4~1	1	這個地區的犯罪明顯減少了。	这个地区的犯罪明显减少了。	犯罪	[[5, 7]]	名	名
狀態|状态|zhuang4 tai4~1	0	他今天的精神狀態很好。	他今天的精神状态很好。	狀態	[[6, 8]]		
狀況|状况|zhuang4 kuang4~1	0	老人的身體狀況一直很好。	老人的身体状况一直很好。	狀況	[[5, 7]]		
狗|狗|gou3~1	0	他每天早上帶狗出去走走。	他每天早上带狗出去走走。	狗	[[6, 7]]		
狼|狼|lang2~1	0	山裡的羊被狼咬死了兩隻。	山里的羊被狼咬死了两只。	狼	[[5, 6]]		
獎|奖|jiang3~1	0	他這次比賽得了一個大獎。	他这次比赛得了一个大奖。	獎	[[10, 11]]		
獎|奖|jiang3~3	0	公司獎了他一大筆錢。	公司奖了他一大笔钱。	獎	[[2, 3]]		
獨立|独立|du2 li4~1	0	這個國家獨立以後發展得很快。	这个国家独立以后发展得很快。	獨立	[[4, 6]]	動	动
獨立|独立|du2 li4~1	1	她從小就很獨立。	她从小就很独立。	獨立	[[5, 7]]	形	形
獲|获|huo4~1	0	這部電影獲了三個大獎。	这部电影获了三个大奖。	獲	[[4, 5]]		
獲得|获得|huo4 de2~1	0	他在比賽中獲得第一名。	他在比赛中获得第一名。	獲得	[[5, 7]]		
率|率|shuai4~1	0	他率隊到南方參加比賽。	他率队到南方参加比赛。	率	[[1, 2]]		
王|王|wang2~1	0	這個國家的王已經很老了。	这个国家的王已经很老了。	王	[[5, 6]]		
王|王|wang2~2	0	有人說老虎是森林之王。	有人说老虎是森林之王。	王	[[9, 10]]		
王國|王国|wang2 guo2~1	0	這個王國有六百多年的歷史。	这个王国有六百多年的历史。	王國	[[2, 4]]		
王子|王子|wang2 zi3~1	0	那位王子將來要接父親的位子。	那位王子将来要接父亲的位子。	王子	[[2, 4]]		
玩|玩|wan2~1	0	孩子們在公園裡玩得很開心。	孩子们在公园里玩得很开心。	玩	[[7, 8]]		
玩|玩|wan2~3	0	別拿別人的感情來玩。	别拿别人的感情来玩。	玩	[[8, 9]]		
玩|玩|wan2~4	0	他從大學就開始玩音樂。	他从大学就开始玩音乐。	玩	[[7, 8]]		
玻璃|玻璃|bo1 li5~1	0	這塊玻璃被球打破了。	这块玻璃被球打破了。	玻璃	[[2, 4]]		
班|班|ban1~1	0	我們班有三十多個學生。	我们班有三十多个学生。	班	[[2, 3]]		
班|班|ban1~2	0	我明天的班從早上八點開始。	我明天的班从早上八点开始。	班	[[4, 5]]		
班|班|ban1~3	0	最後一班車已經開走了。	最后一班车已经开走了。	班	[[3, 4]]		
現代|现代|xian4 dai4~1	0	現代醫學已經能治好這種病。	现代医学已经能治好这种病。	現代	[[0, 2]]		
現在|现在|xian4 zai4~1	0	現在天氣越來越冷了。	现在天气越来越冷了。	現在	[[0, 2]]		
現場|现场|xian4 chang3~1	0	記者正在事故現場報道。	记者正在事故现场报道。	現場	[[6, 8]]		
現實|现实|xian4 shi2~1	0	夢想跟現實之間有很大的距離。	梦想跟现实之间有很大的距离。	現實	[[3, 5]]	名	名
現實|现实|xian4 shi2~1	1	現實生活跟電影裡不一樣。	现实生活跟电影里不一样。	現實	[[0, 2]]	形	形
現實|现实|xian4 shi2~2	0	他太現實了，什麼事都先算錢。	他太现实了，什么事都先算钱。	現實	[[2, 4]]		
現象|现象|xian4 xiang4~1	0	這種現象在大城市裡很常見。	这种现象在大城市里很常见。	現象	[[2, 4]]		
球|球|qiu2~1	0	他把球扔給了弟弟。	他把球扔给了弟弟。	球	[[2, 3]]		
球|球|qiu2~2	0	這場球我們贏得很輕鬆。	这场球我们赢得很轻松。	球	[[2, 3]]		
球隊|球队|qiu2 dui4~1	0	他從高中起就是學校球隊的成員。	他从高中起就是学校球队的成员。	球隊	[[9, 11]]		
理|理|li3~1	0	這個理誰都懂，就是做不到。	这个理谁都懂，就是做不到。	理	[[2, 3]]		
理|理|li3~2	0	出門前她把頭髮理好了。	出门前她把头发理好了。	理	[[7, 8]]		
理|理|li3~3	0	我叫了他好幾次，他都不理我。	我叫了他好几次，他都不理我。	理	[[11, 12]]		
理由|理由|li3 you2~1	0	他沒有理由拒絕這個要求。	他没有理由拒绝这个要求。	理由	[[3, 5]]		
理解|理解|li3 jie3~1	0	我完全理解你現在的心情。	我完全理解你现在的心情。	理解	[[3, 5]]		
理論|理论|li3 lun4~1	0	他提出了一個新的理論。	他提出了一个新的理论。	理論	[[8, 10]]		
理論|理论|li3 lun4~2	0	你應該跟他好好理論一下。	你应该跟他好好理论一下。	理論	[[7, 9]]		
環|环|huan2~1	0	門上有一個大鐵環。	门上有一个大铁环。	環	[[7, 8]]		
環|环|huan2~2	0	這是整個計劃中最重要的一環。	这是整个计划中最重要的一环。	環	[[12, 13]]		
環|环|huan2~3	0	這座城市四面環山。	这座城市四面环山。	環	[[6, 7]]		
環|环|huan2~4	0	他最後一槍打了十環。	他最后一枪打了十环。	環	[[8, 9]]		
環境|环境|huan2 jing4~1	0	保護環境要從小事做起。	保护环境要从小事做起。	環境	[[2, 4]]		
環境|环境|huan2 jing4~2	0	換了新環境，他還不太習慣。	换了新环境，他还不太习惯。	環境	[[3, 5]]		
瓦|瓦|wa3~1	0	老房子的屋頂上鋪著一層瓦。	老房子的屋顶上铺着一层瓦。	瓦	[[11, 12]]		
瓦|瓦|wa3~2	0	這臺機器的功率是一千瓦。	这台机器的功率是一千瓦。	瓦	[[10, 11]]		
甚至|甚至|shen4 zhi4~1	0	他會說法語、德語，甚至日語。	他会说法语、德语，甚至日语。	甚至	[[9, 11]]	連	连
甚至|甚至|shen4 zhi4~1	1	他忙得甚至忘了吃飯。	他忙得甚至忘了吃饭。	甚至	[[3, 5]]	副	副
生命|生命|sheng1 ming4~1	0	生命對每個人來說都很寶貴。	生命对每个人来说都很宝贵。	生命	[[0, 2]]		
生命|生命|sheng1 ming4~2	0	他從水裡救出了兩條生命。	他从水里救出了两条生命。	生命	[[9, 11]]		
生活|生活|sheng1 huo2~1	0	他一個人生活在南方的小城。	他一个人生活在南方的小城。	生活	[[4, 6]]	動	动
生活|生活|sheng1 huo2~1	1	這幾年他們的生活好多了。	这几年他们的生活好多了。	生活	[[6, 8]]	名	名
生活|生活|sheng1 huo2~2	0	這點錢很難維持一家人的生活。	这点钱很难维持一家人的生活。	生活	[[11, 13]]		
生物|生物|sheng1 wu4~1	0	海裡生活著許多我們沒見過的生物。	海里生活着许多我们没见过的生物。	生物	[[13, 15]]		
生物|生物|sheng1 wu4~2	0	他這學期的生物考得不錯。	他这学期的生物考得不错。	生物	[[5, 7]]		
生產|生产|sheng1 chan3~1	0	這家工廠主要生產汽車。	这家工厂主要生产汽车。	生產	[[6, 8]]		
生產|生产|sheng1 chan3~2	0	她昨天在醫院順利生產。	她昨天在医院顺利生产。	生產	[[8, 10]]		
產品|产品|chan3 pin3~1	0	這種產品很受年輕人歡迎。	这种产品很受年轻人欢迎。	產品	[[2, 4]]		
產生|产生|chan3 sheng1~1	0	這件事在學生中產生了很大的影響。	这件事在学生中产生了很大的影响。	產生	[[7, 9]]		
產生|产生|chan3 sheng1~1	1	他們之間產生了一些問題。	他们之间产生了一些问题。	產生	[[4, 6]]		
用|用|yong4~1	0	這把刀我用了很多年。	这把刀我用了很多年。	用	[[4, 5]]		
用|用|yong4~2	0	現在很多人用手機付錢。	现在很多人用手机付钱。	用	[[5, 6]]		
用|用|yong4~3	0	你不用擔心，我會處理好。	你不用担心，我会处理好。	用	[[2, 3]]		
用|用|yong4~4	0	學好外語對工作很有用。	学好外语对工作很有用。	用	[[9, 10]]		
用|用|yong4~6	0	菜都好了，請您用一點。	菜都好了，请您用一点。	用	[[7, 8]]		
用來|用来|yong4 lai2~1	0	這把刀是用來切菜的。	这把刀是用来切菜的。	用來	[[4, 6]]		
用於|用于|yong4 yu2~1	0	這筆錢將用於學校的建設。	这笔钱将用于学校的建设。	用於	[[4, 6]]		
田|田|tian2~1	0	他家有幾片田，種的都是菜。	他家有几片田，种的都是菜。	田	[[5, 6]]		
由|由|you2~1	0	由今天起，商店每天九點開門。	由今天起，商店每天九点开门。	由	[[0, 1]]	起點	起点
由|由|you2~1	1	他們由小路走進了村子。	他们由小路走进了村子。	由	[[2, 3]]	經過	经过
由|由|you2~2	0	這件事由他負責處理。	这件事由他负责处理。	由	[[3, 4]]	施事	施事
由|由|you2~2	1	他的病由長期喝酒引起。	他的病由长期喝酒引起。	由	[[3, 4]]	原因	原因
由|由|you2~3	0	要不要參加，完全由你。	要不要参加，完全由你。	由	[[8, 9]]		
由於|由于|you2 yu2~1	0	由於大雨，今天的活動取消了。	由于大雨，今天的活动取消了。	由於	[[0, 2]]	介	介
由於|由于|you2 yu2~1	1	由於他生病了，所以沒能參加考試。	由于他生病了，所以没能参加考试。	由於	[[0, 2]]	連	连
甲|甲|jia3~2	0	他這次考試成績是甲。	他这次考试成绩是甲。	甲	[[8, 9]]		
申請|申请|shen1 qing3~1	0	他向學校申請了獎學金。	他向学校申请了奖学金。	申請	[[4, 6]]	動	动
申請|申请|shen1 qing3~1	1	這份申請下週才會有結果。	这份申请下周才会有结果。	申請	[[2, 4]]	名	名
男人|男人|nan2 ren2~1	0	門口站著一個高大的男人。	门口站着一个高大的男人。	男人	[[9, 11]]		
男子|男子|nan2 zi3~1	0	一名男子在路邊等車。	一名男子在路边等车。	男子	[[2, 4]]		
男性|男性|nan2 xing4~1	0	這家公司的員工大多是男性。	这家公司的员工大多是男性。	男性	[[10, 12]]		
留|留|liu2~1	0	他決定留在這座城市工作。	他决定留在这座城市工作。	留	[[3, 4]]		
留|留|liu2~2	0	他走前留了一張紙條給我。	他走前留了一张纸条给我。	留	[[3, 4]]		
留|留|liu2~3	0	這些老照片她一直留著。	这些老照片她一直留着。	留	[[8, 9]]		
留下|留下|liu2 xia4~1	0	他留下一封信就走了。	他留下一封信就走了。	留下	[[1, 3]]		
留下|留下|liu2 xia4~2	0	大家都回去了，只有他一個人留下。	大家都回去了，只有他一个人留下。	留下	[[13, 15]]		
留下|留下|liu2 xia4~3	0	老師把他留下，多問了幾句。	老师把他留下，多问了几句。	留下	[[4, 6]]		
畢業|毕业|bi4 ye4~1	0	他哥哥去年從大學畢業。	他哥哥去年从大学毕业。	畢業	[[8, 10]]	動	动
畢業|毕业|bi4 ye4~1	1	畢業那天，同學們都哭了。	毕业那天，同学们都哭了。	畢業	[[0, 2]]	名	名
畫|画|hua4~1	0	他在紙上畫了一隻小貓。	他在纸上画了一只小猫。	畫	[[4, 5]]		
畫|画|hua4~2	0	牆上掛著一幅很大的畫。	墙上挂着一幅很大的画。	畫	[[9, 10]]		
當|当|dang1~1	0	他大學畢業後當了老師。	他大学毕业后当了老师。	當	[[6, 7]]		
當|当|dang1~2	0	當我到家的時候，天已經黑了。	当我到家的时候，天已经黑了。	當	[[0, 1]]	當…的時候	当…的时候
當|当|dang4~1	0	我一直把他當朋友。	我一直把他当朋友。	當	[[5, 6]]		
當|当|dang4~4	0	他沒錢了，只好把手錶當了。	他没钱了，只好把手表当了。	當	[[10, 11]]		
當|当|dang4~5	0	這門課太難，他又被當了。	这门课太难，他又被当了。	當	[[9, 10]]		
當中|当中|dang1 zhong1~1	0	在這些人當中，他最年輕。	在这些人当中，他最年轻。	當中	[[4, 6]]		
當中|当中|dang1 zhong1~2	0	那張桌子就放在房間當中。	那张桌子就放在房间当中。	當中	[[9, 11]]		
當地|当地|dang1 di4~1	0	他來這裡工作，認識了不少當地朋友。	他来这里工作，认识了不少当地朋友。	當地	[[12, 14]]		
當時|当时|dang1 shi2~1	0	他當時只有十歲，什麼都不懂。	他当时只有十岁，什么都不懂。	當時	[[1, 3]]		
當時|当时|dang4 shi2~1	0	這種藥吃下去，當時就見效。	这种药吃下去，当时就见效。	當時	[[7, 9]]		
當然|当然|dang1 ran2~1	0	你來我當然歡迎。	你来我当然欢迎。	當然	[[3, 5]]		
當然|当然|dang1 ran2~2	0	照顧父母是做子女當然的責任。	照顾父母是做子女当然的责任。	當然	[[8, 10]]		
疾病|疾病|ji2 bing4~1	0	這種疾病現在已經可以治療。	这种疾病现在已经可以治疗。	疾病	[[2, 4]]		
病|病|bing4~1	0	這種病現在已經可以治好了。	这种病现在已经可以治好了。	病	[[2, 3]]		
病|病|bing4~2	0	他病了一個星期，沒去上課。	他病了一个星期，没去上课。	病	[[1, 2]]		
症狀|症状|zheng4 zhuang4~1	0	醫生問清楚他的症狀才開藥。	医生问清楚他的症状才开药。	症狀	[[7, 9]]		
登|登|deng1~1	0	我們花了三個小時登上山頂。	我们花了三个小时登上山顶。	登	[[8, 9]]		
登|登|deng1~2	0	昨天的報紙登了這條消息。	昨天的报纸登了这条消息。	登	[[5, 6]]		
登|登|deng1~3	0	他一腳登在石頭上，跳了過去。	他一脚登在石头上，跳了过去。	登	[[3, 4]]		
發|发|fa1~1	0	他發了一條消息給我。	他发了一条消息给我。	發	[[1, 2]]		
發|发|fa1~2	0	你別對孩子發脾氣。	你别对孩子发脾气。	發	[[5, 6]]		
發|发|fa1~3	0	王先生做生意發了，買了新房子。	王先生做生意发了，买了新房子。	發	[[6, 7]]		
發|发|fa1~4	0	他一共打了三發子彈。	他一共打了三发子弹。	發	[[6, 7]]		
發出|发出|fa1 chu1~1	0	學校發出了停課通知。	学校发出了停课通知。	發出	[[2, 4]]		
發出|发出|fa1 chu1~2	0	機器發出很大的聲音。	机器发出很大的声音。	發出	[[2, 4]]		
發動|发动|fa1 dong4~1	0	那個國家發動了一場戰爭。	那个国家发动了一场战争。	發動	[[4, 6]]		
發動|发动|fa1 dong4~2	0	天氣太冷，車子發動不了。	天气太冷，车子发动不了。	發動	[[7, 9]]		
發動|发动|fa1 dong4~3	0	村裡發動大家一起修路。	村里发动大家一起修路。	發動	[[2, 4]]		
發射|发射|fa1 she4~1	0	這顆衛星昨天成功發射。	这颗卫星昨天成功发射。	發射	[[8, 10]]	動	动
發射|发射|fa1 she4~1	1	火箭的發射時間已經確定。	火箭的发射时间已经确定。	發射	[[3, 5]]	名	名
發射|发射|fa1 she4~2	0	手機會不斷發射電波。	手机会不断发射电波。	發射	[[5, 7]]		
發布|发布|fa1 bu4~1	0	公司今天發布了新產品的消息。	公司今天发布了新产品的消息。	發布	[[4, 6]]		
發揮|发挥|fa1 hui1~1	0	新的方法發揮了很大的作用。	新的方法发挥了很大的作用。	發揮	[[4, 6]]		
發揮|发挥|fa1 hui1~2	0	老師請他把這個看法發揮一下。	老师请他把这个看法发挥一下。	發揮	[[9, 11]]		
發明|发明|fa1 ming2~1	0	他發明了一種新的機器。	他发明了一种新的机器。	發明	[[1, 3]]	動	动
發明|发明|fa1 ming2~1	1	電話是十九世紀重要的發明。	电话是十九世纪重要的发明。	發明	[[10, 12]]	名	名
發現|发现|fa1 xian4~1	0	回到家我才發現鑰匙忘在辦公室了。	回到家我才发现钥匙忘在办公室了。	發現	[[5, 7]]		
發現|发现|fa1 xian4~2	0	科學家在海底發現了一種新的魚。	科学家在海底发现了一种新的鱼。	發現	[[6, 8]]	動	动
發現|发现|fa1 xian4~2	1	這個發現改變了人們對宇宙的看法。	这个发现改变了人们对宇宙的看法。	發現	[[2, 4]]	名	名
發生|发生|fa1 sheng1~1	0	昨天晚上這裡發生了一次交通事故。	昨天晚上这里发生了一次交通事故。	發生	[[6, 8]]		
發表|发表|fa1 biao3~1	0	大家都可以自由發表意見。	大家都可以自由发表意见。	發表	[[7, 9]]		
發表|发表|fa1 biao3~2	0	她的小說去年在雜誌上發表了。	她的小说去年在杂志上发表了。	發表	[[10, 12]]		
白色|白色|bai2 se4~1	0	她今天穿了一件白色的外套。	她今天穿了一件白色的外套。	白色	[[7, 9]]		
白色|白色|bai2 se4~2	0	那個年代的白色恐怖讓人不敢說話。	那个年代的白色恐怖让人不敢说话。	白色	[[5, 7]]		
百|百|bai3~1	0	這本書一共有三百多頁。	这本书一共有三百多页。	百	[[7, 8]]		
百萬|百万|bai3 wan4~1	0	這座橋一共花了好幾百萬。	这座桥一共花了好几百万。	百萬	[[9, 11]]		
的|的|de5~1	0	我爸爸的車停在外面。	我爸爸的车停在外面。	的	[[3, 4]]	名詞後	名词后
的|的|de5~1	1	他問了一個非常重要的問題。	他问了一个非常重要的问题。	的	[[9, 10]]	形容詞後	形容词后
的|的|de5~1	2	他說的話我都記住了。	他说的话我都记住了。	的	[[2, 3]]	動詞後	动词后
的|的|de5~2	0	這件衣服太舊了，我想買件新的。	这件衣服太旧了，我想买件新的。	的	[[13, 14]]	形容詞後	形容词后
的|的|de5~2	1	街上有很多賣菜的。	街上有很多卖菜的。	的	[[7, 8]]	動詞後	动词后
的|的|de5~2	2	手機壞了，先用媽媽的。	手机坏了，先用妈妈的。	的	[[9, 10]]	名詞後	名词后
的|的|de5~3	0	我們是昨天下午到的。	我们是昨天下午到的。	的	[[8, 9]]	是……的	是……的
的|的|de5~3	1	你放心吧，他一定會來的。	你放心吧，他一定会来的。	的	[[10, 11]]	肯定語氣	肯定语气
的確|的确|di2 que4~1	0	這件事的確不是他做的。	这件事的确不是他做的。	的確	[[3, 5]]		
的話|的话|de5 hua4~1	0	如果明天下雨的話，我們就不去了。	如果明天下雨的话，我们就不去了。	的話	[[6, 8]]	如果…的話	如果…的话
的話|的话|de5 hua4~1	1	你累的話，就先休息一下。	你累的话，就先休息一下。	的話	[[2, 4]]	直接接條件	直接接条件
的話|的话|de5 hua4~1	2	你快去吧，不然的話就晚了。	你快去吧，不然的话就晚了。	的話	[[7, 9]]	不然的話	不然的话
皆|皆|jie1~1	0	所有人皆同意這個決定。	所有人皆同意这个决定。	皆	[[3, 4]]		
皇后|皇后|huang2 hou4~1	0	這位皇后在民間很受歡迎。	这位皇后在民间很受欢迎。	皇后	[[2, 4]]		
皮|皮|pi2~1	0	吃蘋果前要先把皮去掉。	吃苹果前要先把皮去掉。	皮	[[7, 8]]		
皮|皮|pi2~2	0	我買了一雙真皮的鞋。	我买了一双真皮的鞋。	皮	[[6, 7]]		
皮|皮|pi2~3	0	這本書的皮已經破了。	这本书的皮已经破了。	皮	[[4, 5]]		
皮|皮|pi2~4	0	這個孩子太皮了，我管不住他。	这个孩子太皮了，我管不住他。	皮	[[5, 6]]		
皮|皮|pi2~5	0	這些餅乾放皮了，不好吃。	这些饼干放皮了，不好吃。	皮	[[5, 6]]		
盃|杯|bei1~1	0	這座盃是今年比賽的最高榮譽。	这座杯是今年比赛的最高荣誉。	盃	[[2, 3]]		
盃|杯|bei1~2	0	他倒了兩盃茶給客人。	他倒了两杯茶给客人。	盃	[[4, 5]]		
監獄|监狱|jian1 yu4~1	0	他被判刑後送進了監獄。	他被判刑后送进了监狱。	監獄	[[8, 10]]		
盤|盘|pan2~1	0	盤裡還剩下最後兩塊肉。	盘里还剩下最后两块肉。	盤	[[0, 1]]		
盤|盘|pan2~10	0	幾個人合力把石頭盤到一邊。	几个人合力把石头盘到一边。	盤	[[8, 9]]		
盤|盘|pan2~3	0	桌上擺著兩盤剛做好的菜。	桌上摆着两盘刚做好的菜。	盤	[[5, 6]]		
盤|盘|pan2~4	0	我們下了三盤棋才回家。	我们下了三盘棋才回家。	盤	[[5, 6]]		
盤|盘|pan2~5	0	他在店裡買了三盤蚊香。	他在店里买了三盘蚊香。	盤	[[7, 8]]		
盤|盘|pan2~6	0	繩子要盤好才不會亂。	绳子要盘好才不会乱。	盤	[[3, 4]]		
盤|盘|pan2~9	0	那家小店已經盤給別人了。	那家小店已经盘给别人了。	盤	[[6, 7]]		
目前|目前|mu4 qian2~1	0	目前公司還沒有決定。	目前公司还没有决定。	目前	[[0, 2]]		
目標|目标|mu4 biao1~1	0	今年的工作目標已經定下來了。	今年的工作目标已经定下来了。	目標	[[5, 7]]		
目標|目标|mu4 biao1~2	0	那座大樓成了攻擊的目標。	那座大楼成了攻击的目标。	目標	[[9, 11]]		
目的|目的|mu4 di4~1	0	他這次來的目的是找工作。	他这次来的目的是找工作。	目的	[[5, 7]]		
直|直|zhi2~1	0	前面這條路又長又直，很好走。	前面这条路又长又直，很好走。	直	[[8, 9]]	形	形
直|直|zhi2~1	1	他直起身子，向遠處看去。	他直起身子，向远处看去。	直	[[1, 2]]	動	动
直|直|zhi2~2	0	他說話很直，有時候會得罪人。	他说话很直，有时候会得罪人。	直	[[4, 5]]		
直|直|zhi2~3	0	聽到這個消息，他氣得直發抖。	听到这个消息，他气得直发抖。	直	[[10, 11]]		
直|直|zhi2~5	0	這幾個字要直著寫，不要橫著寫。	这几个字要直着写，不要横着写。	直	[[5, 6]]		
直|直|zhi2~6	0	橫和直是漢字最基本的兩種筆畫。	横和直是汉字最基本的两种笔画。	直	[[2, 3]]		
直到|直到|zhi2 dao4~1	0	直到今天，我才知道這件事。	直到今天，我才知道这件事。	直到	[[0, 2]]		
直接|直接|zhi2 jie1~1	0	這是造成事故的直接原因。	这是造成事故的直接原因。	直接	[[7, 9]]	形	形
直接|直接|zhi2 jie1~1	1	你可以直接跟他聯繫。	你可以直接跟他联系。	直接	[[3, 5]]	副	副
相|相|xiang1~2	0	這把琵琶的相已經鬆了。	这把琵琶的相已经松了。	相	[[5, 6]]		
相|相|xiang4~5	0	水在不同條件下有不同的相。	水在不同条件下有不同的相。	相	[[11, 12]]		
相互|相互|xiang1 hu4~1	0	同學之間應該相互幫助。	同学之间应该相互帮助。	相互	[[6, 8]]		
相似|相似|xiang1 si4~1	0	他們兄弟兩人長得很相似。	他们兄弟两人长得很相似。	相似	[[9, 11]]		
相信|相信|xiang1 xin4~1	0	大家都相信他能完成這件事。	大家都相信他能完成这件事。	相信	[[3, 5]]		
相同|相同|xiang1 tong2~1	0	這兩本書的內容大部分相同。	这两本书的内容大部分相同。	相同	[[10, 12]]		
相當|相当|xiang1 dang1~1	0	這件事處理起來相當麻煩。	这件事处理起来相当麻烦。	相當	[[7, 9]]		
相當|相当|xiang1 dang1~2	0	這兩個人的能力相當。	这两个人的能力相当。	相當	[[7, 9]]		
相當|相当|xiang1 dang1~3	0	他一直沒找到相當的工作。	他一直没找到相当的工作。	相當	[[6, 8]]		
相關|相关|xiang1 guan1~1	0	請大家先看看相關的規定。	请大家先看看相关的规定。	相關	[[6, 8]]		
相關|相关|xiang1 guan1~2	0	研究發現這兩者之間有明顯的相關。	研究发现这两者之间有明显的相关。	相關	[[13, 15]]		
省|省|sheng3~1	0	他很會省錢，每個月都能存下一些。	他很会省钱，每个月都能存下一些。	省	[[3, 4]]		
省|省|sheng3~2	0	我們省今年的雨水特別多。	我们省今年的雨水特别多。	省	[[2, 3]]		
省|省|sheng3~3	0	這幾個字可以省掉不寫。	这几个字可以省掉不写。	省	[[6, 7]]		
看|看|kan1~1	0	媽媽出門了，讓我看著弟弟。	妈妈出门了，让我看着弟弟。	看	[[8, 9]]		
看|看|kan1~2	0	行李你先看一下，我去買票。	行李你先看一下，我去买票。	看	[[4, 5]]		
看|看|kan4~1	0	他每天晚上都看電視新聞。	他每天晚上都看电视新闻。	看	[[6, 7]]		
看|看|kan4~2	0	我明天想去看一位老朋友。	我明天想去看一位老朋友。	看	[[5, 6]]		
看|看|kan4~3	0	這位醫生一天要看幾十個病人。	这位医生一天要看几十个病人。	看	[[7, 8]]		
看|看|kan4~4	0	我看這件事沒那麼簡單。	我看这件事没那么简单。	看	[[1, 2]]		
看|看|kan4~5	0	明天去不去，要看天氣。	明天去不去，要看天气。	看	[[7, 8]]		
看|看|kan4~6	0	你看著點孩子，別讓他跑遠。	你看着点孩子，别让他跑远。	看	[[1, 2]]		
看|看|kan4~7	0	這道菜是我做的，你嘗嘗看。	这道菜是我做的，你尝尝看。	看	[[11, 12]]		
看到|看到|kan4 dao4~1	0	我剛才在門口看到你的朋友。	我刚才在门口看到你的朋友。	看到	[[6, 8]]		
看法|看法|kan4 fa3~1	0	大家對這件事的看法很不同。	大家对这件事的看法很不同。	看法	[[7, 9]]		
看見|看见|kan4 jian4~1	0	我剛才在門口看見他了。	我刚才在门口看见他了。	看見	[[6, 8]]		
真|真|zhen1~1	0	這件衣服真好看，你在哪裡買的？	这件衣服真好看，你在哪里买的？	真	[[4, 5]]		
真|真|zhen1~2	0	這張畫是真的，不是假的。	这张画是真的，不是假的。	真	[[4, 5]]		
真實|真实|zhen1 shi2~1	0	這部電影根據真實的故事拍攝。	这部电影根据真实的故事拍摄。	真實	[[6, 8]]		
真正|真正|zhen1 zheng4~1	0	只有他知道真正的原因。	只有他知道真正的原因。	真正	[[5, 7]]	形	形
真正|真正|zhen1 zheng4~1	1	這件事我到現在才真正明白。	这件事我到现在才真正明白。	真正	[[8, 10]]	副	副
真的|真的|zhen1 de5~1	0	我真的不知道這件事。	我真的不知道这件事。	真的	[[1, 3]]		
真的|真的|zhen1 de5~2	0	這個消息是真的嗎？	这个消息是真的吗？	真的	[[5, 7]]		
眼|眼|yan3~1	0	他閉上眼，很快就睡著了。	他闭上眼，很快就睡着了。	眼	[[3, 4]]		
眼|眼|yan3~2	0	他回頭看了我一眼。	他回头看了我一眼。	眼	[[7, 8]]		
眼|眼|yan3~5	0	他們在村子裡打了兩眼井。	他们在村子里打了两眼井。	眼	[[9, 10]]		
眼睛|眼睛|yan3 jing5~1	0	她的眼睛又大又亮。	她的眼睛又大又亮。	眼睛	[[2, 4]]		
瞭解|了解|liao3 jie3~1	0	他對這個地方非常瞭解。	他对这个地方非常了解。	瞭解	[[8, 10]]		
瞭解|了解|liao3 jie3~2	0	記者到現場瞭解了事情的經過。	记者到现场了解了事情的经过。	瞭解	[[5, 7]]		
知識|知识|zhi1 shi5~1	0	多讀書可以增加知識。	多读书可以增加知识。	知識	[[7, 9]]		
知道|知道|zhi1 dao4~1	0	我不知道他今天為什麼沒來。	我不知道他今天为什么没来。	知道	[[2, 4]]		
短|短|duan3~1	0	他今天把頭髮剪短了。	他今天把头发剪短了。	短	[[7, 8]]		
短|短|duan3~2	0	他發現錢短了三百塊。	他发现钱短了三百块。	短	[[4, 5]]		
短|短|duan3~3	0	你別老揭別人的短。	你别老揭别人的短。	短	[[7, 8]]		
石|石|dan4~1	0	那一年他家收了三十石糧食。	那一年他家收了三十石粮食。	石	[[9, 10]]		
石油|石油|shi2 you2~1	0	這個國家出口大量石油。	这个国家出口大量石油。	石油	[[8, 10]]		
研究|研究|yan2 jiu1~1	0	他多年來一直研究古代歷史。	他多年来一直研究古代历史。	研究	[[6, 8]]	動	动
研究|研究|yan2 jiu1~1	1	這項研究得到了很多人的關注。	这项研究得到了很多人的关注。	研究	[[2, 4]]	名	名
研究|研究|yan2 jiu1~2	0	你的建議我們會認真研究。	你的建议我们会认真研究。	研究	[[9, 11]]		
破|破|po4~1	0	我的鞋子破了一個洞。	我的鞋子破了一个洞。	破	[[4, 5]]		
破|破|po4~2	0	這破地方連水都沒有。	这破地方连水都没有。	破	[[1, 2]]		
破|破|po4~3	0	他把竹子破成了兩半。	他把竹子破成了两半。	破	[[4, 5]]		
破|破|po4~5	0	警察很快破了這個案子。	警察很快破了这个案子。	破	[[4, 5]]		
破壞|破坏|po4 huai4~1	0	大水破壞了村子裡的橋。	大水破坏了村子里的桥。	破壞	[[2, 4]]	動	动
破壞|破坏|po4 huai4~1	1	這次戰爭造成的破壞很嚴重。	这次战争造成的破坏很严重。	破壞	[[7, 9]]	名	名
確保|确保|que4 bao3~1	0	我們要確保每個人都安全。	我们要确保每个人都安全。	確保	[[3, 5]]		
確定|确定|que4 ding4~1	0	我不太確定他明天會不會來。	我不太确定他明天会不会来。	確定	[[3, 5]]		
確定|确定|que4 ding4~2	0	請給我一個確定的時間。	请给我一个确定的时间。	確定	[[5, 7]]		
確實|确实|que4 shi2~1	0	他確實來過這裡。	他确实来过这里。	確實	[[1, 3]]		
確實|确实|que4 shi2~2	0	我們需要更確實的證據。	我们需要更确实的证据。	確實	[[5, 7]]		
確認|确认|que4 ren4~1	0	請你確認一下地址是否正確。	请你确认一下地址是否正确。	確認	[[2, 4]]	動	动
確認|确认|que4 ren4~1	1	這件事還要等公司的確認。	这件事还要等公司的确认。	確認	[[9, 11]]	名	名
碼|码|ma3~3	0	他穿四十二碼的鞋。	他穿四十二码的鞋。	碼	[[5, 6]]		
碼|码|ma3~4	0	這塊布大約有五碼長。	这块布大约有五码长。	碼	[[7, 8]]		
碼|码|ma3~5	0	他開車開到一百多碼。	他开车开到一百多码。	碼	[[8, 9]]		
碼|码|ma3~6	0	這跟那件事根本是兩碼事。	这跟那件事根本是两码事。	碼	[[9, 10]]		
碼|码|ma3~7	0	工人把箱子一層層碼在牆邊。	工人把箱子一层层码在墙边。	碼	[[8, 9]]		
碼|码|ma3~8	0	銀行今天宣布升息一碼。	银行今天宣布升息一码。	碼	[[9, 10]]		
社區|社区|she4 qu1~1	0	我們社區有一個小公園。	我们社区有一个小公园。	社區	[[2, 4]]		
社會|社会|she4 hui4~1	0	這個問題需要整個社會一起想辦法。	这个问题需要整个社会一起想办法。	社會	[[8, 10]]		
神|神|shen2~1	0	傳說中，這座山上住著一位神。	传说中，这座山上住着一位神。	神	[[12, 13]]		
神|神|shen2~5	0	你這個辦法真神，一下就成了。	你这个办法真神，一下就成了。	神	[[6, 7]]		
票|票|piao4~1	0	上車以前記得先買票。	上车以前记得先买票。	票	[[8, 9]]		
票|票|piao4~2	0	他把票投給了那個年輕人。	他把票投给了那个年轻人。	票	[[2, 3]]		
票|票|piao4~6	0	他帶了一票人來幫忙。	他带了一票人来帮忙。	票	[[4, 5]]		
禁止|禁止|jin4 zhi3~1	0	圖書館裡禁止大聲說話。	图书馆里禁止大声说话。	禁止	[[4, 6]]		
福|福|fu2~1	0	大家都說這孩子有福。	大家都说这孩子有福。	福	[[8, 9]]		
禮|礼|li3~1	0	過年時他給長輩送了一份禮。	过年时他给长辈送了一份礼。	禮	[[11, 12]]		
秀|秀|xiu4~3	0	這場秀吸引了很多年輕人。	这场秀吸引了很多年轻人。	秀	[[2, 3]]		
秀|秀|xiu4~4	0	他很喜歡在客人面前秀廚藝。	他很喜欢在客人面前秀厨艺。	秀	[[9, 10]]		
私人|私人|si1 ren2~1	0	他從不談自己的私人生活。	他从不谈自己的私人生活。	私人	[[7, 9]]		
私人|私人|si1 ren2~2	0	老闆任用私人，公司很快就亂了。	老板任用私人，公司很快就乱了。	私人	[[4, 6]]		
科|科|ke1~1	0	數學是我最喜歡的一科。	数学是我最喜欢的一科。	科	[[9, 10]]		
科|科|ke1~2	0	他上個月調到別的科去了。	他上个月调到别的科去了。	科	[[8, 9]]		
科|科|ke1~3	0	貓和老虎在分類上屬於同一科。	猫和老虎在分类上属于同一科。	科	[[12, 13]]		
科學|科学|ke1 xue2~1	0	他從小就對科學很有興趣。	他从小就对科学很有兴趣。	科學	[[5, 7]]		
科學|科学|ke1 xue2~2	0	這種管理方式很科學。	这种管理方式很科学。	科學	[[7, 9]]		
科學家|科学家|ke1 xue2 jia1~1	0	這位科學家發現了一種新的病毒。	这位科学家发现了一种新的病毒。	科學家	[[2, 5]]		
科技|科技|ke1 ji4~1	0	現代科技改變了人們的生活。	现代科技改变了人们的生活。	科技	[[2, 4]]		
秒|秒|miao3~1	0	請等我三十秒，馬上就好。	请等我三十秒，马上就好。	秒	[[5, 6]]		
秒|秒|miao3~2	0	我剛發信息，他就秒回了。	我刚发信息，他就秒回了。	秒	[[8, 9]]		
秒|秒|miao3~3	0	地圖上的位置常用度、分、秒表示。	地图上的位置常用度、分、秒表示。	秒	[[12, 13]]		
秘密|秘密|mi4 mi4~1	0	這件事是我們兩個人的秘密。	这件事是我们两个人的秘密。	秘密	[[10, 12]]	名	名
秘密|秘密|mi4 mi4~1	1	公司開了一次秘密會議。	公司开了一次秘密会议。	秘密	[[6, 8]]	形	形
移|移|yi2~1	0	他把桌上的書移到一邊。	他把桌上的书移到一边。	移	[[6, 7]]		
移動|移动|yi2 dong4~1	0	請幫我把桌子往左移動一點。	请帮我把桌子往左移动一点。	移動	[[8, 10]]		
移民|移民|yi2 min2~1	0	他年輕時就移民到國外了。	他年轻时就移民到国外了。	移民	[[5, 7]]		
移民|移民|yi2 min2~2	0	這座城市有很多來自各國的移民。	这座城市有很多来自各国的移民。	移民	[[12, 14]]		
程序|程序|cheng2 xu4~1	0	這件事要走完全部的法律程序。	这件事要走完全部的法律程序。	程序	[[11, 13]]		
程序|程序|cheng2 xu4~2	0	他寫了一個小程序來計算成績。	他写了一个小程序来计算成绩。	程序	[[6, 8]]		
程度|程度|cheng2 du4~1	0	他的技術程度很高。	他的技术程度很高。	程度	[[4, 6]]		
程度|程度|cheng2 du4~1	1	她喜歡音樂，已經到了瘋狂的程度。	她喜欢音乐，已经到了疯狂的程度。	程度	[[13, 15]]		
稍|稍|shao1~1	0	請稍等一下，我馬上就來。	请稍等一下，我马上就来。	稍	[[1, 2]]		
種|种|zhong3~3	0	我妹妹會說三種語言。	我妹妹会说三种语言。	種	[[6, 7]]		
種|种|zhong4~1	0	我們在院子裡種了一些花。	我们在院子里种了一些花。	種	[[6, 7]]		
種|种|zhong4~1	1	這座山上種了很多樹。	这座山上种了很多树。	種	[[4, 5]]		
稱|称|chen4~2	0	他家這幾年越來越稱錢了。	他家这几年越来越称钱了。	稱	[[8, 9]]		
稱|称|cheng1~1	0	學生們都稱他為老師。	学生们都称他为老师。	稱	[[4, 5]]		
稱|称|cheng1~2	0	請幫我稱一下這些水果。	请帮我称一下这些水果。	稱	[[3, 4]]		
稱|称|cheng1~5	0	他稱自己當時並不在場。	他称自己当时并不在场。	稱	[[1, 2]]		
稱呼|称呼|cheng1 hu5~1	0	大家都稱呼他老張。	大家都称呼他老张。	稱呼	[[3, 5]]	動	动
稱呼|称呼|cheng1 hu5~1	1	這個稱呼聽起來很親切。	这个称呼听起来很亲切。	稱呼	[[2, 4]]	名	名
稱為|称为|cheng1 wei2~1	0	這條路被當地人稱為老街。	这条路被当地人称为老街。	稱為	[[7, 9]]		
穀|谷|gu3~1	0	今年的穀收得比去年多。	今年的谷收得比去年多。	穀	[[3, 4]]		
積極|积极|ji1 ji2~1	0	大家都積極參加這次活動。	大家都积极参加这次活动。	積極	[[3, 5]]		
積極|积极|ji1 ji2~2	0	這項政策起了積極的作用。	这项政策起了积极的作用。	積極	[[6, 8]]		
穩定|稳定|wen3 ding4~1	0	他找到了一份穩定的工作。	他找到了一份稳定的工作。	穩定	[[6, 8]]	形	形
穩定|稳定|wen3 ding4~1	1	政府正在努力穩定經濟。	政府正在努力稳定经济。	穩定	[[6, 8]]	動	动
空|空|kong1~1	0	他的口袋是空的，一塊錢也沒有。	他的口袋是空的，一块钱也没有。	空	[[5, 6]]		
空|空|kong1~3	0	我空等了兩個小時。	我空等了两个小时。	空	[[1, 2]]		
空|空|kong4~1	0	車上還有幾個空位子。	车上还有几个空位子。	空	[[6, 7]]		
空|空|kong4~2	0	你今天下午有空嗎？	你今天下午有空吗？	空	[[6, 7]]		
空|空|kong4~3	0	兩張桌子中間留了一點空。	两张桌子中间留了一点空。	空	[[10, 11]]		
空|空|kong4~4	0	我們把房間空出來給客人住。	我们把房间空出来给客人住。	空	[[5, 6]]		
空氣|空气|kong1 qi4~1	0	山上的空氣特別新鮮。	山上的空气特别新鲜。	空氣	[[3, 5]]		
空間|空间|kong1 jian1~1	0	新買的桌子太大，房間裡沒有空間了。	新买的桌子太大，房间里没有空间了。	空間	[[13, 15]]		
空間|空间|kong1 jian1~2	0	這份工作的發展空間很大。	这份工作的发展空间很大。	空間	[[7, 9]]		
穿|穿|chuan1~1	0	天氣冷了，你多穿一件衣服。	天气冷了，你多穿一件衣服。	穿	[[7, 8]]		
穿|穿|chuan1~2	0	這條公路穿過一座大山。	这条公路穿过一座大山。	穿	[[4, 5]]		
穿|穿|chuan1~3	0	他在紙上穿了一個小洞。	他在纸上穿了一个小洞。	穿	[[4, 5]]		
穿|穿|chuan1~4	0	她把珠子一顆顆穿起來。	她把珠子一颗颗穿起来。	穿	[[7, 8]]		
突然|突然|tu1 ran2~1	0	他突然站起來走出了房間。	他突然站起来走出了房间。	突然	[[1, 3]]	副	副
突然|突然|tu1 ran2~1	1	這個決定來得太突然了。	这个决定来得太突然了。	突然	[[7, 9]]	形	形
立|立|li4~1	0	他立在門口，一句話也不說。	他立在门口，一句话也不说。	立	[[1, 2]]		
立|立|li4~2	0	這條規則是去年立的。	这条规则是去年立的。	立	[[7, 8]]		
立即|立即|li4 ji2~1	0	收到消息以後，他立即出發了。	收到消息以后，他立即出发了。	立即	[[8, 10]]		
站|站|zhan4~1	0	他在門口站了很久。	他在门口站了很久。	站	[[4, 5]]		
站|站|zhan4~2	0	下一站我們就要下車了。	下一站我们就要下车了。	站	[[2, 3]]		
章|章|zhang1~1	0	我昨天晚上讀完了第三章。	我昨天晚上读完了第三章。	章	[[10, 11]]		
章|章|zhang1~2	0	請你在這裡蓋個章。	请你在这里盖个章。	章	[[7, 8]]		
端|端|duan1~1	0	他端了一碗湯給客人。	他端了一碗汤给客人。	端	[[1, 2]]		
端|端|duan1~5	0	警方把那個賭場端了。	警方把那个赌场端了。	端	[[7, 8]]		
競爭|竞争|jing4 zheng1~1	0	這兩家公司在市場上競爭得很激烈。	这两家公司在市场上竞争得很激烈。	競爭	[[9, 11]]	動	动
競爭|竞争|jing4 zheng1~1	1	同學之間的競爭讓他更加努力。	同学之间的竞争让他更加努力。	競爭	[[5, 7]]	名	名
笑|笑|xiao4~1	0	他聽完就笑了起來。	他听完就笑了起来。	笑	[[4, 5]]		
笑|笑|xiao4~2	0	大家都笑他不會游泳。	大家都笑他不会游泳。	笑	[[3, 4]]		
符合|符合|fu2 he2~1	0	他的條件完全符合公司的要求。	他的条件完全符合公司的要求。	符合	[[6, 8]]		
符合|符合|fu2 he2~2	0	這種計數方式在物理上叫做符合。	这种计数方式在物理上叫做符合。	符合	[[12, 14]]		
第|第|di4~1	0	這是我看的第三本書。	这是我看的第三本书。	第	[[5, 6]]	修飾名詞	修饰名词
第|第|di4~1	1	他在班上考了第一。	他在班上考了第一。	第	[[6, 7]]	不接名詞	不接名词
第一|第一|di4 yi1~1	0	她第一個到了學校。	她第一个到了学校。	第一	[[1, 3]]		
第一|第一|di4 yi1~2	0	做事要小心，安全第一。	做事要小心，安全第一。	第一	[[8, 10]]		
第二|第二|di4 er4~1	0	他在比賽中得了第二名。	他在比赛中得了第二名。	第二	[[7, 9]]		
第五|第五|di4 wu3~1	0	他在比賽中得了第五名。	他在比赛中得了第五名。	第五	[[7, 9]]		
筆|笔|bi3~1	0	我從書包裡拿出一支筆。	我从书包里拿出一支笔。	筆	[[9, 10]]		
筆|笔|bi3~2	0	「馬」這個字一共有十筆。	「马」这个字一共有十笔。	筆	[[10, 11]]		
筆|笔|bi3~3	0	他每月寄給家裡一筆錢。	他每月寄给家里一笔钱。	筆	[[8, 9]]		
等|等|deng3~1	0	我在門口等了半個小時。	我在门口等了半个小时。	等	[[4, 5]]		
等|等|deng3~2	0	等他回來，我們再出發。	等他回来，我们再出发。	等	[[0, 1]]	等…再…	等…再…
等|等|deng3~2	1	這件事等開完會就決定。	这件事等开完会就决定。	等	[[3, 4]]	等…就…	等…就…
等|等|deng3~3	0	房間裡放著書、筆等很多東西。	房间里放着书、笔等很多东西。	等	[[8, 9]]	列舉未盡	列举未尽
等|等|deng3~3	1	他會說漢語、英語等兩種語言。	他会说汉语、英语等两种语言。	等	[[8, 9]]	列舉總括	列举总括
等等|等等|deng3 deng3~1	0	他喜歡看小說、電影等等。	他喜欢看小说、电影等等。	等等	[[9, 11]]	列舉結尾	列举结尾
等等|等等|deng3 deng3~1	1	交通、住房等等問題都要處理。	交通、住房等等问题都要处理。	等等	[[5, 7]]	後接名詞	后接名词
等等|等等|deng3 deng3~2	0	等等，你的東西掉在地上了。	等等，你的东西掉在地上了。	等等	[[0, 2]]		
算|算|suan4~1	0	我算了一下，一共要三百塊。	我算了一下，一共要三百块。	算	[[1, 2]]		
算|算|suan4~2	0	今天的天氣算不錯了。	今天的天气算不错了。	算	[[5, 6]]		
算|算|suan4~3	0	出去玩的時候也算我一個。	出去玩的时候也算我一个。	算	[[7, 8]]		
算|算|suan4~4	0	這次比賽的結果不算。	这次比赛的结果不算。	算	[[8, 9]]		
管|管|guan3~1	0	家裡的錢都由媽媽管。	家里的钱都由妈妈管。	管	[[8, 9]]		
管|管|guan3~2	0	這是我自己的事，不用你管。	这是我自己的事，不用你管。	管	[[11, 12]]		
管|管|guan3~4	0	我在店裡買了一管牙膏。	我在店里买了一管牙膏。	管	[[7, 8]]		
管|管|guan3~5	0	我們都管他叫老李。	我们都管他叫老李。	管	[[3, 4]]	稱呼	称呼
管|管|guan3~6	0	他管我借了兩百塊錢。	他管我借了两百块钱。	管	[[1, 2]]	向人借東西	向人借东西
管理|管理|guan3 li3~1	0	他管理著一家小工廠。	他管理着一家小工厂。	管理	[[1, 3]]	動	动
管理|管理|guan3 li3~1	1	公司的管理出了問題。	公司的管理出了问题。	管理	[[3, 5]]	名	名
節|节|jie2~3	0	我們一星期上五節數學課。	我们一星期上五节数学课。	節	[[7, 8]]		
節|节|jie2~5	0	竹子上的節看得很清楚。	竹子上的节看得很清楚。	節	[[4, 5]]		
節|节|jie2~7	0	船以十五節的速度前進。	船以十五节的速度前进。	節	[[4, 5]]		
節目|节目|jie2 mu4~1	0	這個電視節目很受年輕人歡迎。	这个电视节目很受年轻人欢迎。	節目	[[4, 6]]		
節目|节目|jie2 mu4~2	0	今天晚上有什麼節目嗎？	今天晚上有什么节目吗？	節目	[[7, 9]]		
範圍|范围|fan4 wei2~1	0	這次考試的範圍包括前面三課。	这次考试的范围包括前面三课。	範圍	[[5, 7]]		
篇|篇|pian1~1	0	他這個月發表了三篇文章。	他这个月发表了三篇文章。	篇	[[8, 9]]		
簡單|简单|jian3 dan1~1	0	這個問題很簡單，孩子也能明白。	这个问题很简单，孩子也能明白。	簡單	[[5, 7]]		
簡單|简单|jian3 dan1~2	0	他一個人完成了這件事，真不簡單。	他一个人完成了这件事，真不简单。	簡單	[[13, 15]]		
簽署|签署|qian1 shu3~1	0	兩國領袖簽署了合作協議。	两国领袖签署了合作协议。	簽署	[[4, 6]]		
米|米|mi3~1	0	家裡的米不多了，要去買。	家里的米不多了，要去买。	米	[[3, 4]]		
米|米|mi3~2	0	這條路只有三百米長。	这条路只有三百米长。	米	[[7, 8]]		
米|米|mi3~3	0	這個月的米都花完了。	这个月的米都花完了。	米	[[4, 5]]		
糖|糖|tang2~1	0	咖啡裡別放太多糖。	咖啡里别放太多糖。	糖	[[7, 8]]		
糖|糖|tang2~2	0	他給了我一顆糖。	他给了我一颗糖。	糖	[[6, 7]]		
系|系|xi4~1	0	我們系今年有一百多個新學生。	我们系今年有一百多个新学生。	系	[[2, 3]]		
系列|系列|xi4 lie4~1	0	這個系列的書一共有十本。	这个系列的书一共有十本。	系列	[[2, 4]]		
紀念|纪念|ji4 nian4~1	0	人們每年都在這一天紀念他。	人们每年都在这一天纪念他。	紀念	[[9, 11]]		
紀念|纪念|ji4 nian4~2	0	這本書是朋友送我的紀念。	这本书是朋友送我的纪念。	紀念	[[9, 11]]		
約|约|yao1~1	0	你幫我約一下這塊肉。	你帮我约一下这块肉。	約	[[3, 4]]		
約|约|yue1~1	0	我約了朋友明天一起吃飯。	我约了朋友明天一起吃饭。	約	[[1, 2]]		
約|约|yue1~2	0	這條路約三公里長。	这条路约三公里长。	約	[[3, 4]]		
紅|红|hong2~1	0	她今天穿了一件紅衣服。	她今天穿了一件红衣服。	紅	[[7, 8]]		
紅|红|hong2~2	0	這個歌手最近很紅。	这个歌手最近很红。	紅	[[7, 8]]		
紅色|红色|hong2 se4~1	0	她穿了一件紅色的衣服。	她穿了一件红色的衣服。	紅色	[[5, 7]]		
紅色|红色|hong2 se4~2	0	他很喜歡唱那些紅色歌曲。	他很喜欢唱那些红色歌曲。	紅色	[[7, 9]]		
納|纳|na4~4	0	母親坐在門口納鞋底。	母亲坐在门口纳鞋底。	納	[[6, 7]]		
紙|纸|zhi3~1	0	桌上放著幾張白紙。	桌上放着几张白纸。	紙	[[7, 8]]		
紙|纸|zhi3~2	0	公司給他發了一紙通知。	公司给他发了一纸通知。	紙	[[7, 8]]		
級|级|ji2~2	0	大門前面有三級臺階。	大门前面有三级台阶。	級	[[6, 7]]		
素|素|su4~1	0	這件衣服的樣子太素了。	这件衣服的样子太素了。	素	[[8, 9]]		
素|素|su4~2	0	他從去年開始吃素了。	他从去年开始吃素了。	素	[[7, 8]]		
終於|终于|zhong1 yu2~1	0	等了三個小時，車終於來了。	等了三个小时，车终于来了。	終於	[[8, 10]]		
組|组|zu3~1	0	我們組今天下午開會。	我们组今天下午开会。	組	[[2, 3]]		
組|组|zu3~2	0	他們組了一支新的球隊。	他们组了一支新的球队。	組	[[2, 3]]		
組|组|zu3~3	0	老師發給每人一組卡片。	老师发给每人一组卡片。	組	[[7, 8]]		
組合|组合|zu3 he2~1	0	這些家具可以自由組合。	这些家具可以自由组合。	組合	[[8, 10]]	動	动
組合|组合|zu3 he2~1	1	他們兩個人是很好的組合。	他们两个人是很好的组合。	組合	[[9, 11]]	名	名
組合|组合|zu3 he2~2	0	老師今天講了排列和組合。	老师今天讲了排列和组合。	組合	[[9, 11]]		
組成|组成|zu3 cheng2~1	0	這個小組由五個學生組成。	这个小组由五个学生组成。	組成	[[9, 11]]		
結|结|jie1~1	0	院子裡的樹今年結了很多果子。	院子里的树今年结了很多果子。	結	[[7, 8]]		
結|结|jie2~1	0	這個結太緊，我解不開。	这个结太紧，我解不开。	結	[[2, 3]]		
結|结|jie2~2	0	他把兩根繩子結在一起。	他把两根绳子结在一起。	結	[[6, 7]]		
結合|结合|jie2 he2~1	0	學習外語要結合自己的興趣。	学习外语要结合自己的兴趣。	結合	[[5, 7]]	動	动
結合|结合|jie2 he2~1	1	這部作品是文字和音樂的結合。	这部作品是文字和音乐的结合。	結合	[[11, 13]]	名	名
結婚|结婚|jie2 hun1~1	0	他們下個月就要結婚了。	他们下个月就要结婚了。	結婚	[[7, 9]]		
結束|结束|jie2 shu4~1	0	會議在下午五點結束。	会议在下午五点结束。	結束	[[7, 9]]		
結果|结果|jie1 guo3~1	0	這些樹種了三年才開始結果。	这些树种了三年才开始结果。	結果	[[10, 12]]		
結果|结果|jie2 guo3~1	0	考試的結果明天公布。	考试的结果明天公布。	結果	[[3, 5]]		
結果|结果|jie2 guo3~2	0	我等了半天，結果他沒來。	我等了半天，结果他没来。	結果	[[6, 8]]	引出後果	引出后果
結果|结果|jie2 guo3~3	0	他一刀結果了那個壞人。	他一刀结果了那个坏人。	結果	[[3, 5]]		
結構|结构|jie2 gou4~1	0	這篇文章的結構很清楚。	这篇文章的结构很清楚。	結構	[[5, 7]]		
結構|结构|jie2 gou4~2	0	工程師檢查了大樓的結構。	工程师检查了大楼的结构。	結構	[[9, 11]]		
絕|绝|jue2~2	0	我絕不會忘記你的幫助。	我绝不会忘记你的帮助。	絕	[[1, 2]]		
絕對|绝对|jue2 dui4~1	0	我絕對不會把這件事說出去。	我绝对不会把这件事说出去。	絕對	[[1, 3]]		
絕對|绝对|jue2 dui4~2	0	他在公司裡有絕對的權力。	他在公司里有绝对的权力。	絕對	[[6, 8]]		
給|给|gei3~1	0	他給了我一本很有意思的書。	他给了我一本很有意思的书。	給	[[1, 2]]		
給|给|gei3~2	0	我晚上給你打電話。	我晚上给你打电话。	給	[[3, 4]]	引出對象	引出对象
給|给|gei3~2	1	這個菜是媽媽給我們做的。	这个菜是妈妈给我们做的。	給	[[6, 7]]	表示受益	表示受益
給|给|gei3~3	0	給我看看你拍的照片。	给我看看你拍的照片。	給	[[0, 1]]		
給|给|gei3~4	0	我的手機給人拿走了。	我的手机给人拿走了。	給	[[4, 5]]	表示被動	表示被动
給|给|gei3~5	0	別把我的話給忘了。	别把我的话给忘了。	給	[[5, 6]]	把字句	把字句
給|给|gei3~5	1	那些錢都讓人給花光了。	那些钱都让人给花光了。	給	[[6, 7]]	被動句	被动句
統治|统治|tong3 zhi4~1	0	這個王朝統治了近三百年。	这个王朝统治了近三百年。	統治	[[4, 6]]	動	动
統治|统治|tong3 zhi4~1	1	人民不願意接受這樣的統治。	人民不愿意接受这样的统治。	統治	[[10, 12]]	名	名
絲|丝|si1~1	0	這條圍巾是用絲做的，很輕。	这条围巾是用丝做的，很轻。	絲	[[6, 7]]		
絲|丝|si1~2	0	她把菜切成絲，放進湯裡。	她把菜切成丝，放进汤里。	絲	[[5, 6]]		
絲|丝|si1~3	0	今天連一絲風也沒有。	今天连一丝风也没有。	絲	[[4, 5]]		
經|经|jing1~1	0	經朋友介紹，他找到了新工作。	经朋友介绍，他找到了新工作。	經	[[0, 1]]		
經|经|jing1~2	0	他每天早上都要念一會兒經。	他每天早上都要念一会儿经。	經	[[11, 12]]		
經典|经典|jing1 dian3~1	0	這本小說已經成為經典。	这本小说已经成为经典。	經典	[[8, 10]]		
經典|经典|jing1 dian3~2	0	這部電影裡有幾句經典的臺詞。	这部电影里有几句经典的台词。	經典	[[8, 10]]		
經常|经常|jing1 chang2~1	0	他經常加班到很晚。	他经常加班到很晚。	經常	[[1, 3]]		
經常|经常|jing1 chang2~2	0	這筆錢用來付學校的經常費用。	这笔钱用来付学校的经常费用。	經常	[[9, 11]]		
經歷|经历|jing1 li4~1	0	他經歷過一場大病。	他经历过一场大病。	經歷	[[1, 3]]	動	动
經歷|经历|jing1 li4~1	1	那次旅行是很難忘的經歷。	那次旅行是很难忘的经历。	經歷	[[9, 11]]	名	名
經營|经营|jing1 ying2~1	0	他們家經營一家小書店。	他们家经营一家小书店。	經營	[[3, 5]]		
經過|经过|jing1 guo4~1	0	這條路經過學校門口。	这条路经过学校门口。	經過	[[3, 5]]		
經過|经过|jing1 guo4~1	1	經過三年的努力，他終於成功了。	经过三年的努力，他终于成功了。	經過	[[0, 2]]		
經過|经过|jing1 guo4~2	0	他把事情的經過說了一遍。	他把事情的经过说了一遍。	經過	[[5, 7]]		
經驗|经验|jing1 yan4~1	0	他在教學方面很有經驗。	他在教学方面很有经验。	經驗	[[8, 10]]		
經驗|经验|jing1 yan4~2	0	這種痛苦只有親自經驗過才明白。	这种痛苦只有亲自经验过才明白。	經驗	[[8, 10]]		
綠|绿|lu:4~1	0	這一大片草地非常綠。	这一大片草地非常绿。	綠	[[8, 9]]		
綠|绿|lu:4~2	0	他被女朋友綠了。	他被女朋友绿了。	綠	[[5, 6]]		
綠色|绿色|lu:4 se4~1	0	公園裡到處是綠色的樹木。	公园里到处是绿色的树木。	綠色	[[6, 8]]		
維持|维持|wei2 chi2~1	0	警察在現場維持秩序。	警察在现场维持秩序。	維持	[[5, 7]]		
網|网|wang3~1	0	蜘蛛在角落結了一張網。	蜘蛛在角落结了一张网。	網	[[9, 10]]		
網|网|wang3~2	0	這個消息在網上傳得很快。	这个消息在网上传得很快。	網	[[5, 6]]		
網|网|wang3~3	0	他在河裡網到了幾條魚。	他在河里网到了几条鱼。	網	[[4, 5]]		
網站|网站|wang3 zhan4~1	0	這個網站可以買到便宜的書。	这个网站可以买到便宜的书。	網站	[[2, 4]]		
緊張|紧张|jin3 zhang1~1	0	上臺說話以前，他很緊張。	上台说话以前，他很紧张。	緊張	[[9, 11]]		
緊張|紧张|jin3 zhang1~2	0	兩國的關係越來越緊張。	两国的关系越来越紧张。	緊張	[[8, 10]]		
緊張|紧张|jin3 zhang1~3	0	那時候糧食十分緊張。	那时候粮食十分紧张。	緊張	[[7, 9]]		
緊急|紧急|jin3 ji2~1	0	醫院接到一個緊急電話。	医院接到一个紧急电话。	緊急	[[6, 8]]		
線|线|xian4~1	0	風箏的線斷了，飛走了。	风筝的线断了，飞走了。	線	[[3, 4]]		
線|线|xian4~2	0	老師在黑板上畫了一條線。	老师在黑板上画了一条线。	線	[[10, 11]]		
線|线|xian4~3	0	這條線可以直接到機場。	这条线可以直接到机场。	線	[[2, 3]]		
線|线|xian4~4	0	很多年輕人離開一線城市回到老家。	很多年轻人离开一线城市回到老家。	線	[[8, 9]]		
編|编|bian1~1	0	她的頭髮編成了兩條辮子。	她的头发编成了两条辫子。	編	[[4, 5]]		
編|编|bian1~2	0	公司給每個產品都編了號。	公司给每个产品都编了号。	編	[[8, 9]]		
編|编|bian1~3	0	這本書是幾位老師一起編的。	这本书是几位老师一起编的。	編	[[10, 11]]		
編|编|bian1~4	0	他為孩子編了一個睡前故事。	他为孩子编了一个睡前故事。	編	[[4, 5]]		
編|编|bian1~5	0	你別編了，我知道事情不是這樣。	你别编了，我知道事情不是这样。	編	[[2, 3]]		
編輯|编辑|bian1 ji2~1	0	他正在編輯明天要發表的文章。	他正在编辑明天要发表的文章。	編輯	[[3, 5]]		
編輯|编辑|bian1 ji2~2	0	這本雜誌的編輯做事很認真。	这本杂志的编辑做事很认真。	編輯	[[5, 7]]		
總|总|zong3~1	0	他上課總坐在最後一排。	他上课总坐在最后一排。	總	[[3, 4]]		
總|总|zong3~2	0	不用擔心，問題總會解決的。	不用担心，问题总会解决的。	總	[[7, 8]]		
總|总|zong3~6	0	李總今天不在公司。	李总今天不在公司。	總	[[1, 2]]		
總是|总是|zong3 shi4~1	0	他總是把重要的事放在最後做。	他总是把重要的事放在最后做。	總是	[[1, 3]]		
總統|总统|zong3 tong3~1	0	總統昨天在電視上向全國講話。	总统昨天在电视上向全国讲话。	總統	[[0, 2]]		
總部|总部|zong3 bu4~1	0	他被調到公司總部工作。	他被调到公司总部工作。	總部	[[6, 8]]		
繫|系|ji4~1	0	出門前記得繫好安全帶。	出门前记得系好安全带。	繫	[[5, 6]]		
繫|系|xi4~2	0	母親心繫在外的孩子。	母亲心系在外的孩子。	繫	[[3, 4]]		
繼承|继承|ji4 cheng2~1	0	他繼承了父親留下的那家小店。	他继承了父亲留下的那家小店。	繼承	[[1, 3]]		
繼續|继续|ji4 xu4~1	0	大家休息一下再繼續開會。	大家休息一下再继续开会。	繼續	[[7, 9]]		
缺乏|缺乏|que1 fa2~1	0	這個地方缺乏乾淨的水。	这个地方缺乏干净的水。	缺乏	[[4, 6]]		
罪|罪|zui4~1	0	法官認為他有罪。	法官认为他有罪。	罪	[[6, 7]]		
罪|罪|zui4~3	0	他向神承認自己的罪。	他向神承认自己的罪。	罪	[[8, 9]]		
罪|罪|zui4~4	0	這次失敗，罪不在他一個人。	这次失败，罪不在他一个人。	罪	[[5, 6]]		
美|美|mei3~1	0	這座城市的夜景非常美。	这座城市的夜景非常美。	美	[[9, 10]]		
美|美|mei3~2	0	他這幾年的日子過得很美。	他这几年的日子过得很美。	美	[[10, 11]]		
美|美|mei3~4	0	考了第一，他心裡美得很。	考了第一，他心里美得很。	美	[[8, 9]]		
美元|美元|mei3 yuan2~1	0	這件衣服要一百美元。	这件衣服要一百美元。	美元	[[7, 9]]		
美麗|美丽|mei3 li4~1	0	這座島上的風景十分美麗。	这座岛上的风景十分美丽。	美麗	[[9, 11]]		
群|群|qun2~1	0	路口站著一群等車的人。	路口站着一群等车的人。	群	[[5, 6]]		
習慣|习惯|xi2 guan4~1	0	早睡早起是個好習慣。	早睡早起是个好习惯。	習慣	[[7, 9]]		
習慣|习惯|xi2 guan4~2	0	我已經習慣了這裡的生活。	我已经习惯了这里的生活。	習慣	[[3, 5]]		
老|老|lao3~1	0	他才四十歲，看起來就很老。	他才四十岁，看起来就很老。	老	[[11, 12]]		
老|老|lao3~2	0	這座老房子住過三代人。	这座老房子住过三代人。	老	[[2, 3]]		
老|老|lao3~3	0	他老是忘記帶鑰匙。	他老是忘记带钥匙。	老	[[1, 2]]		
老|老|lao3~4	0	老王，你今天怎麼來這麼晚？	老王，你今天怎么来这么晚？	老	[[0, 1]]	用在姓前	用在姓前
老|老|lao3~4	1	他家老三今年上大學了。	他家老三今年上大学了。	老	[[2, 3]]	用在數字前	用在数字前
老|老|lao3~7	0	火太大，肉一下子就老了。	火太大，肉一下子就老了。	老	[[9, 10]]		
老師|老师|lao3 shi1~1	0	這位老師教了三十年書。	这位老师教了三十年书。	老師	[[2, 4]]		
考|考|kao3~1	0	他明年要考大學，現在很努力。	他明年要考大学，现在很努力。	考	[[4, 5]]		
考|考|kao3~2	0	老師常常考我們生字。	老师常常考我们生字。	考	[[4, 5]]		
考慮|考虑|kao3 lu:4~1	0	這件事我需要好好考慮一下。	这件事我需要好好考虑一下。	考慮	[[8, 10]]	動	动
考慮|考虑|kao3 lu:4~1	1	出於安全的考慮，會議改到下週。	出于安全的考虑，会议改到下周。	考慮	[[5, 7]]	名	名
考試|考试|kao3 shi4~1	0	我們下星期一要考試。	我们下星期一要考试。	考試	[[7, 9]]	動	动
考試|考试|kao3 shi4~1	1	這次考試的成績很不錯。	这次考试的成绩很不错。	考試	[[2, 4]]	名	名
者|者|zhe3~3	0	所謂習慣者，是長期做同一件事。	所谓习惯者，是长期做同一件事。	者	[[4, 5]]	引出解釋	引出解释
而|而|er2~1	0	他喜歡狗，而我喜歡貓。	他喜欢狗，而我喜欢猫。	而	[[5, 6]]	比較兩件事	比较两件事
而|而|er2~1	1	我要的是時間，而不是錢。	我要的是时间，而不是钱。	而	[[7, 8]]	而不是	而不是
而|而|er2~2	0	這個方法簡單而有效。	这个方法简单而有效。	而	[[6, 7]]	連接形容詞	连接形容词
而|而|er2~3	0	比賽因下雨而取消了。	比赛因下雨而取消了。	而	[[5, 6]]	表示原因	表示原因
而|而|er2~3	1	很多人為了生活而努力工作。	很多人为了生活而努力工作。	而	[[7, 8]]	表示目的	表示目的
而且|而且|er2 qie3~1	0	他不但會說英語，而且說得很好。	他不但会说英语，而且说得很好。	而且	[[8, 10]]	不但…而且	不但…而且
而且|而且|er2 qie3~1	1	這件衣服很便宜，而且很好看。	这件衣服很便宜，而且很好看。	而且	[[8, 10]]	單用	单用
而已|而已|er2 yi3~1	0	他只是說說而已，別當真。	他只是说说而已，别当真。	而已	[[5, 7]]	只是…而已	只是…而已
而已|而已|er2 yi3~1	1	我不過問了一句而已。	我不过问了一句而已。	而已	[[7, 9]]	不過…而已	不过…而已
而是|而是|er2 shi4~1	0	他不是不想去，而是家裡有事。	他不是不想去，而是家里有事。	而是	[[7, 9]]	接句子	接句子
而是|而是|er2 shi4~1	1	我要的不是錢，而是一個說法。	我要的不是钱，而是一个说法。	而是	[[7, 9]]	接名詞	接名词
而言|而言|er2 yan2~1	0	就我個人而言，這件事並不重要。	就我个人而言，这件事并不重要。	而言	[[4, 6]]	就…而言	就…而言
而言|而言|er2 yan2~1	1	對學生而言，考試是很大的壓力。	对学生而言，考试是很大的压力。	而言	[[3, 5]]	對…而言	对…而言
耶|耶|ye5~1	0	這家店的東西真的很便宜耶！	这家店的东西真的很便宜耶！	耶	[[11, 12]]	助	助
耶|耶|ye5~1	1	耶，我們終於做完了！	耶，我们终于做完了！	耶	[[0, 1]]	嘆	叹
聞|闻|wen2~1	0	這種花聞起來很香。	这种花闻起来很香。	聞	[[3, 4]]		
聯合|联合|lian2 he2~1	0	幾家公司聯合起來開發新產品。	几家公司联合起来开发新产品。	聯合	[[4, 6]]		
聯盟|联盟|lian2 meng2~1	0	這兩個國家組成了軍事聯盟。	这两个国家组成了军事联盟。	聯盟	[[10, 12]]		
聯繫|联系|lian2 xi4~1	0	有問題可以隨時跟我聯繫。	有问题可以随时跟我联系。	聯繫	[[9, 11]]	動	动
聯繫|联系|lian2 xi4~1	1	他們畢業後還保持著聯繫。	他们毕业后还保持着联系。	聯繫	[[9, 11]]	名	名
聯繫|联系|lian2 xi4~2	0	這兩件事之間沒有聯繫。	这两件事之间没有联系。	聯繫	[[8, 10]]	名	名
聯繫|联系|lian2 xi4~2	1	學習要聯繫自己的生活。	学习要联系自己的生活。	聯繫	[[3, 5]]	動	动
聯邦|联邦|lian2 bang1~1	0	聯邦政府決定增加教育經費。	联邦政府决定增加教育经费。	聯邦	[[0, 2]]		
聲|声|sheng1~2	0	這個字要讀第四聲。	这个字要读第四声。	聲	[[7, 8]]		
聲|声|sheng1~3	0	遠處傳來幾聲狗叫。	远处传来几声狗叫。	聲	[[5, 6]]		
聲明|声明|sheng1 ming2~1	0	他公開聲明自己沒有參加。	他公开声明自己没有参加。	聲明	[[3, 5]]	動	动
聲明|声明|sheng1 ming2~1	1	政府發表了一份重要聲明。	政府发表了一份重要声明。	聲明	[[9, 11]]	名	名
聲稱|声称|sheng1 cheng1~1	0	他聲稱自己那天不在家。	他声称自己那天不在家。	聲稱	[[1, 3]]		
聲音|声音|sheng1 yin1~1	0	我聽到外面有奇怪的聲音。	我听到外面有奇怪的声音。	聲音	[[9, 11]]		
職業|职业|zhi2 ye4~1	0	請問您的職業是什麼？	请问您的职业是什么？	職業	[[4, 6]]	名	名
職業|职业|zhi2 ye4~1	1	他十八歲就成了職業歌手。	他十八岁就成了职业歌手。	職業	[[7, 9]]	形	形
聽|听|ting1~1	0	我每天早上聽新聞。	我每天早上听新闻。	聽	[[5, 6]]		
聽|听|ting1~2	0	這孩子很聽媽媽的話。	这孩子很听妈妈的话。	聽	[[4, 5]]		
聽|听|ting1~3	0	弟弟一次喝了兩聽汽水。	弟弟一次喝了两听汽水。	聽	[[7, 8]]		
聽到|听到|ting1 dao4~1	0	我剛才聽到有人在外面說話。	我刚才听到有人在外面说话。	聽到	[[3, 5]]		
肉|肉|rou4~1	0	他不吃肉，只吃青菜。	他不吃肉，只吃青菜。	肉	[[3, 4]]		
肉|肉|rou4~2	0	他這幾年胖了，臉上多了些肉。	他这几年胖了，脸上多了些肉。	肉	[[12, 13]]		
肉|肉|rou4~3	0	這種水果的肉又厚又甜。	这种水果的肉又厚又甜。	肉	[[5, 6]]		
肉|肉|rou4~4	0	這個西瓜有點肉，不好吃。	这个西瓜有点肉，不好吃。	肉	[[6, 7]]		
肉|肉|rou4~5	0	你別這麼肉，快點決定吧。	你别这么肉，快点决定吧。	肉	[[4, 5]]		
股|股|gu3~1	0	這筆錢分成三股，每人拿一份。	这笔钱分成三股，每人拿一份。	股	[[6, 7]]		
股|股|gu3~2	0	這條繩子是用三股細線合成的。	这条绳子是用三股细线合成的。	股	[[7, 8]]		
股|股|gu3~4	0	他調到局裡的人事股工作了。	他调到局里的人事股工作了。	股	[[8, 9]]		
股|股|gu3~5	0	屋裡飄來一股飯菜的香味。	屋里飘来一股饭菜的香味。	股	[[5, 6]]		
股|股|gu3~6	0	山上來了一股土匪。	山上来了一股土匪。	股	[[5, 6]]		
肯|肯|ken3~1	0	他不肯把真相告訴我。	他不肯把真相告诉我。	肯	[[2, 3]]		
肯|肯|ken3~1	1	只要你肯學，一定學得會。	只要你肯学，一定学得会。	肯	[[3, 4]]		
肯定|肯定|ken3 ding4~1	0	我肯定他今天不會來。	我肯定他今天不会来。	肯定	[[1, 3]]	動	动
肯定|肯定|ken3 ding4~1	1	這件事他肯定早就知道了。	这件事他肯定早就知道了。	肯定	[[4, 6]]	副	副
肯定|肯定|ken3 ding4~2	0	老師肯定了他的努力。	老师肯定了他的努力。	肯定	[[2, 4]]		
肯定|肯定|ken3 ding4~3	0	他的回答是肯定的。	他的回答是肯定的。	肯定	[[5, 7]]		
背|背|bei1~1	0	媽媽背著孩子去買菜。	妈妈背着孩子去买菜。	背	[[2, 3]]		
背|背|bei1~2	0	這件事不該由他一個人背。	这件事不该由他一个人背。	背	[[10, 11]]		
背|背|bei4~1	0	他的背被太陽曬得很紅。	他的背被太阳晒得很红。	背	[[2, 3]]		
背|背|bei4~2	0	老師要我們背這首詩。	老师要我们背这首诗。	背	[[5, 6]]		
背|背|bei4~3	0	說完這句話，他就背過身去了。	说完这句话，他就背过身去了。	背	[[8, 9]]		
背|背|bei4~4	0	他背著父母偷偷去打工。	他背着父母偷偷去打工。	背	[[1, 2]]		
背|背|bei4~5	0	我今天真背，什麼事都做不成。	我今天真背，什么事都做不成。	背	[[4, 5]]		
背|背|bei4~6	0	他老了，耳朵有點背。	他老了，耳朵有点背。	背	[[8, 9]]		
背景|背景|bei4 jing3~1	0	這張照片的背景是一片森林。	这张照片的背景是一片森林。	背景	[[5, 7]]		
背景|背景|bei4 jing3~2	0	了解時代背景才能讀懂這篇文章。	了解时代背景才能读懂这篇文章。	背景	[[4, 6]]		
背景|背景|bei4 jing3~3	0	他能進這家公司，是因為有背景。	他能进这家公司，是因为有背景。	背景	[[12, 14]]		
胡|胡|hu2~3	0	我打了三圈才胡一次。	我打了三圈才胡一次。	胡	[[6, 7]]		
能|能|neng2~1	0	他一分鐘能打一百多個字。	他一分钟能打一百多个字。	能	[[4, 5]]		
能|能|neng2~2	0	上課的時候不能吃東西。	上课的时候不能吃东西。	能	[[6, 7]]		
能|能|neng2~3	0	這麼晚了，他還能來嗎？	这么晚了，他还能来吗？	能	[[7, 8]]		
能力|能力|neng2 li4~1	0	他有很強的工作能力。	他有很强的工作能力。	能力	[[7, 9]]		
能夠|能够|neng2 gou4~1	0	希望你能夠早點回來。	希望你能够早点回来。	能夠	[[3, 5]]		
能量|能量|neng2 liang4~1	0	太陽給地球帶來大量的能量。	太阳给地球带来大量的能量。	能量	[[10, 12]]		
能量|能量|neng2 liang4~2	0	他能量很大，什麼事都辦得成。	他能量很大，什么事都办得成。	能量	[[1, 3]]		
脫|脱|tuo1~1	0	他一回家就把外套脫了下來。	他一回家就把外套脱了下来。	脫	[[8, 9]]		
腦|脑|nao3~1	0	醫生說他的腦沒有受傷。	医生说他的脑没有受伤。	腦	[[5, 6]]		
腦|脑|nao3~2	0	遇到問題要自己動腦想辦法。	遇到问题要自己动脑想办法。	腦	[[8, 9]]		
腳|脚|jiao3~1	0	這雙鞋太小，我的腳穿不進去。	这双鞋太小，我的脚穿不进去。	腳	[[8, 9]]		
腳|脚|jiao3~2	0	這張桌子的腳有點鬆。	这张桌子的脚有点松。	腳	[[5, 6]]		
腳|脚|jiao3~3	0	他朝球門踢了一腳。	他朝球门踢了一脚。	腳	[[7, 8]]		
臨時|临时|lin2 shi2~1	0	公司最近請了幾位臨時工人。	公司最近请了几位临时工人。	臨時	[[8, 10]]		
臨時|临时|lin2 shi2~2	0	他臨時決定不去了。	他临时决定不去了。	臨時	[[1, 3]]		
自動|自动|zi4 dong4~1	0	這家店的門是自動的。	这家店的门是自动的。	自動	[[6, 8]]		
自動|自动|zi4 dong4~2	0	他自動留下來幫忙。	他自动留下来帮忙。	自動	[[1, 3]]		
自己|自己|zi4 ji3~1	0	這件事我想自己做，不用別人幫忙。	这件事我想自己做，不用别人帮忙。	自己	[[5, 7]]		
自己|自己|zi4 ji3~1	1	每個人都有自己的生活方式。	每个人都有自己的生活方式。	自己	[[5, 7]]		
自從|自从|zi4 cong2~1	0	自從那天起，我們再也沒有見面。	自从那天起，我们再也没有见面。	自從	[[0, 2]]	時間詞前	时间词前
自從|自从|zi4 cong2~1	1	自從搬到城裡以後，他很少回家。	自从搬到城里以后，他很少回家。	自從	[[0, 2]]	接句子	接句子
自我|自我|zi4 wo3~1	0	請大家先做一下自我介紹。	请大家先做一下自我介绍。	自我	[[7, 9]]		
自我|自我|zi4 wo3~2	0	他不想在別人面前失去自我。	他不想在别人面前失去自我。	自我	[[10, 12]]		
自我|自我|zi4 wo3~3	0	這一派心理學把人分成本我、自我和超我。	这一派心理学把人分成本我、自我和超我。	自我	[[13, 15]]		
自殺|自杀|zi4 sha1~1	0	這部電影談到年輕人自殺的問題。	这部电影谈到年轻人自杀的问题。	自殺	[[9, 11]]		
自然|自然|zi4 ran2~1	0	人類的活動改變了自然。	人类的活动改变了自然。	自然	[[8, 10]]		
自然|自然|zi4 ran2~2	0	她笑起來的樣子很自然。	她笑起来的样子很自然。	自然	[[8, 10]]		
自然|自然|zi4 ran2~3	0	只要多練習，成績自然會提高。	只要多练习，成绩自然会提高。	自然	[[8, 10]]		
自由|自由|zi4 you2~1	0	我們都希望有更多的自由。	我们都希望有更多的自由。	自由	[[9, 11]]	名	名
自由|自由|zi4 you2~1	1	這裡的學生選課很自由。	这里的学生选课很自由。	自由	[[8, 10]]	形	形
至|至|zhi4~1	0	會議從九點至十一點。	会议从九点至十一点。	至	[[5, 6]]	時間範圍	时间范围
至|至|zhi4~1	1	每天要喝六至八杯水。	每天要喝六至八杯水。	至	[[5, 6]]	數量範圍	数量范围
至今|至今|zhi4 jin1~1	0	這件事至今還沒有結果。	这件事至今还没有结果。	至今	[[3, 5]]		
至少|至少|zhi4 shao3~1	0	從這裡走到學校至少要半個小時。	从这里走到学校至少要半个小时。	至少	[[7, 9]]		
至於|至于|zhi4 yu2~1	0	今天的事就這樣，至於明天，我再通知你。	今天的事就这样，至于明天，我再通知你。	至於	[[8, 10]]	引出另一件事	引出另一件事
至於|至于|zhi4 yu2~1	1	至於怎麼解決，大家可以一起討論。	至于怎么解决，大家可以一起讨论。	至於	[[0, 2]]	句首引出問題	句首引出问题
至於|至于|zhi4 yu2~2	0	這件事還不至於那麼嚴重。	这件事还不至于那么严重。	至於	[[5, 7]]		
臺|台|tai2~1	0	他站在臺上唱了一首歌。	他站在台上唱了一首歌。	臺	[[3, 4]]		
臺|台|tai2~4	0	家裡新買了一臺電腦。	家里新买了一台电脑。	臺	[[6, 7]]		
與|与|yu3~1	0	這本書討論語言與文化的關係。	这本书讨论语言与文化的关系。	與	[[7, 8]]		
與|与|yu3~2	0	我們必須與他們合作。	我们必须与他们合作。	與	[[4, 5]]		
興趣|兴趣|xing4 qu4~1	0	他對歷史很有興趣。	他对历史很有兴趣。	興趣	[[6, 8]]		
舉|举|ju3~1	0	他把杯子舉得高高的。	他把杯子举得高高的。	舉	[[4, 5]]		
舉|举|ju3~2	0	請你舉個例子好嗎？	请你举个例子好吗？	舉	[[2, 3]]		
舉行|举行|ju3 xing2~1	0	運動會下星期在學校舉行。	运动会下星期在学校举行。	舉行	[[9, 11]]		
舉辦|举办|ju3 ban4~1	0	學校下個月要舉辦運動會。	学校下个月要举办运动会。	舉辦	[[6, 8]]		
舊|旧|jiu4~1	0	這雙鞋太舊了，該換新的。	这双鞋太旧了，该换新的。	舊	[[4, 5]]		
舊|旧|jiu4~2	0	他們用的還是舊方法。	他们用的还是旧方法。	舊	[[6, 7]]		
舞|舞|wu3~1	0	她跳的這支舞很好看。	她跳的这支舞很好看。	舞	[[5, 6]]		
舞|舞|wu3~2	0	他舞著手裡的旗子，讓大家注意。	他舞着手里的旗子，让大家注意。	舞	[[1, 2]]		
舞臺|舞台|wu3 tai2~1	0	她第一次站上舞臺就不緊張。	她第一次站上舞台就不紧张。	舞臺	[[6, 8]]		
舞臺|舞台|wu3 tai2~2	0	這家公司給了他很大的舞臺。	这家公司给了他很大的舞台。	舞臺	[[10, 12]]		
舞蹈|舞蹈|wu3 dao3~1	0	她從小學習舞蹈，動作很美。	她从小学习舞蹈，动作很美。	舞蹈	[[5, 7]]		
航空|航空|hang2 kong1~1	0	這家航空公司的服務很好。	这家航空公司的服务很好。	航空	[[2, 4]]		
般|般|ban1~2	0	消息像風般傳遍了全校。	消息像风般传遍了全校。	般	[[4, 5]]	像…般＋動詞	像…般＋动词
般|般|ban1~2	1	我們過著夢般的日子。	我们过着梦般的日子。	般	[[5, 6]]	…般的＋名詞	…般的＋名词
船|船|chuan2~1	0	我們坐船去對面的島上。	我们坐船去对面的岛上。	船	[[3, 4]]		
艘|艘|sou1~1	0	港口停著三艘大船。	港口停着三艘大船。	艘	[[5, 6]]		
色|色|shai3~1	0	這兩塊布的色差不多。	这两块布的色差不多。	色	[[5, 6]]		
花園|花园|hua1 yuan2~1	0	孩子們在花園裡玩得很開心。	孩子们在花园里玩得很开心。	花園	[[4, 6]]		
若|若|ruo4~1	0	若有問題，請馬上告訴我。	若有问题，请马上告诉我。	若	[[0, 1]]	假設條件	假设条件
若|若|ruo4~1	1	你若同意，我們明天就開始。	你若同意，我们明天就开始。	若	[[1, 2]]	跟「就」連用	跟「就」连用
若|若|ruo4~1	2	若不是大家幫忙，我一個人做不完。	若不是大家帮忙，我一个人做不完。	若	[[0, 1]]	否定假設	否定假设
英雄|英雄|ying1 xiong2~1	0	他救了三個孩子，成了大家的英雄。	他救了三个孩子，成了大家的英雄。	英雄	[[13, 15]]		
茲|兹|zi1~1	0	茲事體大，不能隨便決定。	兹事体大，不能随便决定。	茲	[[0, 1]]		
茲|兹|zi1~2	0	茲定於下週一上午開會。	兹定于下周一上午开会。	茲	[[0, 1]]		
茶|茶|cha2~1	0	他每天早上都要喝一杯茶。	他每天早上都要喝一杯茶。	茶	[[10, 11]]		
茶|茶|cha2~2	0	這座山上種了很多茶。	这座山上种了很多茶。	茶	[[8, 9]]		
草|草|cao3~1	0	春天一到，山上的草都綠了。	春天一到，山上的草都绿了。	草	[[8, 9]]		
草|草|cao3~2	0	那頂帽子是用草做的。	那顶帽子是用草做的。	草	[[6, 7]]		
草|草|cao3~4	0	你的字寫得太草，我看不清楚。	你的字写得太草，我看不清楚。	草	[[6, 7]]		
莫|莫|mo4~1	0	這件事已經過去，你莫再提了。	这件事已经过去，你莫再提了。	莫	[[9, 10]]		
菜|菜|cai4~1	0	媽媽在市場買了很多菜。	妈妈在市场买了很多菜。	菜	[[9, 10]]		
菜|菜|cai4~2	0	這家店的菜很好吃。	这家店的菜很好吃。	菜	[[4, 5]]		
菜|菜|cai4~3	0	他的技術很菜，常常出錯。	他的技术很菜，常常出错。	菜	[[5, 6]]		
菜|菜|cai4~4	0	那個男生不是我的菜。	那个男生不是我的菜。	菜	[[8, 9]]		
菲|菲|fei1~2	0	這種染料的原料中含有菲。	这种染料的原料中含有菲。	菲	[[10, 11]]		
落|落|la4~1	0	我把手機落在家裡了。	我把手机落在家里了。	落	[[4, 5]]		
落|落|la4~2	0	這句話裡落了一個字。	这句话里落了一个字。	落	[[4, 5]]		
落|落|la4~3	0	他跑得慢，落在最後面。	他跑得慢，落在最后面。	落	[[5, 6]]		
落|落|luo4~1	0	太陽慢慢落到山的後面去了。	太阳慢慢落到山的后面去了。	落	[[4, 5]]		
落|落|luo4~2	0	他跑得太慢，很快就落在後面了。	他跑得太慢，很快就落在后面了。	落	[[9, 10]]		
落|落|luo4~3	0	這個任務最後落在我身上。	这个任务最后落在我身上。	落	[[6, 7]]		
葉|叶|ye4~3	0	人的肝分成左右兩葉。	人的肝分成左右两叶。	葉	[[8, 9]]		
葉|叶|ye4~4	0	湖面上飄著一葉小船。	湖面上飘着一叶小船。	葉	[[6, 7]]		
著|着|zhao1~1	0	下棋的時候，他每一著都想得很久。	下棋的时候，他每一着都想得很久。	著	[[9, 10]]		
著|着|zhao1~2	0	沒想到他還有這一著，大家都很意外。	没想到他还有这一着，大家都很意外。	著	[[8, 9]]		
著|着|zhao1~3	0	著，你說得對，就這麼辦！	着，你说得对，就这么办！	著	[[0, 1]]		
著|着|zhao1~4	0	湯裡再著一點鹽就好了。	汤里再着一点盐就好了。	著	[[3, 4]]		
著|着|zhao2~1	0	我找了半天，終於找著了鑰匙。	我找了半天，终于找着了钥匙。	著	[[9, 10]]		
著|着|zhao2~3	0	這種紙很容易著，要小心。	这种纸很容易着，要小心。	著	[[6, 7]]		
著|着|zhao2~4	0	東西放得太高，我夠不著。	东西放得太高，我够不着。	著	[[10, 11]]		
著|着|zhao2~5	0	孩子在車上很快就著了。	孩子在车上很快就着了。	著	[[8, 9]]		
著|着|zhe5~1	0	我們正說著話，老師進來了。	我们正说着话，老师进来了。	著	[[4, 5]]	動作進行	动作进行
著|着|zhe5~1	1	他出去的時候，門還開著。	他出去的时候，门还开着。	著	[[10, 11]]	狀態持續	状态持续
著|着|zhe5~1	2	她笑著回答了我的問題。	她笑着回答了我的问题。	著	[[2, 3]]	伴隨動作	伴随动作
著名|著名|zhu4 ming2~1	0	他是一位著名的畫家。	他是一位著名的画家。	著名	[[4, 6]]		
蒂|蒂|di4~1	0	吃番茄以前要先把蒂去掉。	吃番茄以前要先把蒂去掉。	蒂	[[8, 9]]		
蒙|蒙|meng1~1	0	這個問題把我問蒙了。	这个问题把我问蒙了。	蒙	[[7, 8]]		
蒙|蒙|meng2~1	0	她用手蒙住了眼睛。	她用手蒙住了眼睛。	蒙	[[3, 4]]		
蒙|蒙|meng2~2	0	你這樣說是想蒙我嗎？	你这样说是想蒙我吗？	蒙	[[6, 7]]		
蓋|盖|gai4~1	0	天冷了，記得蓋好被子。	天冷了，记得盖好被子。	蓋	[[6, 7]]		
蓋|盖|gai4~3	0	他們在村子裡蓋了新房子。	他们在村子里盖了新房子。	蓋	[[6, 7]]		
藍|蓝|lan2~1	0	這件衣服是藍的，很好看。	这件衣服是蓝的，很好看。	藍	[[5, 6]]		
藍色|蓝色|lan2 se4~1	0	她今天穿了一件藍色的外套。	她今天穿了一件蓝色的外套。	藍色	[[7, 9]]	形	形
藍色|蓝色|lan2 se4~1	1	藍色讓人覺得安靜。	蓝色让人觉得安静。	藍色	[[0, 2]]	名	名
藏|藏|cang2~1	0	他把錢藏在書裡，誰也沒發現。	他把钱藏在书里，谁也没发现。	藏	[[3, 4]]		
藏|藏|cang2~2	0	這座圖書館藏了不少古書。	这座图书馆藏了不少古书。	藏	[[5, 6]]		
藝術|艺术|yi4 shu4~1	0	他從小就對藝術很有興趣。	他从小就对艺术很有兴趣。	藝術	[[5, 7]]		
藝術家|艺术家|yi4 shu4 jia1~1	0	這位藝術家的作品在世界上很有名。	这位艺术家的作品在世界上很有名。	藝術家	[[2, 5]]		
藥|药|yao4~1	0	醫生開的藥要按時吃完。	医生开的药要按时吃完。	藥	[[4, 5]]		
藥|药|yao4~3	0	這種水會把魚藥死。	这种水会把鱼药死。	藥	[[6, 7]]		
藥物|药物|yao4 wu4~1	0	醫生給他開了幾種藥物。	医生给他开了几种药物。	藥物	[[8, 10]]		
蘋果|苹果|ping2 guo3~1	0	我每天早上吃一個蘋果。	我每天早上吃一个苹果。	蘋果	[[8, 10]]		
處|处|chu3~2	0	跟他處久了，就知道他是好人。	跟他处久了，就知道他是好人。	處	[[2, 3]]		
處|处|chu4~4	0	他的手上有兩處傷口。	他的手上有两处伤口。	處	[[6, 7]]		
處於|处于|chu3 yu2~1	0	這家公司目前處於困難時期。	这家公司目前处于困难时期。	處於	[[6, 8]]		
處理|处理|chu3 li3~1	0	這件事你打算怎麼處理？	这件事你打算怎么处理？	處理	[[8, 10]]		
處理|处理|chu3 li3~2	0	工廠會把用過的水處理好再放出去。	工厂会把用过的水处理好再放出去。	處理	[[8, 10]]		
處理|处理|chu3 li3~3	0	學校已經處理了這幾個學生。	学校已经处理了这几个学生。	處理	[[4, 6]]		
處理|处理|chu3 li3~4	0	那家商店正在處理過季的衣服。	那家商店正在处理过季的衣服。	處理	[[6, 8]]		
號|号|hao4~1	0	我的生日是十月十二號。	我的生日是十月十二号。	號	[[9, 10]]		
號|号|hao4~2	0	我住在十二號房間。	我住在十二号房间。	號	[[5, 6]]		
血|血|xue4~1	0	他的手上流了很多血。	他的手上流了很多血。	血	[[8, 9]]		
行動|行动|xing2 dong4~1	0	這次行動非常成功。	这次行动非常成功。	行動	[[2, 4]]	名	名
行動|行动|xing2 dong4~1	1	大家決定馬上行動。	大家决定马上行动。	行動	[[6, 8]]	動	动
行動|行动|xing2 dong4~2	0	他的腿受了傷，行動很不方便。	他的腿受了伤，行动很不方便。	行動	[[7, 9]]		
行為|行为|xing2 wei2~1	0	他的行為讓大家很生氣。	他的行为让大家很生气。	行為	[[2, 4]]		
街|街|jie1~1	0	這條街上有很多小吃店。	这条街上有很多小吃店。	街	[[2, 3]]		
街道|街道|jie1 dao4~1	0	晚上這條街道很熱鬧。	晚上这条街道很热闹。	街道	[[4, 6]]		
街道|街道|jie1 dao4~2	0	這件事可以找街道解決。	这件事可以找街道解决。	街道	[[6, 8]]		
衛星|卫星|wei4 xing1~1	0	這顆衛星每天傳回大量照片。	这颗卫星每天传回大量照片。	衛星	[[2, 4]]		
衛星|卫星|wei4 xing1~2	0	月亮是地球的衛星，一直繞著地球轉。	月亮是地球的卫星，一直绕着地球转。	衛星	[[6, 8]]		
衝|冲|chong1~1	0	孩子們一下課就衝出教室。	孩子们一下课就冲出教室。	衝	[[7, 8]]		
衝|冲|chong4~1	0	他脾氣不好，說起話來特別衝。	他脾气不好，说起话来特别冲。	衝	[[12, 13]]		
衝|冲|chong4~1	1	這條河的水流很衝。	这条河的水流很冲。	衝	[[7, 8]]		
衝|冲|chong4~2	0	這種藥的氣味太衝了。	这种药的气味太冲了。	衝	[[7, 8]]		
衝|冲|chong4~3	0	大家都衝著門口看。	大家都冲着门口看。	衝	[[3, 4]]	衝著某個方向	冲着某个方向
衝|冲|chong4~3	1	他一進門就衝我點了點頭。	他一进门就冲我点了点头。	衝	[[5, 6]]	衝某人	冲某人
衝|冲|chong4~4	0	衝他這句話，我也要幫忙。	冲他这句话，我也要帮忙。	衝	[[0, 1]]	引出理由	引出理由
衝突|冲突|chong1 tu1~1	0	他們為了停車位衝突了幾次。	他们为了停车位冲突了几次。	衝突	[[7, 9]]	動	动
衝突|冲突|chong1 tu1~1	1	這場衝突造成不少人受傷。	这场冲突造成不少人受伤。	衝突	[[2, 4]]	名	名
衝突|冲突|chong1 tu1~2	0	開會的時間和我的課衝突了。	开会的时间和我的课冲突了。	衝突	[[9, 11]]		
表|表|biao3~1	0	請你把這張表填好交給我。	请你把这张表填好交给我。	表	[[5, 6]]		
表明|表明|biao3 ming2~1	0	這件事表明他早就知道了。	这件事表明他早就知道了。	表明	[[3, 5]]		
表演|表演|biao3 yan3~1	0	他在晚會上表演了一個魔術。	他在晚会上表演了一个魔术。	表演	[[5, 7]]	動	动
表演|表演|biao3 yan3~1	1	這場表演讓觀眾非常感動。	这场表演让观众非常感动。	表演	[[2, 4]]	名	名
表現|表现|biao3 xian4~1	0	這部電影表現了戰爭的可怕。	这部电影表现了战争的可怕。	表現	[[4, 6]]	動	动
表現|表现|biao3 xian4~1	1	生氣是一種正常的感情表現。	生气是一种正常的感情表现。	表現	[[10, 12]]	名	名
表現|表现|biao3 xian4~2	0	他這學期在學校的表現很好。	他这学期在学校的表现很好。	表現	[[8, 10]]		
表示|表示|biao3 shi4~1	0	他向大家表示感謝。	他向大家表示感谢。	表示	[[4, 6]]	動	动
表示|表示|biao3 shi4~1	1	對方一直沒有任何表示。	对方一直没有任何表示。	表示	[[8, 10]]	名	名
表示|表示|biao3 shi4~2	0	紅燈表示不能通過。	红灯表示不能通过。	表示	[[2, 4]]		
表達|表达|biao3 da2~1	0	他不太會表達自己的感情。	他不太会表达自己的感情。	表達	[[4, 6]]		
表面|表面|biao3 mian4~1	0	這張桌子的表面很光滑。	这张桌子的表面很光滑。	表面	[[5, 7]]		
表面|表面|biao3 mian4~2	0	他表面上很平靜，心裡卻很難過。	他表面上很平静，心里却很难过。	表面	[[1, 3]]		
被|被|bei4~1	0	我的蛋糕被弟弟吃掉了。	我的蛋糕被弟弟吃掉了。	被	[[4, 5]]	介	介
被|被|bei4~1	1	這個問題很快就被解決了。	这个问题很快就被解决了。	被	[[7, 8]]	助	助
被|被|bei4~3	0	他根本沒同意，就被自願了。	他根本没同意，就被自愿了。	被	[[8, 9]]	不是自願	不是自愿
被|被|bei4~3	1	學校說我們都找到了工作，同學笑說這是被就業。	学校说我们都找到了工作，同学笑说这是被就业。	被	[[18, 19]]	不是事實	不是事实
被捕|被捕|bei4 bu3~1	0	那兩個人昨天在機場被捕。	那两个人昨天在机场被捕。	被捕	[[9, 11]]		
裝|装|zhuang1~1	0	我把書都裝進了箱子裡。	我把书都装进了箱子里。	裝	[[4, 5]]		
裝|装|zhuang1~2	0	他家昨天裝了新電話。	他家昨天装了新电话。	裝	[[4, 5]]		
裝|装|zhuang1~3	0	別裝了，我早就知道這件事。	别装了，我早就知道这件事。	裝	[[1, 2]]		
裝置|装置|zhuang1 zhi4~1	0	門上新裝了一個安全裝置。	门上新装了一个安全装置。	裝置	[[9, 11]]		
裝置|装置|zhuang1 zhi4~2	0	這批設備已經裝置完成。	这批设备已经装置完成。	裝置	[[6, 8]]		
裡|里|li3~1	0	他把鑰匙放在口袋裡。	他把钥匙放在口袋里。	裡	[[8, 9]]		
裡面|里面|li3 mian4~1	0	他把鑰匙放在包裡面了。	他把钥匙放在包里面了。	裡面	[[7, 9]]		
製作|制作|zhi4 zuo4~1	0	這個節目是他們公司製作的。	这个节目是他们公司制作的。	製作	[[9, 11]]		
製造|制造|zhi4 zao4~1	0	這家公司製造各種汽車。	这家公司制造各种汽车。	製造	[[4, 6]]		
製造|制造|zhi4 zao4~2	0	他到處說話，製造了不少麻煩。	他到处说话，制造了不少麻烦。	製造	[[6, 8]]		
複雜|复杂|fu4 za2~1	0	這個問題比我想的還要複雜。	这个问题比我想的还要复杂。	複雜	[[10, 12]]		
襲擊|袭击|xi2 ji1~1	0	敵人在夜裡襲擊了這座城市。	敌人在夜里袭击了这座城市。	襲擊	[[5, 7]]	動	动
襲擊|袭击|xi2 ji1~1	1	這次襲擊造成很多人受傷。	这次袭击造成很多人受伤。	襲擊	[[2, 4]]	名	名
西|西|xi1~1	0	往西走五分鐘就到公園了。	往西走五分钟就到公园了。	西	[[1, 2]]		
西部|西部|xi1 bu4~1	0	這個省的西部多是高山。	这个省的西部多是高山。	西部	[[4, 6]]		
要|要|yao4~1	0	天氣太熱，我要一杯冰水。	天气太热，我要一杯冰水。	要	[[6, 7]]		
要|要|yao4~2	0	電影要開始了，我們快進去吧。	电影要开始了，我们快进去吧。	要	[[2, 3]]		
要|要|yao4~3	0	開車的時候要特別小心。	开车的时候要特别小心。	要	[[5, 6]]		
要|要|yao4~5	0	你要有問題，就來問我。	你要有问题，就来问我。	要	[[1, 2]]	假設	假设
要求|要求|yao1 qiu2~1	0	老師要求我們每天讀書。	老师要求我们每天读书。	要求	[[2, 4]]	動	动
要求|要求|yao1 qiu2~1	1	這份工作的要求很高。	这份工作的要求很高。	要求	[[5, 7]]	名	名
見|见|jian4~6	0	我從來沒見過這麼大的雨。	我从来没见过这么大的雨。	見	[[4, 5]]		
見|见|jian4~7	0	明天我要去見一位老朋友。	明天我要去见一位老朋友。	見	[[5, 6]]		
見到|见到|jian4 dao4~1	0	我昨天在路上見到你哥哥了。	我昨天在路上见到你哥哥了。	見到	[[6, 8]]		
規則|规则|gui1 ze2~1	0	參加比賽要先了解規則。	参加比赛要先了解规则。	規則	[[8, 10]]		
規則|规则|gui1 ze2~2	0	他每天的生活很不規則。	他每天的生活很不规则。	規則	[[8, 10]]		
規定|规定|gui1 ding4~1	0	學校規定學生不能帶手機進教室。	学校规定学生不能带手机进教室。	規定	[[2, 4]]	動	动
規定|规定|gui1 ding4~1	1	公司有規定，上班不能遲到。	公司有规定，上班不能迟到。	規定	[[3, 5]]	名	名
親|亲|qin1~3	0	這孩子跟奶奶最親。	这孩子跟奶奶最亲。	親	[[7, 8]]		
親|亲|qin1~4	0	她低頭親了孩子的臉。	她低头亲了孩子的脸。	親	[[3, 4]]		
親|亲|qin1~7	0	親，這件衣服還有別的顏色嗎？	亲，这件衣服还有别的颜色吗？	親	[[0, 1]]		
親自|亲自|qin1 zi4~1	0	校長親自到車站接他們。	校长亲自到车站接他们。	親自	[[2, 4]]		
覺|觉|jiao4~1	0	他中午睡了一覺，下午精神很好。	他中午睡了一觉，下午精神很好。	覺	[[6, 7]]		
覺得|觉得|jue2 de5~1	0	我覺得這個辦法比較好。	我觉得这个办法比较好。	覺得	[[1, 3]]		
覺得|觉得|jue2 de5~2	0	走了一天，我覺得有點累。	走了一天，我觉得有点累。	覺得	[[6, 8]]		
觀察|观察|guan1 cha2~1	0	醫生正在觀察病人的反應。	医生正在观察病人的反应。	觀察	[[4, 6]]		
觀眾|观众|guan1 zhong4~1	0	臺下的觀眾都站起來鼓掌。	台下的观众都站起来鼓掌。	觀眾	[[3, 5]]		
觀點|观点|guan1 dian3~1	0	我不同意他對這件事的觀點。	我不同意他对这件事的观点。	觀點	[[10, 12]]		
角|角|jiao3~1	0	小孩撞到了桌子的角。	小孩撞到了桌子的角。	角	[[8, 9]]		
角|角|jiao3~2	0	這個角看起來不到九十度。	这个角看起来不到九十度。	角	[[2, 3]]		
角|角|jiao3~3	0	這隻牛的角很長。	这只牛的角很长。	角	[[4, 5]]		
角|角|jiao3~4	0	這支筆只要五角錢。	这支笔只要五角钱。	角	[[6, 7]]		
角度|角度|jiao3 du4~1	0	這兩條線的角度剛好是九十度。	这两条线的角度刚好是九十度。	角度	[[5, 7]]		
角度|角度|jiao3 du4~2	0	從學生的角度來看，這個規定不太合理。	从学生的角度来看，这个规定不太合理。	角度	[[4, 6]]		
角色|角色|jue2 se4~1	0	他在這部電影裡扮演重要的角色。	他在这部电影里扮演重要的角色。	角色	[[12, 14]]		
解|解|jie3~1	0	我怎麼也解不開這個結。	我怎么也解不开这个结。	解	[[4, 5]]		
解|解|jie3~2	0	這個問題他花了三天才解出來。	这个问题他花了三天才解出来。	解	[[10, 11]]	動	动
解|解|jie3~2	1	這道題有兩個解。	这道题有两个解。	解	[[6, 7]]	名	名
解|解|jie3~3	0	這句話你要怎麼解？	这句话你要怎么解？	解	[[7, 8]]		
解決|解决|jie3 jue2~1	0	這個問題到現在還沒有解決。	这个问题到现在还没有解决。	解決	[[10, 12]]		
解決|解决|jie3 jue2~2	0	部隊很快就解決了那些敵人。	部队很快就解决了那些敌人。	解決	[[5, 7]]		
解釋|解释|jie3 shi4~1	0	老師解釋了這個詞的意思。	老师解释了这个词的意思。	解釋	[[2, 4]]	動	动
解釋|解释|jie3 shi4~1	1	他的解釋大家都能接受。	他的解释大家都能接受。	解釋	[[2, 4]]	名	名
計劃|计划|ji4 hua4~1	0	我們的計劃還沒有完成。	我们的计划还没有完成。	計劃	[[3, 5]]	名	名
計劃|计划|ji4 hua4~1	1	他計劃明年出國讀書。	他计划明年出国读书。	計劃	[[1, 3]]	動	动
計算|计算|ji4 suan4~1	0	他計算了這次旅行要花多少錢。	他计算了这次旅行要花多少钱。	計算	[[1, 3]]		
計算|计算|ji4 suan4~2	0	出發以前，時間要計算清楚。	出发以前，时间要计算清楚。	計算	[[8, 10]]		
計算|计算|ji4 suan4~3	0	他一直在背後計算自己的同事。	他一直在背后计算自己的同事。	計算	[[6, 8]]		
討論|讨论|tao3 lun4~1	0	我們開會討論了明年的計劃。	我们开会讨论了明年的计划。	討論	[[4, 6]]		
訓練|训练|xun4 lian4~1	0	公司每年訓練新來的員工。	公司每年训练新来的员工。	訓練	[[4, 6]]	動	动
訓練|训练|xun4 lian4~1	1	他參加了三個月的訓練。	他参加了三个月的训练。	訓練	[[8, 10]]	名	名
託|托|tuo1~1	0	我託朋友幫我買了一張票。	我托朋友帮我买了一张票。	託	[[1, 2]]		
記|记|ji4~1	0	他的名字我一直記著。	他的名字我一直记着。	記	[[7, 8]]		
記|记|ji4~2	0	開會時他把重點都記了下來。	开会时他把重点都记了下来。	記	[[8, 9]]		
記|记|ji4~4	0	他給了對手一記重拳。	他给了对手一记重拳。	記	[[6, 7]]		
記憶|记忆|ji4 yi4~1	0	他用唱歌的辦法記憶生詞。	他用唱歌的办法记忆生词。	記憶	[[7, 9]]	動	动
記憶|记忆|ji4 yi4~1	1	那幾年在南方的記憶特別深。	那几年在南方的记忆特别深。	記憶	[[7, 9]]	名	名
記者|记者|ji4 zhe3~1	0	那位記者問了市長很多問題。	那位记者问了市长很多问题。	記者	[[2, 4]]		
記錄|记录|ji4 lu4~1	0	請你把會上的意見記錄下來。	请你把会上的意见记录下来。	記錄	[[8, 10]]	動	动
記錄|记录|ji4 lu4~1	1	這份記錄寫得很清楚。	这份记录写得很清楚。	記錄	[[2, 4]]	名	名
記錄|记录|ji4 lu4~2	0	他在這次比賽中打破了世界記錄。	他在这次比赛中打破了世界记录。	記錄	[[12, 14]]		
記錄|记录|ji4 lu4~3	0	今天的會由她當記錄。	今天的会由她当记录。	記錄	[[7, 9]]		
訪問|访问|fang3 wen4~1	0	市長昨天訪問了這所學校。	市长昨天访问了这所学校。	訪問	[[4, 6]]		
訪問|访问|fang3 wen4~2	0	你可以訪問這個網站查資料。	你可以访问这个网站查资料。	訪問	[[3, 5]]		
訪問|访问|fang3 wen4~3	0	記者訪問了三位年輕的作家。	记者访问了三位年轻的作家。	訪問	[[2, 4]]		
設|设|she4~1	0	學校裡設了一個新的圖書館。	学校里设了一个新的图书馆。	設	[[3, 4]]		
設|设|she4~2	0	設這個數為十，就容易算了。	设这个数为十，就容易算了。	設	[[0, 1]]		
設備|设备|she4 bei4~1	0	這家工廠的設備都很新。	这家工厂的设备都很新。	設備	[[5, 7]]		
設置|设置|she4 zhi4~1	0	車站在出口設置了服務臺。	车站在出口设置了服务台。	設置	[[5, 7]]		
設計|设计|she4 ji4~1	0	這座橋是她設計的。	这座桥是她设计的。	設計	[[5, 7]]	動	动
設計|设计|she4 ji4~1	1	大家都很喜歡這個新設計。	大家都很喜欢这个新设计。	設計	[[9, 11]]	名	名
許|许|xu3~1	0	學校不許學生帶手機進教室。	学校不许学生带手机进教室。	許	[[3, 4]]		
許多|许多|xu3 duo1~1	0	他讀過許多有關歷史的書。	他读过许多有关历史的书。	許多	[[3, 5]]		
註|注|zhu4~1	0	老師在課文旁邊註上了讀音。	老师在课文旁边注上了读音。	註	[[7, 8]]	動	动
註|注|zhu4~1	1	書後面的註寫得很清楚。	书后面的注写得很清楚。	註	[[4, 5]]	名	名
評價|评价|ping2 jia4~1	0	我們不應該隨便評價別人。	我们不应该随便评价别人。	評價	[[7, 9]]	動	动
評價|评价|ping2 jia4~1	1	這本小說得到很高的評價。	这本小说得到很高的评价。	評價	[[9, 11]]	名	名
評論|评论|ping2 lun4~1	0	大家都在評論昨天那場比賽。	大家都在评论昨天那场比赛。	評論	[[4, 6]]		
評論|评论|ping2 lun4~2	0	報紙上這篇評論很有意思。	报纸上这篇评论很有意思。	評論	[[5, 7]]		
詞|词|ci2~1	0	這個詞的意思我不太清楚。	这个词的意思我不太清楚。	詞	[[2, 3]]		
詞|词|ci2~2	0	那首歌的詞很打動人。	那首歌的词很打动人。	詞	[[4, 5]]		
詞|词|ci2~3	0	老師今天講的是宋朝的詞。	老师今天讲的是宋朝的词。	詞	[[10, 11]]		
試|试|shi4~1	0	你先試一下這種新的方法。	你先试一下这种新的方法。	試	[[2, 3]]		
試圖|试图|shi4 tu2~1	0	警方試圖找出事故的原因。	警方试图找出事故的原因。	試圖	[[2, 4]]		
試驗|试验|shi4 yan4~1	0	他們正在試驗一種新的種法。	他们正在试验一种新的种法。	試驗	[[4, 6]]	動	动
試驗|试验|shi4 yan4~1	1	這次試驗的結果讓大家很滿意。	这次试验的结果让大家很满意。	試驗	[[2, 4]]	名	名
詩|诗|shi1~1	0	他寫了一首詩送給朋友。	他写了一首诗送给朋友。	詩	[[5, 6]]		
話|话|hua4~1	0	他說的話我一句也沒聽懂。	他说的话我一句也没听懂。	話	[[3, 4]]		
話|话|hua4~2	0	這個村子的話很難懂。	这个村子的话很难懂。	話	[[5, 6]]		
該|该|gai1~1	0	你該早點睡，明天還要上學呢。	你该早点睡，明天还要上学呢。	該	[[1, 2]]		
該|该|gai1~2	0	他早上就出發了，現在該到了。	他早上就出发了，现在该到了。	該	[[10, 11]]		
該|该|gai1~3	0	排隊買票，下一個就該我了。	排队买票，下一个就该我了。	該	[[9, 10]]		
該|该|gai1~4	0	該公司已經正式宣布這個消息。	该公司已经正式宣布这个消息。	該	[[0, 1]]		
該|该|gai1~5	0	他還該我兩百塊錢，一直沒還。	他还该我两百块钱，一直没还。	該	[[2, 3]]		
認為|认为|ren4 wei2~1	0	我認為這個辦法很好，可以試一試。	我认为这个办法很好，可以试一试。	認為	[[1, 3]]		
認識|认识|ren4 shi5~1	0	我們是在大學裡認識的。	我们是在大学里认识的。	認識	[[7, 9]]		
認識|认识|ren4 shi5~1	1	這幾個字我都不認識。	这几个字我都不认识。	認識	[[7, 9]]		
認識|认识|ren4 shi5~2	0	他對這個問題的認識很深。	他对这个问题的认识很深。	認識	[[7, 9]]		
語言|语言|yu3 yan2~1	0	他一共會說四種語言。	他一共会说四种语言。	語言	[[7, 9]]		
說|说|shuo1~1	0	這件事你先別跟別人說。	这件事你先别跟别人说。	說	[[9, 10]]		
說|说|shuo1~2	0	弟弟把杯子打破，被媽媽說了幾句。	弟弟把杯子打破，被妈妈说了几句。	說	[[11, 12]]		
說明|说明|shuo1 ming2~1	0	老師向我們說明了考試的要求。	老师向我们说明了考试的要求。	說明	[[5, 7]]		
說明|说明|shuo1 ming2~2	0	這本書前面有一段說明。	这本书前面有一段说明。	說明	[[8, 10]]		
說明|说明|shuo1 ming2~3	0	這些數字說明問題很嚴重。	这些数字说明问题很严重。	說明	[[4, 6]]		
說法|说法|shuo1 fa3~1	0	這位法師常為大家說法。	这位法师常为大家说法。	說法	[[8, 10]]		
說法|说法|shuo1 fa5~1	0	換一種說法，他也許就能接受。	换一种说法，他也许就能接受。	說法	[[3, 5]]		
說法|说法|shuo1 fa5~2	0	這種說法沒有任何證據。	这种说法没有任何证据。	說法	[[2, 4]]		
誰|谁|shei2~1	0	剛才打電話來的是誰？	刚才打电话来的是谁？	誰	[[8, 9]]		
誰|谁|shei2~2	0	這麼簡單的問題誰都會。	这么简单的问题谁都会。	誰	[[7, 8]]		
課|课|ke4~1	0	今天我們有三節課。	今天我们有三节课。	課	[[7, 8]]		
課|课|ke4~2	0	他這學期選了五門課。	他这学期选了五门课。	課	[[8, 9]]		
課|课|ke4~3	0	政府每年向這些公司課稅。	政府每年向这些公司课税。	課	[[9, 10]]		
課程|课程|ke4 cheng2~1	0	這學期我選了三門課程。	这学期我选了三门课程。	課程	[[8, 10]]		
調|调|diao4~1	0	公司把他調到南方工作。	公司把他调到南方工作。	調	[[4, 5]]		
調|调|diao4~3	0	這首歌的調太高，我唱不上去。	这首歌的调太高，我唱不上去。	調	[[4, 5]]		
調|调|diao4~4	0	她說話的調跟當地人不一樣。	她说话的调跟当地人不一样。	調	[[4, 5]]		
調|调|tiao2~1	0	他把電視的聲音調小了一點。	他把电视的声音调小了一点。	調	[[7, 8]]		
調|调|tiao2~2	0	這道菜的味道調得很好。	这道菜的味道调得很好。	調	[[6, 7]]		
調整|调整|tiao2 zheng3~1	0	天氣變冷了，我調整了出門的時間。	天气变冷了，我调整了出门的时间。	調整	[[7, 9]]		
調查|调查|diao4 cha2~1	0	警方正在調查這起事故的原因。	警方正在调查这起事故的原因。	調查	[[4, 6]]	動	动
調查|调查|diao4 cha2~1	1	這份調查的結果讓人意外。	这份调查的结果让人意外。	調查	[[2, 4]]	名	名
談|谈|tan2~1	0	這件事我們明天再談。	这件事我们明天再谈。	談	[[8, 9]]		
談|谈|tan2~1	1	他找我談了很久，我還是不同意。	他找我谈了很久，我还是不同意。	談	[[3, 4]]		
談判|谈判|tan2 pan4~1	0	兩家公司正在為這件事談判。	两家公司正在为这件事谈判。	談判	[[10, 12]]	動	动
談判|谈判|tan2 pan4~1	1	這次談判進行了整整三天。	这次谈判进行了整整三天。	談判	[[2, 4]]	名	名
請|请|qing3~1	0	請你先看看這份文件。	请你先看看这份文件。	請	[[0, 1]]		
請|请|qing3~2	0	我請他幫忙照顧孩子。	我请他帮忙照顾孩子。	請	[[1, 2]]		
請|请|qing3~3	0	今天我請大家吃飯，別客氣。	今天我请大家吃饭，别客气。	請	[[3, 4]]		
請求|请求|qing3 qiu2~1	0	他請求老師再給他一次機會。	他请求老师再给他一次机会。	請求	[[1, 3]]	動	动
請求|请求|qing3 qiu2~1	1	公司拒絕了他的請求。	公司拒绝了他的请求。	請求	[[7, 9]]	名	名
論|论|lun4~2	0	今天先不論這件事的對錯。	今天先不论这件事的对错。	論	[[4, 5]]		
論|论|lun4~3	0	功勞的大小要按事實來論。	功劳的大小要按事实来论。	論	[[10, 11]]		
論|论|lun4~4	0	這種水果論斤賣，不論個賣。	这种水果论斤卖，不论个卖。	論	[[4, 5]]		
講|讲|jiang3~1	0	他給孩子講了一個故事。	他给孩子讲了一个故事。	講	[[4, 5]]		
講|讲|jiang3~2	0	老師把這道題講了兩遍。	老师把这道题讲了两遍。	講	[[6, 7]]		
講|讲|jiang3~3	0	這個價錢還能再講嗎？	这个价钱还能再讲吗？	講	[[7, 8]]		
講|讲|jiang3~4	0	他這個人很講禮貌。	他这个人很讲礼貌。	講	[[5, 6]]		
講|讲|jiang3~5	0	講經驗，誰也比不上他。	讲经验，谁也比不上他。	講	[[0, 1]]		
謝|谢|xie4~2	0	院子裡的花都謝了。	院子里的花都谢了。	謝	[[6, 7]]		
證實|证实|zheng4 shi2~1	0	這個消息已經得到證實。	这个消息已经得到证实。	證實	[[8, 10]]		
證據|证据|zheng4 ju4~1	0	警方找到了新的證據。	警方找到了新的证据。	證據	[[7, 9]]		
證明|证明|zheng4 ming2~1	0	這些數據證明他的想法是對的。	这些数据证明他的想法是对的。	證明	[[4, 6]]	動	动
證明|证明|zheng4 ming2~1	1	他的成功就是最好的證明。	他的成功就是最好的证明。	證明	[[9, 11]]	名	名
證明|证明|zheng4 ming2~2	0	他帶著醫院開的證明來請假。	他带着医院开的证明来请假。	證明	[[7, 9]]		
警告|警告|jing3 gao4~1	0	醫生警告他不要再喝酒。	医生警告他不要再喝酒。	警告	[[2, 4]]	動	动
警告|警告|jing3 gao4~1	1	這已經是最後一次警告了。	这已经是最后一次警告了。	警告	[[8, 10]]	名	名
警察|警察|jing3 cha2~1	0	路口有兩個警察在指揮交通。	路口有两个警察在指挥交通。	警察	[[5, 7]]		
警方|警方|jing3 fang1~1	0	警方已經抓到了那個人。	警方已经抓到了那个人。	警方	[[0, 2]]		
議員|议员|yi4 yuan2~1	0	這位議員反對政府的新計劃。	这位议员反对政府的新计划。	議員	[[2, 4]]		
議會|议会|yi4 hui4~1	0	議會昨天通過了這項新法律。	议会昨天通过了这项新法律。	議會	[[0, 2]]		
護|护|hu4~1	0	母親用身體護住了孩子。	母亲用身体护住了孩子。	護	[[5, 6]]		
讀|读|du2~1	0	我用了三天讀完那本小說。	我用了三天读完那本小说。	讀	[[5, 6]]		
讀|读|du2~2	0	老師讓學生把課文讀一遍。	老师让学生把课文读一遍。	讀	[[8, 9]]		
讀|读|du2~2	1	這個字你讀錯了。	这个字你读错了。	讀	[[4, 5]]		
讀|读|du2~3	0	我弟弟今年讀高中。	我弟弟今年读高中。	讀	[[5, 6]]		
變|变|bian4~1	0	這幾年這個城市變了很多。	这几年这个城市变了很多。	變	[[7, 8]]		
變化|变化|bian4 hua4~1	0	情況已經變化了。	情况已经变化了。	變化	[[4, 6]]	動	动
變化|变化|bian4 hua4~1	1	這幾年村子裡的變化很大。	这几年村子里的变化很大。	變化	[[7, 9]]	名	名
變成|变成|bian4 cheng2~1	0	下了一夜的雨，路上的水變成了冰。	下了一夜的雨，路上的水变成了冰。	變成	[[11, 13]]		
讓|让|rang4~1	0	媽媽不讓我晚上喝咖啡。	妈妈不让我晚上喝咖啡。	讓	[[3, 4]]		
讓|让|rang4~1	1	這個消息讓大家很高興。	这个消息让大家很高兴。	讓	[[4, 5]]		
讓|让|rang4~2	0	車上人多，他把位置讓給了老人。	车上人多，他把位置让给了老人。	讓	[[9, 10]]		
讓|让|rang4~3	0	蛋糕讓弟弟給吃掉了。	蛋糕让弟弟给吃掉了。	讓	[[2, 3]]	被動句	被动句
谷|谷|gu3~1	0	太陽落下後，谷裡很快就冷了。	太阳落下后，谷里很快就冷了。	谷	[[6, 7]]		
豐富|丰富|feng1 fu4~1	0	這裡的食物種類非常豐富。	这里的食物种类非常丰富。	豐富	[[9, 11]]	形	形
豐富|丰富|feng1 fu4~1	1	讀書能豐富我們的生活。	读书能丰富我们的生活。	豐富	[[3, 5]]	動	动
象|象|xiang4~1	0	我在動物園看到了兩隻象。	我在动物园看到了两只象。	象	[[10, 11]]		
豬|猪|zhu1~1	0	農場裡養了幾十頭豬。	农场里养了几十头猪。	豬	[[8, 9]]		
貓|猫|mao1~1	0	這隻貓一整天都在睡覺。	这只猫一整天都在睡觉。	貓	[[2, 3]]		
貓|猫|mao1~2	0	下雨天他就貓在家裡不出門。	下雨天他就猫在家里不出门。	貓	[[5, 6]]		
貓|猫|mao1~3	0	貓壞了，網絡一直連不上。	猫坏了，网络一直连不上。	貓	[[0, 1]]		
負|负|fu4~2	0	這場比賽紅隊負於藍隊。	这场比赛红队负于蓝队。	負	[[6, 7]]		
負|负|fu4~3	0	零下五度也可以寫成負五度。	零下五度也可以写成负五度。	負	[[9, 10]]		
負責|负责|fu4 ze2~1	0	這個項目由王老師負責。	这个项目由王老师负责。	負責	[[8, 10]]		
負責|负责|fu4 ze2~2	0	他做事一向很負責。	他做事一向很负责。	負責	[[6, 8]]		
財產|财产|cai2 chan3~1	0	老先生把全部財產留給了兒子。	老先生把全部财产留给了儿子。	財產	[[6, 8]]		
貢獻|贡献|gong4 xian4~1	0	他把一生都貢獻給了教育。	他把一生都贡献给了教育。	貢獻	[[5, 7]]	動	动
貢獻|贡献|gong4 xian4~1	1	這位科學家對社會有很大的貢獻。	这位科学家对社会有很大的贡献。	貢獻	[[12, 14]]	名	名
責任|责任|ze2 ren4~1	0	照顧家人是他的責任。	照顾家人是他的责任。	責任	[[7, 9]]		
責任|责任|ze2 ren4~2	0	這次事故的責任在公司。	这次事故的责任在公司。	責任	[[5, 7]]		
貴|贵|gui4~1	0	房子越來越貴，年輕人買不起。	房子越来越贵，年轻人买不起。	貴	[[5, 6]]		
買|买|mai3~1	0	我去市場買了一些水果。	我去市场买了一些水果。	買	[[4, 5]]		
費|费|fei4~1	0	這件事費了我不少時間。	这件事费了我不少时间。	費	[[3, 4]]		
費|费|fei4~3	0	開這種車很費油，一個月要不少錢。	开这种车很费油，一个月要不少钱。	費	[[5, 6]]		
資料|资料|zi1 liao4~1	0	我在網上查到不少有用的資料。	我在网上查到不少有用的资料。	資料	[[11, 13]]		
資格|资格|zi1 ge2~1	0	他有資格參加這次比賽。	他有资格参加这次比赛。	資格	[[2, 4]]		
資格|资格|zi1 ge2~2	0	在這個行業裡，她的資格最老。	在这个行业里，她的资格最老。	資格	[[9, 11]]		
資源|资源|zi1 yuan2~1	0	這個地區的水資源十分豐富。	这个地区的水资源十分丰富。	資源	[[6, 8]]		
資金|资金|zi1 jin1~1	0	這個項目還需要更多資金。	这个项目还需要更多资金。	資金	[[9, 11]]		
賣|卖|mai4~1	0	他在市場上賣水果。	他在市场上卖水果。	賣	[[5, 6]]		
賣|卖|mai4~2	0	為了錢，他賣了自己的朋友。	为了钱，他卖了自己的朋友。	賣	[[5, 6]]		
賽|赛|sai4~2	0	他們幾個一個賽一個聰明。	他们几个一个赛一个聪明。	賽	[[6, 7]]		
贏得|赢得|ying2 de2~1	0	這部電影贏得了很多獎。	这部电影赢得了很多奖。	贏得	[[4, 6]]		
走|走|zou3~1	0	從這裡走過去只要十分鐘。	从这里走过去只要十分钟。	走	[[3, 4]]		
走|走|zou3~2	0	時間不早了，我先走了。	时间不早了，我先走了。	走	[[8, 9]]		
走|走|zou3~4	0	他母親上個月走了，大家都很傷心。	他母亲上个月走了，大家都很伤心。	走	[[6, 7]]		
走|走|zou3~5	0	我們走這條小路，會近一些。	我们走这条小路，会近一些。	走	[[2, 3]]		
走|走|zou3~6	0	明天我要去走親戚。	明天我要去走亲戚。	走	[[5, 6]]		
起|起|qi3~1	0	他星期天也起得很早。	他星期天也起得很早。	起	[[5, 6]]		
起|起|qi3~2	0	他從地上拿起一本書。	他从地上拿起一本书。	起	[[5, 6]]	向上	向上
起|起|qi3~2	1	大家一聽音樂就唱起歌來。	大家一听音乐就唱起歌来。	起	[[8, 9]]	開始	开始
起|起|qi3~2	2	說起小時候的事，他就笑了。	说起小时候的事，他就笑了。	起	[[1, 2]]	提到	提到
起|起|qi3~3	0	從下星期一起，我每天早上跑步。	从下星期一起，我每天早上跑步。	起	[[5, 6]]	從…起	从…起
起|起|qi3~3	1	這裡的房間每晚八百元起。	这里的房间每晚八百元起。	起	[[10, 11]]	價錢起點	价钱起点
起|起|qi3~4	0	下午起了大風，天也變黑了。	下午起了大风，天也变黑了。	起	[[2, 3]]		
起|起|qi3~5	0	警方正在調查兩起案件。	警方正在调查两起案件。	起	[[7, 8]]		
起|起|qi3~7	0	我們給小貓起了個好聽的名字。	我们给小猫起了个好听的名字。	起	[[5, 6]]		
起|起|qi3~8	0	他把牆上的釘子起了出來。	他把墙上的钉子起了出来。	起	[[7, 8]]		
起|起|qi3~9	0	今天店裡來了兩起客人。	今天店里来了两起客人。	起	[[7, 8]]		
起來|起来|qi3 lai5~1	0	快起來，太陽都出來了。	快起来，太阳都出来了。	起來	[[1, 3]]		
起來|起来|qi5 lai5~1	0	他站起來向大家問好。	他站起来向大家问好。	起來	[[2, 4]]	動詞後	动词后
起來|起来|qi5 lai5~2	0	聽到這句話，大家都笑起來了。	听到这句话，大家都笑起来了。	起來	[[10, 12]]	動詞後	动词后
起來|起来|qi5 lai5~2	1	天氣一天天熱起來了。	天气一天天热起来了。	起來	[[6, 8]]	形容詞後	形容词后
起來|起来|qi5 lai5~3	0	他把重要的信件都收起來了。	他把重要的信件都收起来了。	起來	[[9, 11]]	把…起來	把…起来
起來|起来|qi5 lai5~3	1	我終於想起來他姓什麼了。	我终于想起来他姓什么了。	起來	[[4, 6]]	動詞後	动词后
起來|起来|qi5 lai5~4	0	他看起來心情不太好。	他看起来心情不太好。	起來	[[2, 4]]	看起來	看起来
起來|起来|qi5 lai5~4	1	這件事說起來話就長了。	这件事说起来话就长了。	起來	[[4, 6]]	說起來	说起来
超|超|chao1~1	0	他開車超了前面那輛車。	他开车超了前面那辆车。	超	[[3, 4]]		
超|超|chao1~1	1	不好意思，你的時間超了。	不好意思，你的时间超了。	超	[[9, 10]]		
超|超|chao1~3	0	這部電影超好看。	这部电影超好看。	超	[[4, 5]]		
超級|超级|chao1 ji2~1	0	他是全國最有名的超級明星。	他是全国最有名的超级明星。	超級	[[8, 10]]	形	形
超級|超级|chao1 ji2~1	1	這家店的麵包超級好吃。	这家店的面包超级好吃。	超級	[[6, 8]]	副	副
超過|超过|chao1 guo4~1	0	這部電影超過三個小時。	这部电影超过三个小时。	超過	[[4, 6]]		
超過|超过|chao1 guo4~2	0	他的成績已經超過了我。	他的成绩已经超过了我。	超過	[[6, 8]]		
越|越|yue4~1	0	他越說越生氣，最後走了出去。	他越说越生气，最后走了出去。	越	[[1, 2]]	越…越	越…越
越|越|yue4~1	1	天氣越來越熱，大家都不想出門。	天气越来越热，大家都不想出门。	越	[[2, 3]]	越來越	越来越
越來越|越来越|yue4 lai2 yue4~1	0	天氣越來越冷了。	天气越来越冷了。	越來越	[[2, 5]]	形容詞前	形容词前
越來越|越来越|yue4 lai2 yue4~1	1	他越來越喜歡這個地方。	他越来越喜欢这个地方。	越來越	[[1, 4]]	動詞前	动词前
越來越|越来越|yue4 lai2 yue4~1	2	我越來越不想去上班了。	我越来越不想去上班了。	越來越	[[1, 4]]	否定形式	否定形式
足|足|zu2~2	0	今年的雨水很足。	今年的雨水很足。	足	[[6, 7]]		
足|足|zu2~3	0	這條路足有十公里。	这条路足有十公里。	足	[[3, 4]]		
足夠|足够|zu2 gou4~1	0	我們的時間足夠完成這項工作。	我们的时间足够完成这项工作。	足夠	[[5, 7]]		
足球|足球|zu2 qiu2~1	0	他從小就喜歡看足球比賽。	他从小就喜欢看足球比赛。	足球	[[7, 9]]		
足球|足球|zu2 qiu2~2	0	他買了一個新足球。	他买了一个新足球。	足球	[[6, 8]]		
跑|跑|pao3~1	0	他每天早上都到公園裡跑。	他每天早上都到公园里跑。	跑	[[10, 11]]		
跑|跑|pao3~2	0	小偷一看見警察就跑了。	小偷一看见警察就跑了。	跑	[[8, 9]]		
跑|跑|pao3~3	0	為了這件事，他跑了好幾個地方。	为了这件事，他跑了好几个地方。	跑	[[7, 8]]		
跑|跑|pao3~4	0	瓶蓋沒關好，汽水的氣都跑了。	瓶盖没关好，汽水的气都跑了。	跑	[[11, 12]]		
跑|跑|pao3~5	0	那隻鳥被聲音嚇跑了。	那只鸟被声音吓跑了。	跑	[[7, 8]]		
距離|距离|ju4 li2~1	0	從我家到學校的距離不算遠。	从我家到学校的距离不算远。	距離	[[7, 9]]	名	名
距離|距离|ju4 li2~1	1	這家店距離車站不到一公里。	这家店距离车站不到一公里。	距離	[[3, 5]]	動	动
跟|跟|gen1~1	0	我明天跟朋友去看電影。	我明天跟朋友去看电影。	跟	[[3, 4]]	共同做事	共同做事
跟|跟|gen1~1	1	這件事你要跟老師說清楚。	这件事你要跟老师说清楚。	跟	[[5, 6]]	說話對象	说话对象
跟|跟|gen1~1	2	我的想法跟你完全一樣。	我的想法跟你完全一样。	跟	[[4, 5]]	比較	比较
跟|跟|gen1~2	0	爸爸跟媽媽都同意了。	爸爸跟妈妈都同意了。	跟	[[2, 3]]	連接名詞	连接名词
跟|跟|gen1~3	0	你跟著前面的車走就對了。	你跟着前面的车走就对了。	跟	[[1, 2]]		
跟|跟|gen1~5	0	她十八歲就跟了那個男人。	她十八岁就跟了那个男人。	跟	[[5, 6]]		
路|路|lu4~1	0	這條路晚上很少有車。	这条路晚上很少有车。	路	[[2, 3]]		
路|路|lu4~2	0	從這裡到學校還有很長的路。	从这里到学校还有很长的路。	路	[[11, 12]]		
路|路|lu4~3	0	我每天坐五路車上班。	我每天坐五路车上班。	路	[[5, 6]]		
路|路|lu4~4	0	他們兩個是一路人。	他们两个是一路人。	路	[[6, 7]]		
路線|路线|lu4 xian4~1	0	這條路線要經過三個車站。	这条路线要经过三个车站。	路線	[[2, 4]]		
路線|路线|lu4 xian4~2	0	這個政黨改變了原來的路線。	这个政党改变了原来的路线。	路線	[[10, 12]]		
跳|跳|tiao4~1	0	他一下子跳過了門前的小水溝。	他一下子跳过了门前的小水沟。	跳	[[4, 5]]		
跳|跳|tiao4~2	0	聽到這個消息，他的心跳個不停。	听到这个消息，他的心跳个不停。	跳	[[10, 11]]		
跳|跳|tiao4~3	0	他讀書時常跳過不懂的地方。	他读书时常跳过不懂的地方。	跳	[[5, 6]]		
身|身|shen1~1	0	他轉過身，看了我一眼。	他转过身，看了我一眼。	身	[[3, 4]]		
身|身|shen1~5	0	他今天穿了一身新衣服。	他今天穿了一身新衣服。	身	[[6, 7]]		
身上|身上|shen1 shang5~1	0	他身上穿著一件藍色的外套。	他身上穿着一件蓝色的外套。	身上	[[1, 3]]		
身上|身上|shen1 shang5~2	0	大家把希望都放在他身上。	大家把希望都放在他身上。	身上	[[9, 11]]		
身份|身份|shen1 fen4~1	0	警察正在查這個人的身份。	警察正在查这个人的身份。	身份	[[9, 11]]		
身體|身体|shen1 ti3~1	0	小孩的身體長得很快。	小孩的身体长得很快。	身體	[[3, 5]]		
身體|身体|shen1 ti3~2	0	你要注意身體，別太累了。	你要注意身体，别太累了。	身體	[[4, 6]]		
車|车|che1~1	0	下班的時候，路上的車特別多。	下班的时候，路上的车特别多。	車	[[9, 10]]		
車|车|che1~3	0	工人把這根鐵棒車圓了。	工人把这根铁棒车圆了。	車	[[7, 8]]		
車站|车站|che1 zhan4~1	0	我在車站等了半個小時。	我在车站等了半个小时。	車站	[[2, 4]]		
軌道|轨道|gui3 dao4~1	0	工人正在修理地鐵的軌道。	工人正在修理地铁的轨道。	軌道	[[9, 11]]		
軌道|轨道|gui3 dao4~2	0	這顆衛星已經進入軌道。	这颗卫星已经进入轨道。	軌道	[[8, 10]]		
軌道|轨道|gui3 dao4~3	0	公司的經營慢慢走上了正常軌道。	公司的经营慢慢走上了正常轨道。	軌道	[[12, 14]]		
軍事|军事|jun1 shi4~1	0	這個國家十分重視軍事。	这个国家十分重视军事。	軍事	[[8, 10]]		
軍隊|军队|jun1 dui4~1	0	這支軍隊已經開到了城外。	这支军队已经开到了城外。	軍隊	[[2, 4]]		
較|较|jiao4~1	0	這篇文章較長，要慢慢讀。	这篇文章较长，要慢慢读。	較	[[4, 5]]		
較|较|jiao4~2	0	今年的雨水較去年多。	今年的雨水较去年多。	較	[[5, 6]]		
載|载|zai4~1	0	這輛小車最多能載五個人。	这辆小车最多能载五个人。	載	[[7, 8]]		
輕|轻|qing1~1	0	這個箱子很輕，我一個人就能搬。	这个箱子很轻，我一个人就能搬。	輕	[[5, 6]]		
輕|轻|qing1~2	0	她說話的聲音輕得幾乎聽不見。	她说话的声音轻得几乎听不见。	輕	[[6, 7]]		
輕|轻|qing1~2	1	請把門關上，動作輕一點。	请把门关上，动作轻一点。	輕	[[8, 9]]		
輕|轻|qing1~3	0	醫生說他這次的傷比較輕。	医生说他这次的伤比较轻。	輕	[[10, 11]]		
輛|辆|liang4~1	0	學校門口停著三輛汽車。	学校门口停着三辆汽车。	輛	[[7, 8]]		
輪|轮|lun2~2	0	今天輪到你打掃教室。	今天轮到你打扫教室。	輪	[[2, 3]]		
輪|轮|lun2~4	0	天上掛著一輪明月。	天上挂着一轮明月。	輪	[[5, 6]]		
輪|轮|lun2~5	0	他們又進行了一輪討論。	他们又进行了一轮讨论。	輪	[[7, 8]]		
轉|转|zhuan3~1	0	前面路口向右轉就到了。	前面路口向右转就到了。	轉	[[6, 7]]		
轉|转|zhuan3~2	0	這封信請你轉給他。	这封信请你转给他。	轉	[[5, 6]]		
轉|转|zhuan3~3	0	天氣轉冷，記得多穿衣服。	天气转冷，记得多穿衣服。	轉	[[2, 3]]		
轉|转|zhuan4~1	0	車子開走了，輪子轉得很快。	车子开走了，轮子转得很快。	轉	[[8, 9]]		
轉|转|zhuan4~2	0	他在附近轉了半天，什麼也沒買。	他在附近转了半天，什么也没买。	轉	[[4, 5]]		
轉|转|zhuan4~3	0	這臺機器每分鐘轉三千轉。	这台机器每分钟转三千转。	轉	[[10, 11]]		
轉移|转移|zhuan3 yi2~1	0	他們把病人轉移到另一家醫院。	他们把病人转移到另一家医院。	轉移	[[5, 7]]		
轉移|转移|zhuan3 yi2~2	0	他說了個笑話，想轉移大家的注意力。	他说了个笑话，想转移大家的注意力。	轉移	[[8, 10]]		
轉移|转移|zhuan3 yi2~3	0	檢查發現癌細胞已經轉移了。	检查发现癌细胞已经转移了。	轉移	[[9, 11]]		
辦|办|ban4~1	0	明天我要去銀行辦幾件事。	明天我要去银行办几件事。	辦	[[7, 8]]		
辦|办|ban4~2	0	他們在村裡辦了一所小學。	他们在村里办了一所小学。	辦	[[5, 6]]		
辦公室|办公室|ban4 gong1 shi4~1	0	經理正在辦公室裡打電話。	经理正在办公室里打电话。	辦公室	[[4, 7]]		
辦法|办法|ban4 fa3~1	0	我們得想個辦法把這件事做完。	我们得想个办法把这件事做完。	辦法	[[5, 7]]		
辭職|辞职|ci2 zhi2~1	0	他因為身體不好，上個月辭職了。	他因为身体不好，上个月辞职了。	辭職	[[11, 13]]		
迅速|迅速|xun4 su4~1	0	警察接到通知後迅速趕到現場。	警察接到通知后迅速赶到现场。	迅速	[[7, 9]]		
近|近|jin4~1	0	我家離學校很近。	我家离学校很近。	近	[[6, 7]]		
近|近|jin4~2	0	那場比賽來了近三千人。	那场比赛来了近三千人。	近	[[6, 7]]		
返回|返回|fan3 hui2~1	0	他辦完事就返回學校。	他办完事就返回学校。	返回	[[5, 7]]		
追|追|zhui1~1	0	警察一路追那個小偷。	警察一路追那个小偷。	追	[[4, 5]]		
追|追|zhui1~2	0	這件事的責任一定要追到底。	这件事的责任一定要追到底。	追	[[9, 10]]		
追|追|zhui1~3	0	他追了三年，兩個人終於在一起了。	他追了三年，两个人终于在一起了。	追	[[1, 2]]		
追|追|zhui1~4	0	我最近在追一部很好看的電視劇。	我最近在追一部很好看的电视剧。	追	[[4, 5]]		
退|退|tui4~1	0	看到那條狗，他往後退了幾步。	看到那条狗，他往后退了几步。	退	[[9, 10]]		
退|退|tui4~2	0	老闆答應把錢退給他。	老板答应把钱退给他。	退	[[6, 7]]		
退|退|tui4~3	0	孩子的燒終於退了。	孩子的烧终于退了。	退	[[6, 7]]		
退出|退出|tui4 chu1~1	0	他因為受傷退出了比賽。	他因为受伤退出了比赛。	退出	[[5, 7]]		
退出|退出|tui4 chu1~2	0	他關上電腦前先退出了系統。	他关上电脑前先退出了系统。	退出	[[7, 9]]		
送|送|song4~1	0	他每天早上送報紙。	他每天早上送报纸。	送	[[5, 6]]		
送|送|song4~2	0	生日那天朋友送我一本書。	生日那天朋友送我一本书。	送	[[6, 7]]		
送|送|song4~3	0	我送她到車站才回來。	我送她到车站才回来。	送	[[1, 2]]		
逃|逃|tao2~1	0	小偷從後門逃了出去。	小偷从后门逃了出去。	逃	[[5, 6]]		
逐漸|逐渐|zhu2 jian4~1	0	他的身體逐漸好起來了。	他的身体逐渐好起来了。	逐漸	[[4, 6]]		
這|这|zhe4~1	0	這是我們學校的圖書館。	这是我们学校的图书馆。	這	[[0, 1]]	單用	单用
這|这|zhe4~1	1	這本書我已經看完了。	这本书我已经看完了。	這	[[0, 1]]	量詞前	量词前
這|这|zhe4~1	2	這孩子說話真有意思。	这孩子说话真有意思。	這	[[0, 1]]	名詞前	名词前
這|这|zhei4~1	0	這件衣服樣子不錯，我很喜歡。	这件衣服样子不错，我很喜欢。	這	[[0, 1]]		
這些|这些|zhe4 xie1~1	0	這些書我都看過了。	这些书我都看过了。	這些	[[0, 2]]		
這些|这些|zhe4 xie1~1	1	這些是誰留下的東西？	这些是谁留下的东西？	這些	[[0, 2]]		
這個|这个|zhe4 ge5~1	0	這個地方我以前來過。	这个地方我以前来过。	這個	[[0, 2]]	接名詞	接名词
這個|这个|zhe4 ge5~1	1	這個比那個好看一點。	这个比那个好看一点。	這個	[[0, 2]]	單獨用	单独用
這個|这个|zhe4 ge5~2	0	這個……我一時想不起來了。	这个……我一时想不起来了。	這個	[[0, 2]]	停頓	停顿
這樣|这样|zhe4 yang4~1	0	你這樣做，別人會不高興。	你这样做，别人会不高兴。	這樣	[[1, 3]]		
這樣|这样|zhe4 yang4~1	1	這樣的機會以後不會再有了。	这样的机会以后不会再有了。	這樣	[[0, 2]]		
這種|这种|zhe4 zhong3~1	0	這種天氣最容易生病。	这种天气最容易生病。	這種	[[0, 2]]		
這裡|这里|zhe4 li3~1	0	你先在這裡等我一下。	你先在这里等我一下。	這裡	[[3, 5]]		
通|通|tong1~1	0	這條路一直通到海邊。	这条路一直通到海边。	通	[[5, 6]]		
通|通|tong1~2	0	我們已經好久沒通電話了。	我们已经好久没通电话了。	通	[[7, 8]]		
通|通|tong1~5	0	他昨天給我打了一通電話。	他昨天给我打了一通电话。	通	[[8, 9]]		
通|通|tong4~1	0	他被老闆罵了一通。	他被老板骂了一通。	通	[[7, 8]]		
通常|通常|tong1 chang2~1	0	他通常星期天不上班。	他通常星期天不上班。	通常	[[1, 3]]	副	副
通常|通常|tong1 chang2~1	1	這不是通常的做法。	这不是通常的做法。	通常	[[3, 5]]	形	形
通知|通知|tong1 zhi1~1	0	請你通知大家明天不上課。	请你通知大家明天不上课。	通知	[[2, 4]]		
通知|通知|tong1 zhi1~2	0	學校發了一個開會的通知。	学校发了一个开会的通知。	通知	[[9, 11]]		
通過|通过|tong1 guo4~5	0	火車通過大橋時，聲音很大。	火车通过大桥时，声音很大。	通過	[[2, 4]]		
通過|通过|tong1 guo4~6	0	他這次通過了考試，非常高興。	他这次通过了考试，非常高兴。	通過	[[3, 5]]		
通過|通过|tong1 guo4~7	0	通過這次比賽，他認識了很多朋友。	通过这次比赛，他认识了很多朋友。	通過	[[0, 2]]	引出方式	引出方式
速度|速度|su4 du4~1	0	這輛車的速度太快了。	这辆车的速度太快了。	速度	[[4, 6]]		
造|造|zao4~1	0	這座橋是三年前造的。	这座桥是三年前造的。	造	[[7, 8]]		
造|造|zao4~2	0	人們造出了許多新的說法。	人们造出了许多新的说法。	造	[[2, 3]]		
造|造|zao4~5	0	這裡的水稻一年可以收三造。	这里的水稻一年可以收三造。	造	[[11, 12]]		
造成|造成|zao4 cheng2~1	0	這場大雨造成了不少損失。	这场大雨造成了不少损失。	造成	[[4, 6]]		
連|连|lian2~1	0	這條路把兩個城市連起來了。	这条路把两个城市连起来了。	連	[[8, 9]]		
連|连|lian2~2	0	連小孩子都知道這件事。	连小孩子都知道这件事。	連	[[0, 1]]	連…都	连…都
連|连|lian2~2	1	他忙得連飯也沒吃。	他忙得连饭也没吃。	連	[[3, 4]]	連…也	连…也
連|连|lian2~3	0	連我在內，一共有十個人。	连我在内，一共有十个人。	連	[[0, 1]]	連…在內	连…在内
連|连|lian2~3	1	連人帶車掉進了河裡。	连人带车掉进了河里。	連	[[0, 1]]	連…帶…	连…带…
連|连|lian2~4	0	他連問了三次，還是不明白。	他连问了三次，还是不明白。	連	[[1, 2]]		
連|连|lian2~5	0	全連的人都出發了。	全连的人都出发了。	連	[[1, 2]]		
連接|连接|lian2 jie1~1	0	這條路連接兩個城市。	这条路连接两个城市。	連接	[[3, 5]]		
連續|连续|lian2 xu4~1	0	他連續三天都遲到了。	他连续三天都迟到了。	連續	[[1, 3]]		
逮捕|逮捕|dai4 bu3~1	0	警方昨天逮捕了三名嫌犯。	警方昨天逮捕了三名嫌犯。	逮捕	[[4, 6]]		
週|周|zhou1~1	0	這週我要交一份報告。	这周我要交一份报告。	週	[[1, 2]]		
週年|周年|zhou1 nian2~1	0	今年是公司成立五十週年。	今年是公司成立五十周年。	週年	[[9, 11]]		
進|进|jin4~1	0	他敲了門才進辦公室。	他敲了门才进办公室。	進	[[5, 6]]		
進|进|jin4~2	0	這件事只能進，不能退。	这件事只能进，不能退。	進	[[5, 6]]		
進|进|jin4~3	0	這家店剛進了一批新貨。	这家店刚进了一批新货。	進	[[4, 5]]		
進|进|jin4~5	0	他家的老房子有三進院子。	他家的老房子有三进院子。	進	[[8, 9]]		
進一步|进一步|jin4 yi1 bu4~1	0	我們需要進一步了解這件事。	我们需要进一步了解这件事。	進一步	[[4, 7]]		
進入|进入|jin4 ru4~1	0	火車慢慢進入車站。	火车慢慢进入车站。	進入	[[4, 6]]		
進入|进入|jin4 ru4~1	1	這項工作已經進入最後階段。	这项工作已经进入最后阶段。	進入	[[6, 8]]		
進攻|进攻|jin4 gong1~1	0	部隊在早上開始進攻。	部队在早上开始进攻。	進攻	[[7, 9]]	動	动
進攻|进攻|jin4 gong1~1	1	這次進攻沒有取得成功。	这次进攻没有取得成功。	進攻	[[2, 4]]	名	名
進步|进步|jin4 bu4~1	0	他的中文進步得很快。	他的中文进步得很快。	進步	[[4, 6]]	動	动
進步|进步|jin4 bu4~1	1	這半年他在學習上有很大的進步。	这半年他在学习上有很大的进步。	進步	[[12, 14]]	名	名
進行|进行|jin4 xing2~1	0	比賽正在進行，觀眾非常興奮。	比赛正在进行，观众非常兴奋。	進行	[[4, 6]]		
進行|进行|jin4 xing2~1	1	警方對這起案件進行了調查。	警方对这起案件进行了调查。	進行	[[7, 9]]		
逼|逼|bi1~1	0	別再逼我了，我真的做不到。	别再逼我了，我真的做不到。	逼	[[2, 3]]		
遇到|遇到|yu4 dao4~1	0	昨天我在路上遇到了一位老朋友。	昨天我在路上遇到了一位老朋友。	遇到	[[6, 8]]		
遊戲|游戏|you2 xi4~1	0	這個遊戲的規則很簡單。	这个游戏的规则很简单。	遊戲	[[2, 4]]		
遊戲|游戏|you2 xi4~2	0	孩子們在草地上快樂地遊戲。	孩子们在草地上快乐地游戏。	遊戲	[[10, 12]]		
運|运|yun4~1	0	他們用船把糧食運到島上。	他们用船把粮食运到岛上。	運	[[7, 8]]		
運動|运动|yun4 dong4~1	0	他每天早上都運動半小時。	他每天早上都运动半小时。	運動	[[6, 8]]	動	动
運動|运动|yun4 dong4~1	1	游泳是我最喜歡的運動。	游泳是我最喜欢的运动。	運動	[[8, 10]]	名	名
運動|运动|yun4 dong4~2	0	地球一直繞著太陽運動。	地球一直绕着太阳运动。	運動	[[8, 10]]	動	动
運動|运动|yun4 dong4~2	1	他在研究星球的運動。	他在研究星球的运动。	運動	[[7, 9]]	名	名
運動|运动|yun4 dong4~3	0	這場運動持續了三個月。	这场运动持续了三个月。	運動	[[2, 4]]		
運動員|运动员|yun4 dong4 yuan2~1	0	那位運動員拿到了金牌。	那位运动员拿到了金牌。	運動員	[[2, 5]]		
過|过|guo4~1	0	過馬路的時候要小心。	过马路的时候要小心。	過	[[0, 1]]		
過|过|guo4~2	0	孩子出生以後，日子過得又忙又快樂。	孩子出生以后，日子过得又忙又快乐。	過	[[9, 10]]		
過|过|guo4~3	0	今年生日你打算怎麼過？	今年生日你打算怎么过？	過	[[9, 10]]		
過|过|guo4~4	0	他最近工作壓力過大，睡得不好。	他最近工作压力过大，睡得不好。	過	[[7, 8]]		
過|过|guo5~1	0	這部電影我以前看過一次。	这部电影我以前看过一次。	過	[[8, 9]]	肯定	肯定
過|过|guo5~1	1	他從來沒吃過這麼好的菜。	他从来没吃过这么好的菜。	過	[[5, 6]]	否定	否定
過|过|guo5~1	2	你來過這個城市嗎？	你来过这个城市吗？	過	[[2, 3]]	疑問	疑问
過去|过去|guo4 qu4~1	0	他不願意談自己的過去。	他不愿意谈自己的过去。	過去	[[8, 10]]		
過去|过去|guo4 qu4~2	0	前面有人叫你，你過去看看。	前面有人叫你，你过去看看。	過去	[[8, 10]]		
過去|过去|guo4 qu5~1	0	他站起來，慢慢走過去。	他站起来，慢慢走过去。	過去	[[8, 10]]	動作向那邊	动作向那边
過去|过去|guo4 qu5~1	1	請你把這本書送過去。	请你把这本书送过去。	過去	[[7, 9]]	把東西送到那邊	把东西送到那边
過去|过去|guo4 qu5~1	2	她突然暈過去了。	她突然晕过去了。	過去	[[4, 6]]	進入某種狀態	进入某种状态
過程|过程|guo4 cheng2~1	0	這件事的處理過程很複雜。	这件事的处理过程很复杂。	過程	[[6, 8]]		
道|道|dao4~1	0	這條道通向山下的小村。	这条道通向山下的小村。	道	[[2, 3]]		
道|道|dao4~3	0	這次考試只有五道題目。	这次考试只有五道题目。	道	[[7, 8]]		
道|道|dao4~5	0	老子講的道，很難用話說清楚。	老子讲的道，很难用话说清楚。	道	[[4, 5]]		
道|道|dao4~6	0	只聽他道了一聲「請進」。	只听他道了一声「请进」。	道	[[3, 4]]		
道德|道德|dao4 de2~1	0	他做事很有道德，從不騙人。	他做事很有道德，从不骗人。	道德	[[5, 7]]		
道路|道路|dao4 lu4~1	0	這條道路兩旁都是樹。	这条道路两旁都是树。	道路	[[2, 4]]		
達|达|da2~1	0	這次比賽的人數達三千人。	这次比赛的人数达三千人。	達	[[7, 8]]		
達到|达到|da2 dao4~1	0	他的成績已經達到入學要求。	他的成绩已经达到入学要求。	達到	[[6, 8]]		
達到|达到|da2 dao4~1	1	今天的氣溫達到三十五度。	今天的气温达到三十五度。	達到	[[5, 7]]		
達成|达成|da2 cheng2~1	0	雙方最後達成了合作的協議。	双方最后达成了合作的协议。	達成	[[4, 6]]		
遠|远|yuan3~1	0	他每天走很遠的路去上學。	他每天走很远的路去上学。	遠	[[5, 6]]		
遠|远|yuan3~2	0	這個辦法遠比原來的好。	这个办法远比原来的好。	遠	[[4, 5]]		
適合|适合|shi4 he2~1	0	這件衣服很適合你。	这件衣服很适合你。	適合	[[5, 7]]		
遭|遭|zao1~1	0	他遭人陷害，失去了工作。	他遭人陷害，失去了工作。	遭	[[1, 2]]		
遭|遭|zao1~2	0	這種事情我經歷過兩遭。	这种事情我经历过两遭。	遭	[[9, 10]]		
遭到|遭到|zao1 dao4~1	0	他的計劃遭到大家的反對。	他的计划遭到大家的反对。	遭到	[[4, 6]]		
選|选|xuan3~1	0	他選了一件藍色的衣服。	他选了一件蓝色的衣服。	選	[[1, 2]]		
選|选|xuan3~2	0	全班同學選他當班長。	全班同学选他当班长。	選	[[4, 5]]		
選手|选手|xuan3 shou3~1	0	這名選手今年拿到了冠軍。	这名选手今年拿到了冠军。	選手	[[2, 4]]		
選擇|选择|xuan3 ze2~1	0	他選擇留在家裡工作。	他选择留在家里工作。	選擇	[[1, 3]]	動	动
選擇|选择|xuan3 ze2~1	1	這是我自己的選擇。	这是我自己的选择。	選擇	[[6, 8]]	名	名
選舉|选举|xuan3 ju3~1	0	全班選舉了新的班長。	全班选举了新的班长。	選舉	[[2, 4]]	動	动
選舉|选举|xuan3 ju3~1	1	這次選舉的結果讓人意外。	这次选举的结果让人意外。	選舉	[[2, 4]]	名	名
避免|避免|bi4 mian3~1	0	開車要小心，避免發生事故。	开车要小心，避免发生事故。	避免	[[6, 8]]		
邀請|邀请|yao1 qing3~1	0	他邀請我去看電影。	他邀请我去看电影。	邀請	[[1, 3]]	動	动
邀請|邀请|yao1 qing3~1	1	我收到了他們的邀請。	我收到了他们的邀请。	邀請	[[7, 9]]	名	名
還|还|hai2~1	0	都十點了，他還在睡覺。	都十点了，他还在睡觉。	還	[[6, 7]]	還在＋動詞	还在＋动词
還|还|hai2~1	1	那本書我還沒看完。	那本书我还没看完。	還	[[4, 5]]	還沒＋動詞	还没＋动词
還|还|hai2~2	0	除了唱歌，她還會跳舞。	除了唱歌，她还会跳舞。	還	[[6, 7]]	除了…還…	除了…还…
還|还|hai2~3	0	這個問題比那個還難。	这个问题比那个还难。	還	[[7, 8]]	比…還…	比…还…
還|还|hai2~4	0	他做的菜還不錯，你試試。	他做的菜还不错，你试试。	還	[[4, 5]]	還＋形容詞	还＋形容词
還|还|hai2~5	0	那麼重的東西，大人還拿不動，何況孩子呢？	那么重的东西，大人还拿不动，何况孩子呢？	還	[[9, 10]]	還…，何況…	还…，何况…
還|还|hai2~6	0	還在十年以前，這裡就有了車站。	还在十年以前，这里就有了车站。	還	[[0, 1]]	還在＋時間詞	还在＋时间词
還|还|huan2~1	0	我明天要去圖書館還書。	我明天要去图书馆还书。	還	[[8, 9]]		
還|还|huan2~1	1	這筆錢我下個月就能還。	这笔钱我下个月就能还。	還	[[9, 10]]		
還是|还是|hai2 shi5~1	0	這麼晚了，他還是沒有回來。	这么晚了，他还是没有回来。	還是	[[6, 8]]		
還是|还是|hai2 shi5~1	1	雖然下著大雨，他還是來了。	虽然下着大雨，他还是来了。	還是	[[8, 10]]		
還是|还是|hai2 shi5~2	0	你想喝茶還是喝咖啡？	你想喝茶还是喝咖啡？	還是	[[4, 6]]		
還是|还是|hai2 shi5~3	0	天氣不好，我們還是明天去吧。	天气不好，我们还是明天去吧。	還是	[[7, 9]]		
還有|还有|hai2 you3~1	0	我們還有十分鐘可以休息。	我们还有十分钟可以休息。	還有	[[2, 4]]		
還有|还有|hai2 you3~2	0	桌上有書、報紙，還有幾張照片。	桌上有书、报纸，还有几张照片。	還有	[[8, 10]]	並列	并列
還有|还有|hai2 you3~2	1	還有，你別忘了給他打電話。	还有，你别忘了给他打电话。	還有	[[0, 2]]	句首補充	句首补充
邊|边|bian1~1	0	這張紙的邊有點破了。	这张纸的边有点破了。	邊	[[4, 5]]		
邊|边|bian1~3	0	他邊開車邊打電話，很危險。	他边开车边打电话，很危险。	邊	[[1, 2]]		
那|那|na4~1	0	那本書是我上個月買的。	那本书是我上个月买的。	那	[[0, 1]]	用在量詞前	用在量词前
那|那|na4~1	1	那是他昨天說的話。	那是他昨天说的话。	那	[[0, 1]]	單用指事物	单用指事物
那|那|na4~2	0	你不去，那我也不去了。	你不去，那我也不去了。	那	[[4, 5]]	說出結果	说出结果
那|那|na4~2	1	那你打算怎麼辦？	那你打算怎么办？	那	[[0, 1]]	接著提問	接着提问
那些|那些|na4 xie1~1	0	那些書都是我從圖書館借的。	那些书都是我从图书馆借的。	那些	[[0, 2]]		
那個|那个|na4 ge5~1	0	我要那個，不要這個。	我要那个，不要这个。	那個	[[2, 4]]		
那個|那个|na4 ge5~2	0	他那個高興啊，話都說不出來。	他那个高兴啊，话都说不出来。	那個	[[1, 3]]	形容詞前	形容词前
那個|那个|na4 ge5~2	1	我那個擔心，一晚上沒睡。	我那个担心，一晚上没睡。	那個	[[1, 3]]	動詞前	动词前
那個|那个|na4 ge5~3	0	他這個人有點那個，不好相處。	他这个人有点那个，不好相处。	那個	[[6, 8]]	委婉指稱	委婉指称
那個|那个|na4 ge5~3	1	昨天那個，我忘了帶鑰匙。	昨天那个，我忘了带钥匙。	那個	[[2, 4]]	說話停頓	说话停顿
那個|那个|na4 ge5~4	0	她那個來了，肚子有點痛。	她那个来了，肚子有点痛。	那個	[[1, 3]]		
那樣|那样|na4 yang4~1	0	你別那樣說他，他會難過。	你别那样说他，他会难过。	那樣	[[2, 4]]		
那樣|那样|na4 yang4~1	1	我沒想到事情會變成那樣。	我没想到事情会变成那样。	那樣	[[9, 11]]		
那裏|那里|na4 li5~1	0	他昨天才從那裏回來。	他昨天才从那里回来。	那裏	[[5, 7]]		
那裡|那里|na4 li5~1	0	我們在那裡等了半個小時。	我们在那里等了半个小时。	那裡	[[3, 5]]		
那麼|那么|na4 me5~1	0	今天沒有昨天那麼冷。	今天没有昨天那么冷。	那麼	[[6, 8]]		
那麼|那么|na4 me5~2	0	你不想去，那麼我們就不去了。	你不想去，那么我们就不去了。	那麼	[[5, 7]]	說出結果	说出结果
那麼|那么|na4 me5~2	1	既然大家都同意，那麼就這樣定了。	既然大家都同意，那么就这样定了。	那麼	[[8, 10]]	既然…那麼…	既然…那么…
那麼|那么|na4 me5~3	0	屋裡就那麼四五個人。	屋里就那么四五个人。	那麼	[[3, 5]]		
郡|郡|jun4~1	0	這座古城當年是一個郡的中心。	这座古城当年是一个郡的中心。	郡	[[9, 10]]		
部|部|bu4~3	0	他去年拍了兩部電影。	他去年拍了两部电影。	部	[[6, 7]]		
部分|部分|bu4 fen5~2	0	這本書的第一部分最有意思。	这本书的第一部分最有意思。	部分	[[6, 8]]		
部落|部落|bu4 luo4~1	0	這個部落有自己的語言和文化。	这个部落有自己的语言和文化。	部落	[[2, 4]]		
部長|部长|bu4 zhang3~1	0	教育部部長今天回答了記者的問題。	教育部部长今天回答了记者的问题。	部長	[[3, 5]]		
部門|部门|bu4 men2~1	0	這件事要由有關部門處理。	这件事要由有关部门处理。	部門	[[7, 9]]		
部隊|部队|bu4 dui4~1	0	他哥哥在部隊當了三年兵。	他哥哥在部队当了三年兵。	部隊	[[4, 6]]		
都|都|dou1~1	0	家裡的人都喜歡吃魚。	家里的人都喜欢吃鱼。	都	[[4, 5]]	總括	总括
都|都|dou1~1	1	這件事誰都不知道。	这件事谁都不知道。	都	[[4, 5]]	疑問詞+都	疑问词+都
都|都|dou1~2	0	這個字很容易，連小孩都認識。	这个字很容易，连小孩都认识。	都	[[10, 11]]	連…都	连…都
都|都|dou1~2	1	他忙得一口水都沒喝。	他忙得一口水都没喝。	都	[[6, 7]]	一…都不／沒	一…都不／没
都|都|dou1~3	0	都十二點了，你怎麼還不睡？	都十二点了，你怎么还不睡？	都	[[0, 1]]	都…了	都…了
配|配|pei4~1	0	紅色的花配綠色的葉子很好看。	红色的花配绿色的叶子很好看。	配	[[4, 5]]		
配|配|pei4~2	0	醫生給他配了幾種藥。	医生给他配了几种药。	配	[[4, 5]]		
配|配|pei4~3	0	說這種話的人不配當老師。	说这种话的人不配当老师。	配	[[7, 8]]		
配合|配合|pei4 he2~1	0	請大家配合警方的調查。	请大家配合警方的调查。	配合	[[3, 5]]		
配合|配合|pei4 he2~2	0	這兩種顏色配合得很好。	这两种颜色配合得很好。	配合	[[5, 7]]		
酒|酒|jiu3~1	0	他不會喝酒，只喝了一杯茶。	他不会喝酒，只喝了一杯茶。	酒	[[4, 5]]		
酒店|酒店|jiu3 dian4~1	0	他們住在城裡最好的酒店。	他们住在城里最好的酒店。	酒店	[[9, 11]]		
酒店|酒店|jiu3 dian4~2	0	這家酒店的菜做得很好吃。	这家酒店的菜做得很好吃。	酒店	[[2, 4]]		
酒店|酒店|jiu3 dian4~3	0	他在酒店上班，陪客人喝酒。	他在酒店上班，陪客人喝酒。	酒店	[[2, 4]]		
酒店|酒店|jiu3 dian4~4	0	從前這條街上有一家酒店。	从前这条街上有一家酒店。	酒店	[[9, 11]]		
酸|酸|suan1~1	0	這道菜有點酸，我很喜歡。	这道菜有点酸，我很喜欢。	酸	[[5, 6]]		
酸|酸|suan1~2	0	走了一天路，我的腿很酸。	走了一天路，我的腿很酸。	酸	[[10, 11]]		
酸|酸|suan1~3	0	聽到這個消息，我心裡一酸。	听到这个消息，我心里一酸。	酸	[[11, 12]]		
酸|酸|suan1~4	0	你別酸我了，我也很努力。	你别酸我了，我也很努力。	酸	[[2, 3]]		
酸|酸|suan1~5	0	實驗室裡的酸要小心使用。	实验室里的酸要小心使用。	酸	[[5, 6]]		
酸|酸|suan1~6	0	那些酸文人只會說空話。	那些酸文人只会说空话。	酸	[[2, 3]]		
醫學|医学|yi1 xue2~1	0	現代醫學已經能治好這種病。	现代医学已经能治好这种病。	醫學	[[2, 4]]		
醫生|医生|yi1 sheng1~1	0	醫生說我要多休息幾天。	医生说我要多休息几天。	醫生	[[0, 2]]		
醫療|医疗|yi1 liao2~1	0	這家醫院的醫療水平很高。	这家医院的医疗水平很高。	醫療	[[5, 7]]		
醫院|医院|yi1 yuan4~1	0	他生病住進了醫院。	他生病住进了医院。	醫院	[[6, 8]]		
釋放|释放|shi4 fang4~1	0	那名犯人昨天被釋放了。	那名犯人昨天被释放了。	釋放	[[7, 9]]		
釋放|释放|shi4 fang4~2	0	這種材料受熱後會釋放氣體。	这种材料受热后会释放气体。	釋放	[[8, 10]]		
里|里|li3~1	0	我家離學校只有三里路。	我家离学校只有三里路。	里	[[8, 9]]		
里|里|li3~3	0	我們這個里有兩千多位居民。	我们这个里有两千多位居民。	里	[[4, 5]]		
重|重|chong2~2	0	這兩本書買重了。	这两本书买重了。	重	[[5, 6]]		
重|重|chong2~3	0	這句話裡有兩重意思。	这句话里有两重意思。	重	[[6, 7]]		
重|重|zhong4~1	0	這個箱子太重了，我搬不動。	这个箱子太重了，我搬不动。	重	[[5, 6]]		
重|重|zhong4~2	0	他病得很重，住進了醫院。	他病得很重，住进了医院。	重	[[4, 5]]		
重大|重大|zhong4 da4~1	0	會議討論了幾個重大問題。	会议讨论了几个重大问题。	重大	[[7, 9]]		
重新|重新|chong2 xin1~1	0	這篇文章我要重新寫一遍。	这篇文章我要重新写一遍。	重新	[[6, 8]]		
重複|重复|chong2 fu4~1	0	老師把剛才的問題重複了一遍。	老师把刚才的问题重复了一遍。	重複	[[8, 10]]		
重要|重要|zhong4 yao4~1	0	這次會議對公司非常重要。	这次会议对公司非常重要。	重要	[[9, 11]]		
重點|重点|chong2 dian3~1	0	選舉結果太接近，必須重點選票。	选举结果太接近，必须重点选票。	重點	[[10, 12]]		
重點|重点|zhong4 dian3~1	0	這篇文章的重點在最後一段。	这篇文章的重点在最后一段。	重點	[[5, 7]]		
重點|重点|zhong4 dian3~2	0	老師重點講了考試的內容。	老师重点讲了考试的内容。	重點	[[2, 4]]		
野|野|ye3~3	0	他說話太野，讓人生氣。	他说话太野，让人生气。	野	[[4, 5]]		
量|量|liang2~1	0	醫生給他量了體溫。	医生给他量了体温。	量	[[4, 5]]		
量|量|liang4~1	0	這道菜的量太少了。	这道菜的量太少了。	量	[[4, 5]]		
量|量|liang4~3	0	詞典上的「量」指的就是量詞。	词典上的「量」指的就是量词。	量	[[5, 6]]		
金屬|金属|jin1 shu3~1	0	這把刀是金屬做的，拿起來很重。	这把刀是金属做的，拿起来很重。	金屬	[[4, 6]]		
針對|针对|zhen1 dui4~1	0	這條規定是針對新學生的。	这条规定是针对新学生的。	針對	[[5, 7]]		
銀|银|yin2~1	0	這個杯子是用銀做的。	这个杯子是用银做的。	銀	[[6, 7]]		
銀行|银行|yin2 hang2~1	0	他每個月都把錢存進銀行。	他每个月都把钱存进银行。	銀行	[[9, 11]]		
銷售|销售|xiao1 shou4~1	0	這家公司在網上銷售自己的產品。	这家公司在网上销售自己的产品。	銷售	[[7, 9]]	動	动
銷售|销售|xiao1 shou4~1	1	今年的銷售情況比去年好。	今年的销售情况比去年好。	銷售	[[3, 5]]	名	名
錄|录|lu4~1	0	這首歌是他去年錄的。	这首歌是他去年录的。	錄	[[7, 8]]		
錢|钱|qian2~1	0	這件衣服花了我不少錢。	这件衣服花了我不少钱。	錢	[[9, 10]]		
錢|钱|qian2~2	0	這種藥每次只能用三錢。	这种药每次只能用三钱。	錢	[[9, 10]]		
錯|错|cuo4~1	0	這個字你寫錯了。	这个字你写错了。	錯	[[5, 6]]	形	形
錯|错|cuo4~1	1	這件事是我的錯，跟你沒有關係。	这件事是我的错，跟你没有关系。	錯	[[6, 7]]	名	名
錯誤|错误|cuo4 wu4~1	0	這個想法是錯誤的，應該改。	这个想法是错误的，应该改。	錯誤	[[5, 7]]	形	形
錯誤|错误|cuo4 wu4~1	1	他在考試中犯了一個錯誤。	他在考试中犯了一个错误。	錯誤	[[9, 11]]	名	名
鎮|镇|zhen4~1	0	鎮上新開了一家書店。	镇上新开了一家书店。	鎮	[[0, 1]]		
鎮|镇|zhen4~2	0	他一句話就把大家鎮住了。	他一句话就把大家镇住了。	鎮	[[8, 9]]		
鐘|钟|zhong1~1	0	客廳牆上的鐘停了。	客厅墙上的钟停了。	鐘	[[5, 6]]		
鐘|钟|zhong1~3	0	早上六點有人敲鐘。	早上六点有人敲钟。	鐘	[[7, 8]]		
鐵|铁|tie3~1	0	這座橋是用鐵做的。	这座桥是用铁做的。	鐵	[[5, 6]]		
鐵|铁|tie3~2	0	他鐵了心要走，誰也留不住。	他铁了心要走，谁也留不住。	鐵	[[1, 2]]		
鐵|铁|tie3~3	0	他們倆從小就很鐵。	他们俩从小就很铁。	鐵	[[7, 8]]		
長|长|chang2~1	0	這條路很長，我們走了一個小時。	这条路很长，我们走了一个小时。	長	[[4, 5]]		
長|长|zhang3~1	0	孩子長得真快，衣服都小了。	孩子长得真快，衣服都小了。	長	[[2, 3]]		
長|长|zhang3~3	0	多讀書可以長知識。	多读书可以长知识。	長	[[5, 6]]		
長官|长官|zhang3 guan1~1	0	這件事要先報告長官。	这件事要先报告长官。	長官	[[7, 9]]		
長期|长期|chang2 qi1~1	0	長期的壓力會影響身體健康。	长期的压力会影响身体健康。	長期	[[0, 2]]		
門|门|men2~1	0	他輕輕關上房間的門。	他轻轻关上房间的门。	門	[[8, 9]]		
門|门|men2~7	0	這學期我選了五門課。	这学期我选了五门课。	門	[[7, 8]]		
門|门|men2~8	0	那件醜聞被媒體稱為電話門。	那件丑闻被媒体称为电话门。	門	[[11, 12]]	接名詞後	接名词后
開|开|kai1~1	0	把門開大一點，讓風進來。	把门开大一点，让风进来。	開	[[2, 3]]		
開|开|kai1~2	0	他每天開車去公司。	他每天开车去公司。	開	[[3, 4]]		
開|开|kai1~3	0	火車就要開了，快上車吧。	火车就要开了，快上车吧。	開	[[4, 5]]		
開|开|kai1~4	0	這壺水燒了很久才開。	这壶水烧了很久才开。	開	[[8, 9]]		
開|开|kai1~5	0	醫生給他開了三天的藥。	医生给他开了三天的药。	開	[[4, 5]]		
開|开|kai1~7	0	他買了一個十八開金的戒指。	他买了一个十八开金的戒指。	開	[[7, 8]]		
開|开|kai1~8	0	水的沸點大約是三百七十三開。	水的沸点大约是三百七十三开。	開	[[12, 13]]		
開|开|kai1~9	0	我喜歡十六開的書，好拿。	我喜欢十六开的书，好拿。	開	[[5, 6]]		
開始|开始|kai1 shi3~1	0	電影馬上就要開始了。	电影马上就要开始了。	開始	[[6, 8]]	動	动
開始|开始|kai1 shi3~1	1	新工作的開始總會有一些困難。	新工作的开始总会有一些困难。	開始	[[4, 6]]	名	名
開放|开放|kai1 fang4~1	0	這家博物館星期一不開放。	这家博物馆星期一不开放。	開放	[[9, 11]]		
開放|开放|kai1 fang4~2	0	他父母的想法很開放。	他父母的想法很开放。	開放	[[7, 9]]		
開放|开放|kai1 fang4~3	0	公園裡的花都開放了。	公园里的花都开放了。	開放	[[6, 8]]		
間|间|jian1~3	0	學校裡有十二間教室。	学校里有十二间教室。	間	[[6, 7]]		
關|关|guan1~1	0	他走進房間，順手關上了門。	他走进房间，顺手关上了门。	關	[[8, 9]]		
關|关|guan1~2	0	他把小鳥關在籠子裡。	他把小鸟关在笼子里。	關	[[4, 5]]		
關|关|guan1~3	0	你別問了，這不關你的事。	你别问了，这不关你的事。	關	[[7, 8]]		
關係|关系|guan1 xi5~1	0	我和他的關係一直很好。	我和他的关系一直很好。	關係	[[4, 6]]		
關係|关系|guan1 xi5~2	0	這件事關係到很多人的生活。	这件事关系到很多人的生活。	關係	[[3, 5]]		
關係|关系|guan1 xi5~3	0	他就是靠關係找到那份工作的。	他就是靠关系找到那份工作的。	關係	[[4, 6]]		
關於|关于|guan1 yu2~1	0	我讀了一篇關於環境的文章。	我读了一篇关于环境的文章。	關於	[[5, 7]]		
關注|关注|guan1 zhu4~1	0	他一直關注著環境問題。	他一直关注着环境问题。	關注	[[3, 5]]	動	动
關注|关注|guan1 zhu4~1	1	這個消息引起了大家的關注。	这个消息引起了大家的关注。	關注	[[10, 12]]	名	名
關鍵|关键|guan1 jian4~1	0	這個問題是成功的關鍵。	这个问题是成功的关键。	關鍵	[[8, 10]]	名	名
關鍵|关键|guan1 jian4~1	1	他在關鍵時刻做出了選擇。	他在关键时刻做出了选择。	關鍵	[[2, 4]]	形	形
關閉|关闭|guan1 bi4~1	0	睡覺前請關閉所有的門窗。	睡觉前请关闭所有的门窗。	關閉	[[4, 6]]		
關閉|关闭|guan1 bi4~2	0	那家書店去年就關閉了。	那家书店去年就关闭了。	關閉	[[7, 9]]		
防|防|fang2~1	0	這種藥可以防蚊子。	这种药可以防蚊子。	防	[[5, 6]]		
防|防|fang2~2	0	這場比賽他防得很好。	这场比赛他防得很好。	防	[[5, 6]]		
阻止|阻止|zu3 zhi3~1	0	我們沒能阻止他做出這個決定。	我们没能阻止他做出这个决定。	阻止	[[4, 6]]		
附近|附近|fu4 jin4~1	0	學校附近有好幾家書店。	学校附近有好几家书店。	附近	[[2, 4]]		
降|降|jiang4~1	0	這幾天氣溫降了不少。	这几天气温降了不少。	降	[[5, 6]]		
降|降|xiang2~2	0	這匹馬只有他降得住。	这匹马只有他降得住。	降	[[6, 7]]		
限制|限制|xian4 zhi4~1	0	這家店限制每人只能買兩件。	这家店限制每人只能买两件。	限制	[[3, 5]]	動	动
限制|限制|xian4 zhi4~1	1	這項工作對年齡沒有限制。	这项工作对年龄没有限制。	限制	[[9, 11]]	名	名
院|院|yuan4~1	0	院裡種著幾棵大樹。	院里种着几棵大树。	院	[[0, 1]]		
除|除|chu2~2	0	除了他以外，大家都到了。	除了他以外，大家都到了。	除	[[0, 1]]	排除	排除
除|除|chu2~2	1	除了數學，他還喜歡音樂。	除了数学，他还喜欢音乐。	除	[[0, 1]]	添加	添加
除|除|chu2~3	0	老師在黑板上寫下十除以二等於五。	老师在黑板上写下十除以二等于五。	除	[[9, 10]]		
除了|除了|chu2 le5~1	0	這件事除了你，沒有別人知道。	这件事除了你，没有别人知道。	除了	[[3, 5]]	排除	排除
除了|除了|chu2 le5~1	1	除了英文，她也會說日文。	除了英文，她也会说日文。	除了	[[0, 2]]	另外還有	另外还有
除了|除了|chu2 le5~2	0	他放假時除了睡覺就是看電視。	他放假时除了睡觉就是看电视。	除了	[[4, 6]]	兩者之一	两者之一
陳|陈|chen2~3	0	酒越陳越香，這瓶放了十年。	酒越陈越香，这瓶放了十年。	陳	[[2, 3]]		
陷入|陷入|xian4 ru4~1	0	公司這兩年陷入了很大的困難。	公司这两年陷入了很大的困难。	陷入	[[5, 7]]		
隆|隆|long1~1	0	遠處傳來一陣隆隆的雷聲。	远处传来一阵隆隆的雷声。	隆隆	[[6, 8]]		
隊|队|dui4~1	0	我們隊今天贏了比賽。	我们队今天赢了比赛。	隊	[[2, 3]]		
隊|队|dui4~2	0	上車前請大家排好隊。	上车前请大家排好队。	隊	[[8, 9]]		
隊伍|队伍|dui4 wu3~1	0	買票的隊伍排得很長。	买票的队伍排得很长。	隊伍	[[3, 5]]		
隊伍|队伍|dui4 wu3~2	0	他大學畢業後加入了教師隊伍。	他大学毕业后加入了教师队伍。	隊伍	[[11, 13]]		
階段|阶段|jie1 duan4~1	0	這項工作已經進入最後階段。	这项工作已经进入最后阶段。	階段	[[10, 12]]		
隔|隔|ge2~1	0	這間屋子中間隔了一道牆。	这间屋子中间隔了一道墙。	隔	[[6, 7]]		
隔|隔|ge2~2	0	我家跟他家只隔一條街。	我家跟他家只隔一条街。	隔	[[6, 7]]		
隔|隔|ge2~2	1	他們每隔一個月見一次面。	他们每隔一个月见一次面。	隔	[[3, 4]]		
隧道|隧道|sui4 dao4~1	0	火車開進隧道，車廂裡一片黑。	火车开进隧道，车厢里一片黑。	隧道	[[4, 6]]		
隨|随|sui2~1	0	他隨父母搬到了南方。	他随父母搬到了南方。	隨	[[1, 2]]		
隨|随|sui2~2	0	東西的價錢隨季節變化。	东西的价钱随季节变化。	隨	[[5, 6]]	跟著變化	跟着变化
隨|随|sui2~2	1	隨天氣變冷，山上的樹葉都紅了。	随天气变冷，山上的树叶都红了。	隨	[[0, 1]]	放在句子開頭	放在句子开头
隨|随|sui2~3	0	去不去隨你，我沒有意見。	去不去随你，我没有意见。	隨	[[3, 4]]		
隨著|随着|sui2 zhe5~1	0	隨著科技的發展，工作變得容易了。	随着科技的发展，工作变得容易了。	隨著	[[0, 2]]	引出變化	引出变化
隨著|随着|sui2 zhe5~1	1	他隨著大家走出了學校。	他随着大家走出了学校。	隨著	[[1, 3]]	伴隨	伴随
隻|只|zhi1~1	0	我家養了一隻貓，牠很可愛。	我家养了一只猫，它很可爱。	隻	[[5, 6]]		
隻|只|zhi1~1	1	他的一隻腳受了傷，走不了路。	他的一只脚受了伤，走不了路。	隻	[[3, 4]]		
集|集|ji2~1	0	這本書集了各家的說法。	这本书集了各家的说法。	集	[[3, 4]]		
集|集|ji2~2	0	他的新詩集下個月出版。	他的新诗集下个月出版。	集	[[4, 5]]		
集|集|ji2~3	0	我昨天晚上看了三集電視劇。	我昨天晚上看了三集电视剧。	集	[[8, 9]]		
集中|集中|ji2 zhong1~1	0	請大家把注意力集中在黑板上。	请大家把注意力集中在黑板上。	集中	[[7, 9]]	動	动
集中|集中|ji2 zhong1~1	1	這一區的商店很集中。	这一区的商店很集中。	集中	[[7, 9]]	形	形
集合|集合|ji2 he2~1	0	大家八點在門口集合。	大家八点在门口集合。	集合	[[7, 9]]		
集合|集合|ji2 he2~2	0	這個集合裡有五個數。	这个集合里有五个数。	集合	[[2, 4]]		
集團|集团|ji2 tuan2~1	0	警方破獲了一個犯罪集團。	警方破获了一个犯罪集团。	集團	[[9, 11]]		
集團|集团|ji2 tuan2~2	0	這家集團在全球有上百家分公司。	这家集团在全球有上百家分公司。	集團	[[2, 4]]		
雖然|虽然|sui1 ran2~1	0	雖然下著雨，我們還是出門了。	虽然下着雨，我们还是出门了。	雖然	[[0, 2]]		
雖然|虽然|sui1 ran2~1	1	他雖然年紀大，但身體很好。	他虽然年纪大，但身体很好。	雖然	[[1, 3]]		
雙方|双方|shuang1 fang1~1	0	雙方談了很久才達成一致。	双方谈了很久才达成一致。	雙方	[[0, 2]]		
雜誌|杂志|za2 zhi4~1	0	我在飛機上看了一本雜誌。	我在飞机上看了一本杂志。	雜誌	[[9, 11]]		
雞|鸡|ji1~1	0	他家在鄉下養了幾十隻雞。	他家在乡下养了几十只鸡。	雞	[[10, 11]]		
離|离|li2~1	0	他大學畢業就離家去工作了。	他大学毕业就离家去工作了。	離	[[6, 7]]		
離|离|li2~2	0	我家離學校很近，走路十分鐘。	我家离学校很近，走路十分钟。	離	[[2, 3]]	說距離	说距离
離|离|li2~2	1	現在離放假還有三天。	现在离放假还有三天。	離	[[2, 3]]	說時間	说时间
離|离|li2~3	0	人的生活離不開水。	人的生活离不开水。	離	[[4, 5]]		
離婚|离婚|li2 hun1~1	0	他們結婚不到一年就離婚了。	他们结婚不到一年就离婚了。	離婚	[[9, 11]]		
離開|离开|li2 kai1~1	0	他昨天離開了這座城市。	他昨天离开了这座城市。	離開	[[3, 5]]		
難|难|nan2~1	0	這個問題太難了，我做不出來。	这个问题太难了，我做不出来。	難	[[5, 6]]		
難以|难以|nan2 yi3~1	0	這件事的結果難以預料。	这件事的结果难以预料。	難以	[[6, 8]]		
雨|雨|yu3~1	0	外面的雨越下越大了。	外面的雨越下越大了。	雨	[[3, 4]]		
雪|雪|xue3~1	0	昨天晚上下了一場大雪。	昨天晚上下了一场大雪。	雪	[[9, 10]]		
零|零|ling2~1	0	他失敗以後決定從零開始。	他失败以后决定从零开始。	零	[[8, 9]]		
零|零|ling2~3	0	這本書有三百零五頁。	这本书有三百零五页。	零	[[6, 7]]		
雷|雷|lei2~1	0	外面打雷了，孩子有點害怕。	外面打雷了，孩子有点害怕。	雷	[[3, 4]]		
雷|雷|lei2~3	0	他的說法雷到了很多人。	他的说法雷到了很多人。	雷	[[4, 5]]		
雷|雷|lei2~4	0	你別雷我，我還沒看那部電影。	你别雷我，我还没看那部电影。	雷	[[2, 3]]	動	动
雷|雷|lei2~4	1	這篇文章有雷，小心點。	这篇文章有雷，小心点。	雷	[[5, 6]]	名	名
電子|电子|dian4 zi3~1	0	這家公司做電子產品。	这家公司做电子产品。	電子	[[5, 7]]		
電子|电子|dian4 zi3~2	0	這個實驗可以看到電子的移動。	这个实验可以看到电子的移动。	電子	[[8, 10]]		
電影|电影|dian4 ying3~1	0	這部電影我看了兩遍。	这部电影我看了两遍。	電影	[[2, 4]]		
電腦|电脑|dian4 nao3~1	0	這臺電腦是我去年買的。	这台电脑是我去年买的。	電腦	[[2, 4]]		
電視|电视|dian4 shi4~1	0	我每天晚上都看一會兒電視。	我每天晚上都看一会儿电视。	電視	[[10, 12]]		
電視|电视|dian4 shi4~2	0	客廳裡的那臺電視壞了。	客厅里的那台电视坏了。	電視	[[6, 8]]		
電視台|电视台|dian4 shi4 tai2~1	0	他在電視台工作了十年。	他在电视台工作了十年。	電視台	[[2, 5]]		
電話|电话|dian4 hua4~1	0	他買了一部新電話。	他买了一部新电话。	電話	[[6, 8]]		
電話|电话|dian4 hua4~2	0	我剛接到一個重要的電話。	我刚接到一个重要的电话。	電話	[[9, 11]]		
電話|电话|dian4 hua4~3	0	請把你的電話留給我。	请把你的电话留给我。	電話	[[4, 6]]		
需|需|xu1~1	0	報名的時候需帶兩張照片。	报名的时候需带两张照片。	需	[[5, 6]]		
需要|需要|xu1 yao4~2	0	這件事需要更多時間。	这件事需要更多时间。	需要	[[3, 5]]	動	动
需要|需要|xu1 yao4~2	1	我們要先了解客人的需要。	我们要先了解客人的需要。	需要	[[9, 11]]	名	名
露|露|lou4~1	0	這件事千萬別露出去。	这件事千万别露出去。	露	[[6, 7]]		
靈|灵|ling2~1	0	他的耳朵特別靈，一點聲音都聽得見。	他的耳朵特别灵，一点声音都听得见。	靈	[[6, 7]]		
靈|灵|ling2~2	0	這種藥很靈，吃了兩次就好了。	这种药很灵，吃了两次就好了。	靈	[[4, 5]]		
靈|灵|ling2~2	1	昨天他說的話，今天真的靈了。	昨天他说的话，今天真的灵了。	靈	[[11, 12]]		
靈魂|灵魂|ling2 hun2~1	0	他相信人死後靈魂還活著。	他相信人死后灵魂还活着。	靈魂	[[6, 8]]		
靈魂|灵魂|ling2 hun2~2	0	大家都說他是球隊的靈魂。	大家都说他是球队的灵魂。	靈魂	[[9, 11]]		
青|青|qing1~1	0	雨後山上的草更青了。	雨后山上的草更青了。	青	[[7, 8]]		
非|非|fei1~1	0	事情並非你想的那樣。	事情并非你想的那样。	非	[[3, 4]]	並非連用	并非连用
非|非|fei1~1	1	這件事非你一個人的責任。	这件事非你一个人的责任。	非	[[3, 4]]	用在名詞前	用在名词前
非|非|fei1~3	0	他非要自己去不可。	他非要自己去不可。	非	[[1, 2]]	跟不可連用	跟不可连用
非|非|fei1~3	1	孩子非跟我一起出門。	孩子非跟我一起出门。	非	[[2, 3]]	單用在動詞前	单用在动词前
非常|非常|fei1 chang2~1	0	這部電影非常好看。	这部电影非常好看。	非常	[[4, 6]]		
非常|非常|fei1 chang2~2	0	政府在非常時期採取了新辦法。	政府在非常时期采取了新办法。	非常	[[3, 5]]		
非法|非法|fei1 fa3~1	0	他因為非法賣酒被警察抓走。	他因为非法卖酒被警察抓走。	非法	[[3, 5]]		
靠|靠|kao4~1	0	他太累了，靠在門上就睡著了。	他太累了，靠在门上就睡着了。	靠	[[5, 6]]		
靠|靠|kao4~2	0	請大家往裡靠一點，讓他過去。	请大家往里靠一点，让他过去。	靠	[[5, 6]]		
靠|靠|kao4~3	0	他靠自己的努力考上了大學。	他靠自己的努力考上了大学。	靠	[[1, 2]]		
靠|靠|kao4~5	0	演將軍的演員穿上了靠。	演将军的演员穿上了靠。	靠	[[9, 10]]		
靠近|靠近|kao4 jin4~1	0	他一步一步靠近那隻小狗。	他一步一步靠近那只小狗。	靠近	[[5, 7]]		
靠近|靠近|kao4 jin4~2	0	我家靠近車站，走路很方便。	我家靠近车站，走路很方便。	靠近	[[2, 4]]		
面對|面对|mian4 dui4~1	0	我們必須面對眼前的困難。	我们必须面对眼前的困难。	面對	[[4, 6]]		
面對|面对|mian4 dui4~1	1	這座大樓面對著一條大河。	这座大楼面对着一条大河。	面對	[[4, 6]]		
革命|革命|ge2 ming4~1	0	這場革命完全改變了那個國家。	这场革命完全改变了那个国家。	革命	[[2, 4]]	名	名
革命|革命|ge2 ming4~1	1	當年他們起來革命，趕走了舊政府。	当年他们起来革命，赶走了旧政府。	革命	[[6, 8]]	動	动
音樂|音乐|yin1 yue4~1	0	她從小就喜歡聽音樂。	她从小就喜欢听音乐。	音樂	[[7, 9]]		
頁|页|ye4~1	0	這本小說一共有三百多頁。	这本小说一共有三百多页。	頁	[[10, 11]]		
頂|顶|ding3~2	0	小牛用頭頂開了門。	小牛用头顶开了门。	頂	[[4, 5]]		
頂|顶|ding3~3	0	他買了兩頂帽子送給爸爸。	他买了两顶帽子送给爸爸。	頂	[[4, 5]]		
頂|顶|ding3~4	0	他生病了，由我頂他的班。	他生病了，由我顶他的班。	頂	[[7, 8]]		
頂|顶|ding3~5	0	這家店的麵頂好吃。	这家店的面顶好吃。	頂	[[5, 6]]		
頂|顶|ding3~6	0	大家快來頂一下這篇文章。	大家快来顶一下这篇文章。	頂	[[4, 5]]		
項|项|xiang4~1	0	學校今年增加了三項新的規定。	学校今年增加了三项新的规定。	項	[[8, 9]]		
項|项|xiang4~5	0	老師讓我們算出式子的每一項。	老师让我们算出式子的每一项。	項	[[12, 13]]		
項目|项目|xiang4 mu4~1	0	公司決定投資這個項目。	公司决定投资这个项目。	項目	[[8, 10]]		
項目|项目|xiang4 mu4~2	0	這次運動會有二十個項目。	这次运动会有二十个项目。	項目	[[9, 11]]		
順|顺|shun4~1	0	我們順著小路走到了湖邊。	我们顺着小路走到了湖边。	順	[[2, 3]]		
順|顺|shun4~2	0	他這幾年過得很順。	他这几年过得很顺。	順	[[7, 8]]		
順|顺|shun4~3	0	孩子病了，就先順他一次吧。	孩子病了，就先顺他一次吧。	順	[[7, 8]]		
順|顺|shun4~4	0	你把這篇文章再順一遍。	你把这篇文章再顺一遍。	順	[[7, 8]]		
順利|顺利|shun4 li4~1	0	這次搬家的過程十分順利。	这次搬家的过程十分顺利。	順利	[[9, 11]]		
頓|顿|dun4~1	0	他說到這裡頓了一下。	他说到这里顿了一下。	頓	[[5, 6]]		
頓|顿|dun4~2	0	他每天只吃兩頓飯。	他每天只吃两顿饭。	頓	[[6, 7]]		
領|领|ling3~1	0	他領著大家走進了會場。	他领着大家走进了会场。	領	[[1, 2]]		
領|领|ling3~2	0	他上個月才領到工資。	他上个月才领到工资。	領	[[5, 6]]		
領|领|ling3~4	0	他身上穿著一領長袍。	他身上穿着一领长袍。	領	[[6, 7]]		
領域|领域|ling3 yu4~1	0	她在這個領域研究了三十年。	她在这个领域研究了三十年。	領域	[[4, 6]]		
領域|领域|ling3 yu4~2	0	飛機不能隨便進入別國的領域。	飞机不能随便进入别国的领域。	領域	[[11, 13]]		
領導|领导|ling3 dao3~1	0	他領導這家公司二十多年了。	他领导这家公司二十多年了。	領導	[[1, 3]]	動	动
領導|领导|ling3 dao3~1	1	在他的領導下，球隊拿了第一。	在他的领导下，球队拿了第一。	領導	[[3, 5]]	名	名
領導|领导|ling3 dao3~2	0	我們領導今天不在辦公室。	我们领导今天不在办公室。	領導	[[2, 4]]		
領袖|领袖|ling3 xiu4~1	0	他被選為工會的領袖。	他被选为工会的领袖。	領袖	[[7, 9]]		
頻道|频道|pin2 dao4~1	0	我想換一個頻道看球賽。	我想换一个频道看球赛。	頻道	[[5, 7]]		
顆|颗|ke1~1	0	妹妹一下子吃了三顆糖。	妹妹一下子吃了三颗糖。	顆	[[8, 9]]		
題|题|ti2~1	0	這次考試的最後一題很難。	这次考试的最后一题很难。	題	[[8, 9]]		
題|题|ti2~2	0	他講著講著就離了題。	他讲着讲着就离了题。	題	[[8, 9]]		
題|题|ti2~3	0	他在那幅畫上題了自己的名字。	他在那幅画上题了自己的名字。	題	[[6, 7]]		
顏色|颜色|yan2 se4~1	0	這件衣服的顏色很好看。	这件衣服的颜色很好看。	顏色	[[5, 7]]		
顏色|颜色|yan2 se4~2	0	牆上的顏色還沒乾。	墙上的颜色还没干。	顏色	[[3, 5]]		
顏色|颜色|yan2 se4~3	0	聽完這話，他的顏色變了。	听完这话，他的颜色变了。	顏色	[[7, 9]]		
願意|愿意|yuan4 yi4~1	0	他很願意幫忙照顧孩子。	他很愿意帮忙照顾孩子。	願意	[[2, 4]]		
願意|愿意|yuan4 yi4~2	0	我不願意事情變成這樣。	我不愿意事情变成这样。	願意	[[2, 4]]		
類|类|lei4~2	0	學校為兩類學生開了不同的課。	学校为两类学生开了不同的课。	類	[[4, 5]]		
類似|类似|lei4 si4~1	0	我以前也遇到過類似的問題。	我以前也遇到过类似的问题。	類似	[[7, 9]]		
類型|类型|lei4 xing2~1	0	他喜歡看這種類型的電影。	他喜欢看这种类型的电影。	類型	[[6, 8]]		
顧問|顾问|gu4 wen4~1	0	公司今年請了一位法律顧問。	公司今年请了一位法律顾问。	顧問	[[10, 12]]		
顯示|显示|xian3 shi4~1	0	調查顯示，年輕人越來越少看電視。	调查显示，年轻人越来越少看电视。	顯示	[[2, 4]]		
風|风|feng1~1	0	今天風很大，出門要多穿一件衣服。	今天风很大，出门要多穿一件衣服。	風	[[2, 3]]		
風格|风格|feng1 ge2~1	0	這兩張照片的風格完全不同。	这两张照片的风格完全不同。	風格	[[6, 8]]		
風險|风险|feng1 xian3~1	0	投資這家公司有很大的風險。	投资这家公司有很大的风险。	風險	[[10, 12]]		
飛|飞|fei1~1	0	一群鳥從樹上飛了起來。	一群鸟从树上飞了起来。	飛	[[6, 7]]		
飛機|飞机|fei1 ji1~1	0	他明天早上坐飛機回家。	他明天早上坐飞机回家。	飛機	[[6, 8]]		
飛行|飞行|fei1 xing2~1	0	這架飛機正在高空飛行。	这架飞机正在高空飞行。	飛行	[[8, 10]]	動	动
飛行|飞行|fei1 xing2~1	1	這次飛行用了三個小時。	这次飞行用了三个小时。	飛行	[[2, 4]]	名	名
食品|食品|shi2 pin3~1	0	超市裡的食品種類非常多。	超市里的食品种类非常多。	食品	[[4, 6]]		
食物|食物|shi2 wu4~1	0	冰箱裡的食物快要吃完了。	冰箱里的食物快要吃完了。	食物	[[4, 6]]		
飯|饭|fan4~1	0	我盛了一碗飯給他。	我盛了一碗饭给他。	飯	[[5, 6]]		
飯|饭|fan4~2	0	我們約好晚上一起吃飯。	我们约好晚上一起吃饭。	飯	[[9, 10]]		
飯|饭|fan4~3	0	他從高中起就是那位歌手的飯。	他从高中起就是那位歌手的饭。	飯	[[12, 13]]		
養|养|yang3~1	0	他一個人把三個孩子養大。	他一个人把三个孩子养大。	養	[[9, 10]]		
養|养|yang3~2	0	醫生要他在家好好養身體。	医生要他在家好好养身体。	養	[[8, 9]]		
養|养|yang3~3	0	她去年養了個兒子。	她去年养了个儿子。	養	[[3, 4]]		
首|首|shou3~4	0	她為母親寫了一首歌。	她为母亲写了一首歌。	首	[[7, 8]]		
首先|首先|shou3 xian1~1	0	首先，我要謝謝大家的幫助。	首先，我要谢谢大家的帮助。	首先	[[0, 2]]		
香|香|xiang1~1	0	這朵花聞起來很香。	这朵花闻起来很香。	香	[[7, 8]]		
香|香|xiang1~2	0	孩子睡得很香，一直沒醒。	孩子睡得很香，一直没醒。	香	[[5, 6]]		
香|香|xiang1~3	0	客廳裡點著一根香。	客厅里点着一根香。	香	[[7, 8]]		
馬|马|ma3~1	0	那匹馬跑得非常快。	那匹马跑得非常快。	馬	[[2, 3]]		
馬|马|ma3~2	0	我用馬吃了他一個棋子。	我用马吃了他一个棋子。	馬	[[2, 3]]		
馬克|马克|ma3 ke4~1	0	那時候一本書只要幾馬克。	那时候一本书只要几马克。	馬克	[[9, 11]]		
騎|骑|qi2~1	0	他每天騎車去學校。	他每天骑车去学校。	騎	[[3, 4]]		
騎|骑|qi2~2	0	遠處來了三騎快馬。	远处来了三骑快马。	騎	[[5, 6]]		
騎士|骑士|qi2 shi4~1	0	他很喜歡讀關於騎士的故事。	他很喜欢读关于骑士的故事。	騎士	[[7, 9]]		
騎士|骑士|qi2 shi4~2	0	路上的騎士都戴著安全帽。	路上的骑士都戴着安全帽。	騎士	[[3, 5]]		
體|体|ti3~6	0	漢語的體主要用助詞表示。	汉语的体主要用助词表示。	體	[[3, 4]]		
體育|体育|ti3 yu4~1	0	他對體育很有興趣，每天都跑步。	他对体育很有兴趣，每天都跑步。	體育	[[2, 4]]		
體育|体育|ti3 yu4~2	0	王老師在中學教體育。	王老师在中学教体育。	體育	[[7, 9]]		
高|高|gao1~1	0	他比哥哥高一個頭。	他比哥哥高一个头。	高	[[4, 5]]		
高|高|gao1~2	0	這家店的價錢比別家高。	这家店的价钱比别家高。	高	[[9, 10]]		
高中|高中|gao1 zhong1~1	0	我弟弟明年就要上高中了。	我弟弟明年就要上高中了。	高中	[[8, 10]]		
高中|高中|gao1 zhong4~1	0	他去年高中了第一名，全家都很高興。	他去年高中了第一名，全家都很高兴。	高中	[[3, 5]]		
高度|高度|gao1 du4~1	0	這座山的高度超過三千米。	这座山的高度超过三千米。	高度	[[4, 6]]		
高度|高度|gao1 du4~2	0	他工作時精神高度集中。	他工作时精神高度集中。	高度	[[6, 8]]		
高級|高级|gao1 ji2~1	0	他是公司的高級工程師。	他是公司的高级工程师。	高級	[[5, 7]]		
高級|高级|gao1 ji2~2	0	他送了我一件很高級的禮物。	他送了我一件很高级的礼物。	高級	[[7, 9]]		
鬆|松|song1~1	0	你的鞋帶鬆了，小心點。	你的鞋带松了，小心点。	鬆	[[4, 5]]		
鬆|松|song1~2	0	說完這句話，他鬆開了手。	说完这句话，他松开了手。	鬆	[[7, 8]]		
鬥|斗|dou4~1	0	在這件事上我鬥不過他。	在这件事上我斗不过他。	鬥	[[6, 7]]		
鬼|鬼|gui3~1	0	他說晚上在老屋裡看見了鬼。	他说晚上在老屋里看见了鬼。	鬼	[[11, 12]]		
鬼|鬼|gui3~3	0	又下雨了，這鬼天氣真讓人不想出門。	又下雨了，这鬼天气真让人不想出门。	鬼	[[6, 7]]		
鬼|鬼|gui3~4	0	這孩子鬼得很，一下就猜到了。	这孩子鬼得很，一下就猜到了。	鬼	[[3, 4]]		
魚|鱼|yu2~1	0	他在河邊釣到一條大魚。	他在河边钓到一条大鱼。	魚	[[9, 10]]		
鳥|鸟|niao3~1	0	樹上有幾隻鳥在叫。	树上有几只鸟在叫。	鳥	[[5, 6]]		
鳥|鸟|niao3~2	0	我叫了他好幾聲，他都不鳥我。	我叫了他好几声，他都不鸟我。	鳥	[[11, 12]]		
鳥|鸟|niao3~4	0	老師教我們寫「鳥」這個部首。	老师教我们写「鸟」这个部首。	鳥	[[7, 8]]		
鹿|鹿|lu4~1	0	我們在山上看見了幾隻鹿。	我们在山上看见了几只鹿。	鹿	[[10, 11]]		
麥|麦|mai4~2	0	他拿起麥，唱了一首歌。	他拿起麦，唱了一首歌。	麥	[[3, 4]]		
麥克|麦克|mai4 ke4~1	0	他拿起麥克唱了一首歌。	他拿起麦克唱了一首歌。	麥克	[[3, 5]]		
麵|面|mian4~1	0	中午我吃了一碗麵。	中午我吃了一碗面。	麵	[[7, 8]]		
麵|面|mian4~3	0	這種蘋果放久了會變麵。	这种苹果放久了会变面。	麵	[[9, 10]]		
麵|面|mian4~4	0	他太麵了，別人說什麼都聽。	他太面了，别人说什么都听。	麵	[[2, 3]]		
黃|黄|huang2~1	0	她今天穿了一件黃衣服。	她今天穿了一件黄衣服。	黃	[[7, 8]]		
黃|黄|huang2~2	0	因為沒有錢，這件事就黃了。	因为没有钱，这件事就黄了。	黃	[[10, 11]]		
黃|黄|huang2~3	0	這部電影太黃了。	这部电影太黄了。	黃	[[5, 6]]		
黑人|黑人|hei1 ren2~1	0	這支球隊有好幾位黑人球員。	这支球队有好几位黑人球员。	黑人	[[8, 10]]		
黑人|黑人|hei1 ren2~2	0	他沒有證件，只好當黑人躲起來。	他没有证件，只好当黑人躲起来。	黑人	[[9, 11]]		
黑色|黑色|hei1 se4~1	0	他今天穿了一身黑色衣服。	他今天穿了一身黑色衣服。	黑色	[[7, 9]]		
點|点|dian3~1	0	這張紙上有幾個黑點。	这张纸上有几个黑点。	點	[[8, 9]]		
點|点|dian3~2	0	我們約好八點在門口見面。	我们约好八点在门口见面。	點	[[5, 6]]		
點|点|dian3~3	0	碗裡還剩下一點湯。	碗里还剩下一点汤。	點	[[6, 7]]		
點|点|dian3~4	0	他一邊聽一邊點頭。	他一边听一边点头。	點	[[6, 7]]		
點|点|dian3~5	0	你先看看菜單，點幾個菜。	你先看看菜单，点几个菜。	點	[[7, 8]]		
點|点|dian3~6	0	天黑了，他點上一支蠟燭。	天黑了，他点上一支蜡烛。	點	[[5, 6]]		
點|点|dian3~7	0	老師一點，他馬上就明白了。	老师一点，他马上就明白了。	點	[[3, 4]]		
黨|党|dang3~1	0	這個國家有好幾個黨。	这个国家有好几个党。	黨	[[8, 9]]		
齊|齐|qi2~1	0	他把桌上的書排得很齊。	他把桌上的书排得很齐。	齊	[[9, 10]]		
齊|齐|qi2~2	0	這裡的草長得齊腰高。	这里的草长得齐腰高。	齊	[[6, 7]]		
龍|龙|long2~1	0	這條龍畫得很像真的。	这条龙画得很像真的。	龍	[[2, 3]]		
