entry_id	idx	text
一些|一些|yi1 xie1	0	some; a few; a little; (following an adjective) slightly ...er
一個|一个|yi1 ge5	0	a; an; one
一個|一个|yi1 ge5	1	the whole (afternoon, summer vacation etc)
一切|一切|yi1 qie4	0	everything
一切|一切|yi1 qie4	1	every
一切|一切|yi1 qie4	2	all
一半|一半|yi1 ban4	0	half
一定|一定|yi1 ding4	0	surely; certainly; definitely
一定|一定|yi1 ding4	1	fixed; settled
一定|一定|yi1 ding4	2	a certain ...; a given ...
一家|一家|yi1 jia1	0	the whole family
一家|一家|yi1 jia1	1	the same family
一家|一家|yi1 jia1	2	the family ... (when preceded by a family name)
一家|一家|yi1 jia1	3	group
一旦|一旦|yi1 dan4	0	in case (sth happens)
一旦|一旦|yi1 dan4	1	if
一旦|一旦|yi1 dan4	2	once (sth happens, then...)
一旦|一旦|yi1 dan4	3	when
一旦|一旦|yi1 dan4	4	in a short time
一旦|一旦|yi1 dan4	5	in one day
一樣|一样|yi1 yang4	0	same
一樣|一样|yi1 yang4	1	like
一樣|一样|yi1 yang4	2	equal to
一樣|一样|yi1 yang4	3	the same as
一樣|一样|yi1 yang4	4	just like
一生|一生|yi1 sheng1	0	all one's life; throughout one's life
一直|一直|yi1 zhi2	0	straight (in a straight line)
一直|一直|yi1 zhi2	1	continuously; always; all the way through
一致|一致|yi1 zhi4	0	consistent; unanimous; in agreement
一致|一致|yi1 zhi4	1	together; in unison
一般|一般|yi1 ban1	0	same
一般|一般|yi1 ban1	1	ordinary
一般|一般|yi1 ban1	2	so-so
一般|一般|yi1 ban1	3	common
一般|一般|yi1 ban1	4	general
一般|一般|yi1 ban1	5	generally
一般|一般|yi1 ban1	6	in general
一起|一起|yi1 qi3	0	(in) the same place
一起|一起|yi1 qi3	1	together; in company (with)
一起|一起|yi1 qi3	2	altogether; in total
一起|一起|yi1 qi3	3	an instance of; a case of (murder, accident, dispute etc)
一點|一点|yi1 dian3	0	a bit; a little bit
一點|一点|yi1 dian3	1	(used in negative expressions) (not) the least bit
一點|一点|yi1 dian3	2	(after an adjective, used to form the comparative) a bit more, -er
一點|一点|yi1 dian3	3	a point (in a discussion etc)
一點|一点|yi1 dian3	4	(calligraphy) dot stroke (、)
一點|一点|yi1 dian3	5	one o'clock (abbr. for 一點鍾|一点钟[yi1 dian3 zhong1])
七|七|qi1	0	seven
七|七|qi1	1	7
丈夫|丈夫|zhang4 fu5	0	husband
三|三|san1	0	three
三|三|san1	1	3
三十|三十|san1 shi2	0	thirty
三十|三十|san1 shi2	1	30
上|上|shang4	0	(bound form) up; upper; above; previous
上|上|shang4	1	first (of multiple parts)
上|上|shang4	2	to climb; to get onto; to go up
上|上|shang4	3	to attend (class or university)
上|上|shang4	4	(directional complement) up
上|上|shang4	5	(noun suffix) on; above
上面|上面|shang4 mian4	0	on top of
上面|上面|shang4 mian4	1	above-mentioned
上面|上面|shang4 mian4	2	also pr. [shang4 mian5]
下|下|xia4	0	down
下|下|xia4	1	downwards
下|下|xia4	2	below
下|下|xia4	3	lower
下|下|xia4	4	later
下|下|xia4	5	next (week etc)
下|下|xia4	6	second (of two parts)
下|下|xia4	7	to decline
下|下|xia4	8	to go down
下|下|xia4	9	to arrive at (a decision, conclusion etc)
下|下|xia4	10	measure word to show the frequency of an action
下來|下来|xia4 lai5	0	to come down
下來|下来|xia4 lai5	1	(completed action marker)
下來|下来|xia4 lai5	2	(after verb of motion, indicates motion down and towards us, also fig.)
下來|下来|xia4 lai5	3	(indicates continuation from the past towards us)
下來|下来|xia4 lai5	4	to be harvested (of crops)
下來|下来|xia4 lai5	5	to be over (of a period of time)
下來|下来|xia4 lai5	6	to go among the masses (said of leaders)
下午|下午|xia4 wu3	0	afternoon
下午|下午|xia4 wu3	1	CL:個|个[ge4]
下午|下午|xia4 wu3	2	p.m.
下降|下降|xia4 jiang4	0	to decline
下降|下降|xia4 jiang4	1	to drop
下降|下降|xia4 jiang4	2	to fall
下降|下降|xia4 jiang4	3	to go down
下降|下降|xia4 jiang4	4	to decrease
下面|下面|xia4 mian4	0	below
下面|下面|xia4 mian4	1	under
下面|下面|xia4 mian4	2	next
下面|下面|xia4 mian4	3	the following
下面|下面|xia4 mian4	4	also pr. [xia4 mian5]
不久|不久|bu4 jiu3	0	not long (after)
不久|不久|bu4 jiu3	1	before too long
不久|不久|bu4 jiu3	2	soon
不久|不久|bu4 jiu3	3	soon after
不僅|不仅|bu4 jin3	0	not just; not limited to
不僅|不仅|bu4 jin3	1	(as a correlative conjunction) not only (..., but also ...)
不再|不再|bu4 zai4	0	no more; no longer
不到|不到|bu4 dao4	0	not to arrive
不到|不到|bu4 dao4	1	not reaching
不到|不到|bu4 dao4	2	insufficient
不到|不到|bu4 dao4	3	less than
不可|不可|bu4 ke3	0	cannot; should not; must not
不同|不同|bu4 tong2	0	different
不同|不同|bu4 tong2	1	distinct
不同|不同|bu4 tong2	2	not the same
不同|不同|bu4 tong2	3	not alike
不少|不少|bu4 shao3	0	many; quite a few; a good number of
不得不|不得不|bu4 de2 bu4	0	have no choice or option but to
不得不|不得不|bu4 de2 bu4	1	cannot but
不得不|不得不|bu4 de2 bu4	2	have to
不得不|不得不|bu4 de2 bu4	3	can't help it
不得不|不得不|bu4 de2 bu4	4	can't avoid
不斷|不断|bu4 duan4	0	unceasing
不斷|不断|bu4 duan4	1	uninterrupted
不斷|不断|bu4 duan4	2	continuous
不斷|不断|bu4 duan4	3	constant
不是|不是|bu4 shi4	0	no
不是|不是|bu4 shi4	1	is not
不是|不是|bu4 shi4	2	not
不是|不是|bu4 shi5	0	fault; blame
不會|不会|bu4 hui4	0	improbable
不會|不会|bu4 hui4	1	unlikely
不會|不会|bu4 hui4	2	will not (act, happen etc)
不會|不会|bu4 hui4	3	not able
不會|不会|bu4 hui4	4	not having learned to do sth
不會|不会|bu4 hui4	5	(coll.) (Tw) don't mention it
不會|不会|bu4 hui4	6	not at all
不用|不用|bu4 yong4	0	need not
不知|不知|bu4 zhi1	0	not to know
不知|不知|bu4 zhi1	1	unaware
不知|不知|bu4 zhi1	2	unknowingly
不知|不知|bu4 zhi1	3	fig. not to admit (defeat, hardships, tiredness etc)
不能|不能|bu4 neng2	0	cannot
不能|不能|bu4 neng2	1	must not
不能|不能|bu4 neng2	2	should not
不要|不要|bu4 yao4	0	don't!; must not
不過|不过|bu4 guo4	0	only
不過|不过|bu4 guo4	1	merely
不過|不过|bu4 guo4	2	no more than
不過|不过|bu4 guo4	3	but
不過|不过|bu4 guo4	4	however
不過|不过|bu4 guo4	5	anyway (to get back to a previous topic)
不過|不过|bu4 guo4	6	cannot be more (after adjectival)
且|且|qie3	0	and
且|且|qie3	1	moreover
且|且|qie3	2	yet
且|且|qie3	3	for the time being
且|且|qie3	4	to be about to
且|且|qie3	5	both (... and...)
世|世|shi4	0	life
世|世|shi4	1	age
世|世|shi4	2	generation
世|世|shi4	3	era
世|世|shi4	4	world
世|世|shi4	5	lifetime
世|世|shi4	6	epoch
世|世|shi4	7	descendant
世|世|shi4	8	noble
世紀|世纪|shi4 ji4	0	century
並且|并且|bing4 qie3	0	and; besides; moreover; furthermore; in addition
並非|并非|bing4 fei1	0	really isn't
中|中|zhong4	0	to hit (a target)
中|中|zhong4	1	to be struck by (a bullet, illness etc)
中|中|zhong4	2	to win (a prize or lottery)
中央|中央|zhong1 yang1	0	central
中央|中央|zhong1 yang1	1	middle
中央|中央|zhong1 yang1	2	center
中央|中央|zhong1 yang1	3	central authorities (of a state)
中學|中学|zhong1 xue2	0	middle school
中心|中心|zhong1 xin1	0	center; heart; core
中間|中间|zhong1 jian1	0	the middle; the inside
中間|中间|zhong1 jian1	1	in the middle; within; between; among
中間|中间|zhong1 jian1	2	during; in the meantime
丹|丹|dan1	0	red
丹|丹|dan1	1	pellet
丹|丹|dan1	2	powder
丹|丹|dan1	3	cinnabar
主|主|zhu3	0	owner
主|主|zhu3	1	master
主|主|zhu3	2	host
主|主|zhu3	3	individual or party concerned
主|主|zhu3	4	God
主|主|zhu3	5	Lord
主|主|zhu3	6	main
主|主|zhu3	7	to indicate or signify
主|主|zhu3	8	trump card (in card games)
主任|主任|zhu3 ren4	0	director
主任|主任|zhu3 ren4	1	head
主任|主任|zhu3 ren4	2	CL:個|个[ge4]
主席|主席|zhu3 xi2	0	chairperson
主席|主席|zhu3 xi2	1	premier
主席|主席|zhu3 xi2	2	chairman
主席|主席|zhu3 xi2	3	CL:個|个[ge4],位[wei4]
主持|主持|zhu3 chi2	0	to take charge of
主持|主持|zhu3 chi2	1	to manage or direct
主持|主持|zhu3 chi2	2	to preside over
主持|主持|zhu3 chi2	3	to uphold
主持|主持|zhu3 chi2	4	to stand for (justice etc)
主持|主持|zhu3 chi2	5	to host (a TV or radio program etc)
主持|主持|zhu3 chi2	6	(TV) anchor
主義|主义|zhu3 yi4	0	-ism
主義|主义|zhu3 yi4	1	ideology
主要|主要|zhu3 yao4	0	main; principal; major; primary
主角|主角|zhu3 jue2	0	leading role; lead
主角|主角|zhu3 jue2	1	protagonist
主題|主题|zhu3 ti2	0	theme
主題|主题|zhu3 ti2	1	subject
久|久|jiu3	0	(of a period of time) long
之一|之一|zhi1 yi1	0	one of (sth)
之一|之一|zhi1 yi1	1	one out of a multitude
之一|之一|zhi1 yi1	2	one (third, quarter, percent etc)
之下|之下|zhi1 xia4	0	under
之下|之下|zhi1 xia4	1	beneath
之下|之下|zhi1 xia4	2	less than
之中|之中|zhi1 zhong1	0	inside
之中|之中|zhi1 zhong1	1	among
之中|之中|zhi1 zhong1	2	in the midst of (doing sth)
之中|之中|zhi1 zhong1	3	during
之前|之前|zhi1 qian2	0	before
之前|之前|zhi1 qian2	1	prior to
之前|之前|zhi1 qian2	2	ago
之前|之前|zhi1 qian2	3	previously
之前|之前|zhi1 qian2	4	beforehand
之外|之外|zhi1 wai4	0	outside
之外|之外|zhi1 wai4	1	excluding
之後|之后|zhi1 hou4	0	after; behind
之後|之后|zhi1 hou4	1	(at the beginning of a sentence) afterwards; since then
之間|之间|zhi1 jian1	0	(after a noun) between; among; amid
之間|之间|zhi1 jian1	1	(used after certain bisyllabic words to form expressions indicating a short period of time, e.g. 彈指之間|弹指之间[tan2 zhi3 zhi1 jian1])
乘|乘|cheng2	0	to ride
乘|乘|cheng2	1	to mount
乘|乘|cheng2	2	to make use of
乘|乘|cheng2	3	to avail oneself of
乘|乘|cheng2	4	to take advantage of
乘|乘|cheng2	5	to multiply (math.)
乘|乘|cheng2	6	Buddhist sect or creed
乘|乘|sheng4	0	(archaic) four horse military chariot
乘|乘|sheng4	1	(archaic) four
乘|乘|sheng4	2	generic term for history books
乘客|乘客|cheng2 ke4	0	passenger
九|九|jiu3	0	nine
九|九|jiu3	1	9
也|也|ye3	0	also; too; as well; (not ...) either
也|也|ye3	1	(used after a verbal or nominal expression X to indicate that X is an extreme or unexpected case) even (X)
也|也|ye3	2	(literary) particle having functions similar to 啊[a5]
乾|乾|qian2	0	one of the Eight Trigrams 八卦[ba1 gua4], symbolizing heaven
乾|乾|qian2	1	male principle
乾|乾|qian2	2	☰
乾|乾|qian2	3	ancient Chinese compass point: 315° (northwest)
乾|干|gan1	0	dry
乾|干|gan1	1	dried food
乾|干|gan1	2	empty; hollow
乾|干|gan1	3	taken in to nominal kinship; adoptive; foster
乾|干|gan1	4	futile; in vain
乾|干|gan1	5	(dialect) rude; blunt
乾|干|gan1	6	(dialect) to cold-shoulder
亂|乱|luan4	0	in confusion or disorder
亂|乱|luan4	1	in a confused state of mind
亂|乱|luan4	2	disorder
亂|乱|luan4	3	upheaval
亂|乱|luan4	4	riot
亂|乱|luan4	5	illicit sexual relations
亂|乱|luan4	6	to throw into disorder
亂|乱|luan4	7	to mix up
亂|乱|luan4	8	indiscriminate
亂|乱|luan4	9	random
亂|乱|luan4	10	arbitrary
了|了|le5	0	(completed action marker)
了|了|le5	1	(modal particle indicating change of state, situation now)
了|了|le5	2	(modal particle intensifying preceding clause)
了|了|liao3	0	to finish
了|了|liao3	1	(used with 得[de2] or 不[bu4] after a verb to express (im)possibility, as in 忘不了[wang4 bu5 liao3] "cannot forget")
了|了|liao3	2	(literary) (usually followed by a negative such as 無|无[wu2] or 不[bu4]) completely (not); entirely (not); (not) in the least
了|了|liao3	3	to understand clearly (variant of 瞭|了[liao3])
了解|了解|liao3 jie3	0	to understand
了解|了解|liao3 jie3	1	to realize
了解|了解|liao3 jie3	2	to find out
事|事|shi4	0	matter
事|事|shi4	1	thing
事|事|shi4	2	item
事|事|shi4	3	work
事|事|shi4	4	affair
事|事|shi4	5	CL:件[jian4],樁|桩[zhuang1],回[hui2]
事件|事件|shi4 jian4	0	incident; event
事實|事实|shi4 shi2	0	fact
事實|事实|shi4 shi2	1	CL:個|个[ge4]
事實上|事实上|shi4 shi2 shang4	0	in fact
事實上|事实上|shi4 shi2 shang4	1	in reality
事實上|事实上|shi4 shi2 shang4	2	actually
事實上|事实上|shi4 shi2 shang4	3	as a matter of fact
事實上|事实上|shi4 shi2 shang4	4	de facto
事實上|事实上|shi4 shi2 shang4	5	ipso facto
事情|事情|shi4 qing5	0	affair; matter; thing; business
事情|事情|shi4 qing5	1	CL:件[jian4],樁|桩[zhuang1]
事故|事故|shi4 gu4	0	accident
事故|事故|shi4 gu4	1	CL:樁|桩[zhuang1],起[qi3],次[ci4]
事業|事业|shi4 ye4	0	undertaking
事業|事业|shi4 ye4	1	project
事業|事业|shi4 ye4	2	activity
事業|事业|shi4 ye4	3	(charitable, political or revolutionary) cause
事業|事业|shi4 ye4	4	publicly funded institution, enterprise or foundation
事業|事业|shi4 ye4	5	career
事業|事业|shi4 ye4	6	occupation
事業|事业|shi4 ye4	7	CL:個|个[ge4]
二|二|er4	0	two
二|二|er4	1	2
二|二|er4	2	(Beijing dialect) stupid
二十|二十|er4 shi2	0	twenty; 20
互相|互相|hu4 xiang1	0	each other
互相|互相|hu4 xiang1	1	mutually
互相|互相|hu4 xiang1	2	mutual
五|五|wu3	0	five
五|五|wu3	1	5
井|井|jing3	0	a well
井|井|jing3	1	CL:口[kou3]
井|井|jing3	2	neat
井|井|jing3	3	orderly
些|些|xie1	0	classifier indicating a small amount or small number greater than 1: some, a few, several
亞|亚|ya4	0	second
亞|亚|ya4	1	next to
亞|亚|ya4	2	inferior
亞|亚|ya4	3	sub-
亞|亚|ya4	4	Taiwan pr. [ya3]
交|交|jiao1	0	to hand over; to deliver; to pay (money); to turn over
交|交|jiao1	1	to make friends
交|交|jiao1	2	(of lines) to intersect
交|交|jiao1	3	variant of 跤[jiao1]
交換|交换|jiao1 huan4	0	to exchange
交換|交换|jiao1 huan4	1	to swap
交換|交换|jiao1 huan4	2	to switch (telecom)
交換|交换|jiao1 huan4	3	commutative (math)
交換|交换|jiao1 huan4	4	to commute
交易|交易|jiao1 yi4	0	to deal; to trade; to transact
交易|交易|jiao1 yi4	1	transaction; deal
交易|交易|jiao1 yi4	2	CL:筆|笔[bi3]
交流|交流|jiao1 liu2	0	to exchange
交流|交流|jiao1 liu2	1	exchange
交流|交流|jiao1 liu2	2	communication
交流|交流|jiao1 liu2	3	interaction
交流|交流|jiao1 liu2	4	to have social contact (with sb)
交通|交通|jiao1 tong1	0	to be connected
交通|交通|jiao1 tong1	1	traffic
交通|交通|jiao1 tong1	2	transportation
交通|交通|jiao1 tong1	3	communications
交通|交通|jiao1 tong1	4	liaison
亮|亮|liang4	0	bright; light
亮|亮|liang4	1	to shine; to flash
亮|亮|liang4	2	loud and clear
亮|亮|liang4	3	to show (one's passport etc); to make public (one's views etc)
人們|人们|ren2 men5	0	people
人口|人口|ren2 kou3	0	population
人口|人口|ren2 kou3	1	people
人員|人员|ren2 yuan2	0	staff
人員|人员|ren2 yuan2	1	crew
人員|人员|ren2 yuan2	2	personnel
人員|人员|ren2 yuan2	3	CL:個|个[ge4]
人士|人士|ren2 shi4	0	person
人士|人士|ren2 shi4	1	figure
人士|人士|ren2 shi4	2	public figure
人數|人数|ren2 shu4	0	number of people
人民|人民|ren2 min2	0	the people
人物|人物|ren2 wu4	0	person; personage; figure (esp. sb of importance)
人物|人物|ren2 wu4	1	character (in a play, novel etc)
人物|人物|ren2 wu4	2	(genre of traditional Chinese painting) figure painting
人生|人生|ren2 sheng1	0	life (one's time on earth)
人類|人类|ren2 lei4	0	humanity
人類|人类|ren2 lei4	1	human race
人類|人类|ren2 lei4	2	mankind
什|什|shen2	0	what
什|什|shi2	0	ten (used in fractions, writing checks etc)
什|什|shi2	1	assorted
什|什|shi2	2	miscellaneous
什麼|什么|shen2 me5	0	what?
什麼|什么|shen2 me5	1	something; anything
今|今|jin1	0	now
今|今|jin1	1	the present time
今|今|jin1	2	current
今|今|jin1	3	contemporary
今|今|jin1	4	this (day, year etc)
今天|今天|jin1 tian1	0	today
今天|今天|jin1 tian1	1	the present time; now
介紹|介绍|jie4 shao4	0	to introduce (sb to sb)
介紹|介绍|jie4 shao4	1	to give a presentation
介紹|介绍|jie4 shao4	2	to present (sb for a job etc)
介紹|介绍|jie4 shao4	3	introduction
仍|仍|reng2	0	still; yet
仍|仍|reng2	1	to remain
仍|仍|reng2	2	(literary) frequently; often
仍然|仍然|reng2 ran2	0	still; as before; yet
仔|仔|zai3	0	variant of 崽[zai3]
仔|仔|zai3	1	(dialect) (bound form) young man
仔|仔|zi3	0	(bound form) (of domestic animals or fowl) young
仔|仔|zi3	1	(bound form) fine; detailed
他|他|ta1	0	(third-person singular) (since the early 20th century, usu. male) he; him; his
他|他|ta1	1	(bound form) other; another; some other (as in 他日[ta1 ri4] and 他人[ta1 ren2])
他人|他人|ta1 ren2	0	another person; sb else; other people
他們|他们|ta1 men5	0	they; them
代|代|dai4	0	to be a substitute for; to act on behalf of; to replace; to substitute
代|代|dai4	1	generation; dynasty; age; period; (historical) era; (geological) eon
代表|代表|dai4 biao3	0	representative
代表|代表|dai4 biao3	1	delegate
代表|代表|dai4 biao3	2	CL:位[wei4],個|个[ge4],名[ming2]
代表|代表|dai4 biao3	3	to represent
代表|代表|dai4 biao3	4	to stand for
代表|代表|dai4 biao3	5	on behalf of
代表|代表|dai4 biao3	6	in the name of
令|令|ling3	0	classifier for a ream of paper
令|令|ling4	0	to order
令|令|ling4	1	to command
令|令|ling4	2	an order
令|令|ling4	3	warrant
令|令|ling4	4	writ
令|令|ling4	5	to cause
令|令|ling4	6	to make sth happen
令|令|ling4	7	virtuous
令|令|ling4	8	honorific title
令|令|ling4	9	season
令|令|ling4	10	government position (old)
令|令|ling4	11	type of short song or poem
以|以|yi3	0	to use
以|以|yi3	1	by means of
以|以|yi3	2	according to
以|以|yi3	3	in order to
以|以|yi3	4	because of
以|以|yi3	5	at (a certain date or place)
以上|以上|yi3 shang4	0	that level or higher; that amount or more
以上|以上|yi3 shang4	1	the above-mentioned
以上|以上|yi3 shang4	2	(used to indicate that one has completed one's remarks) That is all.
以下|以下|yi3 xia4	0	that level or lower
以下|以下|yi3 xia4	1	that amount or less
以下|以下|yi3 xia4	2	the following
以來|以来|yi3 lai2	0	since (used after a specified time or event)
以前|以前|yi3 qian2	0	before
以前|以前|yi3 qian2	1	formerly
以前|以前|yi3 qian2	2	previous
以前|以前|yi3 qian2	3	ago
以及|以及|yi3 ji2	0	and; as well as
以外|以外|yi3 wai4	0	apart from
以外|以外|yi3 wai4	1	other than
以外|以外|yi3 wai4	2	except for
以外|以外|yi3 wai4	3	external
以外|以外|yi3 wai4	4	outside of
以外|以外|yi3 wai4	5	on the other side of
以外|以外|yi3 wai4	6	beyond
以後|以后|yi3 hou4	0	after
以後|以后|yi3 hou4	1	later
以後|以后|yi3 hou4	2	afterwards
以後|以后|yi3 hou4	3	following
以後|以后|yi3 hou4	4	later on
以後|以后|yi3 hou4	5	in the future
以為|以为|yi3 wei2	0	to think; to believe (often with the implication that the belief is mistaken – unless referring to one's own current belief)
件|件|jian4	0	item
件|件|jian4	1	component
件|件|jian4	2	classifier for events, things, clothes etc
任|任|ren4	0	to assign
任|任|ren4	1	to appoint
任|任|ren4	2	to take up a post
任|任|ren4	3	office
任|任|ren4	4	responsibility
任|任|ren4	5	to let
任|任|ren4	6	to allow
任|任|ren4	7	to give free rein to
任|任|ren4	8	no matter (how, what etc)
任|任|ren4	9	classifier for terms served in office, or for spouses, girlfriends etc (as in 前任男友)
任何|任何|ren4 he2	0	any; whatever; whichever
任務|任务|ren4 wu5	0	mission; assignment; task; duty; role
任務|任务|ren4 wu5	1	CL:項|项[xiang4]
份|份|fen4	0	classifier for gifts, newspaper, magazine, papers, reports, contracts etc
份|份|fen4	1	variant of 分[fen4]
企業|企业|qi3 ye4	0	company; firm; enterprise; corporation
企業|企业|qi3 ye4	1	CL:家[jia1]
伊|伊|yi1	0	(old) third person singular pronoun ("he" or "she")
伊|伊|yi1	1	second person singular pronoun ("you")
伊|伊|yi1	2	(May 4th period) third person singular feminine pronoun ("she")
伊|伊|yi1	3	(Classical Chinese) introductory particle with no specific meaning
伊|伊|yi1	4	(preceding a noun) that
伊|伊|yi1	5	(bound form) Iraq (abbr. for 伊拉克[Yi1 la1 ke4])
伊|伊|yi1	6	(bound form) Iran (abbr. for 伊朗[Yi1 lang3])
伯|伯|bai3	0	one hundred (old)
伯|伯|bo2	0	father's elder brother
伯|伯|bo2	1	senior
伯|伯|bo2	2	paternal elder uncle
伯|伯|bo2	3	eldest of brothers
伯|伯|bo2	4	respectful form of address
伯|伯|bo2	5	Count, third of five orders of nobility 五等爵位[wu3 deng3 jue2 wei4]
估計|估计|gu1 ji4	0	to estimate; to assess; to calculate
估計|估计|gu1 ji4	1	(coll.) to reckon; to think (that ...)
似乎|似乎|si4 hu1	0	it seems; seemingly; as if
但|但|dan4	0	but; yet; however; still
但|但|dan4	1	merely; only; just
但是|但是|dan4 shi4	0	but; however
佈|布|bu4	0	variant of 布[bu4]
佈|布|bu4	1	to announce
佈|布|bu4	2	to spread
位|位|wei4	0	position
位|位|wei4	1	location
位|位|wei4	2	place
位|位|wei4	3	seat
位|位|wei4	4	classifier for people (honorific)
位|位|wei4	5	classifier for binary bits (e.g. 十六位 16-bit or 2 bytes)
位|位|wei4	6	(physics) potential
位於|位于|wei4 yu2	0	to be located at
位於|位于|wei4 yu2	1	to be situated at
位於|位于|wei4 yu2	2	to lie
位置|位置|wei4 zhi5	0	position
位置|位置|wei4 zhi5	1	place
位置|位置|wei4 zhi5	2	seat
位置|位置|wei4 zhi5	3	CL:個|个[ge4]
低|低|di1	0	low
低|低|di1	1	beneath
低|低|di1	2	to lower (one's head)
低|低|di1	3	to let droop
低|低|di1	4	to hang down
低|低|di1	5	to incline
住|住|zhu4	0	to live; to reside; to stay
住|住|zhu4	1	to stop; to cease
住|住|zhu4	2	(result complement indicating firmness or a stable achieved state)
何|何|he2	0	what
何|何|he2	1	how
何|何|he2	2	why
何|何|he2	3	which
何|何|he2	4	carry
作|作|zuo1	0	(bound form) worker
作|作|zuo1	1	(bound form) workshop
作|作|zuo1	2	(slang) troublesome; high-maintenance (person)
作|作|zuo4	0	to do; to engage in
作|作|zuo4	1	to write; to compose
作|作|zuo4	2	to pretend; to feign
作|作|zuo4	3	to regard as; to consider to be
作|作|zuo4	4	to be; to act the part of
作|作|zuo4	5	to feel (itchy, nauseous etc)
作|作|zuo4	6	writings; works
作出|作出|zuo4 chu1	0	to put out
作出|作出|zuo4 chu1	1	to come up with
作出|作出|zuo4 chu1	2	to make (a choice, decision, proposal, response, comment etc)
作出|作出|zuo4 chu1	3	to issue (a permit, statement, explanation, apology, reassurance to the public etc)
作出|作出|zuo4 chu1	4	to draw (conclusion)
作出|作出|zuo4 chu1	5	to deliver (speech, judgment)
作出|作出|zuo4 chu1	6	to devise (explanation)
作出|作出|zuo4 chu1	7	to extract
作品|作品|zuo4 pin3	0	work (of art)
作品|作品|zuo4 pin3	1	opus
作品|作品|zuo4 pin3	2	CL:部[bu4],篇[pian1]
作家|作家|zuo4 jia1	0	author
作家|作家|zuo4 jia1	1	CL:個|个[ge4],位[wei4]
作戰|作战|zuo4 zhan4	0	combat
作戰|作战|zuo4 zhan4	1	to fight
作為|作为|zuo4 wei2	0	one's conduct
作為|作为|zuo4 wei2	1	deed
作為|作为|zuo4 wei2	2	activity
作為|作为|zuo4 wei2	3	accomplishment
作為|作为|zuo4 wei2	4	achievement
作為|作为|zuo4 wei2	5	to act as
作為|作为|zuo4 wei2	6	as (in the capacity of)
作為|作为|zuo4 wei2	7	qua
作為|作为|zuo4 wei2	8	to view as
作為|作为|zuo4 wei2	9	to look upon (sth as)
作為|作为|zuo4 wei2	10	to take sth to be
作用|作用|zuo4 yong4	0	to act on; to affect
作用|作用|zuo4 yong4	1	action; function; activity
作用|作用|zuo4 yong4	2	impact; result; effect
作用|作用|zuo4 yong4	3	purpose; intent
作用|作用|zuo4 yong4	4	(suffix) -ation, -tion etc, as in 抑制作用[yi4 zhi4 zuo4 yong4], inhibition
作者|作者|zuo4 zhe3	0	author; writer
你|你|ni3	0	you (informal, as opposed to courteous 您[nin2])
你們|你们|ni3 men5	0	you (plural)
使|使|shi3	0	to make
使|使|shi3	1	to cause
使|使|shi3	2	to enable
使|使|shi3	3	to use
使|使|shi3	4	to employ
使|使|shi3	5	to send
使|使|shi3	6	to instruct sb to do sth
使|使|shi3	7	envoy
使|使|shi3	8	messenger
使得|使得|shi3 de5	0	usable; serviceable
使得|使得|shi3 de5	1	feasible; workable; doable
使得|使得|shi3 de5	2	to make; to cause; to bring about
使用|使用|shi3 yong4	0	to use
使用|使用|shi3 yong4	1	to employ
使用|使用|shi3 yong4	2	to apply
使用|使用|shi3 yong4	3	to make use of
來|来|lai2	0	to come
來|来|lai2	1	(used as a substitute for a more specific verb)
來|来|lai2	2	hither (directional complement for motion toward the speaker, as in 回來|回来[hui2 lai5])
來|来|lai2	3	ever since (as in 自古以來|自古以来[zi4 gu3 yi3 lai2])
來|来|lai2	4	for the past (amount of time)
來|来|lai2	5	(prefix) the coming ...; the next ... (as in 來世|来世[lai2 shi4])
來|来|lai2	6	(between two verbs) in order to
來|来|lai2	7	(after a round number) approximately
來|来|lai2	8	(used after 得[de2] to indicate possibility, as in 談得來|谈得来[tan2 de5 lai2], or after 不[bu4] to indicate impossibility, as in 吃不來|吃不来[chi1 bu5 lai2])
來到|来到|lai2 dao4	0	to arrive; to come
來源|来源|lai2 yuan2	0	source (of information etc)
來源|来源|lai2 yuan2	1	origin
來自|来自|lai2 zi4	0	to come from (a place)
來自|来自|lai2 zi4	1	From: (in email header)
例如|例如|li4 ru2	0	for example; for instance; such as
供|供|gong1	0	to provide; to supply
供|供|gong1	1	to be for (the use or convenience of)
供|供|gong4	0	to lay (sacrificial offerings)
供|供|gong4	1	(bound form) offerings
供|供|gong4	2	to confess (Taiwan pr. [gong1])
供|供|gong4	3	confession; statement (Taiwan pr. [gong1])
依|依|yi1	0	to depend on
依|依|yi1	1	to comply with or listen to sb
依|依|yi1	2	according to
依|依|yi1	3	in the light of
依然|依然|yi1 ran2	0	still; as before
便|便|bian4	0	plain
便|便|bian4	1	informal
便|便|bian4	2	suitable
便|便|bian4	3	convenient
便|便|bian4	4	opportune
便|便|bian4	5	to urinate or defecate
便|便|bian4	6	equivalent to 就[jiu4]: then
便|便|bian4	7	in that case
便|便|bian4	8	even if
便|便|bian4	9	soon afterwards
係|系|xi4	0	to connect
係|系|xi4	1	to relate to
係|系|xi4	2	to tie up
係|系|xi4	3	to bind
係|系|xi4	4	to be (literary)
保|保|bao3	0	to defend; to protect; to keep
保|保|bao3	1	to guarantee; to ensure
保|保|bao3	2	(old) civil administration unit in the baojia 保甲[bao3 jia3] system
保存|保存|bao3 cun2	0	to conserve; to preserve; to keep; to store; (computing) to save (a file etc)
保持|保持|bao3 chi2	0	to keep
保持|保持|bao3 chi2	1	to maintain
保持|保持|bao3 chi2	2	to hold
保持|保持|bao3 chi2	3	to preserve
保留|保留|bao3 liu2	0	to keep
保留|保留|bao3 liu2	1	to retain
保留|保留|bao3 liu2	2	to have reservations (about sth)
保留|保留|bao3 liu2	3	to hold back (from saying sth)
保留|保留|bao3 liu2	4	to put aside for later
保證|保证|bao3 zheng4	0	guarantee
保證|保证|bao3 zheng4	1	to guarantee
保證|保证|bao3 zheng4	2	to ensure
保證|保证|bao3 zheng4	3	to safeguard
保證|保证|bao3 zheng4	4	to pledge
保證|保证|bao3 zheng4	5	CL:個|个[ge4]
保護|保护|bao3 hu4	0	to protect
保護|保护|bao3 hu4	1	to defend
保護|保护|bao3 hu4	2	to safeguard
保護|保护|bao3 hu4	3	protection
保護|保护|bao3 hu4	4	CL:種|种[zhong3]
信|信|xin4	0	letter
信|信|xin4	1	mail
信|信|xin4	2	CL:封[feng1]
信|信|xin4	3	to trust
信|信|xin4	4	to believe
信|信|xin4	5	to profess faith in
信|信|xin4	6	truthful
信|信|xin4	7	confidence
信|信|xin4	8	trust
信|信|xin4	9	at will
信|信|xin4	10	at random
信仰|信仰|xin4 yang3	0	to believe in (a religion)
信仰|信仰|xin4 yang3	1	firm belief
信仰|信仰|xin4 yang3	2	conviction
信任|信任|xin4 ren4	0	to trust
信任|信任|xin4 ren4	1	to have confidence in
信息|信息|xin4 xi1	0	information; news; message
信號|信号|xin4 hao4	0	signal
修|修|xiu1	0	to decorate
修|修|xiu1	1	to embellish
修|修|xiu1	2	to repair
修|修|xiu1	3	to build
修|修|xiu1	4	to write
修|修|xiu1	5	to cultivate
修|修|xiu1	6	to study
修|修|xiu1	7	to take (a class)
俱樂部|俱乐部|ju4 le4 bu4	0	(loanword) club (the organization or its premises)
個人|个人|ge4 ren2	0	an individual; oneself; (attributive) personal; one's own
倍|倍|bei4	0	(two, three etc) -fold
倍|倍|bei4	1	times (multiplier)
倍|倍|bei4	2	double
倍|倍|bei4	3	to increase or multiply
們|们|men5	0	plural marker for pronouns, and nouns referring to individuals
倒|倒|dao3	0	to fall; to collapse; to lie horizontally
倒|倒|dao3	1	to fail; to go bankrupt
倒|倒|dao3	2	to overthrow
倒|倒|dao3	3	to change (trains or buses)
倒|倒|dao3	4	to move around
倒|倒|dao3	5	to resell at a profit
倒|倒|dao4	0	to invert; to place upside down or frontside back
倒|倒|dao4	1	to pour out
倒|倒|dao4	2	to tip out; to dump
倒|倒|dao4	3	inverted; upside down; reversed
倒|倒|dao4	4	to go backward
倒|倒|dao4	5	contrary to what one might expect; but; yet
借|借|jie4	0	to borrow
借|借|jie4	1	(used in combination with 給|给[gei3] or 出[chu1] etc) to lend
借|借|jie4	2	to make use of; to avail oneself of
借|借|jie4	3	(sometimes followed by 著|着[zhe5]) by; with
倫|伦|lun2	0	human relationship
倫|伦|lun2	1	order
倫|伦|lun2	2	coherence
值|值|zhi2	0	value
值|值|zhi2	1	(to be) worth
值|值|zhi2	2	to happen to
值|值|zhi2	3	to be on duty
值得|值得|zhi2 de5	0	worth the money
值得|值得|zhi2 de5	1	to merit; to deserve; to be worth (doing sth)
假|假|jia3	0	fake
假|假|jia3	1	false
假|假|jia3	2	artificial
假|假|jia3	3	to borrow
假|假|jia3	4	if
假|假|jia3	5	suppose
假|假|jia4	0	vacation
假設|假设|jia3 she4	0	to suppose
假設|假设|jia3 she4	1	to presume
假設|假设|jia3 she4	2	to assume
假設|假设|jia3 she4	3	supposing that ...
假設|假设|jia3 she4	4	if
假設|假设|jia3 she4	5	hypothesis
假設|假设|jia3 she4	6	conjecture
偉大|伟大|wei3 da4	0	huge; great; grand; worthy of the greatest admiration; important (contribution etc)
做|做|zuo4	0	to make; to produce
做|做|zuo4	1	to write; to compose
做|做|zuo4	2	to do; to engage in; to hold (a party etc)
做|做|zuo4	3	(of a person) to be (an intermediary, a good student etc); to become (husband and wife, friends etc)
做|做|zuo4	4	(of a thing) to serve as; to be used for
做|做|zuo4	5	to assume (an air or manner)
做出|做出|zuo4 chu1	0	to put out
做出|做出|zuo4 chu1	1	to issue
停|停|ting2	0	to stop
停|停|ting2	1	to halt
停|停|ting2	2	to park (a car)
停止|停止|ting2 zhi3	0	to stop; to halt; to cease
健康|健康|jian4 kang1	0	health
健康|健康|jian4 kang1	1	healthy
側|侧|ce4	0	the side
側|侧|ce4	1	to incline towards
側|侧|ce4	2	to lean
側|侧|ce4	3	inclined
側|侧|ce4	4	lateral
側|侧|ce4	5	side
側|侧|zhai1	0	lean on one side
偵探|侦探|zhen1 tan4	0	detective
偵探|侦探|zhen1 tan4	1	to do detective work
偶像|偶像|ou3 xiang4	0	idol
傳|传|chuan2	0	to pass on
傳|传|chuan2	1	to spread
傳|传|chuan2	2	to transmit
傳|传|chuan2	3	to infect
傳|传|chuan2	4	to transfer
傳|传|chuan2	5	to circulate
傳|传|chuan2	6	to conduct (electricity)
傳|传|zhuan4	0	biography
傳|传|zhuan4	1	historical narrative
傳|传|zhuan4	2	commentaries
傳|传|zhuan4	3	relay station
傳統|传统|chuan2 tong3	0	tradition; traditional
傳說|传说|chuan2 shuo1	0	legend; folk tale
傳說|传说|chuan2 shuo1	1	to repeat from mouth to mouth; they say that...
傷|伤|shang1	0	to injure
傷|伤|shang1	1	injury
傷|伤|shang1	2	wound
傷害|伤害|shang1 hai4	0	to injure; to harm
僅|仅|jin3	0	barely
僅|仅|jin3	1	only
僅|仅|jin3	2	merely
像|像|xiang4	0	to resemble
像|像|xiang4	1	to be like
像|像|xiang4	2	to look as if
像|像|xiang4	3	such as
像|像|xiang4	4	appearance
像|像|xiang4	5	image
像|像|xiang4	6	portrait
像|像|xiang4	7	image under a mapping (math.)
價值|价值|jia4 zhi2	0	value; worth
價值|价值|jia4 zhi2	1	(ethical, cultural etc) values
價格|价格|jia4 ge2	0	price
儀式|仪式|yi2 shi4	0	ceremony
億|亿|yi4	0	100 million
儘管|尽管|jin3 guan3	0	despite
儘管|尽管|jin3 guan3	1	although
儘管|尽管|jin3 guan3	2	even though
儘管|尽管|jin3 guan3	3	in spite of
儘管|尽管|jin3 guan3	4	unhesitatingly
儘管|尽管|jin3 guan3	5	do not hesitate (to ask, complain etc)
儘管|尽管|jin3 guan3	6	(go ahead and do it) without hesitating
優勢|优势|you1 shi4	0	superiority
優勢|优势|you1 shi4	1	dominance
優勢|优势|you1 shi4	2	advantage
優秀|优秀|you1 xiu4	0	outstanding; excellent
允許|允许|yun3 xu3	0	to permit
允許|允许|yun3 xu3	1	to allow
元|元|yuan2	0	currency unit (esp. Chinese yuan)
元|元|yuan2	1	(bound form) first; original; primary
元|元|yuan2	2	(bound form) basic; fundamental
元|元|yuan2	3	(bound form) constituent; part
元|元|yuan2	4	(prefix) meta-
元|元|yuan2	5	(math.) argument; variable
元|元|yuan2	6	era (of a reign)
元|元|yuan2	7	(Tw) (geology) eon
元素|元素|yuan2 su4	0	element (key component of sth)
元素|元素|yuan2 su4	1	(chemistry) element
元素|元素|yuan2 su4	2	(math.) element (member of a set)
兄弟|兄弟|xiong1 di4	0	brothers
兄弟|兄弟|xiong1 di4	1	younger brother
兄弟|兄弟|xiong1 di4	2	CL:個|个[ge4]
兄弟|兄弟|xiong1 di4	3	I, me (humble term used by men in public speech)
兄弟|兄弟|xiong1 di4	4	brotherly
兄弟|兄弟|xiong1 di4	5	fraternal
充滿|充满|chong1 man3	0	full of
充滿|充满|chong1 man3	1	brimming with
充滿|充满|chong1 man3	2	very full
充滿|充满|chong1 man3	3	permeated
先|先|xian1	0	beforehand; first; earlier
先|先|xian1	1	at first; originally
先|先|xian1	2	for the time being; for now
先|先|xian1	3	(prefix) my late (in referring to deceased relatives older than oneself)
先生|先生|xian1 sheng5	0	teacher
先生|先生|xian1 sheng5	1	gentleman; sir; mister (Mr.)
先生|先生|xian1 sheng5	2	husband
先生|先生|xian1 sheng5	3	(dialect) doctor
先生|先生|xian1 sheng5	4	CL:位[wei4]
光|光|guang1	0	light; ray (CL:道[dao4])
光|光|guang1	1	bright; shiny
光|光|guang1	2	only; merely
光|光|guang1	3	used up; finished
光|光|guang1	4	to leave (a part of the body) uncovered
克|克|ke4	0	to be able to
克|克|ke4	1	to subdue
克|克|ke4	2	to restrain
克|克|ke4	3	to overcome
克|克|ke4	4	gram
克|克|ke4	5	Tibetan unit of land area, about 6 ares
免費|免费|mian3 fei4	0	free (of charge)
兒|儿|er2	0	child
兒|儿|er2	1	son
兒子|儿子|er2 zi5	0	son
兒童|儿童|er2 tong2	0	child
入|入|ru4	0	to enter; to go into
入|入|ru4	1	to join; to become a member of
入|入|ru4	2	(bound form) to conform to (as in 入時|入时[ru4 shi2])
入|入|ru4	3	abbr. for 入聲|入声[ru4 sheng1]
入|入|ru4	4	(on product packaging, after {number n} + {classifier}) containing (n pieces) (from Japanese 入 "iri")
入侵|入侵|ru4 qin1	0	to invade
內|内|nei4	0	inside
內|内|nei4	1	inner
內|内|nei4	2	internal
內|内|nei4	3	within
內|内|nei4	4	interior
內容|内容|nei4 rong2	0	content; substance; details
內容|内容|nei4 rong2	1	CL:項|项[xiang4]
內部|内部|nei4 bu4	0	interior
內部|内部|nei4 bu4	1	inside (part, section)
內部|内部|nei4 bu4	2	internal
全|全|quan2	0	all
全|全|quan2	1	whole
全|全|quan2	2	entire
全|全|quan2	3	every
全|全|quan2	4	complete
全世界|全世界|quan2 shi4 jie4	0	worldwide
全世界|全世界|quan2 shi4 jie4	1	entire world
全國|全国|quan2 guo2	0	whole nation
全國|全国|quan2 guo2	1	nationwide
全國|全国|quan2 guo2	2	countrywide
全國|全国|quan2 guo2	3	national
全球|全球|quan2 qiu2	0	the whole world
全球|全球|quan2 qiu2	1	worldwide; global
全部|全部|quan2 bu4	0	whole; all
全面|全面|quan2 mian4	0	all-around
全面|全面|quan2 mian4	1	comprehensive
全面|全面|quan2 mian4	2	total
全面|全面|quan2 mian4	3	overall
八|八|ba1	0	eight
公|公|gong1	0	public
公|公|gong1	1	collectively owned
公|公|gong1	2	common
公|公|gong1	3	international (e.g. high seas, metric system, calendar)
公|公|gong1	4	make public
公|公|gong1	5	fair
公|公|gong1	6	just
公|公|gong1	7	Duke, highest of five orders of nobility 五等爵位[wu3 deng3 jue2 wei4]
公|公|gong1	8	honorable (gentlemen)
公|公|gong1	9	father-in-law
公|公|gong1	10	male (animal)
公主|公主|gong1 zhu3	0	princess
公共|公共|gong1 gong4	0	public; common; communal
公園|公园|gong1 yuan2	0	park (for public recreation)
公園|公园|gong1 yuan2	1	CL:座[zuo4]
公民|公民|gong1 min2	0	citizen
公眾|公众|gong1 zhong4	0	public
公路|公路|gong1 lu4	0	highway
公路|公路|gong1 lu4	1	road
公路|公路|gong1 lu4	2	CL:條|条[tiao2]
公里|公里|gong1 li3	0	kilometer
公開|公开|gong1 kai1	0	open; overt; public
公開|公开|gong1 kai1	1	to make public; to release
六|六|liu4	0	six
六|六|liu4	1	6
共|共|gong4	0	common
共|共|gong4	1	general
共|共|gong4	2	to share
共|共|gong4	3	together
共|共|gong4	4	total
共|共|gong4	5	altogether
共|共|gong4	6	abbr. for 共產黨|共产党[Gong4 chan3 dang3], Communist party
共同|共同|gong4 tong2	0	common
共同|共同|gong4 tong2	1	joint
共同|共同|gong4 tong2	2	jointly
共同|共同|gong4 tong2	3	together
共同|共同|gong4 tong2	4	collaborative
兵|兵|bing1	0	soldiers
兵|兵|bing1	1	a force
兵|兵|bing1	2	an army
兵|兵|bing1	3	weapons
兵|兵|bing1	4	arms
兵|兵|bing1	5	military
兵|兵|bing1	6	warlike
兵|兵|bing1	7	CL:個|个[ge4]
其|其|qi2	0	his
其|其|qi2	1	her
其|其|qi2	2	its
其|其|qi2	3	their
其|其|qi2	4	that
其|其|qi2	5	such
其|其|qi2	6	it (refers to sth preceding it)
其中|其中|qi2 zhong1	0	among
其中|其中|qi2 zhong1	1	in
其中|其中|qi2 zhong1	2	included among these
其他|其他|qi2 ta1	0	other
其他|其他|qi2 ta1	1	(sth or sb) else
其他|其他|qi2 ta1	2	the rest
其它|其它|qi2 ta1	0	(adjective) other
其實|其实|qi2 shi2	0	actually; in fact; really
具|具|ju4	0	tool
具|具|ju4	1	device
具|具|ju4	2	utensil
具|具|ju4	3	equipment
具|具|ju4	4	instrument
具|具|ju4	5	talent
具|具|ju4	6	ability
具|具|ju4	7	to possess
具|具|ju4	8	to have
具|具|ju4	9	to provide
具|具|ju4	10	to furnish
具|具|ju4	11	to state
具|具|ju4	12	classifier for devices, coffins, dead bodies
具有|具有|ju4 you3	0	to have; to possess
具體|具体|ju4 ti3	0	concrete; specific; detailed
再|再|zai4	0	again; once more; re-
再|再|zai4	1	further; beyond this point of time
再|再|zai4	2	(before an adjective) more
再|再|zai4	3	then (after sth, and not until then)
再|再|zai4	4	no matter how ... (followed by an adjective or verb, and then (usually) 也[ye3] or 都[dou1] for emphasis)
再|再|zai4	5	(used to introduce additional information, as in 再則|再则[zai4 ze2], 再就是[zai4 jiu4 shi4] etc)
再|再|zai4	6	(literary) to reappear; to reoccur
再次|再次|zai4 ci4	0	once more; once again
冒險|冒险|mao4 xian3	0	to take risks
冒險|冒险|mao4 xian3	1	to take chances
冒險|冒险|mao4 xian3	2	foray
冒險|冒险|mao4 xian3	3	adventure
冠軍|冠军|guan4 jun1	0	champion
冰|冰|bing1	0	ice
冰|冰|bing1	1	CL:塊|块[kuai4]
冰|冰|bing1	2	to chill sth
冰|冰|bing1	3	(of an object or substance) to feel cold
冰|冰|bing1	4	(of a person) cold
冰|冰|bing1	5	unfriendly
冰|冰|bing1	6	(slang) methamphetamine
冷|冷|leng3	0	cold
准|准|zhun3	0	to allow
准|准|zhun3	1	to grant
准|准|zhun3	2	in accordance with
准|准|zhun3	3	in the light of
几|几|ji1	0	small table
凱|凯|kai3	0	(bound form) triumphal music
凱|凯|kai3	1	(Tw) (coll.) generous with money; lavish in spending
凱|凯|kai3	2	chi (Greek letter Χχ)
出來|出来|chu1 lai2	0	to come out
出來|出来|chu1 lai2	1	to appear
出來|出来|chu1 lai2	2	to arise
出來|出来|chu5 lai5	0	(after a verb, indicates coming out, completion of an action, or ability to discern or detect)
出口|出口|chu1 kou3	0	an exit
出口|出口|chu1 kou3	1	CL:個|个[ge4]
出口|出口|chu1 kou3	2	to speak
出口|出口|chu1 kou3	3	to export
出口|出口|chu1 kou3	4	(of a ship) to leave port
出席|出席|chu1 xi2	0	to attend
出席|出席|chu1 xi2	1	to participate
出席|出席|chu1 xi2	2	present
出版|出版|chu1 ban3	0	to publish
出現|出现|chu1 xian4	0	to appear
出現|出现|chu1 xian4	1	to arise
出現|出现|chu1 xian4	2	to emerge
出現|出现|chu1 xian4	3	to show up
出生|出生|chu1 sheng1	0	to be born
出發|出发|chu1 fa1	0	to set off
出發|出发|chu1 fa1	1	to start (on a journey)
刀|刀|dao1	0	knife; blade; single-edged sword; cutlass (CL:把[ba3])
刀|刀|dao1	1	(slang) (loanword) dollar
刀|刀|dao1	2	classifier for sets of one hundred sheets (of paper)
刀|刀|dao1	3	classifier for knife cuts or stabs
刀|刀|dao1	4	(Internet slang) to bargain; to ask for a small discount (esp. on second-hand marketplaces)
刀|刀|dao1	5	(Internet slang) to knife (sb) (often used hyperbolically, as in 想刀他[xiang3 dao1 ta1] "I could kill him!")
分|分|fen1	0	to divide; to separate
分|分|fen1	1	to distribute; to allocate
分|分|fen1	2	to distinguish (good and bad)
分|分|fen1	3	(bound form) branch of (an organization); sub- (as in 分局[fen1 ju2])
分|分|fen1	4	fraction
分|分|fen1	5	one tenth (of certain units)
分|分|fen1	6	unit of length equivalent to 0.33 cm
分|分|fen1	7	minute (unit of time)
分|分|fen1	8	minute (angular measurement unit)
分|分|fen1	9	a point (in sports or games)
分|分|fen1	10	0.01 yuan (unit of money)
分|分|fen4	0	part
分|分|fen4	1	share
分|分|fen4	2	ingredient
分|分|fen4	3	component
分別|分别|fen1 bie2	0	to part; to leave each other
分別|分别|fen1 bie2	1	to distinguish; to tell apart
分別|分别|fen1 bie2	2	difference; distinction
分別|分别|fen1 bie2	3	in different ways; differently
分別|分别|fen1 bie2	4	separately; individually; respectively
分子|分子|fen1 zi3	0	(chemistry) molecule
分子|分子|fen1 zi3	1	(math.) numerator of a fraction
分子|分子|fen4 zi3	0	member of a class or group; people of a certain type
分析|分析|fen1 xi1	0	to analyze
分析|分析|fen1 xi1	1	analysis
分析|分析|fen1 xi1	2	CL:個|个[ge4]
分鐘|分钟|fen1 zhong1	0	minute
切|切|qie1	0	to cut; to slice; to carve
切|切|qie1	1	(math.) tangential
切|切|qie4	0	definitely; absolutely (not)
切|切|qie4	1	(scoffing or dismissive interjection) Yeah, right.; Tut!
切|切|qie4	2	to grind
切|切|qie4	3	(bound form) close to
切|切|qie4	4	(bound form) eager
切|切|qie4	5	to correspond to
切|切|qie4	6	(used to indicate that the fanqie 反切[fan3 qie4] system should be applied to the previous two characters)
划|划|hua2	0	to row
划|划|hua2	1	to paddle
划|划|hua2	2	profitable
划|划|hua2	3	worth (the effort)
划|划|hua2	4	it pays (to do sth)
列|列|lie4	0	to arrange
列|列|lie4	1	to line up
列|列|lie4	2	file
列|列|lie4	3	series
列|列|lie4	4	(in data tables) column
列|列|lie4	5	(Tw) row
列車|列车|lie4 che1	0	(railway) train
初|初|chu1	0	(bound form) at first; initially
初|初|chu1	1	(bound form) first; early
初|初|chu1	2	(bound form) (in lunar calendar dates, before numerals 1–10) days 1 to 10 of a month, as in 初三[chu1 san1] "the third"
別|别|bie2	0	to leave; to part (from)
別|别|bie2	1	(literary) to differentiate; to distinguish
別|别|bie2	2	(dialect) to turn away; to turn aside; to avert (one's face, gaze etc)
別|别|bie2	3	(bound form) other; another; different
別|别|bie2	4	don't ...!
別|别|bie2	5	to fasten with a pin or clip
別|别|bie2	6	to stick in; to insert (in order to hinder movement)
別|别|bie2	7	(noun suffix) category (as in 性別|性别[xing4 bie2], 派別|派别[pai4 bie2])
別人|别人|bie2 ren5	0	other people; others; other person
利|利|li4	0	sharp
利|利|li4	1	favorable
利|利|li4	2	advantage
利|利|li4	3	benefit
利|利|li4	4	profit
利|利|li4	5	interest
利|利|li4	6	to do good to
利|利|li4	7	to benefit
利用|利用|li4 yong4	0	to exploit
利用|利用|li4 yong4	1	to make use of
利用|利用|li4 yong4	2	to use
利用|利用|li4 yong4	3	to take advantage of
利用|利用|li4 yong4	4	to utilize
利益|利益|li4 yi4	0	benefit
利益|利益|li4 yi4	1	(in sb's) interest
利益|利益|li4 yi4	2	CL:個|个[ge4]
到|到|dao4	0	to reach; to arrive
到|到|dao4	1	to leave for; to go to
到|到|dao4	2	to (a place); until (a time); up to (a point)
到|到|dao4	3	(verb complement indicating arriving at a place or reaching a point)
到|到|dao4	4	considerate; thoughtful; thorough
到達|到达|dao4 da2	0	to reach; to arrive
制|制|zhi4	0	system
制|制|zhi4	1	to control
制|制|zhi4	2	to regulate
制|制|zhi4	3	variant of 製|制[zhi4]
刺激|刺激|ci4 ji1	0	to provoke; to irritate; to upset; to stimulate; to excite
刺激|刺激|ci4 ji1	1	irritant
刻|刻|ke4	0	quarter (hour)
刻|刻|ke4	1	moment
刻|刻|ke4	2	to carve
刻|刻|ke4	3	to engrave
刻|刻|ke4	4	to cut
刻|刻|ke4	5	oppressive
刻|刻|ke4	6	classifier for short time intervals
則|则|ze2	0	(literary) (conjunction used to express contrast with a previous clause) but; then
則|则|ze2	1	(bound form) standard; norm
則|则|ze2	2	(bound form) principle
則|则|ze2	3	(literary) to imitate; to follow
則|则|ze2	4	classifier for written items
前|前|qian2	0	front
前|前|qian2	1	forward
前|前|qian2	2	ahead
前|前|qian2	3	first
前|前|qian2	4	top (followed by a number)
前|前|qian2	5	future
前|前|qian2	6	ago
前|前|qian2	7	before
前|前|qian2	8	BC (e.g. 前293年)
前|前|qian2	9	former
前|前|qian2	10	formerly
前往|前往|qian2 wang3	0	to leave for; to proceed towards; to go to
剛|刚|gang1	0	(literary) hard; firm; strong
剛|刚|gang1	1	exactly; precisely
剛|刚|gang1	2	barely; only just
剛|刚|gang1	3	just; only a short while ago
剩下|剩下|sheng4 xia4	0	to remain; to be left over
副|副|fu4	0	secondary
副|副|fu4	1	auxiliary
副|副|fu4	2	deputy
副|副|fu4	3	assistant
副|副|fu4	4	vice-
副|副|fu4	5	abbr. for 副詞|副词 adverb
副|副|fu4	6	classifier for pairs, sets of things & facial expressions
創作|创作|chuang4 zuo4	0	to create; to produce; to write
創作|创作|chuang4 zuo4	1	a creative work; a creation
創造|创造|chuang4 zao4	0	to create
創造|创造|chuang4 zao4	1	to bring about
創造|创造|chuang4 zao4	2	to produce
創造|创造|chuang4 zao4	3	to set (a record)
劃|划|hua2	0	to cut
劃|划|hua2	1	to slash
劃|划|hua2	2	to scratch (cut into the surface of sth)
劃|划|hua2	3	to strike (a match)
劃|划|hua4	0	to delimit
劃|划|hua4	1	to transfer
劃|划|hua4	2	to assign
劃|划|hua4	3	to plan
劃|划|hua4	4	to draw (a line)
劃|划|hua4	5	stroke of a Chinese character
劇|剧|ju4	0	theatrical work (play, opera, TV series etc)
劇|剧|ju4	1	dramatic (change, increase etc)
劇|剧|ju4	2	acute
劇|剧|ju4	3	severe
劇本|剧本|ju4 ben3	0	script; screenplay; scenario; libretto
劍|剑|jian4	0	double-edged sword
劍|剑|jian4	1	CL:口[kou3],把[ba3]
劍|剑|jian4	2	classifier for blows of a sword
力|力|li4	0	power
力|力|li4	1	force
力|力|li4	2	strength
力|力|li4	3	ability
力|力|li4	4	strenuously
力量|力量|li4 liang5	0	power; force; strength
功能|功能|gong1 neng2	0	function; capability
加|加|jia1	0	to add
加|加|jia1	1	(math.) plus
加|加|jia1	2	to increase; to augment
加|加|jia1	3	(used before a disyllabic verb, often after an adverb like 不[bu4], 大[da4], 稍[shao1] etc, to indicate that the action applies to sth previously mentioned, as in 稍加改良[shao1 jia1 gai3 liang2] "make some minor improvements to (it)")
加上|加上|jia1 shang4	0	plus
加上|加上|jia1 shang4	1	to put in
加上|加上|jia1 shang4	2	to add
加上|加上|jia1 shang4	3	to add on
加上|加上|jia1 shang4	4	to add into
加上|加上|jia1 shang4	5	in addition
加上|加上|jia1 shang4	6	on top of that
加入|加入|jia1 ru4	0	to become a member
加入|加入|jia1 ru4	1	to join
加入|加入|jia1 ru4	2	to mix into
加入|加入|jia1 ru4	3	to participate in
加入|加入|jia1 ru4	4	to add in
努力|努力|nu3 li4	0	to make an effort; to try hard; to strive
努力|努力|nu3 li4	1	hard-working; conscientious
勒|勒|le4	0	(literary) bridle; halter; headstall
勒|勒|le4	1	to rein in
勒|勒|le4	2	to compel; to force
勒|勒|le4	3	(literary) to carve; to engrave
勒|勒|le4	4	(literary) to command; to lead (an army etc)
勒|勒|le4	5	(physics) lux (abbr. for 勒克斯[le4 ke4 si1])
勒|勒|lei1	0	to strap tightly
勒|勒|lei1	1	to bind
動作|动作|dong4 zuo4	0	movement; motion; action
動作|动作|dong4 zuo4	1	to act; to move
動物|动物|dong4 wu4	0	animal
勝|胜|sheng4	0	victory
勝|胜|sheng4	1	success
勝|胜|sheng4	2	to beat
勝|胜|sheng4	3	to defeat
勝|胜|sheng4	4	to surpass
勝|胜|sheng4	5	victorious
勝|胜|sheng4	6	superior to
勝|胜|sheng4	7	to get the better of
勝|胜|sheng4	8	better than
勝|胜|sheng4	9	surpassing
勝|胜|sheng4	10	superb (of vista)
勝|胜|sheng4	11	beautiful (scenery)
勝|胜|sheng4	12	wonderful (view)
勝|胜|sheng4	13	(Taiwan pr. [sheng1]) able to bear
勝|胜|sheng4	14	equal to (a task)
勝利|胜利|sheng4 li4	0	victory
勝利|胜利|sheng4 li4	1	CL:個|个[ge4]
包|包|bao1	0	to cover
包|包|bao1	1	to wrap
包|包|bao1	2	to hold
包|包|bao1	3	to include
包|包|bao1	4	to take charge of
包|包|bao1	5	to contract (to or for)
包|包|bao1	6	package
包|包|bao1	7	wrapper
包|包|bao1	8	container
包|包|bao1	9	bag
包|包|bao1	10	to hold or embrace
包|包|bao1	11	bundle
包|包|bao1	12	packet
包|包|bao1	13	CL:個|个[ge4],隻|只[zhi1]
包括|包括|bao1 kuo4	0	to comprise
包括|包括|bao1 kuo4	1	to include
包括|包括|bao1 kuo4	2	to involve
包括|包括|bao1 kuo4	3	to incorporate
包括|包括|bao1 kuo4	4	to consist of
化學|化学|hua4 xue2	0	chemistry
化學|化学|hua4 xue2	1	chemical
北|北|bei3	0	north
北|北|bei3	1	(classical) to be defeated
區|区|qu1	0	area
區|区|qu1	1	region
區|区|qu1	2	district
區|区|qu1	3	small
區|区|qu1	4	distinguish
區|区|qu1	5	CL:個|个[ge4]
區別|区别|qu1 bie2	0	difference
區別|区别|qu1 bie2	1	to distinguish
區別|区别|qu1 bie2	2	to discriminate
區別|区别|qu1 bie2	3	to make a distinction
區別|区别|qu1 bie2	4	CL:個|个[ge4]
區域|区域|qu1 yu4	0	area
區域|区域|qu1 yu4	1	region
區域|区域|qu1 yu4	2	district
十|十|shi2	0	ten
十|十|shi2	1	10
十二|十二|shi2 er4	0	twelve
十二|十二|shi2 er4	1	12
十分|十分|shi2 fen1	0	very
十分|十分|shi2 fen1	1	completely
十分|十分|shi2 fen1	2	utterly
十分|十分|shi2 fen1	3	extremely
十分|十分|shi2 fen1	4	absolutely
十分|十分|shi2 fen1	5	hundred percent
十分|十分|shi2 fen1	6	to divide into ten equal parts
千|千|qian1	0	thousand
千萬|千万|qian1 wan4	0	ten million
千萬|千万|qian1 wan4	1	countless
千萬|千万|qian1 wan4	2	many
千萬|千万|qian1 wan4	3	one must by all means
升|升|sheng1	0	to ascend; to rise
升|升|sheng1	1	to promote; to elevate
升|升|sheng1	2	liter
升|升|sheng1	3	unit of dry measure for grain (= one liter or one-tenth dou 斗[dou3])
半|半|ban4	0	half
半|半|ban4	1	semi-
半|半|ban4	2	incomplete
半|半|ban4	3	(after a number) and a half
協助|协助|xie2 zhu4	0	to provide assistance; to aid
協會|协会|xie2 hui4	0	an association
協會|协会|xie2 hui4	1	a society
協會|协会|xie2 hui4	2	CL:個|个[ge4],家[jia1]
協議|协议|xie2 yi4	0	agreement
協議|协议|xie2 yi4	1	pact
協議|协议|xie2 yi4	2	protocol
協議|协议|xie2 yi4	3	CL:項|项[xiang4]
南|南|na1	0	used in 南無|南无[na1 mo2]
南|南|na1	1	Taiwan pr. [na2]
南|南|nan2	0	south
南方|南方|nan2 fang1	0	south; southern direction
南方|南方|nan2 fang1	1	(in China) southern regions, often referring to areas south of the Yangtze River
博|博|bo2	0	(bound form) abundant; plentiful; extensive; wide
博|博|bo2	1	to win; to gain
博|博|bo2	2	to play; to gamble
博|博|bo2	3	learned; well-read
博|博|bo2	4	(bound form) doctoral degree (abbr. for 博士[bo2 shi4])
博|博|bo2	5	(bound form) blog (abbr. for 博客[bo2 ke4])
博士|博士|bo2 shi4	0	doctor (as an academic degree)
博士|博士|bo2 shi4	1	(old) person specialized in a skill or trade
博士|博士|bo2 shi4	2	(old) court academician
博物館|博物馆|bo2 wu4 guan3	0	museum
占|占|zhan1	0	to observe
占|占|zhan1	1	to divine
占|占|zhan4	0	to take possession of
占|占|zhan4	1	to occupy
占|占|zhan4	2	to take up
卡|卡|qia3	0	to block
卡|卡|qia3	1	to be stuck
卡|卡|qia3	2	to be wedged
卡|卡|qia3	3	customs station
卡|卡|qia3	4	a clip
卡|卡|qia3	5	a fastener
卡|卡|qia3	6	a checkpost
卡|卡|qia3	7	Taiwan pr. [ka3]
印|印|yin4	0	to print
印|印|yin4	1	to mark
印|印|yin4	2	to engrave
印|印|yin4	3	a seal
印|印|yin4	4	a print
印|印|yin4	5	a stamp
印|印|yin4	6	a mark
印|印|yin4	7	a trace
印|印|yin4	8	image
危機|危机|wei1 ji1	0	crisis
危險|危险|wei1 xian3	0	danger
危險|危险|wei1 xian3	1	dangerous
即|即|ji2	0	namely
即|即|ji2	1	that is
即|即|ji2	2	i.e.
即|即|ji2	3	prompt
即|即|ji2	4	at once
即|即|ji2	5	at present
即|即|ji2	6	even if
即|即|ji2	7	prompted (by the occasion)
即|即|ji2	8	to approach
即|即|ji2	9	to come into contact
即|即|ji2	10	to assume (office)
即|即|ji2	11	to draw near
即使|即使|ji2 shi3	0	even if; even though
卷|卷|juan3	0	to roll up
卷|卷|juan3	1	(fig.) to sweep up; to engulf; to drag into (a situation)
卷|卷|juan3	2	(slang) to compete to an unhealthy degree; hypercompetitive
卷|卷|juan3	3	a roll
卷|卷|juan3	4	classifier for small rolled-up things (wad of paper money, movie reel etc)
卷|卷|juan4	0	scroll
卷|卷|juan4	1	book
卷|卷|juan4	2	volume
卷|卷|juan4	3	chapter
卷|卷|juan4	4	examination paper
卷|卷|juan4	5	classifier for books, paintings: volume, scroll
卻|却|que4	0	but
卻|却|que4	1	yet
卻|却|que4	2	however
卻|却|que4	3	while
卻|却|que4	4	to go back
卻|却|que4	5	to decline
卻|却|que4	6	to retreat
卻|却|que4	7	nevertheless
卻|却|que4	8	even though
原|原|yuan2	0	former
原|原|yuan2	1	original
原|原|yuan2	2	primary
原|原|yuan2	3	raw
原|原|yuan2	4	level
原|原|yuan2	5	cause
原|原|yuan2	6	source
原來|原来|yuan2 lai2	0	original; former
原來|原来|yuan2 lai2	1	originally; formerly; at first
原來|原来|yuan2 lai2	2	so, actually, as it turns out
原則|原则|yuan2 ze2	0	principle
原則|原则|yuan2 ze2	1	doctrine
原則|原则|yuan2 ze2	2	CL:個|个[ge4]
原因|原因|yuan2 yin1	0	cause
原因|原因|yuan2 yin1	1	origin
原因|原因|yuan2 yin1	2	root cause
原因|原因|yuan2 yin1	3	reason
原因|原因|yuan2 yin1	4	CL:個|个[ge4]
原本|原本|yuan2 ben3	0	originally
原本|原本|yuan2 ben3	1	the original; original copy; original version
去|去|qu4	0	to go
去|去|qu4	1	to go to (a place)
去|去|qu4	2	(of a time etc) last
去|去|qu4	3	just passed
去|去|qu4	4	to send
去|去|qu4	5	to remove
去|去|qu4	6	to get rid of
去|去|qu4	7	to reduce
去|去|qu4	8	to be apart from in space or time
去|去|qu4	9	to die (euphemism)
去|去|qu4	10	to play (a part)
去|去|qu4	11	(when used either before or after a verb) to go in order to do sth
去|去|qu4	12	(after a verb of motion indicates movement away from the speaker)
去|去|qu4	13	(used after certain verbs to indicate detachment or separation)
去世|去世|qu4 shi4	0	to pass away
去世|去世|qu4 shi4	1	to die
參加|参加|can1 jia1	0	to participate
參加|参加|can1 jia1	1	to take part
參加|参加|can1 jia1	2	to join
參與|参与|can1 yu4	0	to participate (in sth)
又|又|you4	0	(once) again
又|又|you4	1	also
又|又|you4	2	both... and...
又|又|you4	3	and yet
又|又|you4	4	(used for emphasis) anyway
及|及|ji2	0	and
及|及|ji2	1	to reach
及|及|ji2	2	up to
及|及|ji2	3	in time for
反|反|fan3	0	contrary
反|反|fan3	1	in reverse
反|反|fan3	2	inside out or upside down
反|反|fan3	3	to reverse
反|反|fan3	4	to return
反|反|fan3	5	to oppose
反|反|fan3	6	opposite
反|反|fan3	7	against
反|反|fan3	8	anti-
反|反|fan3	9	to rebel
反|反|fan3	10	to use analogy
反|反|fan3	11	instead
反|反|fan3	12	abbr. for 反切[fan3 qie4] phonetic system
反對|反对|fan3 dui4	0	to oppose; to be against; to object to
反應|反应|fan3 ying4	0	to react
反應|反应|fan3 ying4	1	to respond
反應|反应|fan3 ying4	2	reaction
反應|反应|fan3 ying4	3	response
反應|反应|fan3 ying4	4	reply
反應|反应|fan3 ying4	5	chemical reaction
反應|反应|fan3 ying4	6	CL:個|个[ge4]
取|取|qu3	0	to take
取|取|qu3	1	to get
取|取|qu3	2	to choose
取|取|qu3	3	to fetch
取得|取得|qu3 de2	0	to acquire; to get; to obtain
取消|取消|qu3 xiao1	0	to cancel; to call off; to revoke; to rescind
受|受|shou4	0	to receive
受|受|shou4	1	to accept
受|受|shou4	2	to suffer
受|受|shou4	3	subjected to
受|受|shou4	4	to bear
受|受|shou4	5	to stand
受|受|shou4	6	pleasant
受|受|shou4	7	(passive marker)
受|受|shou4	8	(LGBT) bottom
受傷|受伤|shou4 shang1	0	to sustain injuries
受傷|受伤|shou4 shang1	1	wounded (in an accident etc)
受傷|受伤|shou4 shang1	2	harmed
受到|受到|shou4 dao4	0	to receive (praise, an education, punishment etc); to be ...ed (praised, educated, punished etc)
口|口|kou3	0	mouth
口|口|kou3	1	classifier for things with mouths (people, domestic animals, cannons, wells etc)
口|口|kou3	2	classifier for bites or mouthfuls
古|古|gu3	0	ancient
古|古|gu3	1	old
古|古|gu3	2	paleo-
句|句|ju4	0	sentence
句|句|ju4	1	clause
句|句|ju4	2	phrase
句|句|ju4	3	classifier for phrases or lines of verse
另|另|ling4	0	other
另|另|ling4	1	another
另|另|ling4	2	separate
另|另|ling4	3	separately
另外|另外|ling4 wai4	0	additional
另外|另外|ling4 wai4	1	in addition
另外|另外|ling4 wai4	2	besides
另外|另外|ling4 wai4	3	separate
另外|另外|ling4 wai4	4	other
另外|另外|ling4 wai4	5	moreover
另外|另外|ling4 wai4	6	furthermore
只|只|zhi3	0	only; merely; just
只是|只是|zhi3 shi4	0	merely; only; just; nothing but
只是|只是|zhi3 shi4	1	simply
只是|只是|zhi3 shi4	2	but; however
只有|只有|zhi3 you3	0	only have ...; there is only ...
只有|只有|zhi3 you3	1	(used in combination with 才[cai2]) it is only if ... (that one can ...) (as in 只有通過治療才能痊愈|只有通过治疗才能痊愈[zhi3 you3 tong1 guo4 zhi4 liao2 cai2 neng2 quan2 yu4] "the only way to cure it is with therapy")
只有|只有|zhi3 you3	2	it is only (someone) who ... (as in 只有男性才有此需要[zhi3 you3 nan2 xing4 cai2 you3 ci3 xu1 yao4] "only men would have such a requirement")
只有|只有|zhi3 you3	3	(used to express lack of alternatives) can only; have no choice but to (as in 只有屈服[zhi3 you3 qu1 fu2] "the only thing you can do is give in")
只能|只能|zhi3 neng2	0	can only
只能|只能|zhi3 neng2	1	obliged to do sth
只能|只能|zhi3 neng2	2	to have no other choice
只要|只要|zhi3 yao4	0	so long as; provided; if
叫|叫|jiao4	0	to shout
叫|叫|jiao4	1	to call
叫|叫|jiao4	2	to order
叫|叫|jiao4	3	to ask
叫|叫|jiao4	4	to be called
叫|叫|jiao4	5	by (indicates agent in the passive mood)
叫做|叫做|jiao4 zuo4	0	to be called; to be known as
可以|可以|ke3 yi3	0	can
可以|可以|ke3 yi3	1	may
可以|可以|ke3 yi3	2	possible
可以|可以|ke3 yi3	3	able to
可以|可以|ke3 yi3	4	not bad
可以|可以|ke3 yi3	5	pretty good
可是|可是|ke3 shi4	0	but; however
可是|可是|ke3 shi4	1	(used for emphasis) indeed
可能|可能|ke3 neng2	0	might (happen)
可能|可能|ke3 neng2	1	possible
可能|可能|ke3 neng2	2	probable
可能|可能|ke3 neng2	3	possibility
可能|可能|ke3 neng2	4	probability
可能|可能|ke3 neng2	5	maybe
可能|可能|ke3 neng2	6	perhaps
可能|可能|ke3 neng2	7	CL:個|个[ge4]
史|史|shi3	0	history
史|史|shi3	1	annals
史|史|shi3	2	title of an official historian in ancient China
右|右|you4	0	(bound form) right; right-hand side
右|右|you4	1	(bound form) (politics) right of center
右|右|you4	2	(bound form) (old) west
右|右|you4	3	(literary) the right side as the side of precedence
叶|叶|xie2	0	to be in harmony
司|司|si1	0	to take charge of
司|司|si1	1	to manage
司|司|si1	2	department (under a ministry)
吃|吃|chi1	0	to eat; to consume
吃|吃|chi1	1	to eat at (a cafeteria etc)
吃|吃|chi1	2	to eradicate; to destroy
吃|吃|chi1	3	to absorb
吃|吃|chi1	4	to suffer (shock, injury, defeat etc)
各|各|ge4	0	each
各|各|ge4	1	every
各地|各地|ge4 di4	0	in all parts of (a country)
各地|各地|ge4 di4	1	various regions
各種|各种|ge4 zhong3	0	every kind of; all kinds of; various
合|合|ge3	0	100 ml
合|合|ge3	1	one-tenth of a peck
合|合|ge3	2	measure for dry grain equal to one-tenth of sheng 升 or liter, or one-hundredth dou 斗
合作|合作|he2 zuo4	0	to cooperate; to collaborate; to work together
合併|合并|he2 bing4	0	to merge
合併|合并|he2 bing4	1	to annex
合法|合法|he2 fa3	0	lawful
合法|合法|he2 fa3	1	legitimate
合法|合法|he2 fa3	2	legal
吉|吉|ji2	0	lucky
吉|吉|ji2	1	giga- (meaning billion or 10^9)
同|同|tong2	0	like
同|同|tong2	1	same
同|同|tong2	2	similar
同|同|tong2	3	together
同|同|tong2	4	alike
同|同|tong2	5	with
同志|同志|tong2 zhi4	0	comrade
同志|同志|tong2 zhi4	1	(slang) homosexual
同志|同志|tong2 zhi4	2	CL:位[wei4]
同性戀|同性恋|tong2 xing4 lian4	0	homosexuality
同性戀|同性恋|tong2 xing4 lian4	1	gay person
同性戀|同性恋|tong2 xing4 lian4	2	gay love
同意|同意|tong2 yi4	0	to agree
同意|同意|tong2 yi4	1	to consent
同意|同意|tong2 yi4	2	to approve
同時|同时|tong2 shi2	0	at the same time; simultaneously
同樣|同样|tong2 yang4	0	same; equal; similar
同樣|同样|tong2 yang4	1	similarly; also; too
名|名|ming2	0	name
名|名|ming2	1	noun (part of speech)
名|名|ming2	2	place (e.g. among winners)
名|名|ming2	3	famous
名|名|ming2	4	classifier for people
名人|名人|ming2 ren2	0	personage
名人|名人|ming2 ren2	1	celebrity
名單|名单|ming2 dan1	0	list of names
名字|名字|ming2 zi5	0	name (of a person or thing)
后|后|hou4	0	empress
后|后|hou4	1	queen
后|后|hou4	2	(archaic) monarch
后|后|hou4	3	ruler
向|向|xiang4	0	towards
向|向|xiang4	1	to face
向|向|xiang4	2	to turn towards
向|向|xiang4	3	direction
向|向|xiang4	4	to support
向|向|xiang4	5	to side with
向|向|xiang4	6	shortly before
向|向|xiang4	7	formerly
向|向|xiang4	8	always
向|向|xiang4	9	all along
向|向|xiang4	10	(suffix) suitable for ...
向|向|xiang4	11	oriented to ...
君|君|jun1	0	monarch
君|君|jun1	1	lord
君|君|jun1	2	gentleman
君|君|jun1	3	ruler
否則|否则|fou3 ze2	0	otherwise; if not; or (else)
听|听|yin3	0	smile (archaic)
吸引|吸引|xi1 yin3	0	to attract; to appeal to; to fascinate
告訴|告诉|gao4 su4	0	to press charges; to file a complaint
告訴|告诉|gao4 su5	0	to tell; to inform; to let know
呢|呢|ne5	0	(sentence-final particle) used in questions to link back to prior discourse or context ("what about...?", "and...?")
呢|呢|ne5	1	(sentence-final particle) indicating that a state or situation still holds
呢|呢|ne5	2	(discourse particle) used to mark a slight pause or emphasis in speech
呢|呢|ni2	0	dense wool fabric (used for coats and jackets)
周|周|zhou1	0	to make a circuit
周|周|zhou1	1	to circle
周|周|zhou1	2	circle
周|周|zhou1	3	circumference
周|周|zhou1	4	lap
周|周|zhou1	5	cycle
周|周|zhou1	6	complete
周|周|zhou1	7	all
周|周|zhou1	8	all over
周|周|zhou1	9	thorough
周|周|zhou1	10	to help financially
周圍|周围|zhou1 wei2	0	environs; surroundings; periphery
味|味|wei4	0	taste
味|味|wei4	1	smell
味|味|wei4	2	(fig.) (noun suffix) feel
味|味|wei4	3	quality
味|味|wei4	4	sense
味|味|wei4	5	(TCM) classifier for ingredients of a medicine prescription
命|命|ming4	0	life
命|命|ming4	1	fate
命|命|ming4	2	order or command
命|命|ming4	3	to assign a name, title etc
命令|命令|ming4 ling4	0	order
命令|命令|ming4 ling4	1	command
命令|命令|ming4 ling4	2	CL:道[dao4],個|个[ge4]
命名|命名|ming4 ming2	0	to give a name to
命名|命名|ming4 ming2	1	to dub
命名|命名|ming4 ming2	2	to christen
命名|命名|ming4 ming2	3	to designate
命名|命名|ming4 ming2	4	named after
命名|命名|ming4 ming2	5	naming
和平|和平|he2 ping2	0	peace
和平|和平|he2 ping2	1	peaceful
咖啡|咖啡|ka1 fei1	0	(loanword) coffee
咖啡|咖啡|ka1 fei1	1	CL:杯[bei1]
品|品|pin3	0	(bound form) article; commodity; product; goods
品|品|pin3	1	(bound form) grade; rank
品|品|pin3	2	kind; type; variety
品|品|pin3	3	character; disposition; nature; temperament
品|品|pin3	4	to taste sth; to sample
品|品|pin3	5	to criticize; to comment; to judge; to size up
品|品|pin3	6	fret (on a guitar or lute)
哈|哈|ha1	0	(interj.) ha!
哈|哈|ha1	1	(onom. for laughter)
哈|哈|ha1	2	(slang) to be infatuated with; to adore
哈|哈|ha1	3	(bound form) husky (dog) (abbr. for 哈士奇[ha1 shi4 qi2])
哈|哈|ha3	0	a Pekinese; a pug
哈|哈|ha3	1	(dialect) to scold
員|员|yuan2	0	(bound form) person engaged in a certain field of activity
員|员|yuan2	1	(bound form) member
員|员|yuan2	2	classifier for military generals
員工|员工|yuan2 gong1	0	staff; personnel; employee
哥|哥|ge1	0	elder brother
唯一|唯一|wei2 yi1	0	only; sole
唱|唱|chang4	0	to sing
唱|唱|chang4	1	to call loudly
唱|唱|chang4	2	to chant
唱片|唱片|chang4 pian4	0	gramophone record
唱片|唱片|chang4 pian4	1	LP
唱片|唱片|chang4 pian4	2	music CD
唱片|唱片|chang4 pian4	3	musical album
唱片|唱片|chang4 pian4	4	CL:張|张[zhang1]
商|商|shang1	0	commerce
商|商|shang1	1	merchant
商|商|shang1	2	dealer
商|商|shang1	3	to consult
商|商|shang1	4	2nd note in pentatonic scale
商|商|shang1	5	quotient (as in 智商[zhi4 shang1], intelligence quotient)
商業|商业|shang1 ye4	0	business
商業|商业|shang1 ye4	1	trade
商業|商业|shang1 ye4	2	commerce
問|问|wen4	0	to ask; to inquire
問題|问题|wen4 ti2	0	question
問題|问题|wen4 ti2	1	problem
問題|问题|wen4 ti2	2	issue
問題|问题|wen4 ti2	3	topic
問題|问题|wen4 ti2	4	CL:個|个[ge4]
啟動|启动|qi3 dong4	0	to start (a machine)
啟動|启动|qi3 dong4	1	(fig.) to set in motion
啟動|启动|qi3 dong4	2	to launch (an operation)
啟動|启动|qi3 dong4	3	to activate (a plan)
善|善|shan4	0	good (virtuous)
善|善|shan4	1	benevolent
善|善|shan4	2	well-disposed
善|善|shan4	3	good at sth
善|善|shan4	4	to improve or perfect
喜|喜|xi3	0	to be fond of
喜|喜|xi3	1	to like
喜|喜|xi3	2	to enjoy
喜|喜|xi3	3	to be happy
喜|喜|xi3	4	to feel pleased
喜|喜|xi3	5	happiness
喜|喜|xi3	6	delight
喜|喜|xi3	7	glad
喜歡|喜欢|xi3 huan5	0	to like; to be fond of
喬|乔|qiao2	0	tall
單|单|dan1	0	bill
單|单|dan1	1	list
單|单|dan1	2	form
單|单|dan1	3	single
單|单|dan1	4	only
單|单|dan1	5	sole
單|单|dan1	6	odd number
單|单|dan1	7	CL:個|个[ge4]
單位|单位|dan1 wei4	0	unit (of measure)
單位|单位|dan1 wei4	1	unit (group of people as a whole)
單位|单位|dan1 wei4	2	work unit (place of employment, esp. in the PRC prior to economic reform)
單位|单位|dan1 wei4	3	CL:個|个[ge4]
單獨|单独|dan1 du2	0	alone
單獨|单独|dan1 du2	1	by oneself
單獨|单独|dan1 du2	2	on one's own
嗎|吗|ma2	0	(coll.) what?
嗎|吗|ma5	0	(question particle for "yes-no" questions)
嘗試|尝试|chang2 shi4	0	to try (to see what it's like or whether one can do it)
嘴|嘴|zui3	0	mouth
嘴|嘴|zui3	1	beak
嘴|嘴|zui3	2	nozzle
嘴|嘴|zui3	3	spout (of teapot etc)
嘴|嘴|zui3	4	CL:張|张[zhang1],個|个[ge4]
器|器|qi4	0	device
器|器|qi4	1	tool
器|器|qi4	2	utensil
器|器|qi4	3	CL:臺|台[tai2]
嚴格|严格|yan2 ge2	0	strict; stringent; tight; rigorous
嚴重|严重|yan2 zhong4	0	grave; serious; severe; critical
四|四|si4	0	four
四|四|si4	1	4
回|回|hui2	0	to go back; to return; to turn back; to turn around
回|回|hui2	1	to reply; to answer
回|回|hui2	2	classifier for literary divisions (acts of a play, sections or chapters of a classic book)
回|回|hui2	3	classifier for occurrences or times
回到|回到|hui2 dao4	0	to return to
回憶|回忆|hui2 yi4	0	to recall
回憶|回忆|hui2 yi4	1	memories
回憶|回忆|hui2 yi4	2	CL:個|个[ge4]
回答|回答|hui2 da2	0	to reply; to answer
回答|回答|hui2 da2	1	reply; answer
因|因|yin1	0	cause
因|因|yin1	1	reason
因|因|yin1	2	because
因此|因此|yin1 ci3	0	thus; consequently; as a result
因為|因为|yin1 wei4	0	because; owing to; on account of
困難|困难|kun4 nan5	0	difficult
困難|困难|kun4 nan5	1	challenging
困難|困难|kun4 nan5	2	straitened circumstances
困難|困难|kun4 nan5	3	difficult situation
圈|圈|juan1	0	to confine
圈|圈|juan1	1	to lock up
圈|圈|juan1	2	to pen in
圈|圈|juan4	0	livestock enclosure; pen; fold; sty
圈|圈|quan1	0	circle; ring; loop
圈|圈|quan1	1	(fig.) social circle; niche group; community; fandom
圈|圈|quan1	2	classifier for loops, orbits, laps
圈|圈|quan1	3	to surround; to encircle
圈|圈|quan1	4	to circle (sth); to mark with a circle
國家|国家|guo2 jia1	0	country; nation; state
國王|国王|guo2 wang2	0	king
國際|国际|guo2 ji4	0	international
圍|围|wei2	0	to encircle
圍|围|wei2	1	to surround
圍|围|wei2	2	all around
圍|围|wei2	3	to wear by wrapping around (scarf, shawl)
圓|圆|yuan2	0	circle
圓|圆|yuan2	1	round
圓|圆|yuan2	2	circular
圓|圆|yuan2	3	spherical
圓|圆|yuan2	4	(of the moon) full
圓|圆|yuan2	5	unit of Chinese currency (yuan)
圓|圆|yuan2	6	tactful
圓|圆|yuan2	7	to make consistent and whole (the narrative of a dream or a lie)
圖|图|tu2	0	diagram
圖|图|tu2	1	picture
圖|图|tu2	2	drawing
圖|图|tu2	3	chart
圖|图|tu2	4	map
圖|图|tu2	5	CL:張|张[zhang1]
圖|图|tu2	6	to plan
圖|图|tu2	7	to scheme
圖|图|tu2	8	to attempt
圖|图|tu2	9	to pursue
圖|图|tu2	10	to seek
圖書館|图书馆|tu2 shu1 guan3	0	library
圖書館|图书馆|tu2 shu1 guan3	1	CL:家[jia1],個|个[ge4]
團|团|tuan2	0	round
團|团|tuan2	1	lump
團|团|tuan2	2	ball
團|团|tuan2	3	to roll into a ball
團|团|tuan2	4	to gather
團|团|tuan2	5	regiment
團|团|tuan2	6	group
團|团|tuan2	7	society
團|团|tuan2	8	classifier for a lump or a soft mass: wad (of paper), ball (of wool), cloud (of smoke)
團隊|团队|tuan2 dui4	0	team
團體|团体|tuan2 ti3	0	group
團體|团体|tuan2 ti3	1	organization
團體|团体|tuan2 ti3	2	team
團體|团体|tuan2 ti3	3	CL:個|个[ge4]
土|土|tu3	0	earth
土|土|tu3	1	dust
土|土|tu3	2	clay
土|土|tu3	3	local
土|土|tu3	4	indigenous
土|土|tu3	5	crude opium
土|土|tu3	6	unsophisticated
土|土|tu3	7	one of the eight categories of ancient musical instruments 八音[ba1 yin1]
土地|土地|tu3 di4	0	land
土地|土地|tu3 di4	1	soil
土地|土地|tu3 di4	2	territory
土地|土地|tu3 di4	3	CL:片[pian4],塊|块[kuai4]
土地|土地|tu3 di5	0	local god
土地|土地|tu3 di5	1	genius loci
圣|圣|ku1	0	(literary) to dig with persistent effort (e.g. to gather wild vegetables)
在|在|zai4	0	to exist; to be alive
在|在|zai4	1	(of sb or sth) to be (located) at
在|在|zai4	2	(used before a verb to indicate an action in progress)
在於|在于|zai4 yu2	0	to rest with; to lie in; to be due to (a certain attribute)
在於|在于|zai4 yu2	1	(of a matter) to be determined by; to be up to (sb)
地|地|di4	0	earth
地|地|di4	1	ground
地|地|di4	2	field
地|地|di4	3	place
地|地|di4	4	land
地|地|di4	5	CL:片[pian4]
地下|地下|di4 xia4	0	underground
地下|地下|di4 xia4	1	subterranean
地下|地下|di4 xia4	2	covert
地位|地位|di4 wei4	0	position
地位|地位|di4 wei4	1	status
地位|地位|di4 wei4	2	place
地位|地位|di4 wei4	3	CL:個|个[ge4]
地區|地区|di4 qu1	0	region; area (informal or geographical term)
地區|地区|di4 qu1	1	prefecture (in China's administrative system)
地圖|地图|di4 tu2	0	map
地圖|地图|di4 tu2	1	CL:張|张[zhang1],本[ben3]
地址|地址|di4 zhi3	0	address
地址|地址|di4 zhi3	1	CL:個|个[ge4]
地方|地方|di4 fang1	0	region
地方|地方|di4 fang1	1	regional (away from the central administration)
地方|地方|di4 fang1	2	local
地方|地方|di4 fang5	0	place; location; area; space; territory
地方|地方|di4 fang5	1	aspect; part
地方|地方|di4 fang5	2	CL:處|处[chu4]
地球|地球|di4 qiu2	0	the earth
地鐵|地铁|di4 tie3	0	underground railway; subway
地鐵|地铁|di4 tie3	1	subway train
地點|地点|di4 dian3	0	place
地點|地点|di4 dian3	1	site
地點|地点|di4 dian3	2	location
地點|地点|di4 dian3	3	venue
地點|地点|di4 dian3	4	CL:個|个[ge4]
均|均|jun1	0	(bound form) equal; uniform; even
均|均|jun1	1	(literary) without exception; all
坐|坐|zuo4	0	to sit
坐|坐|zuo4	1	to take a seat
坐|坐|zuo4	2	to take (a bus, airplane etc)
坐|坐|zuo4	3	to bear fruit
坐|坐|zuo4	4	variant of 座[zuo4]
型|型|xing2	0	mold
型|型|xing2	1	type
型|型|xing2	2	style
型|型|xing2	3	model
城|城|cheng2	0	city walls
城|城|cheng2	1	city
城|城|cheng2	2	town
城|城|cheng2	3	CL:座[zuo4],道[dao4],個|个[ge4]
城市|城市|cheng2 shi4	0	city; town
城市|城市|cheng2 shi4	1	CL:座[zuo4]
執行|执行|zhi2 xing2	0	to implement
執行|执行|zhi2 xing2	1	to carry out
執行|执行|zhi2 xing2	2	to execute
執行|执行|zhi2 xing2	3	to run
基|基|ji1	0	(bound form) base; foundation
基|基|ji1	1	(bound form) radical (chemistry)
基|基|ji1	2	(bound form) gay (loanword from English into Cantonese, Jyutping: gei1, followed by orthographic borrowing from Cantonese)
基因|基因|ji1 yin1	0	gene (loanword)
基地|基地|ji1 di4	0	base (of operations, industrial, military, research etc)
基於|基于|ji1 yu2	0	because of
基於|基于|ji1 yu2	1	on the basis of
基於|基于|ji1 yu2	2	in view of
基於|基于|ji1 yu2	3	on account of
基本|基本|ji1 ben3	0	basic
基本|基本|ji1 ben3	1	fundamental
基本|基本|ji1 ben3	2	main
基本|基本|ji1 ben3	3	elementary
基礎|基础|ji1 chu3	0	base; foundation; basis
基礎|基础|ji1 chu3	1	basic; fundamental
堂|堂|tang2	0	(main) hall
堂|堂|tang2	1	large room for a specific purpose
堂|堂|tang2	2	CL:間|间[jian1]
堂|堂|tang2	3	relationship between cousins etc on the paternal side of a family
堂|堂|tang2	4	of the same clan
堂|堂|tang2	5	classifier for classes, lectures etc
堂|堂|tang2	6	classifier for sets of furniture
堅持|坚持|jian1 chi2	0	to persevere with
堅持|坚持|jian1 chi2	1	to persist in
堅持|坚持|jian1 chi2	2	to insist on
堆|堆|dui1	0	to pile up
堆|堆|dui1	1	to heap up
堆|堆|dui1	2	a mass
堆|堆|dui1	3	pile
堆|堆|dui1	4	heap
堆|堆|dui1	5	stack
堆|堆|dui1	6	large amount
報|报|bao4	0	to report; to inform; to announce
報|报|bao4	1	to respond; to reply
報|报|bao4	2	to sign up for; to register for (abbr. for 報名|报名[bao4 ming2])
報|报|bao4	3	to reward; to recompense
報|报|bao4	4	to take revenge; to retaliate
報|报|bao4	5	newspaper
報|报|bao4	6	periodical; journal
報|报|bao4	7	bulletin
報|报|bao4	8	telegram
報告|报告|bao4 gao4	0	to inform
報告|报告|bao4 gao4	1	to report
報告|报告|bao4 gao4	2	to make known
報告|报告|bao4 gao4	3	report
報告|报告|bao4 gao4	4	speech
報告|报告|bao4 gao4	5	talk
報告|报告|bao4 gao4	6	lecture
報告|报告|bao4 gao4	7	CL:篇[pian1],份[fen4],個|个[ge4],通[tong4]
報紙|报纸|bao4 zhi3	0	newspaper
報紙|报纸|bao4 zhi3	1	newsprint
報紙|报纸|bao4 zhi3	2	CL:份[fen4],期[qi1],張|张[zhang1]
報道|报道|bao4 dao4	0	to report (news)
報道|报道|bao4 dao4	1	report
報道|报道|bao4 dao4	2	CL:篇[pian1],份[fen4]
場|场|chang2	0	threshing floor
場|场|chang2	1	classifier for events and happenings: spell, episode, bout
場|场|chang3	0	large place used for a specific purpose
場|场|chang3	1	stage
場|场|chang3	2	scene (of a play)
場|场|chang3	3	classifier for sporting or recreational activities
場|场|chang3	4	classifier for number of exams
塊|块|kuai4	0	lump; chunk; piece
塊|块|kuai4	1	classifier for pieces of cloth, cake, soap etc
塊|块|kuai4	2	(coll.) classifier for money and currency units
塔|塔|ta3	0	pagoda (abbr. for 塔婆[ta3 po2], a loanword from Sanskrit stūpa); tower; pylon (CL:座[zuo4])
塔|塔|ta3	1	(loanword) (pastry) tart
塞|塞|sai1	0	to plug; to stop up; to stuff in
塞|塞|sai1	1	(bound form) a stopper; a cork
塞|塞|sai4	0	(bound form) strategic stronghold
塞|塞|se4	0	(bound form) to block; to obstruct
增加|增加|zeng1 jia1	0	to raise; to increase
壓|压|ya1	0	to press
壓|压|ya1	1	to push down
壓|压|ya1	2	to keep under (control)
壓|压|ya1	3	pressure
壓力|压力|ya1 li4	0	pressure
士|士|shi4	0	member of the senior ministerial class (old)
士|士|shi4	1	scholar (old)
士|士|shi4	2	bachelor
士|士|shi4	3	honorific
士|士|shi4	4	soldier
士|士|shi4	5	noncommissioned officer
士|士|shi4	6	specialist worker
士兵|士兵|shi4 bing1	0	soldier
士兵|士兵|shi4 bing1	1	CL:個|个[ge4]
夏|夏|xia4	0	summer
外|外|wai4	0	outside
外|外|wai4	1	in addition
外|外|wai4	2	foreign
外|外|wai4	3	external
多|多|duo1	0	many; much; more; a lot of
多|多|duo1	1	too many; in excess
多|多|duo1	2	(after a numeral) ... odd
多|多|duo1	3	how (to what extent) (Taiwan pr. [duo2])
多|多|duo1	4	(bound form) multi-; poly-
多少|多少|duo1 shao3	0	number; amount
多少|多少|duo1 shao3	1	somewhat
多少|多少|duo1 shao5	0	how much?; how many?
多少|多少|duo1 shao5	1	(phone number, student ID etc) what number?
夜|夜|ye4	0	night
夢|梦|meng4	0	dream (CL:場|场[chang2])
夢|梦|meng4	1	(bound form) to dream
大事|大事|da4 shi4	0	major event
大事|大事|da4 shi4	1	major political event (war or change of regime)
大事|大事|da4 shi4	2	major social event (wedding or funeral)
大事|大事|da4 shi4	3	(do sth) in a big way
大事|大事|da4 shi4	4	CL:件[jian4],樁|桩[zhuang1]
大型|大型|da4 xing2	0	large
大型|大型|da4 xing2	1	large-scale
大多數|大多数|da4 duo1 shu4	0	(great) majority
大學|大学|da4 xue2	0	university; college
大學|大学|da4 xue2	1	CL:所[suo3]
大家|大家|da4 jia1	0	everyone
大家|大家|da4 jia1	1	influential family
大家|大家|da4 jia1	2	great expert
大會|大会|da4 hui4	0	general assembly
大會|大会|da4 hui4	1	general meeting
大會|大会|da4 hui4	2	convention
大會|大会|da4 hui4	3	CL:個|个[ge4],屆|届[jie4]
大樓|大楼|da4 lou2	0	building (a relatively large, multistory one)
大樓|大楼|da4 lou2	1	CL:幢[zhuang4],座[zuo4]
大約|大约|da4 yue1	0	approximately
大約|大约|da4 yue1	1	probably
大道|大道|da4 dao4	0	main street
大道|大道|da4 dao4	1	avenue
大部分|大部分|da4 bu4 fen5	0	the greater part; the majority; most
大部分|大部分|da4 bu4 fen5	1	Taiwan pr. [da4bu4fen4]
大量|大量|da4 liang4	0	great amount
大量|大量|da4 liang4	1	large quantity
大量|大量|da4 liang4	2	bulk
大量|大量|da4 liang4	3	numerous
大量|大量|da4 liang4	4	generous
大量|大量|da4 liang4	5	magnanimous
天|天|tian1	0	day
天|天|tian1	1	sky
天|天|tian1	2	heaven
天氣|天气|tian1 qi4	0	weather
太|太|tai4	0	highest
太|太|tai4	1	greatest
太|太|tai4	2	too (much)
太|太|tai4	3	very
太|太|tai4	4	extremely
太空|太空|tai4 kong1	0	outer space
太陽|太阳|tai4 yang5	0	sun
太陽|太阳|tai4 yang5	1	sunlight; sunshine
太陽|太阳|tai4 yang5	2	temple (on the side of the human head) (abbr. for 太陽穴|太阳穴[tai4 yang2 xue2])
夫|夫|fu1	0	husband
夫|夫|fu1	1	man
夫|夫|fu1	2	manual worker
夫|夫|fu1	3	conscripted laborer (old)
夫|夫|fu2	0	(classical) this, that
夫|夫|fu2	1	he, she, they
夫|夫|fu2	2	(exclamatory final particle)
夫|夫|fu2	3	(initial particle, introduces an opinion)
夫人|夫人|fu1 ren5	0	lady
夫人|夫人|fu1 ren5	1	madam
夫人|夫人|fu1 ren5	2	Mrs.
夫人|夫人|fu1 ren5	3	CL:位[wei4]
失去|失去|shi1 qu4	0	to lose
失敗|失败|shi1 bai4	0	to be defeated
失敗|失败|shi1 bai4	1	to lose
失敗|失败|shi1 bai4	2	to fail (e.g. experiments)
失敗|失败|shi1 bai4	3	failure
失敗|失败|shi1 bai4	4	defeat
失敗|失败|shi1 bai4	5	CL:次[ci4]
奇|奇|ji1	0	odd (number)
奇|奇|qi2	0	strange
奇|奇|qi2	1	odd
奇|奇|qi2	2	weird
奇|奇|qi2	3	wonderful
奇|奇|qi2	4	surprisingly
奇|奇|qi2	5	unusually
套|套|tao4	0	to cover
套|套|tao4	1	to encase
套|套|tao4	2	cover
套|套|tao4	3	sheath
套|套|tao4	4	to overlap
套|套|tao4	5	to interleave
套|套|tao4	6	to model after
套|套|tao4	7	to copy
套|套|tao4	8	formula
套|套|tao4	9	harness
套|套|tao4	10	loop of rope
套|套|tao4	11	(fig.) to fish for
套|套|tao4	12	to obtain slyly
套|套|tao4	13	classifier for sets, collections
套|套|tao4	14	bend (of a river or mountain range, in place names)
套|套|tao4	15	tau (Greek letter Ττ)
奧|奥|ao4	0	obscure
奧|奥|ao4	1	mysterious
奪|夺|duo2	0	to seize
奪|夺|duo2	1	to take away forcibly
奪|夺|duo2	2	to wrest control of
奪|夺|duo2	3	to compete or strive for
奪|夺|duo2	4	to force one's way through
奪|夺|duo2	5	to leave out
奪|夺|duo2	6	to lose
女|女|nu:3	0	female
女|女|nu:3	1	woman
女|女|nu:3	2	daughter
女人|女人|nu:3 ren2	0	woman
女人|女人|nu:3 ren5	0	wife
女兒|女儿|nu:3 er2	0	daughter
女子|女子|nu:3 zi3	0	woman
女子|女子|nu:3 zi3	1	female
女孩|女孩|nu:3 hai2	0	girl; lass
女性|女性|nu:3 xing4	0	woman
女性|女性|nu:3 xing4	1	the female sex
女王|女王|nu:3 wang2	0	queen
她|她|ta1	0	she
她們|她们|ta1 men5	0	they; them (females)
好|好|hao3	0	good
好|好|hao3	1	appropriate; proper
好|好|hao3	2	all right!
好|好|hao3	3	(before a verb) easy to
好|好|hao3	4	(before a verb) good to
好|好|hao3	5	(before an adjective for exclamatory effect) so
好|好|hao3	6	(verb complement indicating completion)
好|好|hao3	7	(of two people) close; on intimate terms
好|好|hao3	8	(after a personal pronoun) hello
好|好|hao4	0	to be fond of; to have a tendency to; to be prone to
如|如|ru2	0	as
如|如|ru2	1	as if
如|如|ru2	2	such as
如何|如何|ru2 he2	0	how
如何|如何|ru2 he2	1	what way
如何|如何|ru2 he2	2	what
如果|如果|ru2 guo3	0	if; in case; in the event that
如此|如此|ru2 ci3	0	like this; so; such
妮|妮|ni1	0	girl
妮|妮|ni1	1	phonetic "ni" (in female names)
妮|妮|ni1	2	Taiwan pr. [ni2]
妳|你|ni3	0	you (Note: In Taiwan, 妳 is used to address females, but in mainland China, it is not commonly used. Instead, 你 is used to address both males and females.)
妹妹|妹妹|mei4 mei5	0	younger sister
妹妹|妹妹|mei4 mei5	1	young woman
妹妹|妹妹|mei4 mei5	2	CL:個|个[ge4]
妻子|妻子|qi1 zi3	0	wife and children
妻子|妻子|qi1 zi5	0	wife
姓|姓|xing4	0	family name; surname
姓|姓|xing4	1	to be surnamed ...
委員會|委员会|wei3 yuan2 hui4	0	committee; commission
威|威|wei1	0	power
威|威|wei1	1	might
威|威|wei1	2	prestige
威脅|威胁|wei1 xie2	0	to threaten; to menace
娛樂|娱乐|yu2 le4	0	to entertain
娛樂|娱乐|yu2 le4	1	to amuse
娛樂|娱乐|yu2 le4	2	entertainment
娛樂|娱乐|yu2 le4	3	recreation
娛樂|娱乐|yu2 le4	4	amusement
娛樂|娱乐|yu2 le4	5	hobby
娛樂|娱乐|yu2 le4	6	fun
娛樂|娱乐|yu2 le4	7	joy
婚姻|婚姻|hun1 yin1	0	marriage; matrimony
婚姻|婚姻|hun1 yin1	1	CL:樁|桩[zhuang1],次[ci4]
婦女|妇女|fu4 nu:3	0	woman
媒體|媒体|mei2 ti3	0	media, esp. news media
嫁|嫁|jia4	0	(of a woman) to marry
嫁|嫁|jia4	1	to marry off a daughter
嫁|嫁|jia4	2	to shift (blame etc)
子|子|zi5	0	noun suffix, as in 椅子[yi3 zi5] "chair"
字|字|zi4	0	letter
字|字|zi4	1	symbol
字|字|zi4	2	character
字|字|zi4	3	word
字|字|zi4	4	CL:個|个[ge4]
字|字|zi4	5	courtesy or style name traditionally given to males aged 20 in dynastic China
字母|字母|zi4 mu3	0	letter (of the alphabet)
字母|字母|zi4 mu3	1	CL:個|个[ge4]
存|存|cun2	0	to exist
存|存|cun2	1	to deposit
存|存|cun2	2	to store
存|存|cun2	3	to keep
存|存|cun2	4	to survive
存在|存在|cun2 zai4	0	to exist
存在|存在|cun2 zai4	1	to be
存在|存在|cun2 zai4	2	existence
季|季|ji4	0	season
季|季|ji4	1	the last month of a season
季|季|ji4	2	fourth or youngest amongst brothers
季|季|ji4	3	classifier for seasonal crop yields
孩子|孩子|hai2 zi5	0	child
學會|学会|xue2 hui4	0	to learn; to master
學會|学会|xue2 hui4	1	institute; learned society; (scholarly) association
學校|学校|xue2 xiao4	0	school
學校|学校|xue2 xiao4	1	CL:所[suo3]
學生|学生|xue2 sheng5	0	student
學生|学生|xue2 sheng5	1	schoolchild
學習|学习|xue2 xi2	0	to learn; to study
學院|学院|xue2 yuan4	0	college
學院|学院|xue2 yuan4	1	educational institute
學院|学院|xue2 yuan4	2	school
學院|学院|xue2 yuan4	3	faculty
學院|学院|xue2 yuan4	4	CL:所[suo3]
它|它|ta1	0	it
它們|它们|ta1 men5	0	they; them
宇宙|宇宙|yu3 zhou4	0	universe; cosmos; space
守|守|shou3	0	to guard
守|守|shou3	1	to defend
守|守|shou3	2	to keep watch
守|守|shou3	3	to abide by the law
守|守|shou3	4	to observe (rules or ritual)
守|守|shou3	5	nearby
守|守|shou3	6	adjoining
安|安|an1	0	(bound form) calm; peaceful
安|安|an1	1	to calm; to set at ease
安|安|an1	2	safe; secure; in good health
安|安|an1	3	content; satisfied (as in 安於|安于[an1 yu2])
安|安|an1	4	to place (sb) in a suitable position (job)
安|安|an1	5	to install; to fix; to fit
安|安|an1	6	to bring (a charge against sb)
安|安|an1	7	to harbor (certain intentions)
安|安|an1	8	ampere (abbr. for 安培[an1 pei2])
安排|安排|an1 pai2	0	to arrange
安排|安排|an1 pai2	1	to plan
安排|安排|an1 pai2	2	to set up
安排|安排|an1 pai2	3	arrangements
安排|安排|an1 pai2	4	plans
完|完|wan2	0	to finish
完|完|wan2	1	to be over
完|完|wan2	2	whole
完|完|wan2	3	complete
完|完|wan2	4	entire
完全|完全|wan2 quan2	0	complete; whole
完全|完全|wan2 quan2	1	totally; entirely
完成|完成|wan2 cheng2	0	to complete; to accomplish
完整|完整|wan2 zheng3	0	complete
完整|完整|wan2 zheng3	1	intact
完美|完美|wan2 mei3	0	perfect
宗|宗|zong1	0	school
宗|宗|zong1	1	sect
宗|宗|zong1	2	purpose
宗|宗|zong1	3	model
宗|宗|zong1	4	ancestor
宗|宗|zong1	5	clan
宗|宗|zong1	6	to take as one's model (in academic or artistic work)
宗|宗|zong1	7	classifier for batches, items, cases (medical or legal), reservoirs
宗教|宗教|zong1 jiao4	0	religion
官|官|guan1	0	government official
官|官|guan1	1	governmental
官|官|guan1	2	official
官|官|guan1	3	public
官|官|guan1	4	organ of the body
官|官|guan1	5	CL:個|个[ge4]
官員|官员|guan1 yuan2	0	official (in an organization or government)
官員|官员|guan1 yuan2	1	administrator
官方|官方|guan1 fang1	0	government
官方|官方|guan1 fang1	1	official (approved or issued by an authority)
定|定|ding4	0	to fix; to set; to make definite
定|定|ding4	1	to subscribe to (a newspaper etc); to book (tickets etc); to order (goods etc)
定|定|ding4	2	to congeal; to coagulate
定|定|ding4	3	(literary) definitely
定義|定义|ding4 yi4	0	definition
定義|定义|ding4 yi4	1	to define
客|客|ke4	0	customer; visitor; guest
客|客|ke4	1	classifier for servings or portions (when ordering food)
宣傳|宣传|xuan1 chuan2	0	to disseminate
宣傳|宣传|xuan1 chuan2	1	to give publicity to
宣傳|宣传|xuan1 chuan2	2	propaganda
宣傳|宣传|xuan1 chuan2	3	CL:個|个[ge4]
宣布|宣布|xuan1 bu4	0	to declare
宣布|宣布|xuan1 bu4	1	to announce
宣布|宣布|xuan1 bu4	2	to proclaim
室|室|shi4	0	room
室|室|shi4	1	work unit
室|室|shi4	2	grave
室|室|shi4	3	scabbard
室|室|shi4	4	family or clan
室|室|shi4	5	one of the 28 constellations of Chinese astronomy
宮|宫|gong1	0	palace
宮|宫|gong1	1	temple
宮|宫|gong1	2	castration (as corporal punishment)
宮|宫|gong1	3	first note in pentatonic scale
家人|家人|jia1 ren2	0	family member
家人|家人|jia1 ren2	1	(old) servant
家庭|家庭|jia1 ting2	0	family; household
家庭|家庭|jia1 ting2	1	CL:戶|户[hu4]
家族|家族|jia1 zu2	0	family
家族|家族|jia1 zu2	1	clan
容易|容易|rong2 yi4	0	easy; straightforward
容易|容易|rong2 yi4	1	likely; liable to; apt to
密|密|mi4	0	dense; close; thick
密|密|mi4	1	intimate; close
密|密|mi4	2	(bound form) secret; confidential
密|密|mi4	3	(Internet slang) to send a private message to (sb); to DM
富|富|fu4	0	rich
富|富|fu4	1	abundant
富|富|fu4	2	wealthy
實施|实施|shi2 shi1	0	to implement
實施|实施|shi2 shi1	1	to carry out
實現|实现|shi2 xian4	0	to achieve; to implement; to realize; to bring about
實際|实际|shi2 ji4	0	reality
實際|实际|shi2 ji4	1	practice
實際|实际|shi2 ji4	2	practical
實際|实际|shi2 ji4	3	realistic
實際|实际|shi2 ji4	4	real
實際|实际|shi2 ji4	5	actual
實際上|实际上|shi2 ji4 shang4	0	in fact
實際上|实际上|shi2 ji4 shang4	1	in reality
實際上|实际上|shi2 ji4 shang4	2	as a matter of fact
實際上|实际上|shi2 ji4 shang4	3	in practice
實驗|实验|shi2 yan4	0	experiment
實驗|实验|shi2 yan4	1	test
實驗|实验|shi2 yan4	2	CL:個|个[ge4],次[ci4]
實驗|实验|shi2 yan4	3	experimental
實驗|实验|shi2 yan4	4	to experiment
實驗室|实验室|shi2 yan4 shi4	0	laboratory
實驗室|实验室|shi2 yan4 shi4	1	CL:間|间[jian1]
審判|审判|shen3 pan4	0	a trial
審判|审判|shen3 pan4	1	to try sb
寫|写|xie3	0	to write
寶|宝|bao3	0	jewel
寶|宝|bao3	1	gem
寶|宝|bao3	2	treasure
寶|宝|bao3	3	precious
封|封|feng1	0	to confer
封|封|feng1	1	to grant
封|封|feng1	2	to bestow a title
封|封|feng1	3	to seal
封|封|feng1	4	classifier for sealed objects, esp. letters
射|射|she4	0	to shoot
射|射|she4	1	to launch
射|射|she4	2	to allude to
射|射|she4	3	radio- (chemistry)
將|将|jiang1	0	will
將|将|jiang1	1	shall
將|将|jiang1	2	to use
將|将|jiang1	3	to take
將|将|jiang1	4	to checkmate
將|将|jiang1	5	just a short while ago
將|将|jiang1	6	(introduces object of main verb, used in the same way as 把[ba3])
將|将|jiang4	0	(bound form) a general
將|将|jiang4	1	(literary) to command; to lead
將|将|jiang4	2	(Chinese chess) general (on the black side, equivalent to a king in Western chess)
將|将|qiang1	0	to desire
將|将|qiang1	1	to invite
將|将|qiang1	2	to request
將軍|将军|jiang1 jun1	0	general
將軍|将军|jiang1 jun1	1	high-ranking military officer
將軍|将军|jiang1 jun1	2	to check or checkmate
將軍|将军|jiang1 jun1	3	fig. to embarrass
將軍|将军|jiang1 jun1	4	to challenge
將軍|将军|jiang1 jun1	5	to put sb on the spot
專家|专家|zhuan1 jia1	0	expert; specialist
專業|专业|zhuan1 ye4	0	specialty
專業|专业|zhuan1 ye4	1	specialized field
專業|专业|zhuan1 ye4	2	main field of study (at university)
專業|专业|zhuan1 ye4	3	major
專業|专业|zhuan1 ye4	4	CL:門|门[men2],個|个[ge4]
專業|专业|zhuan1 ye4	5	professional
專輯|专辑|zhuan1 ji2	0	album
專輯|专辑|zhuan1 ji2	1	record (music)
專輯|专辑|zhuan1 ji2	2	special collection of printed or broadcast material
專門|专门|zhuan1 men2	0	specialized; dedicated (to a particular field or purpose)
專門|专门|zhuan1 men2	1	specially; specifically (for a particular purpose)
專門|专门|zhuan1 men2	2	(of institutions, personnel etc) designated or assigned for a specific task; special
尊重|尊重|zun1 zhong4	0	to esteem
尊重|尊重|zun1 zhong4	1	to respect
尊重|尊重|zun1 zhong4	2	to honor
尊重|尊重|zun1 zhong4	3	to value
尊重|尊重|zun1 zhong4	4	eminent
尊重|尊重|zun1 zhong4	5	serious
尊重|尊重|zun1 zhong4	6	proper
尋找|寻找|xun2 zhao3	0	to seek; to look for
對|对|dui4	0	right; correct
對|对|dui4	1	towards; at; for
對|对|dui4	2	concerning; regarding
對|对|dui4	3	to treat (sb a certain way)
對|对|dui4	4	to face
對|对|dui4	5	(bound form) opposite; facing; matching
對|对|dui4	6	to match together; to adjust
對|对|dui4	7	to fit; to suit
對|对|dui4	8	to answer; to reply
對|对|dui4	9	to add; to pour in (a fluid)
對|对|dui4	10	to check; to compare
對|对|dui4	11	classifier: couple; pair
對手|对手|dui4 shou3	0	opponent
對手|对手|dui4 shou3	1	rival
對手|对手|dui4 shou3	2	competitor
對手|对手|dui4 shou3	3	(well-matched) adversary
對手|对手|dui4 shou3	4	match
對抗|对抗|dui4 kang4	0	to withstand
對抗|对抗|dui4 kang4	1	to resist
對抗|对抗|dui4 kang4	2	to stand off
對抗|对抗|dui4 kang4	3	antagonism
對抗|对抗|dui4 kang4	4	confrontation
對方|对方|dui4 fang1	0	the other person; the other side; the other party
對於|对于|dui4 yu2	0	regarding; as far as (sth) is concerned; with regard to
對象|对象|dui4 xiang4	0	target; object
對象|对象|dui4 xiang4	1	partner; boyfriend; girlfriend
對象|对象|dui4 xiang4	2	CL:個|个[ge4]
導致|导致|dao3 zhi4	0	to lead to; to create; to cause; to bring about
小時|小时|xiao3 shi2	0	hour
小時|小时|xiao3 shi2	1	CL:個|个[ge4]
小組|小组|xiao3 zu3	0	group
小說|小说|xiao3 shuo1	0	novel
小說|小说|xiao3 shuo1	1	fiction
小說|小说|xiao3 shuo1	2	CL:本[ben3],部[bu4]
少|少|shao3	0	few
少|少|shao3	1	less
少|少|shao3	2	to lack
少|少|shao3	3	to be missing
少|少|shao3	4	to stop (doing sth)
少|少|shao3	5	seldom
少|少|shao4	0	young
尤其|尤其|you2 qi2	0	especially; particularly
就是|就是|jiu4 shi4	0	exactly; precisely
就是|就是|jiu4 shi4	1	only; simply; just
就是|就是|jiu4 shi4	2	(used correlatively with 也[ye3]) even; even if
尼|尼|ni2	0	Buddhist nun
尼|尼|ni2	1	(often used in phonetic spellings)
尾|尾|wei3	0	tail
尾|尾|wei3	1	remainder
尾|尾|wei3	2	remnant
尾|尾|wei3	3	extremity
尾|尾|wei3	4	sixth of the 28 constellations
尾|尾|wei3	5	classifier for fish
尾|尾|yi3	0	horse's tail
尾|尾|yi3	1	pointed posterior section of a locust etc
局|局|ju2	0	office
局|局|ju2	1	situation
局|局|ju2	2	classifier for games: match, set, round etc
居民|居民|ju1 min2	0	resident; inhabitant
屆|届|jie4	0	to arrive at (place or time)
屆|届|jie4	1	period
屆|届|jie4	2	to become due
屆|届|jie4	3	classifier for events, meetings, elections, sporting fixtures, years (of graduation)
屋|屋|wu1	0	(bound form) house
屋|屋|wu1	1	(bound form) room
屍體|尸体|shi1 ti3	0	corpse; dead body
展示|展示|zhan3 shi4	0	to reveal; to display; to show; to exhibit
展開|展开|zhan3 kai1	0	to unfold; to spread out; to open up
展開|展开|zhan3 kai1	1	to launch; to carry out
層|层|ceng2	0	to pile on top of one another
層|层|ceng2	1	layer; stratum
層|层|ceng2	2	floor (of a building); story
層|层|ceng2	3	(math.) sheaf
層|层|ceng2	4	classifier for layers
屬|属|shu3	0	category
屬|属|shu3	1	genus (taxonomy)
屬|属|shu3	2	family members
屬|属|shu3	3	dependents
屬|属|shu3	4	to belong to
屬|属|shu3	5	subordinate to
屬|属|shu3	6	affiliated with
屬|属|shu3	7	be born in the year of (one of the 12 animals)
屬|属|shu3	8	to be
屬|属|shu3	9	to prove to be
屬|属|shu3	10	to constitute
屬|属|zhu3	0	to join together
屬|属|zhu3	1	to fix one's attention on
屬|属|zhu3	2	to concentrate on
屬於|属于|shu3 yu2	0	to belong to; to fall under (a category)
山|山|shan1	0	mountain; hill (CL:座[zuo4])
山|山|shan1	1	(coll.) small bundle of straw for silkworms to spin cocoons on
島|岛|dao3	0	island
島|岛|dao3	1	CL:個|个[ge4],座[zuo4]
嵗|岁|sui4	0	variant of 歲|岁[sui4], year
嵗|岁|sui4	1	years old
州|州|zhou1	0	prefecture
州|州|zhou1	1	(old) province
州|州|zhou1	2	(old) administrative division
州|州|zhou1	3	state (e.g. of US)
州|州|zhou1	4	oblast (Russia)
州|州|zhou1	5	canton (Switzerland)
工|工|gong1	0	work
工|工|gong1	1	worker
工|工|gong1	2	skill
工|工|gong1	3	profession
工|工|gong1	4	trade
工|工|gong1	5	craft
工|工|gong1	6	labor
工人|工人|gong1 ren2	0	worker
工人|工人|gong1 ren2	1	CL:個|个[ge4],名[ming2]
工作|工作|gong1 zuo4	0	to work
工作|工作|gong1 zuo4	1	(of a machine) to operate
工作|工作|gong1 zuo4	2	job
工作|工作|gong1 zuo4	3	work
工作|工作|gong1 zuo4	4	task
工作|工作|gong1 zuo4	5	CL:個|个[ge4],份[fen4],項|项[xiang4]
工具|工具|gong1 ju4	0	tool
工具|工具|gong1 ju4	1	instrument
工具|工具|gong1 ju4	2	utensil
工具|工具|gong1 ju4	3	means (to achieve a goal etc)
工廠|工厂|gong1 chang3	0	factory
工廠|工厂|gong1 chang3	1	CL:家[jia1],座[zuo4]
工程|工程|gong1 cheng2	0	engineering
工程|工程|gong1 cheng2	1	an engineering project
工程|工程|gong1 cheng2	2	project
工程|工程|gong1 cheng2	3	undertaking
工程|工程|gong1 cheng2	4	CL:個|个[ge4],項|项[xiang4]
左|左|zuo3	0	left
左|左|zuo3	1	the Left (politics)
左|左|zuo3	2	east
左|左|zuo3	3	unorthodox
左|左|zuo3	4	queer
左|左|zuo3	5	wrong
左|左|zuo3	6	differing
左|左|zuo3	7	opposite
左|左|zuo3	8	variant of 佐[zuo3]
左右|左右|zuo3 you4	0	left and right
左右|左右|zuo3 you4	1	nearby
左右|左右|zuo3 you4	2	approximately
左右|左右|zuo3 you4	3	attendant
左右|左右|zuo3 you4	4	to control
左右|左右|zuo3 you4	5	to influence
巨大|巨大|ju4 da4	0	huge; immense; enormous; gigantic
差|差|cha1	0	difference; discrepancy
差|差|cha1	1	(math.) difference (amount remaining after a subtraction)
差|差|cha1	2	(literary) a little; somewhat; slightly
差|差|cha4	0	different
差|差|cha4	1	wrong; mistaken
差|差|cha4	2	to fall short; to lack
差|差|cha4	3	not up to standard; inferior
差|差|cha4	4	Taiwan pr. [cha1]
差|差|chai1	0	to send (on an errand)
差|差|chai1	1	(archaic) person sent on such an errand
差|差|chai1	2	job; official post
已|已|yi3	0	already
已|已|yi3	1	to stop
已|已|yi3	2	then
已|已|yi3	3	afterwards
已經|已经|yi3 jing1	0	already
巴士|巴士|ba1 shi4	0	bus (loanword)
巴士|巴士|ba1 shi4	1	motor coach
市場|市场|shi4 chang3	0	marketplace; market; bazaar
市場|市场|shi4 chang3	1	(economics) market
市長|市长|shi4 zhang3	0	mayor
布|布|bu4	0	cloth
布|布|bu4	1	to declare
布|布|bu4	2	to announce
布|布|bu4	3	to spread
布|布|bu4	4	to make known
希|希|xi1	0	to hope
希|希|xi1	1	to admire
希|希|xi1	2	variant of 稀[xi1]
希望|希望|xi1 wang4	0	to hope
希望|希望|xi1 wang4	1	a hope; a wish
帕|帕|pa4	0	to wrap
帕|帕|pa4	1	kerchief
帕|帕|pa4	2	handkerchief
帕|帕|pa4	3	headscarf
帕|帕|pa4	4	pascal (SI unit)
帝國|帝国|di4 guo2	0	empire
帝國|帝国|di4 guo2	1	imperial
師|师|shi1	0	teacher
師|师|shi1	1	master
師|师|shi1	2	expert
師|师|shi1	3	model
師|师|shi1	4	army division
師|师|shi1	5	(old) troops
師|师|shi1	6	to dispatch troops
帶|带|dai4	0	band
帶|带|dai4	1	belt
帶|带|dai4	2	girdle
帶|带|dai4	3	ribbon
帶|带|dai4	4	tire
帶|带|dai4	5	area
帶|带|dai4	6	zone
帶|带|dai4	7	region
帶|带|dai4	8	CL:條|条[tiao2]
帶|带|dai4	9	to wear
帶|带|dai4	10	to carry
帶|带|dai4	11	to take along
帶|带|dai4	12	to bear (i.e. to have)
帶|带|dai4	13	to lead
帶|带|dai4	14	to bring
帶|带|dai4	15	to look after
帶|带|dai4	16	to raise
帶來|带来|dai4 lai2	0	to bring
帶來|带来|dai4 lai2	1	(fig.) to bring about; to produce
常|常|chang2	0	always
常|常|chang2	1	ever
常|常|chang2	2	often
常|常|chang2	3	frequently
常|常|chang2	4	common
常|常|chang2	5	general
常|常|chang2	6	constant
常常|常常|chang2 chang2	0	frequently; often
幅|幅|fu2	0	width
幅|幅|fu2	1	roll
幅|幅|fu2	2	classifier for textiles or pictures
幫|帮|bang1	0	to help
幫|帮|bang1	1	to assist
幫|帮|bang1	2	to support
幫|帮|bang1	3	for sb (i.e. as a help)
幫|帮|bang1	4	hired (as worker)
幫|帮|bang1	5	side (of pail, boat etc)
幫|帮|bang1	6	outer layer
幫|帮|bang1	7	upper (of a shoe)
幫|帮|bang1	8	group
幫|帮|bang1	9	gang
幫|帮|bang1	10	clique
幫|帮|bang1	11	party
幫|帮|bang1	12	secret society
幫助|帮助|bang1 zhu4	0	assistance; aid
幫助|帮助|bang1 zhu4	1	to help; to assist
干|干|gan1	0	(bound form) to have to do with; to concern oneself with
干|干|gan1	1	one of the ten heavenly stems 天干[tian1 gan1]
干|干|gan1	2	(archaic) shield
年|年|nian2	0	year
年|年|nian2	1	CL:個|个[ge4]
年代|年代|nian2 dai4	0	a decade of a century (e.g. the Sixties)
年代|年代|nian2 dai4	1	age
年代|年代|nian2 dai4	2	era
年代|年代|nian2 dai4	3	period
年代|年代|nian2 dai4	4	CL:個|个[ge4]
年輕|年轻|nian2 qing1	0	young
年齡|年龄|nian2 ling2	0	(a person's) age
年齡|年龄|nian2 ling2	1	CL:把[ba3],個|个[ge4]
幹|干|gan4	0	tree trunk
幹|干|gan4	1	main part of sth
幹|干|gan4	2	to manage
幹|干|gan4	3	to work
幹|干|gan4	4	to do
幹|干|gan4	5	capable
幹|干|gan4	6	cadre
幹|干|gan4	7	to kill (slang)
幹|干|gan4	8	to fuck (vulgar)
幹|干|gan4	9	(coll.) pissed off
幹|干|gan4	10	annoyed
幾|几|ji1	0	(literary) almost
幾|几|ji3	0	how many; how much
幾|几|ji3	1	several; a few
幾乎|几乎|ji1 hu1	0	almost; nearly; practically
底|底|de5	0	(equivalent to 的 as possessive particle)
底|底|di3	0	bottom; base
底|底|di3	1	background; foundation
底|底|di3	2	copy (of a manuscript or receipt etc) kept as a record
底|底|di3	3	(suffix) end of a year or month
底|底|di3	4	(math.) radix; base (abbr. for 底數|底数[di3 shu4])
店|店|dian4	0	inn; old-style hotel (CL:家[jia1])
店|店|dian4	1	(bound form) shop; store
度|度|du4	0	to pass
度|度|du4	1	to spend (time)
度|度|du4	2	measure
度|度|du4	3	limit
度|度|du4	4	extent
度|度|du4	5	degree of intensity
度|度|du4	6	degree (angles, temperature etc)
度|度|du4	7	kilowatt-hour
度|度|du4	8	classifier for events and occurrences
度|度|duo2	0	to estimate
度|度|duo2	1	Taiwan pr. [duo4]
座|座|zuo4	0	seat
座|座|zuo4	1	base; stand
座|座|zuo4	2	(bound form) constellation
座|座|zuo4	3	(archaic) suffix used in a respectful form of address (e.g. 師座|师座[shi1 zuo4])
座|座|zuo4	4	classifier for large immovable objects such as buildings, mountains, bridges etc
庫|库|ku4	0	warehouse
庫|库|ku4	1	storehouse
庫|库|ku4	2	(file) library
庭|庭|ting2	0	main hall
庭|庭|ting2	1	front courtyard
庭|庭|ting2	2	law court
康|康|kang1	0	healthy
康|康|kang1	1	peaceful
康|康|kang1	2	abundant
廣告|广告|guang3 gao4	0	to advertise
廣告|广告|guang3 gao4	1	a commercial
廣告|广告|guang3 gao4	2	advertisement
廣告|广告|guang3 gao4	3	CL:項|项[xiang4]
廣場|广场|guang3 chang3	0	public square; plaza
廣播|广播|guang3 bo1	0	broadcast
廣播|广播|guang3 bo1	1	CL:個|个[ge4]
廣播|广播|guang3 bo1	2	broadcasting
廣播|广播|guang3 bo1	3	to broadcast
廣播|广播|guang3 bo1	4	(formal) to propagate
廣播|广播|guang3 bo1	5	to publicize
廳|厅|ting1	0	(reception) hall
廳|厅|ting1	1	living room
廳|厅|ting1	2	office
廳|厅|ting1	3	provincial government department
建|建|jian4	0	to establish
建|建|jian4	1	to found
建|建|jian4	2	to set up
建|建|jian4	3	to build
建|建|jian4	4	to construct
建立|建立|jian4 li4	0	to establish
建立|建立|jian4 li4	1	to set up
建立|建立|jian4 li4	2	to found
建築|建筑|jian4 zhu4	0	to construct
建築|建筑|jian4 zhu4	1	building
建築|建筑|jian4 zhu4	2	CL:個|个[ge4]
建議|建议|jian4 yi4	0	to propose; to suggest; to recommend
建議|建议|jian4 yi4	1	proposal; suggestion; recommendation (CL:點|点[dian3])
建造|建造|jian4 zao4	0	to construct; to build
式|式|shi4	0	type
式|式|shi4	1	form
式|式|shi4	2	pattern
式|式|shi4	3	style
引|引|yin3	0	to draw (e.g. a bow)
引|引|yin3	1	to pull
引|引|yin3	2	to stretch sth
引|引|yin3	3	to extend
引|引|yin3	4	to lengthen
引|引|yin3	5	to involve or implicate in
引|引|yin3	6	to attract
引|引|yin3	7	to lead
引|引|yin3	8	to guide
引|引|yin3	9	to leave
引|引|yin3	10	to provide evidence or justification for
引|引|yin3	11	old unit of distance equal to 10 丈[zhang4], one-thirtieth of a km or 33.33 meters
引擎|引擎|yin3 qing2	0	engine (loanword)
引擎|引擎|yin3 qing2	1	CL:臺|台[tai2]
引發|引发|yin3 fa1	0	to lead to
引發|引发|yin3 fa1	1	to trigger
引發|引发|yin3 fa1	2	to initiate
引發|引发|yin3 fa1	3	to cause
引發|引发|yin3 fa1	4	to evoke (emotions)
引起|引起|yin3 qi3	0	to give rise to; to lead to; to cause; to arouse
弗|弗|fu2	0	(literary) not
弗|弗|fu2	1	used in transliteration
弟弟|弟弟|di4 di5	0	younger brother
弟弟|弟弟|di4 di5	1	CL:個|个[ge4],位[wei4]
張|张|zhang1	0	to open up
張|张|zhang1	1	to spread
張|张|zhang1	2	sheet of paper
張|张|zhang1	3	classifier for flat objects, sheet
張|张|zhang1	4	classifier for votes
強|强|jiang4	0	stubborn
強|强|jiang4	1	unyielding
強|强|qiang2	0	strong
強|强|qiang2	1	powerful
強|强|qiang2	2	better
強|强|qiang2	3	slightly more than
強|强|qiang2	4	vigorous
強|强|qiang2	5	violent
強|强|qiang2	6	best in their category, e.g. see 百強|百强[bai3 qiang2]
強|强|qiang3	0	to force
強|强|qiang3	1	to compel
強|强|qiang3	2	to strive
強|强|qiang3	3	to make an effort
強大|强大|qiang2 da4	0	big and strong; formidable; powerful
強烈|强烈|qiang2 lie4	0	strong; intense
彈|弹|dan4	0	crossball
彈|弹|dan4	1	bullet
彈|弹|dan4	2	shot
彈|弹|dan4	3	shell
彈|弹|dan4	4	ball
彈|弹|tan2	0	to pluck (a string)
彈|弹|tan2	1	to play (a string instrument)
彈|弹|tan2	2	to spring or leap
彈|弹|tan2	3	to shoot (e.g. with a catapult)
彈|弹|tan2	4	(of cotton) to fluff or tease
彈|弹|tan2	5	to flick
彈|弹|tan2	6	to flip
彈|弹|tan2	7	to accuse
彈|弹|tan2	8	to impeach
彈|弹|tan2	9	elastic (of materials)
形|形|xing2	0	to appear
形|形|xing2	1	to look
形|形|xing2	2	form
形|形|xing2	3	shape
形式|形式|xing2 shi4	0	outer appearance
形式|形式|xing2 shi4	1	form
形式|形式|xing2 shi4	2	shape
形式|形式|xing2 shi4	3	formality
形式|形式|xing2 shi4	4	CL:個|个[ge4]
形成|形成|xing2 cheng2	0	to form; to take shape
形象|形象|xing2 xiang4	0	image
形象|形象|xing2 xiang4	1	form
形象|形象|xing2 xiang4	2	figure
形象|形象|xing2 xiang4	3	CL:個|个[ge4]
形象|形象|xing2 xiang4	4	visualization
形象|形象|xing2 xiang4	5	vivid
影|影|ying3	0	picture
影|影|ying3	1	image
影|影|ying3	2	film
影|影|ying3	3	movie
影|影|ying3	4	photograph
影|影|ying3	5	reflection
影|影|ying3	6	shadow
影|影|ying3	7	trace
影響|影响|ying3 xiang3	0	influence
影響|影响|ying3 xiang3	1	effect
影響|影响|ying3 xiang3	2	to influence
影響|影响|ying3 xiang3	3	to affect (usually adversely)
影響|影响|ying3 xiang3	4	to disturb
影響|影响|ying3 xiang3	5	CL:股[gu3]
彼此|彼此|bi3 ci3	0	each other; one another
往|往|wang3	0	to go (in a direction)
往|往|wang3	1	to
往|往|wang3	2	towards
往|往|wang3	3	(of a train) bound for
往|往|wang3	4	past
往|往|wang3	5	previous
待|待|dai1	0	to stay; to remain
待|待|dai4	0	to wait
待|待|dai4	1	to treat
待|待|dai4	2	to deal with
待|待|dai4	3	to need
待|待|dai4	4	going to (do sth)
待|待|dai4	5	about to
待|待|dai4	6	intending to
很|很|hen3	0	very; quite
很|很|hen3	1	(also, often used before an adjective without intensifying its meaning, i.e. as a meaningless syntactic element)
律師|律师|lu:4 shi1	0	lawyer
後|后|hou4	0	back
後|后|hou4	1	behind
後|后|hou4	2	rear
後|后|hou4	3	afterwards
後|后|hou4	4	after
後|后|hou4	5	later
後|后|hou4	6	post-
後來|后来|hou4 lai2	0	afterwards; later
後來|后来|hou4 lai2	1	newly arrived
得|得|de2	0	to obtain
得|得|de2	1	to get
得|得|de2	2	to gain
得|得|de2	3	to catch (a disease)
得|得|de2	4	proper
得|得|de2	5	suitable
得|得|de2	6	proud
得|得|de2	7	contented
得|得|de2	8	to allow
得|得|de2	9	to permit
得|得|de2	10	ready
得|得|de2	11	finished
得|得|dei3	0	to have to
得|得|dei3	1	must
得|得|dei3	2	ought to
得|得|dei3	3	to need to
得到|得到|de2 dao4	0	to get; to obtain; to receive
得知|得知|de2 zhi1	0	to find out
得知|得知|de2 zhi1	1	to learn of
從未|从未|cong2 wei4	0	never
徹底|彻底|che4 di3	0	thorough
徹底|彻底|che4 di3	1	thoroughly
徹底|彻底|che4 di3	2	complete
心理|心理|xin1 li3	0	psychology; mentality
必|必|bi4	0	certainly
必|必|bi4	1	must
必|必|bi4	2	will
必|必|bi4	3	necessarily
必要|必要|bi4 yao4	0	necessary
必要|必要|bi4 yao4	1	essential
必要|必要|bi4 yao4	2	indispensable
必要|必要|bi4 yao4	3	required
必須|必须|bi4 xu1	0	to have to
必須|必须|bi4 xu1	1	must
必須|必须|bi4 xu1	2	compulsory
必須|必须|bi4 xu1	3	necessarily
快|快|kuai4	0	rapid
快|快|kuai4	1	quick
快|快|kuai4	2	speed
快|快|kuai4	3	rate
快|快|kuai4	4	soon
快|快|kuai4	5	almost
快|快|kuai4	6	to make haste
快|快|kuai4	7	clever
快|快|kuai4	8	sharp (of knives or wits)
快|快|kuai4	9	forthright
快|快|kuai4	10	plainspoken
快|快|kuai4	11	gratified
快|快|kuai4	12	pleased
快|快|kuai4	13	pleasant
快速|快速|kuai4 su4	0	fast; high-speed; rapid
念|念|nian4	0	to read
念|念|nian4	1	to study (a subject)
念|念|nian4	2	to attend (a school)
念|念|nian4	3	to read aloud
念|念|nian4	4	to give (sb) a tongue-lashing (CL:頓|顿[dun4])
念|念|nian4	5	to miss (sb)
念|念|nian4	6	idea
念|念|nian4	7	remembrance
念|念|nian4	8	twenty (banker's anti-fraud numeral corresponding to 廿[nian4])
思|思|si1	0	to think
思|思|si1	1	to consider
思想|思想|si1 xiang3	0	thought
思想|思想|si1 xiang3	1	thinking
思想|思想|si1 xiang3	2	idea
思想|思想|si1 xiang3	3	ideology
思想|思想|si1 xiang3	4	CL:個|个[ge4]
急|急|ji2	0	urgent
急|急|ji2	1	pressing
急|急|ji2	2	rapid
急|急|ji2	3	hurried
急|急|ji2	4	worried
急|急|ji2	5	to make (sb) anxious
怪|怪|guai4	0	odd; strange; uncanny
怪|怪|guai4	1	(bound form) monster; supernatural being
怪|怪|guai4	2	to find strange; to regard as odd
怪|怪|guai4	3	to blame
怪|怪|guai4	4	(coll.) somewhat; rather
恐怖|恐怖|kong3 bu4	0	terrible
恐怖|恐怖|kong3 bu4	1	frightful
恐怖|恐怖|kong3 bu4	2	frightening
恐怖|恐怖|kong3 bu4	3	terror
恐怖|恐怖|kong3 bu4	4	terrorist
恢復|恢复|hui1 fu4	0	to reinstate
恢復|恢复|hui1 fu4	1	to resume
恢復|恢复|hui1 fu4	2	to restore
恢復|恢复|hui1 fu4	3	to recover
恢復|恢复|hui1 fu4	4	to regain
恢復|恢复|hui1 fu4	5	to rehabilitate
恩|恩|en1	0	favor; grace; kindness
恩|恩|en1	1	(coll.) used like 嗯[en4] in online chat, expressing agreement
情報|情报|qing2 bao4	0	information; intelligence
情況|情况|qing2 kuang4	0	circumstances; state of affairs; situation
情況|情况|qing2 kuang4	1	CL:種|种[zhong3]
情緒|情绪|qing2 xu4	0	mood
情緒|情绪|qing2 xu4	1	state of mind
情緒|情绪|qing2 xu4	2	moodiness
情緒|情绪|qing2 xu4	3	CL:種|种[zhong3]
想|想|xiang3	0	to think (about)
想|想|xiang3	1	to think of; to devise
想|想|xiang3	2	to think (that); to believe (that)
想|想|xiang3	3	to desire; to want (to)
想|想|xiang3	4	to miss (feel wistful about the absence of)
想法|想法|xiang3 fa3	0	way of thinking; opinion; notion
想法|想法|xiang3 fa3	1	to think of a way (to do sth)
意味著|意味着|yi4 wei4 zhe5	0	to signify
意味著|意味着|yi4 wei4 zhe5	1	to mean
意味著|意味着|yi4 wei4 zhe5	2	to imply
意外|意外|yi4 wai4	0	unexpected
意外|意外|yi4 wai4	1	accident
意外|意外|yi4 wai4	2	mishap
意外|意外|yi4 wai4	3	CL:個|个[ge4]
意思|意思|yi4 si5	0	idea
意思|意思|yi4 si5	1	opinion
意思|意思|yi4 si5	2	meaning
意思|意思|yi4 si5	3	wish
意思|意思|yi4 si5	4	desire
意思|意思|yi4 si5	5	interest
意思|意思|yi4 si5	6	fun
意思|意思|yi4 si5	7	token of appreciation, affection etc
意思|意思|yi4 si5	8	CL:個|个[ge4]
意思|意思|yi4 si5	9	to give as a small token
意思|意思|yi4 si5	10	to do sth as a gesture of goodwill etc
意義|意义|yi4 yi4	0	sense
意義|意义|yi4 yi4	1	meaning
意義|意义|yi4 yi4	2	significance
意義|意义|yi4 yi4	3	importance
意義|意义|yi4 yi4	4	CL:個|个[ge4]
意見|意见|yi4 jian4	0	idea
意見|意见|yi4 jian4	1	opinion
意見|意见|yi4 jian4	2	suggestion
意見|意见|yi4 jian4	3	objection
意見|意见|yi4 jian4	4	complaint
意見|意见|yi4 jian4	5	CL:點|点[dian3],條|条[tiao2]
意識|意识|yi4 shi2	0	consciousness; awareness
意識|意识|yi4 shi2	1	(usu. followed by 到[dao4]) to be aware of; to realize
愛|爱|ai4	0	to love; to be fond of; to like
愛|爱|ai4	1	affection
愛|爱|ai4	2	to be inclined (to do sth); to tend to (happen)
愛情|爱情|ai4 qing2	0	romance; love (romantic)
愛情|爱情|ai4 qing2	1	CL:份[fen4]
感|感|gan3	0	to feel
感|感|gan3	1	to move
感|感|gan3	2	to touch
感|感|gan3	3	to affect
感|感|gan3	4	feeling
感|感|gan3	5	emotion
感|感|gan3	6	(suffix) sense of ~
感到|感到|gan3 dao4	0	to feel; to sense; to perceive
感情|感情|gan3 qing2	0	emotion; sentiment
感情|感情|gan3 qing2	1	affection; feelings between two persons
感染|感染|gan3 ran3	0	to infect; infection
感染|感染|gan3 ran3	1	(fig.) to influence
感覺|感觉|gan3 jue2	0	feeling; impression; sensation
感覺|感觉|gan3 jue2	1	to feel; to perceive
態度|态度|tai4 du5	0	manner
態度|态度|tai4 du5	1	bearing
態度|态度|tai4 du5	2	attitude
態度|态度|tai4 du5	3	approach
態度|态度|tai4 du5	4	CL:個|个[ge4]
慢|慢|man4	0	slow
慶祝|庆祝|qing4 zhu4	0	to celebrate
應|应|ying1	0	to agree (to do sth)
應|应|ying1	1	should
應|应|ying1	2	ought to
應|应|ying1	3	must
應|应|ying1	4	(legal) shall
應|应|ying4	0	to answer
應|应|ying4	1	to respond
應|应|ying4	2	to comply with
應|应|ying4	3	to deal or cope with
應該|应该|ying1 gai1	0	ought to; should; must
懷|怀|huai2	0	bosom
懷|怀|huai2	1	heart
懷|怀|huai2	2	mind
懷|怀|huai2	3	to think of
懷|怀|huai2	4	to harbor in one's mind
懷|怀|huai2	5	to conceive (a child)
懷疑|怀疑|huai2 yi2	0	to doubt (sth); to be skeptical of
懷疑|怀疑|huai2 yi2	1	to have one's doubts; to harbor suspicions; to suspect that
成|成|cheng2	0	to succeed
成|成|cheng2	1	to finish
成|成|cheng2	2	to complete
成|成|cheng2	3	to accomplish
成|成|cheng2	4	to become
成|成|cheng2	5	to turn into
成|成|cheng2	6	to be all right
成|成|cheng2	7	OK!
成|成|cheng2	8	one tenth
成功|成功|cheng2 gong1	0	to succeed
成功|成功|cheng2 gong1	1	success
成功|成功|cheng2 gong1	2	successful; fruitful
成員|成员|cheng2 yuan2	0	member
成就|成就|cheng2 jiu4	0	accomplishment
成就|成就|cheng2 jiu4	1	success
成就|成就|cheng2 jiu4	2	achievement
成就|成就|cheng2 jiu4	3	CL:個|个[ge4]
成就|成就|cheng2 jiu4	4	to achieve (a result)
成就|成就|cheng2 jiu4	5	to create
成就|成就|cheng2 jiu4	6	to bring about
成為|成为|cheng2 wei2	0	to become; to turn into
成熟|成熟|cheng2 shu2	0	mature; ripe
成熟|成熟|cheng2 shu2	1	to mature; to ripen
成熟|成熟|cheng2 shu2	2	Taiwan pr. [cheng2shou2]
成立|成立|cheng2 li4	0	to establish
成立|成立|cheng2 li4	1	to set up
成立|成立|cheng2 li4	2	to be tenable
成立|成立|cheng2 li4	3	to hold water
成績|成绩|cheng2 ji4	0	achievement
成績|成绩|cheng2 ji4	1	performance records
成績|成绩|cheng2 ji4	2	grades
成績|成绩|cheng2 ji4	3	CL:項|项[xiang4],個|个[ge4]
成長|成长|cheng2 zhang3	0	to mature
成長|成长|cheng2 zhang3	1	to grow
成長|成长|cheng2 zhang3	2	growth
我|我|wo3	0	I; me; my
我們|我们|wo3 men5	0	we; us; ourselves; our
或|或|huo4	0	maybe
或|或|huo4	1	perhaps
或|或|huo4	2	might
或|或|huo4	3	possibly
或|或|huo4	4	or
或是|或是|huo4 shi4	0	or
或是|或是|huo4 shi4	1	either one or the other
或者|或者|huo4 zhe3	0	or
或者|或者|huo4 zhe3	1	possibly; maybe; perhaps
戰|战|zhan4	0	to fight
戰|战|zhan4	1	fight
戰|战|zhan4	2	war
戰|战|zhan4	3	battle
戰士|战士|zhan4 shi4	0	fighter
戰士|战士|zhan4 shi4	1	soldier
戰士|战士|zhan4 shi4	2	warrior
戰士|战士|zhan4 shi4	3	CL:個|个[ge4]
戰爭|战争|zhan4 zheng1	0	war; conflict
戰爭|战争|zhan4 zheng1	1	CL:場|场[chang2],次[ci4]
戰鬥|战斗|zhan4 dou4	0	to fight
戰鬥|战斗|zhan4 dou4	1	to engage in combat
戰鬥|战斗|zhan4 dou4	2	struggle
戰鬥|战斗|zhan4 dou4	3	battle
戰鬥|战斗|zhan4 dou4	4	CL:場|场[chang2],次[ci4]
戲|戏|xi4	0	trick
戲|戏|xi4	1	drama
戲|戏|xi4	2	play
戲|戏|xi4	3	show
戲|戏|xi4	4	CL:齣|出[chu1],場|场[chang3],臺|台[tai2]
戴|戴|dai4	0	to put on or wear (glasses, hat, gloves etc)
戴|戴|dai4	1	to respect
戴|戴|dai4	2	to bear
戴|戴|dai4	3	to support
戶|户|hu4	0	a household
戶|户|hu4	1	door
戶|户|hu4	2	family
房|房|fang2	0	house
房|房|fang2	1	room
房|房|fang2	2	CL:間|间[jian1]
房|房|fang2	3	branch of an extended family
房|房|fang2	4	classifier for family members (or concubines)
所|所|suo3	0	actually
所|所|suo3	1	place
所|所|suo3	2	classifier for houses, small buildings, institutions etc
所|所|suo3	3	that which
所|所|suo3	4	particle introducing a relative clause or passive
所|所|suo3	5	CL:個|个[ge4]
所以|所以|suo3 yi3	0	therefore
所以|所以|suo3 yi3	1	as a result
所以|所以|suo3 yi3	2	so
所以|所以|suo3 yi3	3	the reason why
所在|所在|suo3 zai4	0	place
所在|所在|suo3 zai4	1	location
所在|所在|suo3 zai4	2	(after a noun) place where it is located
所有|所有|suo3 you3	0	all
所有|所有|suo3 you3	1	to have; to possess; to own
所謂|所谓|suo3 wei4	0	what is meant by the expression ...; what is referred to as ...
所謂|所谓|suo3 wei4	1	(derog.) so-called
手機|手机|shou3 ji1	0	cell phone; mobile phone
手機|手机|shou3 ji1	1	CL:部[bu4],臺|台[tai2]
手段|手段|shou3 duan4	0	method; way; means (of doing sth)
手段|手段|shou3 duan4	1	skill; ability
手段|手段|shou3 duan4	2	trick; wile
手術|手术|shou3 shu4	0	(surgical) operation
手術|手术|shou3 shu4	1	surgery
手術|手术|shou3 shu4	2	CL:個|个[ge4]
扎|扎|zha1	0	to prick
扎|扎|zha1	1	to run or stick (a needle etc) into
扎|扎|zha1	2	mug or jug used for serving beer (loanword from "jar")
打|打|da3	0	a semantically light, transitive verb that is combined with various grammatical objects to form compound verbs and verb-object phrases with a diverse range of meanings (e.g. 打傘|打伞[da3 san3] "to hold an umbrella", 打電話|打电话[da3 dian4 hua4] "to make a phone call", 打針|打针[da3 zhen1] "to get an injection", 打手套[da3 shou3 tao4] "to knit gloves", 打氣|打气[da3 qi4] "to inflate")
打|打|da3	1	to hit; to strike
打|打|da3	2	to fight
打|打|da3	3	(coll.) from; since (as in 打那以後|打那以后[da3 na4 yi3 hou4] "since then")
打擊|打击|da3 ji1	0	to hit
打擊|打击|da3 ji1	1	to strike
打擊|打击|da3 ji1	2	to attack
打擊|打击|da3 ji1	3	to crack down on sth
打擊|打击|da3 ji1	4	blow
打擊|打击|da3 ji1	5	(psychological) shock
打擊|打击|da3 ji1	6	percussion (music)
打算|打算|da3 suan4	0	to plan
打算|打算|da3 suan4	1	to intend
打算|打算|da3 suan4	2	to calculate
打算|打算|da3 suan4	3	plan
打算|打算|da3 suan4	4	intention
打算|打算|da3 suan4	5	calculation
打算|打算|da3 suan4	6	CL:個|个[ge4]
打開|打开|da3 kai1	0	to open
打開|打开|da3 kai1	1	to show (a ticket)
打開|打开|da3 kai1	2	to turn on
打開|打开|da3 kai1	3	to switch on
托|托|tuo1	0	to hold up in one's hand; to support with one's palm
托|托|tuo1	1	sth serving as a support: a prop, a rest (e.g. arm rest)
托|托|tuo1	2	(bound form) a shill
托|托|tuo1	3	to ask; to beg; to entrust (variant of 託|托[tuo1])
托|托|tuo1	4	torr (unit of pressure)
扮演|扮演|ban4 yan3	0	to play the role of
扮演|扮演|ban4 yan3	1	to act
批|批|pi1	0	to ascertain
批|批|pi1	1	to act on
批|批|pi1	2	to criticize
批|批|pi1	3	to pass on
批|批|pi1	4	classifier for batches, lots, military flights
批|批|pi1	5	tier (for the ranking of universities and colleges)
批准|批准|pi1 zhun3	0	to approve; to ratify
批評|批评|pi1 ping2	0	to criticize; criticism
批評|批评|pi1 ping2	1	CL:次[ci4],番[fan1]
找|找|zhao3	0	to try to find
找|找|zhao3	1	to look for
找|找|zhao3	2	to call on sb
找|找|zhao3	3	to find
找|找|zhao3	4	to seek
找|找|zhao3	5	to return
找|找|zhao3	6	to give change
找到|找到|zhao3 dao4	0	to find
承認|承认|cheng2 ren4	0	to admit
承認|承认|cheng2 ren4	1	to concede
承認|承认|cheng2 ren4	2	to recognize
承認|承认|cheng2 ren4	3	recognition (diplomatic, artistic etc)
承認|承认|cheng2 ren4	4	to acknowledge
承諾|承诺|cheng2 nuo4	0	to promise
承諾|承诺|cheng2 nuo4	1	to undertake to do something
承諾|承诺|cheng2 nuo4	2	commitment
把|把|ba3	0	to hold; to grasp
把|把|ba3	1	to hold a baby in position to help it urinate or defecate
把|把|ba3	2	handlebar
把|把|ba3	3	classifier: handful, bundle, bunch
把|把|ba3	4	classifier for things with handles
把|把|ba3	5	(used to put the object before the verb: 把[ba3] + {noun} + {verb})
把|把|ba4	0	handle
投|投|tou2	0	to throw (sth in a specific direction: ball, javelin, grenade etc)
投|投|tou2	1	to cast (a ballot)
投|投|tou2	2	to cast (a glance, a shadow etc)
投|投|tou2	3	to put in (money for investment, a coin to operate a slot machine)
投|投|tou2	4	to send (a letter, a manuscript etc)
投|投|tou2	5	to throw oneself into (a river, a well etc to commit suicide)
投|投|tou2	6	to go to; to seek refuge; to place oneself into the hands of
投|投|tou2	7	(coll.) to rinse (clothes) in water
投入|投入|tou2 ru4	0	to throw into
投入|投入|tou2 ru4	1	to put into
投入|投入|tou2 ru4	2	to throw oneself into
投入|投入|tou2 ru4	3	to participate in
投入|投入|tou2 ru4	4	to invest in
投入|投入|tou2 ru4	5	absorbed
投入|投入|tou2 ru4	6	engrossed
投票|投票|tou2 piao4	0	to vote; to cast a vote
投資|投资|tou2 zi1	0	investment
投資|投资|tou2 zi1	1	to invest
投降|投降|tou2 xiang2	0	to surrender
拉|拉|la1	0	to pull
拉|拉|la1	1	to play (a bowed instrument)
拉|拉|la1	2	to drag
拉|拉|la1	3	to draw
拉|拉|la1	4	to chat
拉|拉|la1	5	(coll.) to empty one's bowels
拉|拉|la2	0	to make a cut in (sth); to slit; to gash; to slash
拍|拍|pai1	0	to pat
拍|拍|pai1	1	to clap
拍|拍|pai1	2	to slap
拍|拍|pai1	3	to swat
拍|拍|pai1	4	to take (a photo)
拍|拍|pai1	5	to shoot (a film)
拍|拍|pai1	6	racket (sports)
拍|拍|pai1	7	beat (music)
拍攝|拍摄|pai1 she4	0	to take (a picture); to shoot (a film)
拒絕|拒绝|ju4 jue2	0	to refuse; to decline; to reject
拜|拜|bai4	0	to bow to; to pay one's respects
拜|拜|bai4	1	(bound form) to extend greetings (on a specific occasion)
拜|拜|bai4	2	to make a courtesy call
拜|拜|bai4	3	(bound form) (of a monarch) to appoint sb to (a position) by performing a ceremony
拜|拜|bai4	4	to acknowledge sb as one's (master, godfather etc)
拜|拜|bai4	5	(used before some verbs to indicate politeness)
拳|拳|quan2	0	fist
拳|拳|quan2	1	boxing
拿|拿|na2	0	to hold
拿|拿|na2	1	to seize
拿|拿|na2	2	to catch
拿|拿|na2	3	to apprehend
拿|拿|na2	4	to take
拿|拿|na2	5	(used in the same way as 把[ba3]: to mark the following noun as a direct object)
持續|持续|chi2 xu4	0	to continue; to last; to persist
指|指|zhi3	0	finger
指|指|zhi3	1	to point at or to
指|指|zhi3	2	to indicate or refer to
指|指|zhi3	3	to depend on
指|指|zhi3	4	to count on
指|指|zhi3	5	(of hair) to stand on end
指出|指出|zhi3 chu1	0	to indicate
指出|指出|zhi3 chu1	1	to point out
指導|指导|zhi3 dao3	0	to guide; to direct; to instruct
指導|指导|zhi3 dao3	1	coach; trainer
指控|指控|zhi3 kong4	0	accusation
指控|指控|zhi3 kong4	1	a (criminal) charge
指控|指控|zhi3 kong4	2	to accuse
指揮|指挥|zhi3 hui1	0	to conduct
指揮|指挥|zhi3 hui1	1	to command
指揮|指挥|zhi3 hui1	2	to direct
指揮|指挥|zhi3 hui1	3	conductor (of an orchestra)
指揮|指挥|zhi3 hui1	4	CL:個|个[ge4]
按|按|an4	0	to press
按|按|an4	1	to push
按|按|an4	2	to leave aside or shelve
按|按|an4	3	to control
按|按|an4	4	to restrain
按|按|an4	5	to keep one's hand on
按|按|an4	6	to check or refer to
按|按|an4	7	according to
按|按|an4	8	in the light of
按|按|an4	9	(of an editor or author) to make a comment
按照|按照|an4 zhao4	0	according to; in accordance with; on the basis of
挑戰|挑战|tiao3 zhan4	0	to challenge; to take on a challenge; a challenge
捲|卷|juan3	0	to roll up
捲|卷|juan3	1	to sweep up; to carry along
捲|卷|juan3	2	a roll
捲|卷|juan3	3	classifier for rolls, spools etc
授權|授权|shou4 quan2	0	to authorize
掉|掉|diao4	0	to fall
掉|掉|diao4	1	to drop
掉|掉|diao4	2	to lag behind
掉|掉|diao4	3	to lose
掉|掉|diao4	4	to go missing
掉|掉|diao4	5	to reduce
掉|掉|diao4	6	fall (in prices)
掉|掉|diao4	7	to lose (value, weight etc)
掉|掉|diao4	8	to wag
掉|掉|diao4	9	to swing
掉|掉|diao4	10	to turn
掉|掉|diao4	11	to change
掉|掉|diao4	12	to exchange
掉|掉|diao4	13	to swap
掉|掉|diao4	14	to show off
掉|掉|diao4	15	to shed (hair)
掉|掉|diao4	16	(used after certain verbs to express completion, fulfillment, removal etc)
掌握|掌握|zhang3 wo4	0	to grasp (often fig.)
掌握|掌握|zhang3 wo4	1	to control
掌握|掌握|zhang3 wo4	2	to seize (initiative, opportunity, destiny)
掌握|掌握|zhang3 wo4	3	to master
掌握|掌握|zhang3 wo4	4	to know well
掌握|掌握|zhang3 wo4	5	to understand sth well and know how to use it
掌握|掌握|zhang3 wo4	6	fluency
排|排|pai2	0	to arrange in order; to line up
排|排|pai2	1	to exclude; to eliminate; to repel; to expel; to discharge
排|排|pai2	2	(literary) to push aside; to force open
排|排|pai2	3	to rehearse
排|排|pai2	4	row; line
排|排|pai2	5	platoon
排|排|pai2	6	(bound form) steak; chop
排|排|pai2	7	(bound form) raft
排|排|pai2	8	classifier for rows or lines (of people or things)
掛|挂|gua4	0	to hang; to suspend (from a hook etc)
掛|挂|gua4	1	to hang up (the phone)
掛|挂|gua4	2	(of a line) to be dead
掛|挂|gua4	3	to be worried; to be concerned
掛|挂|gua4	4	(dialect) to make a phone call
掛|挂|gua4	5	to register (at a hospital); to make an appointment (with a doctor)
掛|挂|gua4	6	(slang) to kill; to die; to be finished; to fail (an exam)
掛|挂|gua4	7	classifier for sets or clusters of objects
採取|采取|cai3 qu3	0	to adopt or carry out (measures, policies, course of action)
採取|采取|cai3 qu3	1	to take
接|接|jie1	0	to receive
接|接|jie1	1	to answer (the phone)
接|接|jie1	2	to meet or welcome sb
接|接|jie1	3	to connect
接|接|jie1	4	to catch
接|接|jie1	5	to join
接|接|jie1	6	to extend
接|接|jie1	7	to take one's turn on duty
接|接|jie1	8	to take over for sb
接受|接受|jie1 shou4	0	to accept (a suggestion, punishment, bribe etc); to acquiesce
接著|接着|jie1 zhe5	0	to catch and hold on
接著|接着|jie1 zhe5	1	to continue
接著|接着|jie1 zhe5	2	to go on to do sth
接著|接着|jie1 zhe5	3	to follow
接著|接着|jie1 zhe5	4	to carry on
接著|接着|jie1 zhe5	5	then
接著|接着|jie1 zhe5	6	after that
接著|接着|jie1 zhe5	7	subsequently
接著|接着|jie1 zhe5	8	to proceed
接著|接着|jie1 zhe5	9	to ensue
接著|接着|jie1 zhe5	10	in turn
接著|接着|jie1 zhe5	11	in one's turn
接觸|接触|jie1 chu4	0	to touch
接觸|接触|jie1 chu4	1	to contact
接觸|接触|jie1 chu4	2	access
接觸|接触|jie1 chu4	3	in touch with
接近|接近|jie1 jin4	0	to approach; to get close to
控制|控制|kong4 zhi4	0	to control
推|推|tui1	0	to push
推|推|tui1	1	to cut
推|推|tui1	2	to refuse
推|推|tui1	3	to reject
推|推|tui1	4	to decline
推|推|tui1	5	to shirk (responsibility)
推|推|tui1	6	to put off
推|推|tui1	7	to delay
推|推|tui1	8	to push forward
推|推|tui1	9	to nominate
推|推|tui1	10	to elect
推|推|tui1	11	massage
措施|措施|cuo4 shi1	0	measure
措施|措施|cuo4 shi1	1	step
措施|措施|cuo4 shi1	2	CL:個|个[ge4]
描述|描述|miao2 shu4	0	to describe
描述|描述|miao2 shu4	1	description
提|提|ti2	0	to carry (hanging down from the hand)
提|提|ti2	1	to lift
提|提|ti2	2	to put forward
提|提|ti2	3	to mention
提|提|ti2	4	to raise (an issue)
提|提|ti2	5	upwards character stroke
提|提|ti2	6	lifting brush stroke (in painting)
提|提|ti2	7	scoop for measuring liquid
提供|提供|ti2 gong1	0	to offer
提供|提供|ti2 gong1	1	to supply
提供|提供|ti2 gong1	2	to provide
提供|提供|ti2 gong1	3	to furnish
提出|提出|ti2 chu1	0	to raise (an issue)
提出|提出|ti2 chu1	1	to propose
提出|提出|ti2 chu1	2	to put forward
提出|提出|ti2 chu1	3	to suggest
提出|提出|ti2 chu1	4	to post (on a website)
提出|提出|ti2 chu1	5	to withdraw (cash)
提到|提到|ti2 dao4	0	to mention
提到|提到|ti2 dao4	1	to raise (a subject)
提到|提到|ti2 dao4	2	to refer to
提議|提议|ti2 yi4	0	to propose; to suggest; proposal; suggestion
提高|提高|ti2 gao1	0	to raise
提高|提高|ti2 gao1	1	to increase
提高|提高|ti2 gao1	2	to improve
換|换|huan4	0	to exchange
換|换|huan4	1	to change (clothes etc)
換|换|huan4	2	to substitute
換|换|huan4	3	to switch
換|换|huan4	4	to convert (currency)
損失|损失|sun3 shi1	0	loss
損失|损失|sun3 shi1	1	damage
損失|损失|sun3 shi1	2	CL:個|个[ge4]
損失|损失|sun3 shi1	3	to lose
損失|损失|sun3 shi1	4	to suffer damage
搬|搬|ban1	0	to move (i.e. relocate oneself)
搬|搬|ban1	1	to move (sth relatively heavy or bulky)
搬|搬|ban1	2	to shift
搬|搬|ban1	3	to copy indiscriminately
摩|摩|mo2	0	to rub
播|播|bo1	0	(bound form) to sow (seeds); to spread (ideas, rumors etc); to broadcast (radio signals etc)
播|播|bo1	1	Taiwan pr. [bo4]
擁有|拥有|yong1 you3	0	to have; to possess; to own
擊|击|ji1	0	to hit
擊|击|ji1	1	to strike
擊|击|ji1	2	to break
擊|击|ji1	3	Taiwan pr. [ji2]
擊敗|击败|ji1 bai4	0	to defeat
擊敗|击败|ji1 bai4	1	to beat
擔心|担心|dan1 xin1	0	anxious
擔心|担心|dan1 xin1	1	worried
擔心|担心|dan1 xin1	2	uneasy
擔心|担心|dan1 xin1	3	to worry
擔心|担心|dan1 xin1	4	to be anxious
支|支|zhi1	0	to support
支|支|zhi1	1	to sustain
支|支|zhi1	2	to erect
支|支|zhi1	3	to raise
支|支|zhi1	4	branch
支|支|zhi1	5	division
支|支|zhi1	6	to draw money
支|支|zhi1	7	classifier for rods such as pens and guns, for army divisions and for songs or compositions
支持|支持|zhi1 chi2	0	to be in favor of
支持|支持|zhi1 chi2	1	to support
支持|支持|zhi1 chi2	2	to back
支持|支持|zhi1 chi2	3	support
支持|支持|zhi1 chi2	4	backing
支持|支持|zhi1 chi2	5	to stand by
支持|支持|zhi1 chi2	6	CL:個|个[ge4]
支援|支援|zhi1 yuan2	0	to provide assistance
支援|支援|zhi1 yuan2	1	to support
支援|支援|zhi1 yuan2	2	to back
收|收|shou1	0	to receive
收|收|shou1	1	to accept
收|收|shou1	2	to collect
收|收|shou1	3	to put away
收|收|shou1	4	to restrain
收|收|shou1	5	to stop
收|收|shou1	6	in care of (used on address line after name)
收入|收入|shou1 ru4	0	to take in
收入|收入|shou1 ru4	1	income
收入|收入|shou1 ru4	2	revenue
收入|收入|shou1 ru4	3	CL:筆|笔[bi3],個|个[ge4]
收到|收到|shou1 dao4	0	to receive
收集|收集|shou1 ji2	0	to gather
收集|收集|shou1 ji2	1	to collect
改|改|gai3	0	to change
改|改|gai3	1	to alter
改|改|gai3	2	to transform
改|改|gai3	3	to correct
改變|改变|gai3 bian4	0	to change
改變|改变|gai3 bian4	1	to alter
改變|改变|gai3 bian4	2	to transform
攻擊|攻击|gong1 ji1	0	to attack
攻擊|攻击|gong1 ji1	1	to accuse
攻擊|攻击|gong1 ji1	2	to charge
攻擊|攻击|gong1 ji1	3	an attack (terrorist or military)
放|放|fang4	0	to put
放|放|fang4	1	to place
放|放|fang4	2	to release
放|放|fang4	3	to free
放|放|fang4	4	to let go
放|放|fang4	5	to let out
放|放|fang4	6	to set off (fireworks)
放棄|放弃|fang4 qi4	0	to renounce; to abandon; to give up
政府|政府|zheng4 fu3	0	government
政府|政府|zheng4 fu3	1	CL:個|个[ge4]
政策|政策|zheng4 ce4	0	policy
政策|政策|zheng4 ce4	1	CL:個|个[ge4]
故事|故事|gu4 shi4	0	old practice
故事|故事|gu4 shi5	0	narrative; story; tale
效果|效果|xiao4 guo3	0	result
效果|效果|xiao4 guo3	1	effect
效果|效果|xiao4 guo3	2	efficacy
效果|效果|xiao4 guo3	3	(theater) sound or visual effects
救|救|jiu4	0	to save
救|救|jiu4	1	to assist
救|救|jiu4	2	to rescue
教|教|jiao1	0	to teach; to instruct
教|教|jiao4	0	(bound form) to teach; to instruct
教|教|jiao4	1	a religion
教|教|jiao4	2	to cause (sb to do sth); to tell (sb to do sth)
教堂|教堂|jiao4 tang2	0	church; chapel
教堂|教堂|jiao4 tang2	1	CL:座[zuo4],所[suo3],間|间[jian1]
教授|教授|jiao1 shou4	0	to teach (a subject)
教授|教授|jiao4 shou4	0	professor
教會|教会|jiao1 hui4	0	to show
教會|教会|jiao1 hui4	1	to teach
教會|教会|jiao4 hui4	0	Christian church
教練|教练|jiao4 lian4	0	to coach; to train
教練|教练|jiao4 lian4	1	instructor; sports coach; trainer (CL:位[wei4],名[ming2])
教育|教育|jiao4 yu4	0	to educate
教育|教育|jiao4 yu4	1	to teach
教育|教育|jiao4 yu4	2	education
敢|敢|gan3	0	to dare
敢|敢|gan3	1	daring
敢|敢|gan3	2	(polite) may I venture
敬|敬|jing4	0	(bound form) respectful; to respect
敬|敬|jing4	1	to offer politely
整|整|zheng3	0	(bound form) whole; complete; entire; (before a measure word) whole; (before or after number + measure word) exactly
整|整|zheng3	1	(bound form) in good order; tidy; neat
整|整|zheng3	2	(bound form) to put in order; to straighten
整|整|zheng3	3	(bound form) to repair; to mend; to renovate
整|整|zheng3	4	(coll.) to fix sb; to give sb a hard time; to mess with sb
整|整|zheng3	5	(dialect) to tinker with; to do sth to
整個|整个|zheng3 ge4	0	whole
整個|整个|zheng3 ge4	1	entire
整個|整个|zheng3 ge4	2	total
敵人|敌人|di2 ren2	0	enemy
敵人|敌人|di2 ren2	1	CL:個|个[ge4]
數|数|shu3	0	to count
數|数|shu3	1	to count as; to regard as
數|数|shu3	2	to enumerate; to list
數|数|shu4	0	number; figure
數|数|shu4	1	several; a few
數|数|shuo4	0	(literary) frequently; repeatedly
數字|数字|shu4 zi4	0	numeral
數字|数字|shu4 zi4	1	digit
數字|数字|shu4 zi4	2	number
數字|数字|shu4 zi4	3	figure
數字|数字|shu4 zi4	4	amount
數字|数字|shu4 zi4	5	digital (electronics etc)
數字|数字|shu4 zi4	6	CL:個|个[ge4]
數學|数学|shu4 xue2	0	mathematics
數據|数据|shu4 ju4	0	data
數量|数量|shu4 liang4	0	amount; quantity
數量|数量|shu4 liang4	1	quantitative
數量|数量|shu4 liang4	2	(math.) scalar quantity
文|文|wen2	0	language
文|文|wen2	1	culture
文|文|wen2	2	writing
文|文|wen2	3	formal
文|文|wen2	4	literary
文|文|wen2	5	gentle
文|文|wen2	6	(old) classifier for coins
文|文|wen2	7	Kangxi radical 67
文件|文件|wen2 jian4	0	document
文件|文件|wen2 jian4	1	file
文件|文件|wen2 jian4	2	CL:份[fen4]
文化|文化|wen2 hua4	0	culture
文化|文化|wen2 hua4	1	civilization
文化|文化|wen2 hua4	2	cultural
文化|文化|wen2 hua4	3	CL:個|个[ge4],種|种[zhong3]
文章|文章|wen2 zhang1	0	article
文章|文章|wen2 zhang1	1	essay
文章|文章|wen2 zhang1	2	literary works
文章|文章|wen2 zhang1	3	writings
文章|文章|wen2 zhang1	4	hidden meaning
文章|文章|wen2 zhang1	5	CL:篇[pian1],段[duan4],頁|页[ye4]
斗|斗|dou3	0	dry measure for grain equal to ten 升[sheng1] or one-tenth of a 石[dan4]
斗|斗|dou3	1	decaliter
斗|斗|dou3	2	peck
斗|斗|dou3	3	cup or dipper shaped object
斗|斗|dou3	4	old variant of 陡[dou3]
斯|斯|si1	0	(phonetic)
斯|斯|si1	1	this
新|新|xin1	0	new
新|新|xin1	1	newly
新|新|xin1	2	meso- (chemistry)
新聞|新闻|xin1 wen2	0	news
新聞|新闻|xin1 wen2	1	CL:條|条[tiao2]
斷|断|duan4	0	to break
斷|断|duan4	1	to snap
斷|断|duan4	2	to cut off
斷|断|duan4	3	to give up or abstain from sth
斷|断|duan4	4	to judge
斷|断|duan4	5	(usu. used in the negative) absolutely
斷|断|duan4	6	definitely
斷|断|duan4	7	decidedly
方|方|fang1	0	square
方|方|fang1	1	power or involution (math.)
方|方|fang1	2	upright
方|方|fang1	3	honest
方|方|fang1	4	fair and square
方|方|fang1	5	direction
方|方|fang1	6	side
方|方|fang1	7	party (to a contract, dispute etc)
方|方|fang1	8	place
方|方|fang1	9	method
方|方|fang1	10	prescription (medicine)
方|方|fang1	11	just when
方|方|fang1	12	only or just
方|方|fang1	13	classifier for square things
方|方|fang1	14	abbr. for square or cubic meter
方便|方便|fang1 bian4	0	convenient; suitable
方便|方便|fang1 bian4	1	to facilitate; to make things easy
方便|方便|fang1 bian4	2	having money to spare
方便|方便|fang1 bian4	3	(euphemism) to relieve oneself
方向|方向|fang1 xiang4	0	direction; orientation
方式|方式|fang1 shi4	0	way; method; manner; mode; pattern (of behavior etc)
方式|方式|fang1 shi4	1	CL:種|种[zhong3]
方案|方案|fang1 an4	0	plan
方案|方案|fang1 an4	1	program (for action etc)
方案|方案|fang1 an4	2	proposal
方案|方案|fang1 an4	3	proposed bill
方案|方案|fang1 an4	4	CL:個|个[ge4],套[tao4]
方法|方法|fang1 fa3	0	method; way; technique; procedure
方面|方面|fang1 mian4	0	respect
方面|方面|fang1 mian4	1	aspect
方面|方面|fang1 mian4	2	field
方面|方面|fang1 mian4	3	side
方面|方面|fang1 mian4	4	CL:個|个[ge4]
於|于|yu2	0	(of time or place) in; at; on
於|于|yu2	1	(indicating any indirect relation) to; toward; vis-à-vis; with regard to; for
於|于|yu2	2	(indicating a source) from; out of
於|于|yu2	3	(used in comparison) than
於|于|yu2	4	(used in the passive voice) by
於|於|wu1	0	(literary) Oh!
於|於|wu1	1	Ah!
於是|于是|yu2 shi4	0	thereupon; as a result; consequently; thus; hence
施|施|shi1	0	(bound form) to put into effect (regulations etc)
施|施|shi1	1	to distribute (alms etc)
施|施|shi1	2	to apply (fertilizer etc)
旁|旁|pang2	0	one side
旁|旁|pang2	1	other
旁|旁|pang2	2	different
旁|旁|pang2	3	lateral component of a Chinese character (such as 刂[dao1], 亻[ren2] etc)
旅|旅|lu:3	0	trip
旅|旅|lu:3	1	travel
旅|旅|lu:3	2	to travel
旅|旅|lu:3	3	brigade (army)
旅行|旅行|lu:3 xing2	0	to travel
旅行|旅行|lu:3 xing2	1	journey; trip
旅行|旅行|lu:3 xing2	2	CL:趟[tang4],次[ci4]
旅遊|旅游|lu:3 you2	0	trip
旅遊|旅游|lu:3 you2	1	journey
旅遊|旅游|lu:3 you2	2	tourism
旅遊|旅游|lu:3 you2	3	travel
旅遊|旅游|lu:3 you2	4	tour
旅遊|旅游|lu:3 you2	5	to travel
族|族|zu2	0	race
族|族|zu2	1	nationality
族|族|zu2	2	ethnicity
族|族|zu2	3	clan
族|族|zu2	4	by extension, social group (e.g. office workers 上班族)
既|既|ji4	0	already
既|既|ji4	1	since
既|既|ji4	2	both... (and...)
早|早|zao3	0	early
早|早|zao3	1	morning
早|早|zao3	2	Good morning!
早|早|zao3	3	long ago
早|早|zao3	4	prematurely
早上|早上|zao3 shang5	0	early morning
早上|早上|zao3 shang5	1	CL:個|个[ge4]
明|明|ming2	0	bright
明|明|ming2	1	opposite: dark 暗[an4]
明|明|ming2	2	(of meaning) clear
明|明|ming2	3	to understand
明|明|ming2	4	next
明|明|ming2	5	public or open
明|明|ming2	6	wise
明|明|ming2	7	generic term for a sacrifice to the gods
明星|明星|ming2 xing1	0	star; celebrity
明確|明确|ming2 que4	0	clear-cut; definite; explicit
明確|明确|ming2 que4	1	to clarify; to specify; to make definite
明顯|明显|ming2 xian3	0	clear
明顯|明显|ming2 xian3	1	distinct
明顯|明显|ming2 xian3	2	obvious
易|易|yi4	0	easy
易|易|yi4	1	amiable
易|易|yi4	2	to change
易|易|yi4	3	to exchange
易|易|yi4	4	prefix corresponding to the English adjective suffix "-able" or "-ible"
星|星|xing1	0	star
星|星|xing1	1	heavenly body
星|星|xing1	2	satellite
星|星|xing1	3	small amount
是|是|shi4	0	to be (followed by substantives only)
是|是|shi4	1	correct; right; true
是|是|shi4	2	(respectful acknowledgement of a command) very well
是|是|shi4	3	(adverb for emphatic assertion)
是否|是否|shi4 fou3	0	whether (or not)
是否|是否|shi4 fou3	1	if
是否|是否|shi4 fou3	2	is or isn't
時|时|shi2	0	o'clock
時|时|shi2	1	time
時|时|shi2	2	when
時|时|shi2	3	hour
時|时|shi2	4	season
時|时|shi2	5	period
時代|时代|shi2 dai4	0	age
時代|时代|shi2 dai4	1	era
時代|时代|shi2 dai4	2	epoch
時代|时代|shi2 dai4	3	period (in one's life)
時代|时代|shi2 dai4	4	CL:個|个[ge4]
時候|时候|shi2 hou5	0	time
時候|时候|shi2 hou5	1	length of time
時候|时候|shi2 hou5	2	moment
時候|时候|shi2 hou5	3	period
時期|时期|shi2 qi1	0	period
時期|时期|shi2 qi1	1	phase
時期|时期|shi2 qi1	2	CL:個|个[ge4]
時間|时间|shi2 jian1	0	(concept of) time
時間|时间|shi2 jian1	1	(duration of) time
時間|时间|shi2 jian1	2	(point in) time
晚|晚|wan3	0	evening
晚|晚|wan3	1	night
晚|晚|wan3	2	late
晚上|晚上|wan3 shang5	0	evening
晚上|晚上|wan3 shang5	1	night
晚上|晚上|wan3 shang5	2	CL:個|个[ge4]
晚上|晚上|wan3 shang5	3	in the evening
普|普|pu3	0	general
普|普|pu3	1	popular
普|普|pu3	2	everywhere
普|普|pu3	3	universal
普通|普通|pu3 tong1	0	common
普通|普通|pu3 tong1	1	ordinary
普通|普通|pu3 tong1	2	general
普通|普通|pu3 tong1	3	average
暫時|暂时|zan4 shi2	0	temporary; provisional; for the time being
暴力|暴力|bao4 li4	0	violence
暴力|暴力|bao4 li4	1	force
暴力|暴力|bao4 li4	2	violent
曲|曲|qu1	0	bent
曲|曲|qu1	1	crooked
曲|曲|qu1	2	wrong
曲|曲|qu3	0	tune
曲|曲|qu3	1	song
曲|曲|qu3	2	CL:支[zhi1]
更|更|geng1	0	to change or replace
更|更|geng1	1	to experience
更|更|geng1	2	one of the five two-hour periods into which the night was formerly divided
更|更|geng1	3	watch (e.g. of a sentry or guard)
更|更|geng4	0	more
更|更|geng4	1	even more
更|更|geng4	2	further
更|更|geng4	3	still
更|更|geng4	4	still more
更加|更加|geng4 jia1	0	more (than sth else)
更加|更加|geng4 jia1	1	even more
書|书|shu1	0	book
書|书|shu1	1	letter
書|书|shu1	2	document
書|书|shu1	3	CL:本[ben3],冊|册[ce4],部[bu4]
書|书|shu1	4	to write
曼|曼|man4	0	handsome
曼|曼|man4	1	large
曼|曼|man4	2	long
曾|曾|ceng2	0	once
曾|曾|ceng2	1	already
曾|曾|ceng2	2	ever (in the past)
曾|曾|ceng2	3	former
曾|曾|ceng2	4	previously
曾|曾|ceng2	5	(past tense marker used before verb or clause)
曾|曾|zeng1	0	great- (grandfather, grandchild etc)
曾經|曾经|ceng2 jing1	0	once
曾經|曾经|ceng2 jing1	1	already
曾經|曾经|ceng2 jing1	2	former
曾經|曾经|ceng2 jing1	3	previously
曾經|曾经|ceng2 jing1	4	ever
曾經|曾经|ceng2 jing1	5	(past tense marker used before verb or clause)
替|替|ti4	0	to substitute for
替|替|ti4	1	to take the place of
替|替|ti4	2	to replace
替|替|ti4	3	for
替|替|ti4	4	on behalf of
替|替|ti4	5	to stand in for
最|最|zui4	0	(before an adjective or verb) to the highest degree; (the) most ...; -est
最|最|zui4	1	(after 之[zhi1]) best or most extreme example (e.g. 世界之最[shi4 jie4 zhi1 zui4] "the greatest in the world")
最佳|最佳|zui4 jia1	0	optimum
最佳|最佳|zui4 jia1	1	optimal
最佳|最佳|zui4 jia1	2	peak
最佳|最佳|zui4 jia1	3	best (athlete, movie etc)
最初|最初|zui4 chu1	0	first
最初|最初|zui4 chu1	1	primary
最初|最初|zui4 chu1	2	initial
最初|最初|zui4 chu1	3	original
最初|最初|zui4 chu1	4	at first
最初|最初|zui4 chu1	5	initially
最初|最初|zui4 chu1	6	originally
最後|最后|zui4 hou4	0	final; last; ultimate
最後|最后|zui4 hou4	1	finally; in the end
最終|最终|zui4 zhong1	0	final; ultimate
最近|最近|zui4 jin4	0	recently
最近|最近|zui4 jin4	1	soon
最近|最近|zui4 jin4	2	nearest
最高|最高|zui4 gao1	0	tallest
最高|最高|zui4 gao1	1	highest
最高|最高|zui4 gao1	2	supreme (court etc)
會|会|kuai4	0	(bound form) to reckon accounts
會議|会议|hui4 yi4	0	meeting
會議|会议|hui4 yi4	1	conference
會議|会议|hui4 yi4	2	CL:場|场[chang3],屆|届[jie4]
月|月|yue4	0	moon
月|月|yue4	1	month
月|月|yue4	2	monthly
月|月|yue4	3	CL:個|个[ge4],輪|轮[lun2]
有些|有些|you3 xie1	0	some
有些|有些|you3 xie1	1	somewhat; rather; a bit
有人|有人|you3 ren2	0	someone
有人|有人|you3 ren2	1	people
有人|有人|you3 ren2	2	anyone
有人|有人|you3 ren2	3	there is someone there
有人|有人|you3 ren2	4	occupied (as in restroom)
有所|有所|you3 suo3	0	somewhat
有所|有所|you3 suo3	1	to some extent
有效|有效|you3 xiao4	0	effective
有效|有效|you3 xiao4	1	in effect
有效|有效|you3 xiao4	2	valid
有時|有时|you3 shi2	0	sometimes; now and then
有的|有的|you3 de5	0	(there are) some (who are...)
有的|有的|you3 de5	1	some (exist)
有著|有着|you3 zhe5	0	to have
有著|有着|you3 zhe5	1	to possess
有關|有关|you3 guan1	0	to have sth to do with
有關|有关|you3 guan1	1	to relate to
有關|有关|you3 guan1	2	related to
有關|有关|you3 guan1	3	to concern
有關|有关|you3 guan1	4	concerning
朋友|朋友|peng2 you5	0	friend
朋友|朋友|peng2 you5	1	CL:個|个[ge4],位[wei4]
朗|朗|lang3	0	clear
朗|朗|lang3	1	bright
朝|朝|chao2	0	imperial or royal court
朝|朝|chao2	1	government
朝|朝|chao2	2	dynasty
朝|朝|chao2	3	reign of a sovereign or emperor
朝|朝|chao2	4	court or assembly held by a sovereign or emperor
朝|朝|chao2	5	to make a pilgrimage to
朝|朝|chao2	6	facing
朝|朝|chao2	7	towards
朝|朝|zhao1	0	morning
期|期|qi1	0	a period of time
期|期|qi1	1	phase
期|期|qi1	2	stage
期|期|qi1	3	classifier for issues of a periodical, courses of study
期|期|qi1	4	time
期|期|qi1	5	term
期|期|qi1	6	period
期|期|qi1	7	to hope
期|期|qi1	8	Taiwan pr. [qi2]
期間|期间|qi1 jian1	0	period of time
期間|期间|qi1 jian1	1	time
期間|期间|qi1 jian1	2	time period
期間|期间|qi1 jian1	3	period
期間|期间|qi1 jian1	4	CL:個|个[ge4]
木|木|mu4	0	(bound form) tree
木|木|mu4	1	(bound form) wood
木|木|mu4	2	unresponsive; numb; wooden
未|未|wei4	0	not yet
未|未|wei4	1	did not
未|未|wei4	2	have not
未|未|wei4	3	not
未|未|wei4	4	8th earthly branch: 1-3 p.m., 6th solar month (7th July-6th August), year of the Sheep
未|未|wei4	5	ancient Chinese compass point: 210°
未來|未来|wei4 lai2	0	future
未來|未来|wei4 lai2	1	tomorrow
未來|未来|wei4 lai2	2	CL:個|个[ge4]
未來|未来|wei4 lai2	3	approaching
未來|未来|wei4 lai2	4	coming
未來|未来|wei4 lai2	5	pending
本|本|ben3	0	(bound form) root; stem
本|本|ben3	1	(bound form) origin; source
本|本|ben3	2	(bound form) one's own; this
本|本|ben3	3	(bound form) this; the current (year etc)
本|本|ben3	4	(bound form) original
本|本|ben3	5	(bound form) inherent
本|本|ben3	6	originally; initially
本|本|ben3	7	capital; principal
本|本|ben3	8	classifier for books, periodicals, files etc
本人|本人|ben3 ren2	0	I; me; myself
本人|本人|ben3 ren2	1	oneself; yourself; himself; herself; the person concerned
本來|本来|ben3 lai2	0	original
本來|本来|ben3 lai2	1	originally
本來|本来|ben3 lai2	2	at first
本來|本来|ben3 lai2	3	it goes without saying
本來|本来|ben3 lai2	4	of course
本地|本地|ben3 di4	0	local
本地|本地|ben3 di4	1	this locality
本身|本身|ben3 shen1	0	itself
本身|本身|ben3 shen1	1	in itself
本身|本身|ben3 shen1	2	per se
李|李|li3	0	plum
材料|材料|cai2 liao4	0	(raw) material
材料|材料|cai2 liao4	1	data
材料|材料|cai2 liao4	2	(fig.) person who has the potential to do the job
村|村|cun1	0	village
村|村|cun1	1	(dialect) to scold
村|村|cun1	2	rustic; boorish
杜|杜|du4	0	birchleaf pear (tree)
杜|杜|du4	1	to stop
杜|杜|du4	2	to prevent
杜|杜|du4	3	to restrict
杯|杯|bei1	0	cup
杯|杯|bei1	1	trophy cup
杯|杯|bei1	2	classifier for certain containers of liquids: glass, cup
東|东|dong1	0	east
東|东|dong1	1	host (i.e. sitting on east side of guest)
東|东|dong1	2	landlord
東西|东西|dong1 xi1	0	east and west
東西|东西|dong1 xi5	0	thing
東西|东西|dong1 xi5	1	stuff
東西|东西|dong1 xi5	2	person
東西|东西|dong1 xi5	3	CL:個|个[ge4],件[jian4]
松|松|song1	0	pine
松|松|song1	1	CL:棵[ke1]
板|板|ban3	0	board
板|板|ban3	1	plank
板|板|ban3	2	plate
板|板|ban3	3	shutter
板|板|ban3	4	table tennis bat
板|板|ban3	5	clappers (music)
板|板|ban3	6	CL:塊|块[kuai4]
板|板|ban3	7	accented beat in Chinese music
板|板|ban3	8	hard
板|板|ban3	9	stiff
板|板|ban3	10	to stop smiling or look serious
枚|枚|mei2	0	classifier for small objects: coins, badges, rings, carved seals, chess pieces, eggs, fingerprints etc (more formal than 個|个[ge4])
枚|枚|mei2	1	classifier for bombs, missiles, satellites etc
枚|枚|mei2	2	(on product packaging) classifier for flat items (from Japanese 枚 "mai")
枚|枚|mei2	3	(old) stick used as a gag to prevent soldiers from talking while sneaking up on the enemy
架|架|jia4	0	to support
架|架|jia4	1	frame
架|架|jia4	2	rack
架|架|jia4	3	framework
架|架|jia4	4	classifier for planes, large vehicles, radios etc
某|某|mou3	0	some
某|某|mou3	1	a certain
某|某|mou3	2	sb or sth indefinite
某|某|mou3	3	such-and-such
某些|某些|mou3 xie1	0	some; certain (things)
某種|某种|mou3 zhong3	0	some kind (of)
查|查|cha2	0	to research
查|查|cha2	1	to check
查|查|cha2	2	to investigate
查|查|cha2	3	to examine
查|查|cha2	4	to refer to
查|查|cha2	5	to look up (e.g. a word in a dictionary)
校|校|jiao4	0	to check; to collate; to proofread
校|校|xiao4	0	(bound form) school; college
校|校|xiao4	1	(bound form) (military) field officer
校長|校长|xiao4 zhang3	0	(college, university) president
校長|校长|xiao4 zhang3	1	headmaster
校長|校长|xiao4 zhang3	2	CL:個|个[ge4],位[wei4],名[ming2]
根|根|gen1	0	root
根|根|gen1	1	basis
根|根|gen1	2	classifier for long slender objects, e.g. cigarettes, guitar strings
根|根|gen1	3	CL:條|条[tiao2]
根|根|gen1	4	radical (chemistry)
根據|根据|gen1 ju4	0	according to
根據|根据|gen1 ju4	1	based on
根據|根据|gen1 ju4	2	basis
根據|根据|gen1 ju4	3	foundation
根據|根据|gen1 ju4	4	CL:個|个[ge4]
根本|根本|gen1 ben3	0	fundamental
根本|根本|gen1 ben3	1	basic
根本|根本|gen1 ben3	2	root
根本|根本|gen1 ben3	3	simply
根本|根本|gen1 ben3	4	absolutely (not)
根本|根本|gen1 ben3	5	(not) at all
根本|根本|gen1 ben3	6	CL:個|个[ge4]
格|格|ge2	0	square; lattice; grid; frame
格|格|ge2	1	compartment; partition; slot (within a larger unit)
格|格|ge2	2	(bound form) standard; norm; specification
格|格|ge2	3	(bound form) character; disposition; moral quality; style; aesthetic tone
格|格|ge2	4	(bound form) rhetorical form; stylistic pattern
格|格|ge2	5	(bound form) (linguistics) grammatical case
格|格|ge2	6	(literary) to correct; to rectify
格|格|ge2	7	(literary) to arrive at; to reach
格|格|ge2	8	(literary) to obstruct; to hinder
格|格|ge2	9	(literary) to investigate exhaustively
格|格|ge2	10	classifier for compartments, slots or cells within a larger unit
案|案|an4	0	(legal) case
案|案|an4	1	incident
案|案|an4	2	record
案|案|an4	3	file
案|案|an4	4	table
案件|案件|an4 jian4	0	case
案件|案件|an4 jian4	1	instance
案件|案件|an4 jian4	2	CL:宗[zong1],樁|桩[zhuang1],起[qi3]
梅|梅|mei2	0	plum
梅|梅|mei2	1	plum flower
梅|梅|mei2	2	Japanese apricot (Prunus mume)
條|条|tiao2	0	strip
條|条|tiao2	1	item
條|条|tiao2	2	article
條|条|tiao2	3	clause (of law or treaty)
條|条|tiao2	4	classifier for long thin things (ribbon, river, road, trousers etc)
條件|条件|tiao2 jian4	0	condition; circumstance; term; factor
條件|条件|tiao2 jian4	1	requirement; prerequisite; qualification
條件|条件|tiao2 jian4	2	situation; state; condition
條件|条件|tiao2 jian4	3	CL:個|个[ge4]
棒|棒|bang4	0	stick
棒|棒|bang4	1	club
棒|棒|bang4	2	cudgel
棒|棒|bang4	3	smart
棒|棒|bang4	4	capable
棒|棒|bang4	5	strong
棒|棒|bang4	6	wonderful
棒|棒|bang4	7	classifier for legs of a relay race
棒球|棒球|bang4 qiu2	0	baseball
棒球|棒球|bang4 qiu2	1	CL:個|个[ge4],隻|只[zhi1]
森|森|sen1	0	(bound form) densely wooded
森|森|sen1	1	(fig.) (bound form) multitudinous; gloomy; forbidding
森林|森林|sen1 lin2	0	forest
森林|森林|sen1 lin2	1	CL:片[pian4]
植物|植物|zhi2 wu4	0	plant
植物|植物|zhi2 wu4	1	vegetation
植物|植物|zhi2 wu4	2	CL:種|种[zhong3]
業|业|ye4	0	line of business
業|业|ye4	1	industry
業|业|ye4	2	occupation
業|业|ye4	3	job
業|业|ye4	4	employment
業|业|ye4	5	school studies
業|业|ye4	6	enterprise
業|业|ye4	7	property
業|业|ye4	8	(Buddhism) karma
業|业|ye4	9	deed
業|业|ye4	10	to engage in
業|业|ye4	11	already
極|极|ji2	0	extremely
極|极|ji2	1	pole (geography, physics)
極|极|ji2	2	utmost
極|极|ji2	3	top
概念|概念|gai4 nian4	0	concept
概念|概念|gai4 nian4	1	idea
概念|概念|gai4 nian4	2	CL:個|个[ge4]
榮|荣|rong2	0	glory
榮|荣|rong2	1	honor
榮|荣|rong2	2	thriving
榮譽|荣誉|rong2 yu4	0	honor
榮譽|荣誉|rong2 yu4	1	credit
榮譽|荣誉|rong2 yu4	2	glory
榮譽|荣誉|rong2 yu4	3	(honorable) reputation
榮譽|荣誉|rong2 yu4	4	honorary
槍|枪|qiang1	0	gun
槍|枪|qiang1	1	firearm
槍|枪|qiang1	2	rifle
槍|枪|qiang1	3	spear
槍|枪|qiang1	4	thing with shape or function similar to a gun
槍|枪|qiang1	5	CL:支[zhi1],把[ba3],桿|杆[gan3],條|条[tiao2],枝[zhi1]
槍|枪|qiang1	6	to substitute for another person in a test
槍|枪|qiang1	7	to knock
槍|枪|qiang1	8	classifier for rifle shots
樂|乐|le4	0	happy
樂|乐|le4	1	cheerful
樂|乐|le4	2	to laugh
樂|乐|yue4	0	music
樂隊|乐队|yue4 dui4	0	band
樂隊|乐队|yue4 dui4	1	pop group
樂隊|乐队|yue4 dui4	2	CL:支[zhi1]
樓|楼|lou2	0	house with more than 1 story
樓|楼|lou2	1	storied building
樓|楼|lou2	2	floor
樓|楼|lou2	3	CL:層|层[ceng2],座[zuo4],棟|栋[dong4]
標準|标准|biao1 zhun3	0	standard; norm; criterion
標準|标准|biao1 zhun3	1	(adjective) standard
標準|标准|biao1 zhun3	2	good; correct; conforming to a standard
標誌|标志|biao1 zhi4	0	sign; mark; symbol; logo
標誌|标志|biao1 zhi4	1	to symbolize; to indicate; to mark
模|模|mo2	0	to imitate
模|模|mo2	1	model
模|模|mo2	2	norm
模|模|mo2	3	pattern
模|模|mu2	0	mold
模|模|mu2	1	die
模|模|mu2	2	matrix
模|模|mu2	3	pattern
模型|模型|mo2 xing2	0	model
模型|模型|mo2 xing2	1	mold
模型|模型|mo2 xing2	2	matrix
模型|模型|mo2 xing2	3	pattern
模式|模式|mo2 shi4	0	mode; pattern; model
樹|树|shu4	0	tree
樹|树|shu4	1	CL:棵[ke1]
樹|树|shu4	2	to cultivate
樹|树|shu4	3	to set up
橋|桥|qiao2	0	bridge
橋|桥|qiao2	1	CL:座[zuo4]
機器|机器|ji1 qi4	0	machine
機器|机器|ji1 qi4	1	CL:臺|台[tai2],部[bu4],個|个[ge4]
機器人|机器人|ji1 qi4 ren2	0	robot; android
機場|机场|ji1 chang3	0	airport; airfield
機場|机场|ji1 chang3	1	(slang) service provider for Shadowsocks or similar software for circumventing Internet censorship
機場|机场|ji1 chang3	2	CL:家[jia1],處|处[chu4]
機會|机会|ji1 hui4	0	opportunity
機會|机会|ji1 hui4	1	chance
機會|机会|ji1 hui4	2	occasion
機會|机会|ji1 hui4	3	CL:個|个[ge4]
機構|机构|ji1 gou4	0	mechanism
機構|机构|ji1 gou4	1	structure
機構|机构|ji1 gou4	2	organization
機構|机构|ji1 gou4	3	agency
機構|机构|ji1 gou4	4	institution
機構|机构|ji1 gou4	5	CL:所[suo3]
檔案|档案|dang4 an4	0	file; record; archive
檢查|检查|jian3 cha2	0	inspection
檢查|检查|jian3 cha2	1	to examine
檢查|检查|jian3 cha2	2	to inspect
檢查|检查|jian3 cha2	3	CL:次[ci4]
權|权|quan2	0	authority
權|权|quan2	1	power
權|权|quan2	2	right
權|权|quan2	3	(literary) to weigh
權|权|quan2	4	expedient
權|权|quan2	5	temporary
權利|权利|quan2 li4	0	right (i.e. an entitlement to sth)
權利|权利|quan2 li4	1	(classical) power and wealth
權力|权力|quan2 li4	0	power
權力|权力|quan2 li4	1	authority
次|次|ci4	0	next in sequence
次|次|ci4	1	second
次|次|ci4	2	the second (day, time etc)
次|次|ci4	3	secondary
次|次|ci4	4	vice-
次|次|ci4	5	sub-
次|次|ci4	6	infra-
次|次|ci4	7	inferior quality
次|次|ci4	8	substandard
次|次|ci4	9	order
次|次|ci4	10	sequence
次|次|ci4	11	hypo- (chemistry)
次|次|ci4	12	classifier for enumerated events: time
欲|欲|yu4	0	to wish for
欲|欲|yu4	1	to desire
欲|欲|yu4	2	variant of 慾|欲[yu4]
款|款|kuan3	0	section
款|款|kuan3	1	paragraph
款|款|kuan3	2	funds
款|款|kuan3	3	CL:筆|笔[bi3],個|个[ge4]
款|款|kuan3	4	classifier for versions or models (of a product)
歌|歌|ge1	0	song (CL:首[shou3],支[zhi1])
歌|歌|ge1	1	(bound form) to sing
歌手|歌手|ge1 shou3	0	singer
歌曲|歌曲|ge1 qu3	0	song
歐|欧|ou1	0	ohm (abbr. for 歐姆|欧姆[ou1 mu3])
歐|欧|ou1	1	euro (abbr. for 歐元|欧元[ou1 yuan2])
歐|欧|ou1	2	used in transliteration
歐|欧|ou1	3	old variant of 謳|讴[ou1]
歡迎|欢迎|huan1 ying2	0	to welcome
歡迎|欢迎|huan1 ying2	1	welcome
止|止|zhi3	0	to stop
止|止|zhi3	1	to prohibit
止|止|zhi3	2	until
止|止|zhi3	3	only
正|正|zheng1	0	first month of the lunar year
正|正|zheng4	0	straight
正|正|zheng4	1	upright
正|正|zheng4	2	proper
正|正|zheng4	3	main
正|正|zheng4	4	principal
正|正|zheng4	5	to correct
正|正|zheng4	6	to rectify
正|正|zheng4	7	exactly
正|正|zheng4	8	just (at that time)
正|正|zheng4	9	right (in that place)
正|正|zheng4	10	(math.) positive
正在|正在|zheng4 zai4	0	to be in the process of (doing sth); to be currently ...-ing
正常|正常|zheng4 chang2	0	normal; regular
正式|正式|zheng4 shi4	0	formal; official
正是|正是|zheng4 shi4	0	is precisely
正確|正确|zheng4 que4	0	correct; sound; right; proper
此|此|ci3	0	this; these
步|步|bu4	0	a step
步|步|bu4	1	a pace
步|步|bu4	2	walk
步|步|bu4	3	march
步|步|bu4	4	stages in a process
步|步|bu4	5	situation
武器|武器|wu3 qi4	0	weapon
武器|武器|wu3 qi4	1	arms
武器|武器|wu3 qi4	2	CL:種|种[zhong3]
歲|岁|sui4	0	classifier for years (of age)
歲|岁|sui4	1	year
歲|岁|sui4	2	year (of crop harvests)
歷史|历史|li4 shi3	0	history
歷史|历史|li4 shi3	1	CL:門|门[men2],段[duan4]
歸|归|gui1	0	to return
歸|归|gui1	1	to go back to
歸|归|gui1	2	to give back to
歸|归|gui1	3	(of a responsibility) to be taken care of by
歸|归|gui1	4	to belong to
歸|归|gui1	5	to gather together
歸|归|gui1	6	(used between two identical verbs) despite
歸|归|gui1	7	to marry (of a woman) (old)
歸|归|gui1	8	division on the abacus with a one-digit divisor
死|死|si3	0	to die
死|死|si3	1	impassable
死|死|si3	2	uncrossable
死|死|si3	3	inflexible
死|死|si3	4	rigid
死|死|si3	5	extremely
死|死|si3	6	damned
死亡|死亡|si3 wang2	0	to die
死亡|死亡|si3 wang2	1	death
段|段|duan4	0	paragraph
段|段|duan4	1	section
段|段|duan4	2	segment
段|段|duan4	3	stage (of a process)
段|段|duan4	4	classifier for stories, periods of time, lengths of thread etc
殺|杀|sha1	0	to kill; to slay; to murder; to attack
殺|杀|sha1	1	to weaken; to reduce
殺|杀|sha1	2	(dialect) to smart
殺|杀|sha1	3	(used after a verb) extremely
殺害|杀害|sha1 hai4	0	to murder
殺死|杀死|sha1 si3	0	to kill
毀|毁|hui3	0	to destroy; to ruin
毀|毁|hui3	1	to defame; to slander
母|母|mu3	0	mother
母|母|mu3	1	elderly female relative
母|母|mu3	2	origin
母|母|mu3	3	source
母|母|mu3	4	(of animals) female
母親|母亲|mu3 qin1	0	mother
每|每|mei3	0	each
每|每|mei3	1	every
每個|每个|mei3 ge4	0	each; every
每天|每天|mei3 tian1	0	every day
每年|每年|mei3 nian2	0	every year
每年|每年|mei3 nian2	1	each year
每年|每年|mei3 nian2	2	yearly
毒|毒|du2	0	poison
毒|毒|du2	1	to poison
毒|毒|du2	2	poisonous
毒|毒|du2	3	malicious
毒|毒|du2	4	cruel
毒|毒|du2	5	fierce
毒|毒|du2	6	narcotics
比|比|bi3	0	to compare
比|比|bi3	1	(followed by a noun and adjective) more {adj.} than {noun}
比|比|bi3	2	ratio
比|比|bi3	3	to gesture
比|比|bi3	4	(Taiwan pr. [bi4] in some compounds derived from Classical Chinese)
比如|比如|bi3 ru2	0	for example; for instance; such as
比賽|比赛|bi3 sai4	0	competition (sports etc)
比賽|比赛|bi3 sai4	1	match
比賽|比赛|bi3 sai4	2	CL:場|场[chang3],次[ci4]
比賽|比赛|bi3 sai4	3	to compete
比較|比较|bi3 jiao4	0	to compare
比較|比较|bi3 jiao4	1	to contrast
比較|比较|bi3 jiao4	2	comparatively
比較|比较|bi3 jiao4	3	relatively
比較|比较|bi3 jiao4	4	quite
比較|比较|bi3 jiao4	5	comparison
毛|毛|mao2	0	hair
毛|毛|mao2	1	feather
毛|毛|mao2	2	down
毛|毛|mao2	3	wool
毛|毛|mao2	4	mildew
毛|毛|mao2	5	mold
毛|毛|mao2	6	coarse or semifinished
毛|毛|mao2	7	young
毛|毛|mao2	8	raw
毛|毛|mao2	9	careless
毛|毛|mao2	10	unthinking
毛|毛|mao2	11	nervous
毛|毛|mao2	12	scared
毛|毛|mao2	13	(of currency) to devalue or depreciate
毛|毛|mao2	14	classifier for Chinese fractional monetary unit ( = 角[jiao3] , = one-tenth of a yuan or 10 fen 分[fen1])
民|民|min2	0	(bound form) the people
民|民|min2	1	inhabitants of a country
民主|民主|min2 zhu3	0	democracy
民主|民主|min2 zhu3	1	democratic
水平|水平|shui3 ping2	0	horizontal; level
水平|水平|shui3 ping2	1	a standard; a level (of ability, development etc)
永遠|永远|yong3 yuan3	0	forever
永遠|永远|yong3 yuan3	1	eternal
求|求|qiu2	0	to seek
求|求|qiu2	1	to look for
求|求|qiu2	2	to request
求|求|qiu2	3	to demand
求|求|qiu2	4	to beseech
決定|决定|jue2 ding4	0	to decide; to determine; to make up one's mind
決定|决定|jue2 ding4	1	decision (CL:個|个[ge4],項|项[xiang4])
汽車|汽车|qi4 che1	0	car
汽車|汽车|qi4 che1	1	automobile
汽車|汽车|qi4 che1	2	bus
汽車|汽车|qi4 che1	3	CL:輛|辆[liang4]
沒|没|mei2	0	(negative prefix for verbs) have not; not
沒|没|mo4	0	drowned
沒|没|mo4	1	to end
沒|没|mo4	2	to die
沒|没|mo4	3	to inundate
沒有|没有|mei2 you3	0	haven't
沒有|没有|mei2 you3	1	hasn't
沒有|没有|mei2 you3	2	doesn't exist
沒有|没有|mei2 you3	3	to not have
沒有|没有|mei2 you3	4	to not be
沖|冲|chong1	0	(of water) to dash against
沖|冲|chong1	1	to mix with water
沖|冲|chong1	2	to infuse
沖|冲|chong1	3	to rinse
沖|冲|chong1	4	to flush
沖|冲|chong1	5	to develop (a film)
沖|冲|chong1	6	to rise in the air
沖|冲|chong1	7	to clash
沖|冲|chong1	8	to collide with
沙|沙|sha1	0	granule
沙|沙|sha1	1	hoarse
沙|沙|sha1	2	raspy
沙|沙|sha1	3	sand
沙|沙|sha1	4	powder
沙|沙|sha1	5	CL:粒[li4]
沙|沙|sha1	6	abbr. for Tsar or Tsarist Russia
沙|沙|sha4	0	(dialect) to sift; to sieve
河|河|he2	0	river (CL:條|条[tiao2],道[dao4])
河|河|he2	1	(bound form) the Yellow River
河|河|he2	2	(bound form) the Milky Way
河|河|he2	3	(bound form) (on restaurant menus) rice noodles 河粉[he2 fen3]
油|油|you2	0	oil
油|油|you2	1	fat
油|油|you2	2	grease
油|油|you2	3	petroleum
油|油|you2	4	to apply tung oil, paint or varnish
油|油|you2	5	oily
油|油|you2	6	greasy
油|油|you2	7	glib
油|油|you2	8	cunning
治|治|zhi4	0	to rule
治|治|zhi4	1	to govern
治|治|zhi4	2	to manage
治|治|zhi4	3	to control
治|治|zhi4	4	to harness (a river)
治|治|zhi4	5	to treat (a disease)
治|治|zhi4	6	to wipe out (a pest)
治|治|zhi4	7	to punish
治|治|zhi4	8	to research
治療|治疗|zhi4 liao2	0	to treat (an illness)
治療|治疗|zhi4 liao2	1	medical treatment
治療|治疗|zhi4 liao2	2	therapy
法|法|fa3	0	law
法|法|fa3	1	method
法|法|fa3	2	way
法|法|fa3	3	to emulate
法|法|fa3	4	(Buddhism) dharma
法|法|fa3	5	(abbr. for 法家[Fa3 jia1]) the Legalists
法|法|fa3	6	(physics) farad (abbr. for 法拉[fa3 la1])
法官|法官|fa3 guan1	0	judge (in court)
法庭|法庭|fa3 ting2	0	court of law
法律|法律|fa3 lu:4	0	law
法律|法律|fa3 lu:4	1	CL:條|条[tiao2], 套[tao4], 個|个[ge4]
法院|法院|fa3 yuan4	0	court of law
法院|法院|fa3 yuan4	1	court
波|波|bo1	0	wave
波|波|bo1	1	ripple
波|波|bo1	2	storm
波|波|bo1	3	surge
注|注|zhu4	0	(bound form) to pour into; to flow into; to inject
注|注|zhu4	1	(bound form) to focus (one's spirit, gaze etc) on a single point; to concentrate
注|注|zhu4	2	(bound form) stake (in gambling)
注|注|zhu4	3	classifier for stakes, sums of money, transactions or beams of light
注|注|zhu4	4	variant of 註|注[zhu4]
注意|注意|zhu4 yi4	0	to take note of; to pay attention to
泰|泰|tai4	0	safe
泰|泰|tai4	1	peaceful
泰|泰|tai4	2	most
泰|泰|tai4	3	grand
洞|洞|dong4	0	cave
洞|洞|dong4	1	hole
洞|洞|dong4	2	zero (unambiguous spoken form when spelling out numbers)
洞|洞|dong4	3	CL:個|个[ge4]
活|活|huo2	0	to live
活|活|huo2	1	alive
活|活|huo2	2	living
活|活|huo2	3	work
活|活|huo2	4	workmanship
活動|活动|huo2 dong4	0	to exercise; to move about; to work out
活動|活动|huo2 dong4	1	shaky; unsteady; loose (tooth etc)
活動|活动|huo2 dong4	2	movable; flexible; liquid (capital etc)
活動|活动|huo2 dong4	3	(volcanic, seismic, economic etc) activity
活動|活动|huo2 dong4	4	(outdoor etc) activity; event; (political) campaign; (military) maneuver (CL:項|项[xiang4])
活動|活动|huo2 dong4	5	to use personal influence, connections, bribes etc
派|派|pai4	0	(literary) tributary; branch of a river
派|派|pai4	1	clique; school; group; faction
派|派|pai4	2	(bound form) style; manner
派|派|pai4	3	to send (a person or resource); to dispatch; to allocate (a resource or task); to appoint (sb)
派|派|pai4	4	classifier for factions, groups etc
派|派|pai4	5	(preceded by 一[yi1]) classifier used in characterizing a scene, atmosphere, demeanor, sound, remark etc
派|派|pai4	6	(loanword) pi (Greek letter Π, π); the circular ratio 𝜋 = 3.14159...
派|派|pai4	7	(loanword) pie
流|流|liu2	0	to flow
流|流|liu2	1	to disseminate
流|流|liu2	2	to circulate or spread
流|流|liu2	3	to move or drift
流|流|liu2	4	to degenerate
流|流|liu2	5	to banish or send into exile
流|流|liu2	6	stream of water or sth resembling one
流|流|liu2	7	class, rate or grade
流行|流行|liu2 xing2	0	(of a contagious disease etc) to spread; to propagate
流行|流行|liu2 xing2	1	(of a style of clothing, song etc) popular; fashionable
海軍|海军|hai3 jun1	0	navy
消失|消失|xiao1 shi1	0	to disappear; to fade away
消息|消息|xiao1 xi5	0	(piece of) news; information
消息|消息|xiao1 xi5	1	message
消息|消息|xiao1 xi5	2	CL:條|条[tiao2]
深|深|shen1	0	(lit. and fig.) deep
混|混|hun2	0	muddy; turbid (variant of 渾|浑[hun2])
混|混|hun2	1	brainless; foolish (variant of 渾|浑[hun2])
混|混|hun2	2	Taiwan pr. [hun4]
混|混|hun4	0	to mix
混|混|hun4	1	to mingle
混|混|hun4	2	muddled
混|混|hun4	3	to drift along
混|混|hun4	4	to muddle along
混|混|hun4	5	to pass for
混|混|hun4	6	to get along with sb
混|混|hun4	7	thoughtless
混|混|hun4	8	reckless
混亂|混乱|hun4 luan4	0	confused; chaotic; disorderly
清|清|qing1	0	(of water etc) clear; clean
清|清|qing1	1	quiet; still
清|清|qing1	2	pure; uncorrupted
清|清|qing1	3	clear; distinct
清|清|qing1	4	to clear; to settle (accounts)
清楚|清楚|qing1 chu5	0	clear
清楚|清楚|qing1 chu5	1	distinct
清楚|清楚|qing1 chu5	2	to understand thoroughly
清楚|清楚|qing1 chu5	3	to be clear about
減少|减少|jian3 shao3	0	to lessen; to decrease; to reduce; to lower
測試|测试|ce4 shi4	0	to test (machinery etc)
測試|测试|ce4 shi4	1	to test (a person's skill in a particular area)
測試|测试|ce4 shi4	2	a test
測試|测试|ce4 shi4	3	(computing) beta (version of software)
港|港|gang3	0	harbor
港|港|gang3	1	port
港|港|gang3	2	CL:個|个[ge4]
游|游|you2	0	to swim
游|游|you2	1	variant of 遊|游[you2]
湖|湖|hu2	0	lake
湯|汤|shang1	0	rushing current
湯|汤|tang1	0	soup
湯|汤|tang1	1	hot or boiling water
湯|汤|tang1	2	decoction of medicinal herbs
湯|汤|tang1	3	water in which sth has been boiled
準|准|zhun3	0	accurate
準|准|zhun3	1	standard
準|准|zhun3	2	definitely
準|准|zhun3	3	certainly
準|准|zhun3	4	about to become (bride, son-in-law etc)
準|准|zhun3	5	quasi-
準|准|zhun3	6	para-
準備|准备|zhun3 bei4	0	preparation
準備|准备|zhun3 bei4	1	to prepare
準備|准备|zhun3 bei4	2	to intend
準備|准备|zhun3 bei4	3	to be about to
準備|准备|zhun3 bei4	4	reserve (fund)
滅|灭|mie4	0	to extinguish or put out
滅|灭|mie4	1	to go out (of a fire etc)
滅|灭|mie4	2	to exterminate or wipe out
滅|灭|mie4	3	to drown
滿|满|man3	0	to fill
滿|满|man3	1	full
滿|满|man3	2	filled
滿|满|man3	3	packed
滿|满|man3	4	fully
滿|满|man3	5	completely
滿|满|man3	6	quite
滿|满|man3	7	to reach the limit
滿|满|man3	8	to satisfy
滿|满|man3	9	satisfied
滿|满|man3	10	contented
滿足|满足|man3 zu2	0	to satisfy
滿足|满足|man3 zu2	1	to meet (the needs of)
滿足|满足|man3 zu2	2	satisfied
滿足|满足|man3 zu2	3	content
演|演|yan3	0	to perform (a play etc); to stage (a show)
演|演|yan3	1	(bound form) to develop; to play out; to carry out (a task)
演出|演出|yan3 chu1	0	to act (in a play)
演出|演出|yan3 chu1	1	to perform
演出|演出|yan3 chu1	2	to put on (a performance)
演出|演出|yan3 chu1	3	performance
演出|演出|yan3 chu1	4	concert
演出|演出|yan3 chu1	5	show
演出|演出|yan3 chu1	6	CL:場|场[chang3],次[ci4]
演員|演员|yan3 yuan2	0	actor; actress; performer
演唱|演唱|yan3 chang4	0	to sing (for an audience)
演唱|演唱|yan3 chang4	1	vocal performance
演唱會|演唱会|yan3 chang4 hui4	0	vocal recital or concert
演奏|演奏|yan3 zou4	0	to perform on a musical instrument
漢|汉|han4	0	man
漫畫|漫画|man4 hua4	0	caricature
漫畫|漫画|man4 hua4	1	cartoon
漫畫|漫画|man4 hua4	2	Japanese manga
灣|湾|wan1	0	bay
灣|湾|wan1	1	gulf
灣|湾|wan1	2	to cast anchor
灣|湾|wan1	3	to moor (a boat)
火|火|huo3	0	fire
火|火|huo3	1	urgent
火|火|huo3	2	ammunition
火|火|huo3	3	fiery or flaming
火|火|huo3	4	internal heat (Chinese medicine)
火|火|huo3	5	hot (popular)
火|火|huo3	6	classifier for military units (old)
火|火|huo3	7	Kangxi radical 86
炸彈|炸弹|zha4 dan4	0	bomb
炸彈|炸弹|zha4 dan4	1	CL:枚[mei2],顆|颗[ke1]
為|为|wei2	0	as (in the capacity of)
為|为|wei2	1	to take sth as
為|为|wei2	2	to act as
為|为|wei2	3	to serve as
為|为|wei2	4	to behave as
為|为|wei2	5	to become
為|为|wei2	6	to be
為|为|wei2	7	to do
為|为|wei2	8	by (in the passive voice)
為|为|wei4	0	because of
為|为|wei4	1	for
為|为|wei4	2	to
為了|为了|wei4 le5	0	for; for the purpose of; in order to
為什麼|为什么|wei4 shen2 me5	0	why?
為什麼|为什么|wei4 shen2 me5	1	for what reason?
為止|为止|wei2 zhi3	0	until
為止|为止|wei2 zhi3	1	(used in combination with words like 到[dao4] or 至[zhi4] in constructs of the form 到...為止|到...为止)
無|无|wu2	0	not to have
無|无|wu2	1	no
無|无|wu2	2	none
無|无|wu2	3	not
無|无|wu2	4	to lack
無|无|wu2	5	un-
無|无|wu2	6	-less
無法|无法|wu2 fa3	0	unable to; incapable of
無論|无论|wu2 lun4	0	no matter what or how
無論|无论|wu2 lun4	1	regardless of whether...
然|然|ran2	0	correct
然|然|ran2	1	right
然|然|ran2	2	so
然|然|ran2	3	thus
然|然|ran2	4	like this
然|然|ran2	5	-ly
然後|然后|ran2 hou4	0	then; after that; afterwards
然而|然而|ran2 er2	0	however; but; yet
照|照|zhao4	0	according to
照|照|zhao4	1	in accordance with
照|照|zhao4	2	to shine
照|照|zhao4	3	to illuminate
照|照|zhao4	4	to reflect
照|照|zhao4	5	to look at (one's reflection)
照|照|zhao4	6	to take (a photo)
照|照|zhao4	7	photo
照|照|zhao4	8	as requested
照|照|zhao4	9	as before
照片|照片|zhao4 pian4	0	photograph
照片|照片|zhao4 pian4	1	CL:張|张[zhang1],幅[fu2]
熊|熊|xiong2	0	bear
熊|熊|xiong2	1	(coll.) to scold; to rebuke
熊|熊|xiong2	2	(coll.) weak; incapable
熱|热|re4	0	to warm up
熱|热|re4	1	to heat up
熱|热|re4	2	hot (of weather)
熱|热|re4	3	heat
熱|热|re4	4	fervent
燈|灯|deng1	0	lamp
燈|灯|deng1	1	light
燈|灯|deng1	2	lantern
燈|灯|deng1	3	CL:盞|盏[zhan3]
燒|烧|shao1	0	to burn; to set on fire
燒|烧|shao1	1	to heat (over a fire); to boil (water, tea etc)
燒|烧|shao1	2	to braise
燒|烧|shao1	3	to cook; to prepare food
燒|烧|shao1	4	to run a fever
燒|烧|shao1	5	fever
燒|烧|shao1	6	(coll.) to become full of oneself; to get carried away
營|营|ying2	0	camp
營|营|ying2	1	barracks
營|营|ying2	2	battalion
營|营|ying2	3	to build
營|营|ying2	4	to operate
營|营|ying2	5	to manage
營|营|ying2	6	to strive for
爆炸|爆炸|bao4 zha4	0	explosion
爆炸|爆炸|bao4 zha4	1	to explode
爆炸|爆炸|bao4 zha4	2	to blow up
爆炸|爆炸|bao4 zha4	3	to detonate
爆發|爆发|bao4 fa1	0	to break out; to erupt; to explode; to burst out
爭取|争取|zheng1 qu3	0	to fight for
爭取|争取|zheng1 qu3	1	to strive for
爭取|争取|zheng1 qu3	2	to win over
父|父|fu4	0	(bound form) father
父|父|fu4	1	(bound form) male relative of father's generation (as in 伯父[bo2 fu4])
父|父|fu4	2	(computing) (bound form) parent-
父母|父母|fu4 mu3	0	father and mother; parents
父親|父亲|fu4 qin1	0	father
父親|父亲|fu4 qin1	1	also pr. [fu4 qin5]
父親|父亲|fu4 qin1	2	CL:個|个[ge4]
牆|墙|qiang2	0	wall (CL:面[mian4],堵[du3])
牆|墙|qiang2	1	(slang) to block (a website) (usu. in the passive: 被牆|被墙[bei4 qiang2])
片|片|pian1	0	disk
片|片|pian1	1	sheet
片|片|pian4	0	thin piece
片|片|pian4	1	flake
片|片|pian4	2	a slice
片|片|pian4	3	film
片|片|pian4	4	TV play
片|片|pian4	5	to slice
片|片|pian4	6	to carve thin
片|片|pian4	7	partial
片|片|pian4	8	incomplete
片|片|pian4	9	one-sided
片|片|pian4	10	classifier for slices, tablets, tract of land, area of water
片|片|pian4	11	classifier for CDs, movies, DVDs etc
片|片|pian4	12	used with numeral 一[yi1]: classifier for scenario, scene, feeling, atmosphere, sound etc
片|片|pian4	13	Kangxi radical 91
版|版|ban3	0	a register
版|版|ban3	1	block of printing
版|版|ban3	2	edition
版|版|ban3	3	version
版|版|ban3	4	page
版本|版本|ban3 ben3	0	version
版本|版本|ban3 ben3	1	edition
版本|版本|ban3 ben3	2	release
牌|牌|pai2	0	signboard; plaque; plate; tablet (CL:塊|块[kuai4])
牌|牌|pai2	1	brand; trademark
牌|牌|pai2	2	mahjong tile; domino; playing card (CL:張|张[zhang1])
牌|牌|pai2	3	(bound form) fixed pattern for lyrics or set melody in classical poetry or music (used in 詞牌|词牌[ci2 pai2] and 曲牌[qu3 pai2])
牛|牛|niu2	0	ox
牛|牛|niu2	1	cow
牛|牛|niu2	2	bull
牛|牛|niu2	3	CL:條|条[tiao2],頭|头[tou2]
牛|牛|niu2	4	newton (abbr. for 牛頓|牛顿[niu2 dun4])
牛|牛|niu2	5	(slang) awesome
牠|它|ta1	0	it (pronoun for an animal)
物|物|wu4	0	(bound form) thing
物|物|wu4	1	(literary) the outside world as distinct from oneself; people other than oneself
物質|物质|wu4 zhi4	0	matter
物質|物质|wu4 zhi4	1	substance
物質|物质|wu4 zhi4	2	material
物質|物质|wu4 zhi4	3	materialistic
物質|物质|wu4 zhi4	4	CL:個|个[ge4]
特|特|te4	0	special
特|特|te4	1	unique
特|特|te4	2	distinguished
特|特|te4	3	especially
特|特|te4	4	unusual
特|特|te4	5	very
特|特|te4	6	abbr. for 特克斯[te4 ke4 si1], tex
特別|特别|te4 bie2	0	unusual; special
特別|特别|te4 bie2	1	very; especially; particularly
特別|特别|te4 bie2	2	expressly; for a specific purpose
特別|特别|te4 bie2	3	(often followed by 是[shi4]) in particular
特殊|特殊|te4 shu1	0	special
特殊|特殊|te4 shu1	1	particular
特殊|特殊|te4 shu1	2	unusual
特殊|特殊|te4 shu1	3	extraordinary
犯|犯|fan4	0	to violate
犯|犯|fan4	1	to offend
犯|犯|fan4	2	to assault
犯|犯|fan4	3	criminal
犯|犯|fan4	4	crime
犯|犯|fan4	5	to make a mistake
犯|犯|fan4	6	recurrence (of mistake or sth bad)
犯罪|犯罪|fan4 zui4	0	to commit a crime
犯罪|犯罪|fan4 zui4	1	crime; offense
狀|状|zhuang4	0	(bound form) form; appearance; shape
狀|状|zhuang4	1	(bound form) state; condition
狀|状|zhuang4	2	(bound form) to describe
狀|状|zhuang4	3	(bound form) written complaint; lawsuit
狀|状|zhuang4	4	(bound form) certificate
狀態|状态|zhuang4 tai4	0	condition; state; state of affairs
狀況|状况|zhuang4 kuang4	0	condition; state; situation
狗|狗|gou3	0	dog
狗|狗|gou3	1	CL:隻|只[zhi1],條|条[tiao2]
狼|狼|lang2	0	wolf
狼|狼|lang2	1	CL:匹[pi3],隻|只[zhi1],條|条[tiao2]
獎|奖|jiang3	0	prize; award; bonus; reward
獎|奖|jiang3	1	(bound form) to encourage; to commend; to praise
獎|奖|jiang3	2	to award; to give as a reward
獨立|独立|du2 li4	0	independent
獨立|独立|du2 li4	1	independence
獨立|独立|du2 li4	2	to stand alone
獲|获|huo4	0	(literary) to catch; to capture
獲|获|huo4	1	(literary) to get; to obtain; to win
獲得|获得|huo4 de2	0	to obtain; to receive; to get
率|率|lu:4	0	(bound form) ratio; rate; proportion
率|率|shuai4	0	to lead
率|率|shuai4	1	to command
率|率|shuai4	2	rash
率|率|shuai4	3	hasty
率|率|shuai4	4	frank
率|率|shuai4	5	straightforward
率|率|shuai4	6	generally
率|率|shuai4	7	usually
王|王|wang2	0	king or monarch
王|王|wang2	1	best or strongest of its type
王|王|wang2	2	grand
王|王|wang2	3	great
王|王|wang4	0	(literary) (of a monarch) to reign over (a kingdom)
王國|王国|wang2 guo2	0	kingdom
王國|王国|wang2 guo2	1	realm
王子|王子|wang2 zi3	0	prince
王子|王子|wang2 zi3	1	son of a king
玩|玩|wan2	0	to play
玩|玩|wan2	1	to have fun
玩|玩|wan2	2	to trifle with
玩|玩|wan2	3	toy
玩|玩|wan2	4	sth used for amusement
玩|玩|wan2	5	curio or antique (Taiwan pr. [wan4])
玩|玩|wan2	6	to keep sth for entertainment
玻璃|玻璃|bo1 li5	0	glass
玻璃|玻璃|bo1 li5	1	CL:張|张[zhang1],塊|块[kuai4]
玻璃|玻璃|bo1 li5	2	(slang) male homosexual
班|班|ban1	0	team; class; grade
班|班|ban1	1	(military) squad
班|班|ban1	2	work shift
班|班|ban1	3	classifier for groups of people and scheduled transport vehicles
現|现|xian4	0	to appear
現|现|xian4	1	present
現|现|xian4	2	now
現|现|xian4	3	existing
現|现|xian4	4	current
現代|现代|xian4 dai4	0	modern times
現代|现代|xian4 dai4	1	modern age
現代|现代|xian4 dai4	2	modern era
現在|现在|xian4 zai4	0	now; at present; currently
現場|现场|xian4 chang3	0	the scene (of a crime, accident etc)
現場|现场|xian4 chang3	1	(on) the spot
現場|现场|xian4 chang3	2	(at) the site
現實|现实|xian4 shi2	0	reality; actuality
現實|现实|xian4 shi2	1	real; actual
現實|现实|xian4 shi2	2	realistic; pragmatic; materialistic; self-interested
現象|现象|xian4 xiang4	0	phenomenon
現象|现象|xian4 xiang4	1	CL:個|个[ge4],種|种[zhong3]
現象|现象|xian4 xiang4	2	appearance
球|球|qiu2	0	ball
球|球|qiu2	1	sphere
球|球|qiu2	2	globe
球|球|qiu2	3	CL:個|个[ge4]
球|球|qiu2	4	ball game
球|球|qiu2	5	match
球|球|qiu2	6	CL:場|场[chang3]
球隊|球队|qiu2 dui4	0	sports team (basketball, soccer, football etc)
理|理|li3	0	texture
理|理|li3	1	grain (of wood)
理|理|li3	2	inner essence
理|理|li3	3	intrinsic order
理|理|li3	4	reason
理|理|li3	5	logic
理|理|li3	6	truth
理|理|li3	7	science
理|理|li3	8	natural science (esp. physics)
理|理|li3	9	to manage
理|理|li3	10	to pay attention to
理|理|li3	11	to run (affairs)
理|理|li3	12	to handle
理|理|li3	13	to put in order
理|理|li3	14	to tidy up
理由|理由|li3 you2	0	reason
理由|理由|li3 you2	1	grounds
理由|理由|li3 you2	2	justification
理由|理由|li3 you2	3	CL:個|个[ge4]
理解|理解|li3 jie3	0	to comprehend; to understand
理論|理论|li3 lun4	0	theory
理論|理论|li3 lun4	1	CL:個|个[ge4]
理論|理论|li3 lun4	2	to argue
理論|理论|li3 lun4	3	to take notice of
瑞|瑞|rui4	0	lucky
瑞|瑞|rui4	1	auspicious
瑞|瑞|rui4	2	propitious
瑞|瑞|rui4	3	rayl (acoustical unit)
環|环|huan2	0	ring
環|环|huan2	1	hoop
環|环|huan2	2	loop
環|环|huan2	3	(chain) link
環|环|huan2	4	classifier for scores in archery etc
環|环|huan2	5	to surround
環|环|huan2	6	to encircle
環|环|huan2	7	to hem in
環境|环境|huan2 jing4	0	environment
環境|环境|huan2 jing4	1	circumstances
環境|环境|huan2 jing4	2	surroundings
環境|环境|huan2 jing4	3	CL:個|个[ge4]
環境|环境|huan2 jing4	4	ambient
瓦|瓦|wa3	0	roof tile
瓦|瓦|wa3	1	abbr. for 瓦特[wa3 te4]
甚至|甚至|shen4 zhi4	0	even; so much so that
生命|生命|sheng1 ming4	0	life (as the characteristic of living beings)
生命|生命|sheng1 ming4	1	living being; creature (CL:條|条[tiao2])
生活|生活|sheng1 huo2	0	to live
生活|生活|sheng1 huo2	1	life
生活|生活|sheng1 huo2	2	livelihood
生物|生物|sheng1 wu4	0	organism; living creature; life form
生物|生物|sheng1 wu4	1	(attributive) biological; bio-
生產|生产|sheng1 chan3	0	to produce; to manufacture
生產|生产|sheng1 chan3	1	to give birth to a child
產品|产品|chan3 pin3	0	goods
產品|产品|chan3 pin3	1	merchandise
產品|产品|chan3 pin3	2	product
產品|产品|chan3 pin3	3	CL:個|个[ge4]
產生|产生|chan3 sheng1	0	to arise; to come into being; to come about
產生|产生|chan3 sheng1	1	to give rise to; to bring into being; to bring about; to produce; to engender; to generate
用|用|yong4	0	to use; to make use of; to employ
用|用|yong4	1	(coverb) with; using
用|用|yong4	2	to need; to have to (usu. used in the negative or in questions)
用|用|yong4	3	usefulness; utility
用|用|yong4	4	(bound form) expense; outlay
用|用|yong4	5	(courteous) to eat; to drink
用|用|yong4	6	(literary) hence; therefore
用來|用来|yong4 lai2	0	to be used for
用於|用于|yong4 yu2	0	to use in; to use on; to use for
田|田|tian2	0	field
田|田|tian2	1	farm
田|田|tian2	2	CL:片[pian4]
由|由|you2	0	to follow
由|由|you2	1	from
由|由|you2	2	because of; due to
由|由|you2	3	by; via; through
由|由|you2	4	(before a noun and a verb) it is for ... to ...
由於|由于|you2 yu2	0	due to
由於|由于|you2 yu2	1	as a result of
由於|由于|you2 yu2	2	thanks to
由於|由于|you2 yu2	3	owing to
由於|由于|you2 yu2	4	since
由於|由于|you2 yu2	5	because
甲|甲|jia3	0	first of the ten Heavenly Stems 十天干[shi2 tian1 gan1]
甲|甲|jia3	1	(used for an unspecified person or thing)
甲|甲|jia3	2	first (in a list, as a party to a contract etc)
甲|甲|jia3	3	letter "A" or roman "I" in list "A, B, C", or "I, II, III" etc
甲|甲|jia3	4	armor plating
甲|甲|jia3	5	shell or carapace
甲|甲|jia3	6	(of the fingers or toes) nail
甲|甲|jia3	7	bladed leather or metal armor (old)
甲|甲|jia3	8	ranking system used in the Imperial examinations (old)
甲|甲|jia3	9	civil administration unit in the baojia 保甲[bao3 jia3] system (old)
甲|甲|jia3	10	ancient Chinese compass point: 75°
申請|申请|shen1 qing3	0	to apply for sth
申請|申请|shen1 qing3	1	application form (CL:份[fen4])
男|男|nan2	0	(bound form) male
男|男|nan2	1	baron, the lowest of the five ranks of nobility 五等爵位[wu3 deng3 jue2 wei4]
男人|男人|nan2 ren2	0	a man
男人|男人|nan2 ren2	1	a male
男人|男人|nan2 ren2	2	men
男人|男人|nan2 ren2	3	CL:個|个[ge4]
男子|男子|nan2 zi3	0	a man; a male
男性|男性|nan2 xing4	0	the male sex
男性|男性|nan2 xing4	1	a male
界|界|jie4	0	(bound form) boundary; border
界|界|jie4	1	(bound form) realm
留|留|liu2	0	to leave (a message etc)
留|留|liu2	1	to retain
留|留|liu2	2	to stay
留|留|liu2	3	to remain
留|留|liu2	4	to keep
留|留|liu2	5	to preserve
留下|留下|liu2 xia4	0	to leave behind
留下|留下|liu2 xia4	1	to stay behind
留下|留下|liu2 xia4	2	to remain
留下|留下|liu2 xia4	3	to keep
留下|留下|liu2 xia4	4	not to let (sb) go
畢業|毕业|bi4 ye4	0	graduation
畢業|毕业|bi4 ye4	1	to graduate
畢業|毕业|bi4 ye4	2	to finish school
畫|画|hua4	0	to draw; to paint
畫|画|hua4	1	picture; painting (CL:幅[fu2],張|张[zhang1])
畫|画|hua4	2	to draw (a line) (variant of 劃|划[hua4])
畫|画|hua4	3	stroke of a Chinese character (variant of 劃|划[hua4])
畫|画|hua4	4	(calligraphy) horizontal stroke (variant of 劃|划[hua4])
異|异|yi4	0	different
異|异|yi4	1	other
異|异|yi4	2	hetero-
異|异|yi4	3	unusual
異|异|yi4	4	strange
異|异|yi4	5	surprising
異|异|yi4	6	to distinguish
異|异|yi4	7	to separate
異|异|yi4	8	to discriminate
當|当|dang1	0	to be
當|当|dang1	1	to act as
當|当|dang1	2	manage
當|当|dang1	3	withstand
當|当|dang1	4	when
當|当|dang1	5	during
當|当|dang1	6	ought
當|当|dang1	7	should
當|当|dang1	8	match equally
當|当|dang1	9	equal
當|当|dang1	10	same
當|当|dang1	11	obstruct
當|当|dang1	12	just at (a time or place)
當|当|dang1	13	on the spot
當|当|dang1	14	right
當|当|dang1	15	just at
當|当|dang4	0	at or in the very same...
當|当|dang4	1	suitable
當|当|dang4	2	adequate
當|当|dang4	3	fitting
當|当|dang4	4	proper
當|当|dang4	5	to replace
當|当|dang4	6	to regard as
當|当|dang4	7	to think
當|当|dang4	8	to pawn
當|当|dang4	9	(coll.) to fail (a student)
當中|当中|dang1 zhong1	0	among
當中|当中|dang1 zhong1	1	in the middle
當中|当中|dang1 zhong1	2	in the center
當地|当地|dang1 di4	0	local
當時|当时|dang1 shi2	0	then; at that time
當時|当时|dang4 shi2	0	immediately; right then
當然|当然|dang1 ran2	0	only natural
當然|当然|dang1 ran2	1	as it should be
當然|当然|dang1 ran2	2	certainly
當然|当然|dang1 ran2	3	of course
當然|当然|dang1 ran2	4	without doubt
疾病|疾病|ji2 bing4	0	disease; sickness; ailment
病|病|bing4	0	illness
病|病|bing4	1	CL:場|场[chang2]
病|病|bing4	2	disease
病|病|bing4	3	to fall ill
病|病|bing4	4	defect
症狀|症状|zheng4 zhuang4	0	symptom (of an illness)
登|登|deng1	0	to scale (a height)
登|登|deng1	1	to ascend
登|登|deng1	2	to mount
登|登|deng1	3	to publish or record
登|登|deng1	4	to enter (e.g. in a register)
登|登|deng1	5	to press down with the foot
登|登|deng1	6	to step or tread on
登|登|deng1	7	to put on (shoes or trousers) (dialect)
登|登|deng1	8	to be gathered and taken to the threshing ground (old)
發|发|fa1	0	to send out
發|发|fa1	1	to show (one's feeling)
發|发|fa1	2	to issue
發|发|fa1	3	to develop
發|发|fa1	4	to make a bundle of money
發|发|fa1	5	classifier for gunshots (rounds)
發出|发出|fa1 chu1	0	to issue (an order, decree etc); to send out; to dispatch
發出|发出|fa1 chu1	1	to produce (a sound); to let out (a laugh)
發動|发动|fa1 dong4	0	to start
發動|发动|fa1 dong4	1	to launch
發動|发动|fa1 dong4	2	to unleash
發動|发动|fa1 dong4	3	to mobilize
發動|发动|fa1 dong4	4	to arouse
發射|发射|fa1 she4	0	to shoot (a projectile)
發射|发射|fa1 she4	1	to fire (a rocket)
發射|发射|fa1 she4	2	to launch
發射|发射|fa1 she4	3	to emit (a particle)
發射|发射|fa1 she4	4	to discharge
發射|发射|fa1 she4	5	emanation
發射|发射|fa1 she4	6	emission
發布|发布|fa1 bu4	0	to release
發布|发布|fa1 bu4	1	to issue
發布|发布|fa1 bu4	2	to announce
發布|发布|fa1 bu4	3	to distribute
發揮|发挥|fa1 hui1	0	to display
發揮|发挥|fa1 hui1	1	to exhibit
發揮|发挥|fa1 hui1	2	to bring out implicit or innate qualities
發揮|发挥|fa1 hui1	3	to express (a thought or moral)
發揮|发挥|fa1 hui1	4	to develop (an idea)
發揮|发挥|fa1 hui1	5	to elaborate (on a theme)
發明|发明|fa1 ming2	0	to invent
發明|发明|fa1 ming2	1	an invention
發明|发明|fa1 ming2	2	CL:個|个[ge4]
發現|发现|fa1 xian4	0	to notice; to become aware of
發現|发现|fa1 xian4	1	to discover; to find; to detect
發現|发现|fa1 xian4	2	a discovery
發生|发生|fa1 sheng1	0	to happen; to occur; to take place; to break out
發表|发表|fa1 biao3	0	to issue
發表|发表|fa1 biao3	1	to publish
白色|白色|bai2 se4	0	white
白色|白色|bai2 se4	1	fig. reactionary
白色|白色|bai2 se4	2	anti-communist
百|百|bai3	0	hundred
百|百|bai3	1	numerous
百|百|bai3	2	all kinds of
百萬|百万|bai3 wan4	0	million
的|的|de5	0	of; ~'s (possessive particle)
的|的|de5	1	(used after an attribute when it modifies a noun)
的|的|de5	2	(used at the end of a declarative sentence for emphasis)
的|的|de5	3	(used after a noun, verb or adjective to form a nominal expression, as in 皮革的[pi2 ge2 de5] "one made of leather" or 跑堂兒的|跑堂儿的[pao3 tang2 r5 de5] "a waiter (literally, one who runs back and forth in a restaurant)" or 新的[xin1 de5] "new one")
的|的|de5	4	also pr. [di4] or [di5] in poetry and songs
的|的|di1	0	a taxi; a cab (abbr. for 的士[di1 shi4])
的|的|di2	0	really and truly
的|的|di4	0	(bound form) bull's-eye; target
的確|的确|di2 que4	0	really
的確|的确|di2 que4	1	indeed
的話|的话|de5 hua4	0	if (coming after a conditional clause)
皆|皆|jie1	0	all
皆|皆|jie1	1	each and every
皆|皆|jie1	2	in all cases
皇后|皇后|huang2 hou4	0	empress
皇后|皇后|huang2 hou4	1	imperial consort
皮|皮|pi2	0	skin; peel; rind; outer layer
皮|皮|pi2	1	leather; hide; fur
皮|皮|pi2	2	cover; wrapping; outer covering
皮|皮|pi2	3	(of food) no longer crisp; soggy
皮|皮|pi2	4	(coll.) naughty; mischievous
皮|皮|pi2	5	pico- (10⁻¹²)
盃|杯|bei1	0	variant of 杯[bei1]
盃|杯|bei1	1	trophy cup
盃|杯|bei1	2	classifier for certain containers of liquids: glass, cup
監獄|监狱|jian1 yu4	0	prison
盤|盘|pan2	0	tray; plate; dish
盤|盘|pan2	1	(finance) (bound form) market prices
盤|盘|pan2	2	(computing) (bound form) disk
盤|盘|pan2	3	to coil (a rope, pigtail etc)
盤|盘|pan2	4	to check; to examine; to investigate
盤|盘|pan2	5	to transfer; to sell (property)
盤|盘|pan2	6	to shift; to move (sth big and heavy)
盤|盘|pan2	7	classifier for things resembling a plate or dish
盤|盘|pan2	8	classifier for coils
盤|盘|pan2	9	classifier for games or matches (chess, table tennis etc)
目前|目前|mu4 qian2	0	at the present time
目前|目前|mu4 qian2	1	currently
目標|目标|mu4 biao1	0	target
目標|目标|mu4 biao1	1	goal
目標|目标|mu4 biao1	2	objective
目標|目标|mu4 biao1	3	CL:個|个[ge4]
目的|目的|mu4 di4	0	purpose; aim; goal; target; objective
直|直|zhi2	0	straight
直|直|zhi2	1	to straighten
直|直|zhi2	2	fair and reasonable
直|直|zhi2	3	frank
直|直|zhi2	4	straightforward
直|直|zhi2	5	(indicates continuing motion or action)
直|直|zhi2	6	vertical
直|直|zhi2	7	vertical downward stroke in Chinese characters
直到|直到|zhi2 dao4	0	until
直接|直接|zhi2 jie1	0	direct (opposite: indirect 間接|间接[jian4 jie1])
直接|直接|zhi2 jie1	1	immediate
直接|直接|zhi2 jie1	2	straightforward
相|相|xiang1	0	each other
相|相|xiang1	1	one another
相|相|xiang1	2	mutually
相|相|xiang1	3	fret on the neck of a pipa 琵琶[pi2 pa5] (a fret on the soundboard is called a 品[pin3])
相|相|xiang4	0	appearance
相|相|xiang4	1	portrait
相|相|xiang4	2	picture
相|相|xiang4	3	government minister
相|相|xiang4	4	(physics) phase
相|相|xiang4	5	(literary) to appraise (esp. by scrutinizing physical features)
相|相|xiang4	6	to read sb's fortune (by physiognomy, palmistry etc)
相互|相互|xiang1 hu4	0	each other
相互|相互|xiang1 hu4	1	mutual
相似|相似|xiang1 si4	0	similar; alike
相信|相信|xiang1 xin4	0	to believe; to be convinced; to accept as true
相同|相同|xiang1 tong2	0	identical; same
相當|相当|xiang1 dang1	0	equivalent to
相當|相当|xiang1 dang1	1	appropriate
相當|相当|xiang1 dang1	2	considerably
相當|相当|xiang1 dang1	3	to a certain extent
相當|相当|xiang1 dang1	4	fairly
相當|相当|xiang1 dang1	5	quite
相關|相关|xiang1 guan1	0	related
相關|相关|xiang1 guan1	1	relevant
相關|相关|xiang1 guan1	2	pertinent
相關|相关|xiang1 guan1	3	to be interrelated
相關|相关|xiang1 guan1	4	(statistics) correlation
省|省|sheng3	0	to save; to economize; to be frugal
省|省|sheng3	1	to omit; to delete; to leave out
省|省|sheng3	2	province
省|省|sheng3	3	provincial capital
省|省|sheng3	4	a ministry (of the Japanese government)
省|省|xing3	0	(bound form) to scrutinize
省|省|xing3	1	(bound form) to reflect (on one's conduct)
省|省|xing3	2	(bound form) to come to realize
省|省|xing3	3	(bound form) to pay a visit (to one's parents or elders)
看|看|kan1	0	to look after
看|看|kan1	1	to take care of
看|看|kan1	2	to watch
看|看|kan1	3	to guard
看|看|kan4	0	to see; to look at
看|看|kan4	1	to read
看|看|kan4	2	to watch
看|看|kan4	3	to visit; to call on
看|看|kan4	4	to consider; to regard as
看|看|kan4	5	to look after
看|看|kan4	6	to treat (a patient or illness)
看|看|kan4	7	to depend on
看|看|kan4	8	to feel (that)
看|看|kan4	9	(after a verb) to give it a try
看|看|kan4	10	to watch out for
看到|看到|kan4 dao4	0	to see
看法|看法|kan4 fa3	0	way of looking at a thing
看法|看法|kan4 fa3	1	view
看法|看法|kan4 fa3	2	opinion
看法|看法|kan4 fa3	3	CL:個|个[ge4]
看見|看见|kan4 jian4	0	to see; to catch sight of
真|真|zhen1	0	really
真|真|zhen1	1	truly
真|真|zhen1	2	indeed
真|真|zhen1	3	real
真|真|zhen1	4	true
真|真|zhen1	5	genuine
真實|真实|zhen1 shi2	0	true; real
真正|真正|zhen1 zheng4	0	genuine; real; true
真正|真正|zhen1 zheng4	1	really; indeed
真的|真的|zhen1 de5	0	really; truly; indeed
真的|真的|zhen1 de5	1	real; true; genuine
真的|真的|zhen1 de5	2	(math.) proper
眼|眼|yan3	0	eye (CL:隻|只[zhi1],雙|双[shuang1])
眼|眼|yan3	1	(often used with 一[yi1]) a look; a glance
眼|眼|yan3	2	small hole
眼|眼|yan3	3	(bound form) salient point
眼|眼|yan3	4	classifier for wells, cave-dwellings etc
眼睛|眼睛|yan3 jing5	0	eye
眼睛|眼睛|yan3 jing5	1	CL:隻|只[zhi1],雙|双[shuang1]
瞭解|了解|liao3 jie3	0	to understand
瞭解|了解|liao3 jie3	1	to realize
瞭解|了解|liao3 jie3	2	to find out
知|知|zhi1	0	to know
知|知|zhi1	1	to be aware
知識|知识|zhi1 shi5	0	knowledge
知識|知识|zhi1 shi5	1	CL:門|门[men2]
知識|知识|zhi1 shi5	2	intellectual
知道|知道|zhi1 dao4	0	to know; to become aware of
知道|知道|zhi1 dao4	1	also pr. [zhi1dao5]
短|短|duan3	0	short
短|短|duan3	1	brief
短|短|duan3	2	to lack
短|短|duan3	3	weak point
短|短|duan3	4	fault
石|石|dan4	0	dry measure for grain equal to ten dou 斗[dou3]; one hundred liters
石|石|dan4	1	ancient pr. [shi2]
石|石|shi2	0	rock
石|石|shi2	1	stone
石|石|shi2	2	stone inscription
石|石|shi2	3	one of the eight categories of ancient musical instruments 八音[ba1 yin1]
石油|石油|shi2 you2	0	oil
石油|石油|shi2 you2	1	petroleum
研究|研究|yan2 jiu1	0	research
研究|研究|yan2 jiu1	1	a study
研究|研究|yan2 jiu1	2	CL:項|项[xiang4]
研究|研究|yan2 jiu1	3	to research
研究|研究|yan2 jiu1	4	to look into
破|破|po4	0	broken
破|破|po4	1	damaged
破|破|po4	2	worn out
破|破|po4	3	lousy
破|破|po4	4	rotten
破|破|po4	5	to break, split or cleave
破|破|po4	6	to get rid of
破|破|po4	7	to destroy
破|破|po4	8	to break with
破|破|po4	9	to defeat
破|破|po4	10	to capture (a city etc)
破|破|po4	11	to expose the truth of
破壞|破坏|po4 huai4	0	destruction
破壞|破坏|po4 huai4	1	damage
破壞|破坏|po4 huai4	2	to wreck
破壞|破坏|po4 huai4	3	to break
破壞|破坏|po4 huai4	4	to destroy
確保|确保|que4 bao3	0	to ensure; to guarantee
確定|确定|que4 ding4	0	definite
確定|确定|que4 ding4	1	certain
確定|确定|que4 ding4	2	fixed
確定|确定|que4 ding4	3	to fix (on sth)
確定|确定|que4 ding4	4	to determine
確定|确定|que4 ding4	5	to be sure
確定|确定|que4 ding4	6	to ensure
確定|确定|que4 ding4	7	to make certain
確定|确定|que4 ding4	8	to ascertain
確定|确定|que4 ding4	9	to clinch
確定|确定|que4 ding4	10	to recognize
確定|确定|que4 ding4	11	to confirm
確定|确定|que4 ding4	12	OK (on computer dialog box)
確實|确实|que4 shi2	0	indeed
確實|确实|que4 shi2	1	really
確實|确实|que4 shi2	2	reliable
確實|确实|que4 shi2	3	real
確實|确实|que4 shi2	4	true
確認|确认|que4 ren4	0	to confirm
確認|确认|que4 ren4	1	to verify
確認|确认|que4 ren4	2	confirmation
碼|码|ma3	0	(archaic) agate
碼|码|ma3	1	(bound form) standard weight used with a balance scale
碼|码|ma3	2	number
碼|码|ma3	3	(computing) code
碼|码|ma3	4	(clothing) size
碼|码|ma3	5	yard (unit of length)
碼|码|ma3	6	(coll.) kilometers per hour (informal misuse of "yard" to mean kph in speed references)
碼|码|ma3	7	(coll.) to pile up; to stack
碼|码|ma3	8	classifier for matters, items, situations etc (esp. when indicating whether they are the same or different, as in 不是一碼事|不是一码事[bu4 shi4 yi1 ma3 shi4] "not the same thing")
碼|码|ma3	9	(Tw, HK) (finance) unit of 25 basis points (i.e. a 0.25% change in interest rate)
社|社|she4	0	(bound form) society; organization; agency
社|社|she4	1	(old) god of the land
社區|社区|she4 qu1	0	community
社區|社区|she4 qu1	1	neighborhood
社會|社会|she4 hui4	0	society
神|神|shen2	0	god; deity
神|神|shen2	1	supernatural; magical; mysterious
神|神|shen2	2	spirit; mind; energy
神|神|shen2	3	lively; expressive
神|神|shen2	4	look; expression
神|神|shen2	5	(coll.) awesome; amazing
票|票|piao4	0	ticket
票|票|piao4	1	ballot
票|票|piao4	2	banknote
票|票|piao4	3	CL:張|张[zhang1]
票|票|piao4	4	person held for ransom
票|票|piao4	5	amateur performance of Chinese opera
票|票|piao4	6	classifier for groups, batches, business transactions
禁止|禁止|jin4 zhi3	0	to prohibit
禁止|禁止|jin4 zhi3	1	to forbid
禁止|禁止|jin4 zhi3	2	to ban
福|福|fu2	0	good fortune
福|福|fu2	1	happiness
福|福|fu2	2	luck
禮|礼|li3	0	gift
禮|礼|li3	1	rite
禮|礼|li3	2	ceremony
禮|礼|li3	3	CL:份[fen4]
禮|礼|li3	4	propriety
禮|礼|li3	5	etiquette
禮|礼|li3	6	courtesy
离|离|chi1	0	mythical beast (archaic)
秀|秀|xiu4	0	(bound form) refined; elegant; graceful; beautiful
秀|秀|xiu4	1	(bound form) superior; excellent
秀|秀|xiu4	2	(loanword) show (as in 時裝秀|时装秀[shi2 zhuang1 xiu4])
秀|秀|xiu4	3	(loanword) to show off; to flaunt (as in 秀廚藝|秀厨艺[xiu4 chu2 yi4])
秀|秀|xiu4	4	(literary) to grow; to bloom; (of grain crops) to produce ears
私人|私人|si1 ren2	0	private
私人|私人|si1 ren2	1	personal
私人|私人|si1 ren2	2	interpersonal
私人|私人|si1 ren2	3	sb with whom one has a close personal relationship
私人|私人|si1 ren2	4	a member of one's clique
科|科|ke1	0	branch of study
科|科|ke1	1	administrative section
科|科|ke1	2	division
科|科|ke1	3	field
科|科|ke1	4	branch
科|科|ke1	5	stage directions
科|科|ke1	6	family (taxonomy)
科|科|ke1	7	rules
科|科|ke1	8	laws
科|科|ke1	9	to mete out (punishment)
科|科|ke1	10	to levy (taxes etc)
科|科|ke1	11	to fine sb
科|科|ke1	12	CL:個|个[ge4]
科學|科学|ke1 xue2	0	science
科學|科学|ke1 xue2	1	scientific knowledge
科學|科学|ke1 xue2	2	scientific
科學|科学|ke1 xue2	3	rational
科學|科学|ke1 xue2	4	CL:門|门[men2],個|个[ge4],種|种[zhong3]
科學家|科学家|ke1 xue2 jia1	0	scientist
科技|科技|ke1 ji4	0	science and technology
秒|秒|miao3	0	second (unit of time)
秒|秒|miao3	1	arc second (angular measurement unit)
秒|秒|miao3	2	(coll.) instantly
秘密|秘密|mi4 mi4	0	secret; private; confidential; clandestine
秘密|秘密|mi4 mi4	1	a secret
移|移|yi2	0	to move
移|移|yi2	1	to shift
移|移|yi2	2	to change
移|移|yi2	3	to alter
移|移|yi2	4	to remove
移動|移动|yi2 dong4	0	to move
移動|移动|yi2 dong4	1	movement
移動|移动|yi2 dong4	2	migration
移動|移动|yi2 dong4	3	mobile
移動|移动|yi2 dong4	4	portable
移民|移民|yi2 min2	0	to immigrate
移民|移民|yi2 min2	1	to migrate
移民|移民|yi2 min2	2	emigrant
移民|移民|yi2 min2	3	immigrant
程序|程序|cheng2 xu4	0	procedures
程序|程序|cheng2 xu4	1	sequence
程序|程序|cheng2 xu4	2	order
程序|程序|cheng2 xu4	3	computer program
程度|程度|cheng2 du4	0	degree; level; extent
稍|稍|shao1	0	somewhat
稍|稍|shao1	1	a little
種|种|zhong3	0	seed
種|种|zhong3	1	species
種|种|zhong3	2	kind
種|种|zhong3	3	type
種|种|zhong3	4	classifier for types, kinds, sorts
種|种|zhong4	0	to plant
種|种|zhong4	1	to grow
種|种|zhong4	2	to cultivate
稱|称|chen4	0	to fit; to match; to suit
稱|称|chen4	1	(coll.) to have; to possess
稱|称|chen4	2	Taiwan pr. [cheng4]
稱|称|cheng1	0	to weigh
稱|称|cheng1	1	to state
稱|称|cheng1	2	to name
稱|称|cheng1	3	name
稱|称|cheng1	4	appellation
稱|称|cheng1	5	to praise
稱呼|称呼|cheng1 hu5	0	to call; to address as
稱呼|称呼|cheng1 hu5	1	form of address; appellation
稱為|称为|cheng1 wei2	0	to be called; to be known as; to call it "..."
穀|谷|gu3	0	grain
穀|谷|gu3	1	corn
積極|积极|ji1 ji2	0	active
積極|积极|ji1 ji2	1	energetic
積極|积极|ji1 ji2	2	vigorous
積極|积极|ji1 ji2	3	positive (outlook)
積極|积极|ji1 ji2	4	proactive
穩定|稳定|wen3 ding4	0	steady
穩定|稳定|wen3 ding4	1	stable
穩定|稳定|wen3 ding4	2	stability
穩定|稳定|wen3 ding4	3	to stabilize
穩定|稳定|wen3 ding4	4	to pacify
空|空|kong1	0	empty
空|空|kong1	1	air
空|空|kong1	2	sky
空|空|kong1	3	in vain
空|空|kong4	0	to empty
空|空|kong4	1	vacant
空|空|kong4	2	unoccupied
空|空|kong4	3	space
空|空|kong4	4	leisure
空|空|kong4	5	free time
空氣|空气|kong1 qi4	0	air
空氣|空气|kong1 qi4	1	atmosphere
空間|空间|kong1 jian1	0	space; room
空間|空间|kong1 jian1	1	(fig.) scope; leeway
空間|空间|kong1 jian1	2	(astronomy) outer space
空間|空间|kong1 jian1	3	(physics, math.) space
穿|穿|chuan1	0	to bore through; to pierce; to perforate
穿|穿|chuan1	1	to go through (e.g. a tunnel); to cross (e.g. a street)
穿|穿|chuan1	2	to thread; to string together
穿|穿|chuan1	3	to wear; to put on (clothes, shoes etc.)
穿|穿|chuan1	4	verb complement indicating thoroughness or completion
突然|突然|tu1 ran2	0	sudden; abrupt; unexpected
立|立|li4	0	to stand
立|立|li4	1	to set up
立|立|li4	2	to establish
立|立|li4	3	to lay down
立|立|li4	4	to draw up
立|立|li4	5	at once
立|立|li4	6	immediately
立即|立即|li4 ji2	0	immediately
站|站|zhan4	0	station
站|站|zhan4	1	to stand
站|站|zhan4	2	to halt
站|站|zhan4	3	to stop
站|站|zhan4	4	branch of a company or organization
站|站|zhan4	5	website
章|章|zhang1	0	chapter
章|章|zhang1	1	section
章|章|zhang1	2	clause
章|章|zhang1	3	movement (of symphony)
章|章|zhang1	4	seal
章|章|zhang1	5	badge
章|章|zhang1	6	regulation
章|章|zhang1	7	order
端|端|duan1	0	(bound form) tip; end; extremity
端|端|duan1	1	(bound form) aspect; facet
端|端|duan1	2	(bound form) upright; proper
端|端|duan1	3	to hold sth level with both hands; to carry
端|端|duan1	4	to eliminate; to wipe out
競爭|竞争|jing4 zheng1	0	to compete
競爭|竞争|jing4 zheng1	1	competition
笑|笑|xiao4	0	to laugh; to smile
笑|笑|xiao4	1	to laugh at
符合|符合|fu2 he2	0	in accordance with; to agree with; to conform to; to meet (a requirement)
符合|符合|fu2 he2	1	(physics) coincidence
第|第|di4	0	(prefix indicating ordinal number, as in 第六[di4 liu4] "sixth")
第|第|di4	1	(literary) grades in which successful candidates in the imperial examinations were placed
第|第|di4	2	(old) residence of a high official
第|第|di4	3	(literary) but; however
第|第|di4	4	(literary) only; just
第一|第一|di4 yi1	0	first
第一|第一|di4 yi1	1	most important; primary; foremost
第二|第二|di4 er4	0	second
第二|第二|di4 er4	1	number two
第二|第二|di4 er4	2	next
第二|第二|di4 er4	3	secondary
第五|第五|di4 wu3	0	fifth
筆|笔|bi3	0	writing brush; writing implement (pen, pencil etc) (CL:支[zhi1],枝[zhi1])
筆|笔|bi3	1	brushstroke; stroke (in painting or calligraphy)
筆|笔|bi3	2	(bound form) style of writing; literary manner; technique of brushwork
筆|笔|bi3	3	(classifier) stroke of a Chinese character
筆|笔|bi3	4	(classifier) sum of money; financial transaction; piece of business
筆|笔|bi3	5	(literary) to write (with a brush or pen)
等|等|deng3	0	to wait for; to await
等|等|deng3	1	by the time; when; till
等|等|deng3	2	and so on; etc.; et al.
等|等|deng3	3	(bound form) class; rank; grade
等|等|deng3	4	(bound form) equal to; same as
等|等|deng3	5	(used to end an enumeration)
等|等|deng3	6	(literary) (plural suffix attached to a personal pronoun or noun)
等等|等等|deng3 deng3	0	et cetera
等等|等等|deng3 deng3	1	and so on ...
等等|等等|deng3 deng3	2	wait a minute!
等等|等等|deng3 deng3	3	hold on!
算|算|suan4	0	to calculate; to figure out
算|算|suan4	1	to include; to count in
算|算|suan4	2	to count; to be valid; to carry weight
算|算|suan4	3	to regard as; to consider (to be ...)
管|管|guan3	0	to take care (of)
管|管|guan3	1	to control
管|管|guan3	2	to manage
管|管|guan3	3	to be in charge of
管|管|guan3	4	to look after
管|管|guan3	5	to run
管|管|guan3	6	to care about
管|管|guan3	7	tube
管|管|guan3	8	pipe
管|管|guan3	9	woodwind
管|管|guan3	10	classifier for tube-shaped objects
管|管|guan3	11	particle similar to 把[ba3] in 管...叫 constructions
管|管|guan3	12	writing brush
管|管|guan3	13	(coll.) to
管|管|guan3	14	towards
管理|管理|guan3 li3	0	to supervise
管理|管理|guan3 li3	1	to manage
管理|管理|guan3 li3	2	to administer
管理|管理|guan3 li3	3	management
管理|管理|guan3 li3	4	administration
管理|管理|guan3 li3	5	CL:個|个[ge4]
節|节|jie2	0	joint; node
節|节|jie2	1	(bound form) section; segment
節|节|jie2	2	solar term (one of the 24 divisions of the year in the traditional Chinese calendar)
節|节|jie2	3	seasonal festival
節|节|jie2	4	(bound form) to economize; to save
節|节|jie2	5	(bound form) moral integrity; chastity
節|节|jie2	6	classifier for segments: lessons, train wagons, biblical verses etc
節|节|jie2	7	knot (nautical miles per hour)
節目|节目|jie2 mu4	0	(TV or radio) program; show
節目|节目|jie2 mu4	1	item; act; segment; number (on the program of a concert, variety show or cultural event)
節目|节目|jie2 mu4	2	a planned activity (in one's schedule)
節目|节目|jie2 mu4	3	CL:場|场[chang3],項|项[xiang4],臺|台[tai2],套[tao4],檔|档[dang4]
範圍|范围|fan4 wei2	0	range
範圍|范围|fan4 wei2	1	scope
範圍|范围|fan4 wei2	2	limit
範圍|范围|fan4 wei2	3	extent
範圍|范围|fan4 wei2	4	CL:個|个[ge4]
篇|篇|pian1	0	sheet
篇|篇|pian1	1	piece of writing
篇|篇|pian1	2	bound set of bamboo slips used for record keeping (old)
篇|篇|pian1	3	classifier for written items: chapter, article
簡單|简单|jian3 dan1	0	simple; not complicated
簽署|签署|qian1 shu3	0	to sign (an agreement)
米|米|mi3	0	uncooked rice
米|米|mi3	1	meter (unit of length)
米|米|mi3	2	(slang) Chinese yuan
糖|糖|tang2	0	sugar
糖|糖|tang2	1	sweets
糖|糖|tang2	2	candy
糖|糖|tang2	3	CL:顆|颗[ke1],塊|块[kuai4]
系|系|xi4	0	system
系|系|xi4	1	department
系|系|xi4	2	faculty
系列|系列|xi4 lie4	0	series
系列|系列|xi4 lie4	1	set
紀念|纪念|ji4 nian4	0	to commemorate; to honor the memory of
紀念|纪念|ji4 nian4	1	memento; keepsake; souvenir
約|约|yao1	0	to weigh in a balance or on a scale
約|约|yue1	0	to make an appointment
約|约|yue1	1	to invite
約|约|yue1	2	approximately
約|约|yue1	3	pact
約|约|yue1	4	treaty
約|约|yue1	5	to economize
約|约|yue1	6	to restrict
約|约|yue1	7	to reduce (a fraction)
約|约|yue1	8	concise
紅|红|hong2	0	red
紅|红|hong2	1	popular
紅|红|hong2	2	revolutionary
紅|红|hong2	3	bonus
紅色|红色|hong2 se4	0	red (color)
紅色|红色|hong2 se4	1	revolutionary
納|纳|na4	0	to receive
納|纳|na4	1	to accept
納|纳|na4	2	to enjoy
納|纳|na4	3	to bring into
納|纳|na4	4	to pay (tax etc)
納|纳|na4	5	nano- (one billionth)
納|纳|na4	6	to reinforce sole of shoes or stockings by close sewing
紙|纸|zhi3	0	paper (CL:張|张[zhang1],沓[da2])
紙|纸|zhi3	1	classifier for documents, letters etc
級|级|ji2	0	level
級|级|ji2	1	grade
級|级|ji2	2	rank
級|级|ji2	3	step (of stairs)
級|级|ji2	4	CL:個|个[ge4]
級|级|ji2	5	classifier: step, level
素|素|su4	0	raw silk
素|素|su4	1	white
素|素|su4	2	plain, unadorned
素|素|su4	3	vegetarian (food)
素|素|su4	4	essence
素|素|su4	5	nature
素|素|su4	6	element
素|素|su4	7	constituent
素|素|su4	8	usually
素|素|su4	9	always
素|素|su4	10	ever
索|索|suo3	0	to search
索|索|suo3	1	to demand
索|索|suo3	2	to ask
索|索|suo3	3	to exact
索|索|suo3	4	large rope
索|索|suo3	5	isolated
終於|终于|zhong1 yu2	0	at last
終於|终于|zhong1 yu2	1	in the end
終於|终于|zhong1 yu2	2	finally
終於|终于|zhong1 yu2	3	eventually
組|组|zu3	0	to form
組|组|zu3	1	to organize
組|组|zu3	2	group
組|组|zu3	3	team
組|组|zu3	4	classifier for sets, series, groups of people, batteries
組合|组合|zu3 he2	0	to assemble; to combine; to compose
組合|组合|zu3 he2	1	combination; association; set; compilation
組合|组合|zu3 he2	2	(math.) combinatorial
組成|组成|zu3 cheng2	0	to form
組成|组成|zu3 cheng2	1	to make up
組成|组成|zu3 cheng2	2	to constitute
結|结|jie1	0	(of a plant) to produce (fruit or seeds)
結|结|jie1	1	Taiwan pr. [jie2]
結|结|jie2	0	knot
結|结|jie2	1	sturdy
結|结|jie2	2	bond
結|结|jie2	3	to tie
結|结|jie2	4	to bind
結|结|jie2	5	to check out (of a hotel)
結合|结合|jie2 he2	0	to combine
結合|结合|jie2 he2	1	to link
結合|结合|jie2 he2	2	to integrate
結合|结合|jie2 he2	3	binding
結合|结合|jie2 he2	4	CL:次[ci4]
結婚|结婚|jie2 hun1	0	to marry; to get married
結束|结束|jie2 shu4	0	to end; to finish; to conclude
結果|结果|jie1 guo3	0	to bear fruit
結果|结果|jie2 guo3	0	outcome; result; consequence
結果|结果|jie2 guo3	1	in the end; as a result
結果|结果|jie2 guo3	2	to kill; to dispatch
結構|结构|jie2 gou4	0	structure
結構|结构|jie2 gou4	1	composition
結構|结构|jie2 gou4	2	makeup
結構|结构|jie2 gou4	3	architecture
結構|结构|jie2 gou4	4	CL:座[zuo4],個|个[ge4]
絕|绝|jue2	0	to cut short
絕|绝|jue2	1	extinct
絕|绝|jue2	2	to disappear
絕|绝|jue2	3	to vanish
絕|绝|jue2	4	absolutely
絕|绝|jue2	5	by no means
絕對|绝对|jue2 dui4	0	absolute; unconditional
給|给|gei3	0	to
給|给|gei3	1	for
給|给|gei3	2	for the benefit of
給|给|gei3	3	to give
給|给|gei3	4	to allow
給|给|gei3	5	to do sth (for sb)
給|给|gei3	6	(grammatical equivalent of 被)
給|给|gei3	7	(grammatical equivalent of 把)
給|给|gei3	8	(sentence intensifier)
給|给|ji3	0	(bound form) to supply; to provide
給|给|ji3	1	(literary) sufficient; abundant
統治|统治|tong3 zhi4	0	to rule (a country)
統治|统治|tong3 zhi4	1	to govern
統治|统治|tong3 zhi4	2	rule
統治|统治|tong3 zhi4	3	regime
絲|丝|si1	0	silk
絲|丝|si1	1	thread-like thing; (cuisine) shreds or julienne strips
絲|丝|si1	2	classifier: a trace (of smoke etc), a tiny bit etc
經|经|jing1	0	classics
經|经|jing1	1	sacred book
經|经|jing1	2	scripture
經|经|jing1	3	to pass through
經|经|jing1	4	to undergo
經|经|jing1	5	to bear
經|经|jing1	6	to endure
經|经|jing1	7	warp (textile)
經|经|jing1	8	longitude
經|经|jing1	9	menstruation
經|经|jing1	10	channel (TCM)
經|经|jing1	11	abbr. for economics 經濟|经济[jing1 ji4]
經典|经典|jing1 dian3	0	the classics
經典|经典|jing1 dian3	1	scriptures
經典|经典|jing1 dian3	2	classical
經典|经典|jing1 dian3	3	classic (example, case etc)
經典|经典|jing1 dian3	4	typical
經常|经常|jing1 chang2	0	frequently; constantly; regularly; often
經常|经常|jing1 chang2	1	day-to-day; everyday; daily
經歷|经历|jing1 li4	0	to experience; to go through
經歷|经历|jing1 li4	1	experience (CL:段[duan4],次[ci4])
經營|经营|jing1 ying2	0	to engage in (business etc); to run; to operate
經過|经过|jing1 guo4	0	to pass
經過|经过|jing1 guo4	1	to go through
經過|经过|jing1 guo4	2	process
經過|经过|jing1 guo4	3	course
經過|经过|jing1 guo4	4	CL:個|个[ge4]
經驗|经验|jing1 yan4	0	experience
經驗|经验|jing1 yan4	1	to go through; to experience
綠|绿|lu:4	0	green
綠|绿|lu:4	1	(slang) (derived from 綠帽子|绿帽子[lu:4 mao4 zi5]) to cheat on (one's spouse or boyfriend or girlfriend)
綠色|绿色|lu:4 se4	0	green
維|维|wei2	0	to preserve
維|维|wei2	1	to maintain
維|维|wei2	2	to hold together
維|维|wei2	3	dimension
維|维|wei2	4	vitamin (abbr. for 維生素|维生素[wei2 sheng1 su4])
維持|维持|wei2 chi2	0	to keep; to maintain; to preserve
網|网|wang3	0	net; web
網|网|wang3	1	network
網|网|wang3	2	to net; to catch with a net
網站|网站|wang3 zhan4	0	website
緊張|紧张|jin3 zhang1	0	nervous
緊張|紧张|jin3 zhang1	1	keyed up
緊張|紧张|jin3 zhang1	2	intense
緊張|紧张|jin3 zhang1	3	tense
緊張|紧张|jin3 zhang1	4	strained
緊張|紧张|jin3 zhang1	5	in short supply
緊張|紧张|jin3 zhang1	6	scarce
緊張|紧张|jin3 zhang1	7	CL:陣|阵[zhen4]
緊急|紧急|jin3 ji2	0	urgent
緊急|紧急|jin3 ji2	1	emergency
線|线|xian4	0	thread
線|线|xian4	1	string
線|线|xian4	2	wire
線|线|xian4	3	line
線|线|xian4	4	CL:條|条[tiao2],股[gu3],根[gen1]
線|线|xian4	5	(after a number) tier (unofficial ranking of a Chinese city)
編|编|bian1	0	to weave
編|编|bian1	1	to plait
編|编|bian1	2	to organize
編|编|bian1	3	to group
編|编|bian1	4	to arrange
編|编|bian1	5	to edit
編|编|bian1	6	to compile
編|编|bian1	7	to write
編|编|bian1	8	to compose
編|编|bian1	9	to fabricate
編|编|bian1	10	to make up
編輯|编辑|bian1 ji2	0	to edit
編輯|编辑|bian1 ji2	1	to compile
編輯|编辑|bian1 ji2	2	editor
編輯|编辑|bian1 ji2	3	compiler
總|总|zong3	0	(bound form) general; overall
總|总|zong3	1	to sum up
總|总|zong3	2	in every case; always; invariably
總|总|zong3	3	anyway; after all; eventually; sooner or later
總|总|zong3	4	surely
總|总|zong3	5	(after a person's name) abbr. for 總經理|总经理[zong3 jing1 li3] or 總編|总编[zong3 bian1] etc
總是|总是|zong3 shi4	0	always
總統|总统|zong3 tong3	0	president (of a country)
總統|总统|zong3 tong3	1	CL:個|个[ge4],位[wei4],名[ming2],屆|届[jie4]
總部|总部|zong3 bu4	0	headquarters
繫|系|ji4	0	to tie
繫|系|ji4	1	to fasten
繫|系|ji4	2	to button up
繫|系|xi4	0	to connect
繫|系|xi4	1	to arrest
繫|系|xi4	2	to worry
繼承|继承|ji4 cheng2	0	to inherit
繼承|继承|ji4 cheng2	1	to succeed to (the throne etc)
繼承|继承|ji4 cheng2	2	to carry on (a tradition etc)
繼續|继续|ji4 xu4	0	to continue; to proceed with; to go on with
缺乏|缺乏|que1 fa2	0	to lack; to be short of
罪|罪|zui4	0	guilt
罪|罪|zui4	1	crime
罪|罪|zui4	2	fault
罪|罪|zui4	3	blame
罪|罪|zui4	4	sin
置|置|zhi4	0	to install
置|置|zhi4	1	to place
置|置|zhi4	2	to put
置|置|zhi4	3	to buy
羅|罗|luo2	0	gauze
羅|罗|luo2	1	to collect
羅|罗|luo2	2	to gather
羅|罗|luo2	3	to catch
羅|罗|luo2	4	to sift
美|美|mei3	0	beautiful
美|美|mei3	1	very satisfactory; good
美|美|mei3	2	to beautify
美|美|mei3	3	to be pleased with oneself
美元|美元|mei3 yuan2	0	American dollar; US dollar
美麗|美丽|mei3 li4	0	beautiful
群|群|qun2	0	group
群|群|qun2	1	crowd
群|群|qun2	2	flock, herd, pack etc
習慣|习惯|xi2 guan4	0	habit
習慣|习惯|xi2 guan4	1	custom
習慣|习惯|xi2 guan4	2	usual practice
習慣|习惯|xi2 guan4	3	to be used to
習慣|习惯|xi2 guan4	4	CL:個|个[ge4]
老|老|lao3	0	prefix used before the surname of a person or a numeral indicating the order of birth of the children in a family or to indicate affection or familiarity
老|老|lao3	1	old (of people)
老|老|lao3	2	venerable (person)
老|老|lao3	3	experienced
老|老|lao3	4	of long standing
老|老|lao3	5	always
老|老|lao3	6	all the time
老|老|lao3	7	of the past
老|老|lao3	8	very
老|老|lao3	9	outdated
老|老|lao3	10	(of meat etc) tough
老師|老师|lao3 shi1	0	teacher
考|考|kao3	0	to check
考|考|kao3	1	to verify
考|考|kao3	2	to test
考|考|kao3	3	to examine
考|考|kao3	4	to take an exam
考|考|kao3	5	to take an entrance exam for
考|考|kao3	6	deceased father
考慮|考虑|kao3 lu:4	0	to think over
考慮|考虑|kao3 lu:4	1	to consider
考慮|考虑|kao3 lu:4	2	consideration
考試|考试|kao3 shi4	0	to take an exam
考試|考试|kao3 shi4	1	exam
考試|考试|kao3 shi4	2	CL:次[ci4]
者|者|zhe3	0	(after a verb or adjective) one who (is) ...
者|者|zhe3	1	(after a noun) person involved in ...
者|者|zhe3	2	-er
者|者|zhe3	3	-ist
者|者|zhe3	4	(used after a number or 後|后[hou4] or 前[qian2] to refer to sth mentioned previously)
者|者|zhe3	5	(used after a term, to mark a pause before defining the term)
者|者|zhe3	6	(old) (used at the end of a command)
者|者|zhe3	7	(old) this
而|而|er2	0	and
而|而|er2	1	as well as
而|而|er2	2	and so
而|而|er2	3	but (not)
而|而|er2	4	yet (not)
而|而|er2	5	(indicates causal relation)
而|而|er2	6	(indicates change of state)
而|而|er2	7	(indicates contrast)
而且|而且|er2 qie3	0	(not only ...) but also
而且|而且|er2 qie3	1	moreover; in addition; furthermore
而已|而已|er2 yi3	0	that's all
而已|而已|er2 yi3	1	nothing more
而是|而是|er2 shi4	0	rather
而言|而言|er2 yan2	0	(typically preceded by 就…[jiu4 xx5] or 對…|对…[dui4 xx5] etc) as far as ... is concerned; speaking in terms of ...
耳|耳|er3	0	ear
耳|耳|er3	1	handle (archaeology)
耳|耳|er3	2	and that is all (Classical Chinese)
耶|耶|ye1	0	(phonetic ye)
耶|耶|ye2	0	interrogative particle (classical)
耶|耶|ye5	0	final particle indicating enthusiasm etc
聖|圣|sheng4	0	(bound form) peerless (in wisdom, moral virtue, skill etc)
聖|圣|sheng4	1	(bound form) peerless individual; paragon (sage, saint, emperor, master of a skill etc)
聖|圣|sheng4	2	(bound form) holy; sacred
聞|闻|wen2	0	to hear
聞|闻|wen2	1	news
聞|闻|wen2	2	well-known
聞|闻|wen2	3	famous
聞|闻|wen2	4	reputation
聞|闻|wen2	5	fame
聞|闻|wen2	6	to smell
聞|闻|wen2	7	to sniff at
聯合|联合|lian2 he2	0	to combine
聯合|联合|lian2 he2	1	to join
聯合|联合|lian2 he2	2	unite
聯合|联合|lian2 he2	3	alliance
聯盟|联盟|lian2 meng2	0	alliance
聯盟|联盟|lian2 meng2	1	union
聯盟|联盟|lian2 meng2	2	coalition
聯繫|联系|lian2 xi4	0	connection
聯繫|联系|lian2 xi4	1	contact
聯繫|联系|lian2 xi4	2	relation
聯繫|联系|lian2 xi4	3	to get in touch with
聯繫|联系|lian2 xi4	4	to integrate
聯繫|联系|lian2 xi4	5	to link
聯繫|联系|lian2 xi4	6	to touch
聯邦|联邦|lian2 bang1	0	federal
聯邦|联邦|lian2 bang1	1	federation
聯邦|联邦|lian2 bang1	2	commonwealth
聯邦|联邦|lian2 bang1	3	federal union
聯邦|联邦|lian2 bang1	4	federal state
聯邦|联邦|lian2 bang1	5	union
聲|声|sheng1	0	sound
聲|声|sheng1	1	voice
聲|声|sheng1	2	tone
聲|声|sheng1	3	noise
聲|声|sheng1	4	reputation
聲|声|sheng1	5	classifier for sounds
聲明|声明|sheng1 ming2	0	to state
聲明|声明|sheng1 ming2	1	to declare
聲明|声明|sheng1 ming2	2	statement
聲明|声明|sheng1 ming2	3	declaration
聲明|声明|sheng1 ming2	4	CL:項|项[xiang4],份[fen4]
聲稱|声称|sheng1 cheng1	0	to claim
聲稱|声称|sheng1 cheng1	1	to state
聲稱|声称|sheng1 cheng1	2	to proclaim
聲稱|声称|sheng1 cheng1	3	to assert
聲音|声音|sheng1 yin1	0	sound; voice
職|职|zhi2	0	office
職|职|zhi2	1	duty
職業|职业|zhi2 ye4	0	occupation; profession; vocation
職業|职业|zhi2 ye4	1	professional
聽|听|ting1	0	to listen to; to hear
聽|听|ting1	1	to heed; to obey
聽|听|ting1	2	a can (loanword from English "tin")
聽|听|ting1	3	classifier for canned beverages
聽|听|ting1	4	to let be; to allow (Taiwan pr. [ting4])
聽|听|ting1	5	(literary) to administer; to deal with (Taiwan pr. [ting4])
聽到|听到|ting1 dao4	0	to hear
肉|肉|rou4	0	meat
肉|肉|rou4	1	flesh
肉|肉|rou4	2	pulp (of a fruit)
肉|肉|rou4	3	(coll.) (of a fruit) squashy
肉|肉|rou4	4	(of a person) flabby
肉|肉|rou4	5	irresolute
肉|肉|rou4	6	Kangxi radical 130
股|股|gu3	0	thigh
股|股|gu3	1	part of a whole; portion of a sum
股|股|gu3	2	(finance) stock; share
股|股|gu3	3	strand of a thread
股|股|gu3	4	low-level administrative unit, translated as "section" or "department" etc, ranked below 科[ke1]
股|股|gu3	5	classifier for long winding things like ropes, rivers etc
股|股|gu3	6	classifier for smoke, smells etc: thread, puff, whiff
股|股|gu3	7	classifier for bands of people, gangs etc
股|股|gu3	8	classifier for sudden forceful actions
肯|肯|ken3	0	to agree; to consent
肯|肯|ken3	1	to be willing to
肯定|肯定|ken3 ding4	0	to be certain; to be positive
肯定|肯定|ken3 ding4	1	assuredly; definitely
肯定|肯定|ken3 ding4	2	to give recognition; to affirm
肯定|肯定|ken3 ding4	3	affirmative (answer)
背|背|bei1	0	to carry on one's back
背|背|bei1	1	(fig.) to bear; to shoulder (a burden, blame etc)
背|背|bei4	0	the back of a body or object
背|背|bei4	1	to turn one's back
背|背|bei4	2	to hide something from
背|背|bei4	3	to learn by heart
背|背|bei4	4	to recite from memory
背|背|bei4	5	(slang) unlucky
背|背|bei4	6	hard of hearing
背景|背景|bei4 jing3	0	background; backdrop; context
背景|背景|bei4 jing3	1	(fig.) powerful backer
胡|胡|hu2	0	non-Han people, esp. from central Asia
胡|胡|hu2	1	reckless
胡|胡|hu2	2	outrageous
胡|胡|hu2	3	what?
胡|胡|hu2	4	why?
胡|胡|hu2	5	to complete a winning hand at mahjong (also written 和[hu2])
能|能|neng2	0	can
能|能|neng2	1	to be able to
能|能|neng2	2	might possibly
能|能|neng2	3	ability
能|能|neng2	4	(physics) energy
能力|能力|neng2 li4	0	capability
能力|能力|neng2 li4	1	ability
能力|能力|neng2 li4	2	CL:個|个[ge4]
能夠|能够|neng2 gou4	0	to be capable of
能夠|能够|neng2 gou4	1	to be able to
能夠|能够|neng2 gou4	2	can
能量|能量|neng2 liang4	0	energy
能量|能量|neng2 liang4	1	capabilities
脫|脱|tuo1	0	to shed
脫|脱|tuo1	1	to take off
脫|脱|tuo1	2	to escape
脫|脱|tuo1	3	to get away from
腦|脑|nao3	0	brain
腦|脑|nao3	1	mind
腦|脑|nao3	2	head
腦|脑|nao3	3	essence
腳|脚|jiao3	0	foot
腳|脚|jiao3	1	leg (of an animal or an object)
腳|脚|jiao3	2	base (of an object)
腳|脚|jiao3	3	CL:雙|双[shuang1],隻|只[zhi1]
腳|脚|jiao3	4	classifier for kicks
臨時|临时|lin2 shi2	0	as the time draws near
臨時|临时|lin2 shi2	1	at the last moment
臨時|临时|lin2 shi2	2	temporary
臨時|临时|lin2 shi2	3	interim
臨時|临时|lin2 shi2	4	ad hoc
自動|自动|zi4 dong4	0	automatic
自動|自动|zi4 dong4	1	voluntarily
自己|自己|zi4 ji3	0	oneself; (attributive) one's own
自從|自从|zi4 cong2	0	since (a time)
自從|自从|zi4 cong2	1	ever since
自我|自我|zi4 wo3	0	the self; oneself; self-
自我|自我|zi4 wo3	1	(psychology) ego
自殺|自杀|zi4 sha1	0	to kill oneself
自殺|自杀|zi4 sha1	1	to commit suicide
自殺|自杀|zi4 sha1	2	to attempt suicide
自然|自然|zi4 ran2	0	nature
自然|自然|zi4 ran2	1	natural
自然|自然|zi4 ran2	2	naturally
自由|自由|zi4 you2	0	freedom; liberty
自由|自由|zi4 you2	1	free; unrestricted
至|至|zhi4	0	to arrive
至|至|zhi4	1	most
至|至|zhi4	2	to
至|至|zhi4	3	until
至今|至今|zhi4 jin1	0	so far
至今|至今|zhi4 jin1	1	to this day
至今|至今|zhi4 jin1	2	until now
至少|至少|zhi4 shao3	0	at least
至少|至少|zhi4 shao3	1	(to say the) least
至於|至于|zhi4 yu2	0	as for
至於|至于|zhi4 yu2	1	as to
至於|至于|zhi4 yu2	2	to go so far as to
致|致|zhi4	0	(literary) to send; to transmit; to convey
致|致|zhi4	1	(bound form) to cause; to lead to; consequently
臺|台|tai2	0	platform
臺|台|tai2	1	stage
臺|台|tai2	2	terrace
臺|台|tai2	3	stand
臺|台|tai2	4	support
臺|台|tai2	5	station
臺|台|tai2	6	broadcasting station
臺|台|tai2	7	classifier for vehicles or machines
與|与|yu3	0	(formal) and; together with (linking parallel nouns, verbs, or phrases)
與|与|yu3	1	(formal) with; from (marking the other participant in an interaction, comparison, or contrast, e.g. 與他握手|与他握手[yu3 ta1 wo4 shou3] "shake hands with him", 與去年不同|与去年不同[yu3 qu4 nian2 bu4 tong2] "different from last year")
與|与|yu3	2	(literary) to give; to grant; to bestow
與|与|yu4	0	to take part in
興趣|兴趣|xing4 qu4	0	interest (desire to know about sth)
興趣|兴趣|xing4 qu4	1	interest (thing in which one is interested); hobby
舉|举|ju3	0	to lift
舉|举|ju3	1	to hold up
舉|举|ju3	2	to cite
舉|举|ju3	3	to enumerate
舉|举|ju3	4	to act
舉|举|ju3	5	to raise
舉|举|ju3	6	to choose
舉|举|ju3	7	to elect
舉|举|ju3	8	act
舉|举|ju3	9	move
舉|举|ju3	10	deed
舉行|举行|ju3 xing2	0	to hold (a meeting, ceremony etc)
舉辦|举办|ju3 ban4	0	to conduct; to hold (an event)
舊|旧|jiu4	0	old
舊|旧|jiu4	1	opposite: new 新
舊|旧|jiu4	2	former
舊|旧|jiu4	3	worn (with age)
舞|舞|wu3	0	to dance
舞|舞|wu3	1	to wield
舞|舞|wu3	2	to brandish
舞臺|舞台|wu3 tai2	0	(lit. and fig.) stage; arena
舞蹈|舞蹈|wu3 dao3	0	dance (performance art)
舞蹈|舞蹈|wu3 dao3	1	dancing
航空|航空|hang2 kong1	0	aviation
般|般|ban1	0	sort
般|般|ban1	1	kind
般|般|ban1	2	class
般|般|ban1	3	way
般|般|ban1	4	manner
船|船|chuan2	0	boat
船|船|chuan2	1	vessel
船|船|chuan2	2	ship
船|船|chuan2	3	CL:條|条[tiao2],艘[sou1],隻|只[zhi1]
艘|艘|sou1	0	classifier for ships
艘|艘|sou1	1	Taiwan pr. [sao1]
色|色|se4	0	color
色|色|se4	1	CL:種|种[zhong3]
色|色|se4	2	look
色|色|se4	3	appearance
色|色|se4	4	sex
色|色|shai3	0	(coll.) color
色|色|shai3	1	used in 色子[shai3 zi5]
艾|艾|ai4	0	Chinese mugwort (Artemisia); moxa
艾|艾|ai4	1	used in transliteration
花園|花园|hua1 yuan2	0	garden (for flowers, ornamental plants etc); (landscaped) park; yard with decorative plants
花園|花园|hua1 yuan2	1	CL:座[zuo4]
若|若|ruo4	0	to seem
若|若|ruo4	1	like
若|若|ruo4	2	as
若|若|ruo4	3	if
英|英|ying1	0	hero
英|英|ying1	1	outstanding
英|英|ying1	2	excellent
英|英|ying1	3	(literary) flower
英|英|ying1	4	blossom
英雄|英雄|ying1 xiong2	0	hero
英雄|英雄|ying1 xiong2	1	CL:個|个[ge4]
茲|兹|zi1	0	(literary) this
茲|兹|zi1	1	(literary) now
茲|兹|zi1	2	(literary) year
茶|茶|cha2	0	tea
茶|茶|cha2	1	tea plant
茶|茶|cha2	2	CL:杯[bei1],壺|壶[hu2]
草|草|cao3	0	grass
草|草|cao3	1	straw
草|草|cao3	2	manuscript
草|草|cao3	3	draft (of a document)
草|草|cao3	4	careless
草|草|cao3	5	rough
草|草|cao3	6	CL:棵[ke1],撮[zuo3],株[zhu1],根[gen1]
莎|莎|sha1	0	katydid (family Tettigoniidae)
莎|莎|sha1	1	phonetic "sha" used in transliteration
莫|莫|mo4	0	do not
莫|莫|mo4	1	there is none who
菜|菜|cai4	0	vegetable; greens (CL:棵[ke1])
菜|菜|cai4	1	dish (of food) (CL:樣|样[yang4],道[dao4],盤|盘[pan2])
菜|菜|cai4	2	(of one's skills etc) weak; poor
菜|菜|cai4	3	(coll.) (one's) type
華|华|hua1	0	old variant of 花[hua1]
華|华|hua1	1	flower
華|华|hua2	0	magnificent
華|华|hua2	1	splendid
華|华|hua2	2	flowery
菲|菲|fei1	0	luxuriant (plant growth)
菲|菲|fei1	1	rich with fragrance
菲|菲|fei1	2	phenanthrene C14H10
菲|菲|fei3	0	poor
菲|菲|fei3	1	humble
菲|菲|fei3	2	unworthy
菲|菲|fei3	3	radish (old)
萊|莱|lai2	0	name of weed plant (fat hen, goosefoot, pigweed etc)
萊|莱|lai2	1	Chenopodium album
落|落|la4	0	to leave out
落|落|la4	1	to be missing
落|落|la4	2	to leave behind or forget to bring
落|落|la4	3	to lag or fall behind
落|落|lao4	0	colloquial reading for 落[luo4] in certain compounds
落|落|luo4	0	to fall or drop
落|落|luo4	1	(of the sun) to set
落|落|luo4	2	(of a tide) to go out
落|落|luo4	3	to lower
落|落|luo4	4	to decline or sink
落|落|luo4	5	to lag or fall behind
落|落|luo4	6	to fall onto
落|落|luo4	7	to rest with
落|落|luo4	8	to get or receive
落|落|luo4	9	to write down
落|落|luo4	10	whereabouts
落|落|luo4	11	settlement
葉|叶|ye4	0	leaf
葉|叶|ye4	1	page
葉|叶|ye4	2	lobe
葉|叶|ye4	3	(historical) period
葉|叶|ye4	4	classifier for small boats
著|着|zhao1	0	a move in chess (Taiwan pr. [zhuo2])
著|着|zhao1	1	trick; tactic
著|着|zhao1	2	(dialect) okay; all right
著|着|zhao1	3	(dialect) to put in; to add
著|着|zhao2	0	to touch
著|着|zhao2	1	to come in contact with
著|着|zhao2	2	to feel
著|着|zhao2	3	to be affected by
著|着|zhao2	4	to catch fire
著|着|zhao2	5	to burn
著|着|zhao2	6	(coll.) to fall asleep
著|着|zhao2	7	(after a verb) hitting the mark
著|着|zhao2	8	succeeding in
著|着|zhe5	0	aspect particle indicating action in progress or ongoing state
著|着|zhuo2	0	to wear (clothes)
著|着|zhuo2	1	to contact
著|着|zhuo2	2	to use
著|着|zhuo2	3	to apply
著|著|zhu4	0	to make known
著|著|zhu4	1	to show
著|著|zhu4	2	to prove
著|著|zhu4	3	to write
著|著|zhu4	4	book
著|著|zhu4	5	outstanding
著名|著名|zhu4 ming2	0	famous
著名|著名|zhu4 ming2	1	noted
著名|著名|zhu4 ming2	2	well-known
著名|著名|zhu4 ming2	3	celebrated
葯|药|yao4	0	leaf of the iris
葯|药|yao4	1	variant of 藥|药[yao4]
蒂|蒂|di4	0	stem (of fruit)
蒙|蒙|meng1	0	(knocked) unconscious
蒙|蒙|meng1	1	dazed
蒙|蒙|meng1	2	stunned
蒙|蒙|meng2	0	to cover
蒙|蒙|meng2	1	ignorant
蒙|蒙|meng2	2	to suffer (misfortune)
蒙|蒙|meng2	3	to receive (a favor)
蒙|蒙|meng2	4	to cheat
蓋|盖|gai4	0	lid
蓋|盖|gai4	1	top
蓋|盖|gai4	2	cover
蓋|盖|gai4	3	canopy
蓋|盖|gai4	4	to cover
蓋|盖|gai4	5	to conceal
蓋|盖|gai4	6	to build
藍|蓝|lan2	0	blue
藍|蓝|lan2	1	indigo plant
藍色|蓝色|lan2 se4	0	blue (color)
藏|藏|cang2	0	to conceal
藏|藏|cang2	1	to hide away
藏|藏|cang2	2	to harbor
藏|藏|cang2	3	to store
藏|藏|cang2	4	to collect
藏|藏|zang4	0	storehouse
藏|藏|zang4	1	depository
藏|藏|zang4	2	Buddhist or Taoist scripture
藝術|艺术|yi4 shu4	0	art
藝術家|艺术家|yi4 shu4 jia1	0	artist
藝術家|艺术家|yi4 shu4 jia1	1	CL:個|个[ge4],位[wei4],名[ming2]
藥|药|yao4	0	medicine
藥|药|yao4	1	drug
藥|药|yao4	2	substance used for a specific purpose (e.g. poisoning, explosion, fermenting)
藥|药|yao4	3	CL:種|种[zhong3],服[fu4],味[wei4]
藥|药|yao4	4	to poison
藥物|药物|yao4 wu4	0	medicaments
藥物|药物|yao4 wu4	1	pharmaceuticals
藥物|药物|yao4 wu4	2	medication
藥物|药物|yao4 wu4	3	medicine
藥物|药物|yao4 wu4	4	drug
蘇|苏|su1	0	Perilla frutescens (Chinese basil or wild red basil)
蘇|苏|su1	1	place name
蘇|苏|su1	2	to revive
蘇|苏|su1	3	used as phonetic in transliteration
蘋果|苹果|ping2 guo3	0	apple
蘋果|苹果|ping2 guo3	1	CL:個|个[ge4],顆|颗[ke1]
蘭|兰|lan2	0	orchid (蘭花|兰花 Cymbidium goeringii)
蘭|兰|lan2	1	fragrant thoroughwort (蘭草|兰草 Eupatorium fortunei)
蘭|兰|lan2	2	lily magnolia (木蘭|木兰)
虎|虎|hu3	0	tiger
虎|虎|hu3	1	CL:隻|只[zhi1]
處|处|chu3	0	to reside
處|处|chu3	1	to live
處|处|chu3	2	to dwell
處|处|chu3	3	to be in
處|处|chu3	4	to be situated at
處|处|chu3	5	to stay
處|处|chu3	6	to get along with
處|处|chu3	7	to be in a position of
處|处|chu3	8	to deal with
處|处|chu3	9	to discipline
處|处|chu3	10	to punish
處|处|chu4	0	(bound form) place; locality
處|处|chu4	1	(bound form) part; aspect
處|处|chu4	2	(bound form) office; department; bureau
處|处|chu4	3	classifier for locations: spot, point
處於|处于|chu3 yu2	0	to be in (some state, position, or condition)
處理|处理|chu3 li3	0	to handle; to deal with
處理|处理|chu3 li3	1	to punish
處理|处理|chu3 li3	2	to treat sth by a special process; to process
處理|处理|chu3 li3	3	to sell at reduced prices
號|号|hao2	0	(bound form) to wail; to howl
號|号|hao4	0	(literary) to call out; to command
號|号|hao4	1	(bound form) bugle; trumpet
號|号|hao4	2	(bound form) signal; bugle call (e.g. 起床號|起床号[qi3 chuang2 hao4])
號|号|hao4	3	(bound form) mark; sign
號|号|hao4	4	to mark; to label; to assign a number
號|号|hao4	5	(bound form) name; appellation (e.g. 國號|国号[guo2 hao4], 年號|年号[nian2 hao4], 遼寧號|辽宁号[Liao2 ning2 Hao4])
號|号|hao4	6	(after a numeral) number designation (e.g. 237號房間|237号房间[er4 san1 qi1 hao4 fang2 jian1] "Room 237")
號|号|hao4	7	day of the month (e.g. 七號|七号[qi1 hao4] "the 7th")
號|号|hao4	8	(bound form) size; type; category (e.g. 五號電池|五号电池[wu3 hao4 dian4 chi2])
號|号|hao4	9	(TCM) to feel (the pulse) (used in 號脈|号脉[hao4 mai4])
號|号|hao4	10	classifier for numbered people or items
血|血|xue4	0	blood
血|血|xue4	1	colloquial pr. [xie3]
血|血|xue4	2	CL:滴[di1],片[pian4]
行動|行动|xing2 dong4	0	operation
行動|行动|xing2 dong4	1	action
行動|行动|xing2 dong4	2	CL:個|个[ge4]
行動|行动|xing2 dong4	3	to move about
行動|行动|xing2 dong4	4	mobile
行為|行为|xing2 wei2	0	action; conduct; behavior; activity
術|术|shu4	0	method
術|术|shu4	1	technique
術|术|zhu2	0	various genera of flowers of Asteracea family (daisies and chrysanthemums), including Atractylis lancea
街|街|jie1	0	street
街|街|jie1	1	CL:條|条[tiao2]
街道|街道|jie1 dao4	0	street
街道|街道|jie1 dao4	1	CL:條|条[tiao2]
街道|街道|jie1 dao4	2	subdistrict
街道|街道|jie1 dao4	3	residential district
衛星|卫星|wei4 xing1	0	(aerospace) satellite
衛星|卫星|wei4 xing1	1	(astronomy) satellite; moon
衛星|卫星|wei4 xing1	2	CL:顆|颗[ke1]
衝|冲|chong1	0	thoroughfare
衝|冲|chong1	1	to go straight ahead
衝|冲|chong1	2	to rush
衝|冲|chong1	3	to clash
衝|冲|chong4	0	powerful
衝|冲|chong4	1	vigorous
衝|冲|chong4	2	pungent
衝|冲|chong4	3	towards
衝|冲|chong4	4	in view of
衝突|冲突|chong1 tu1	0	conflict
衝突|冲突|chong1 tu1	1	to conflict
衝突|冲突|chong1 tu1	2	clash of opposing forces
衝突|冲突|chong1 tu1	3	collision (of interests)
衝突|冲突|chong1 tu1	4	contention
表|表|biao3	0	exterior surface
表|表|biao3	1	family relationship via females
表|表|biao3	2	to show (one's opinion)
表|表|biao3	3	a model
表|表|biao3	4	a table (listing information)
表|表|biao3	5	a form
表|表|biao3	6	a meter (measuring sth)
表明|表明|biao3 ming2	0	to make clear
表明|表明|biao3 ming2	1	to make known
表明|表明|biao3 ming2	2	to state clearly
表明|表明|biao3 ming2	3	to indicate
表明|表明|biao3 ming2	4	known
表演|表演|biao3 yan3	0	play
表演|表演|biao3 yan3	1	show
表演|表演|biao3 yan3	2	performance
表演|表演|biao3 yan3	3	exhibition
表演|表演|biao3 yan3	4	to perform
表演|表演|biao3 yan3	5	to act
表演|表演|biao3 yan3	6	to demonstrate
表演|表演|biao3 yan3	7	CL:場|场[chang3]
表現|表现|biao3 xian4	0	to show
表現|表现|biao3 xian4	1	to show off
表現|表现|biao3 xian4	2	to display
表現|表现|biao3 xian4	3	to manifest
表現|表现|biao3 xian4	4	expression
表現|表现|biao3 xian4	5	manifestation
表現|表现|biao3 xian4	6	show
表現|表现|biao3 xian4	7	display
表現|表现|biao3 xian4	8	performance (at work etc)
表現|表现|biao3 xian4	9	behavior
表示|表示|biao3 shi4	0	(of sb) to express; to state; to show
表示|表示|biao3 shi4	1	(of sth) to indicate; to signify; to show
表示|表示|biao3 shi4	2	expression; manifestation
表達|表达|biao3 da2	0	to express; to convey
表面|表面|biao3 mian4	0	surface
表面|表面|biao3 mian4	1	face
表面|表面|biao3 mian4	2	outside
表面|表面|biao3 mian4	3	appearance
被|被|bei4	0	quilt
被|被|bei4	1	to cover (with)
被|被|bei4	2	(literary) to suffer (a misfortune)
被|被|bei4	3	used to indicate passive voice (placed before the doer of the action like "by" in English passive-voice sentences, or, if the doer is not mentioned, before the verb)
被|被|bei4	4	(since c. 2009) (sarcastic or jocular) used to indicate that the following word should be regarded as being in air quotes (as in 被旅遊|被旅游[bei4 lu : 3 you2] to "go on a trip")
被捕|被捕|bei4 bu3	0	to be arrested
被捕|被捕|bei4 bu3	1	under arrest
裝|装|zhuang1	0	adornment
裝|装|zhuang1	1	to adorn
裝|装|zhuang1	2	dress
裝|装|zhuang1	3	clothing
裝|装|zhuang1	4	costume (of an actor in a play)
裝|装|zhuang1	5	to play a role
裝|装|zhuang1	6	to pretend
裝|装|zhuang1	7	to install
裝|装|zhuang1	8	to fix
裝|装|zhuang1	9	to wrap (sth in a bag)
裝|装|zhuang1	10	to load
裝|装|zhuang1	11	to pack
裝置|装置|zhuang1 zhi4	0	to install
裝置|装置|zhuang1 zhi4	1	installation
裝置|装置|zhuang1 zhi4	2	equipment
裝置|装置|zhuang1 zhi4	3	system
裝置|装置|zhuang1 zhi4	4	unit
裝置|装置|zhuang1 zhi4	5	device
裡|里|li3	0	lining
裡|里|li3	1	interior
裡|里|li3	2	inside
裡|里|li3	3	internal
裡|里|li3	4	also written 裏|里[li3]
裡面|里面|li3 mian4	0	inside
裡面|里面|li3 mian4	1	interior
裡面|里面|li3 mian4	2	also pr. [li3 mian5]
製|制|zhi4	0	to manufacture
製|制|zhi4	1	to make
製作|制作|zhi4 zuo4	0	to make; to manufacture
製造|制造|zhi4 zao4	0	to manufacture; to make
複雜|复杂|fu4 za2	0	complicated; complex
襲擊|袭击|xi2 ji1	0	attack (esp. surprise attack)
襲擊|袭击|xi2 ji1	1	raid
襲擊|袭击|xi2 ji1	2	to attack
西|西|xi1	0	west
西部|西部|xi1 bu4	0	western part
要|要|yao1	0	(bound form) to demand; to coerce
要|要|yao4	0	to want; to need; to ask for
要|要|yao4	1	will; shall; about to
要|要|yao4	2	need to; should
要|要|yao4	3	if (same as 要是[yao4 shi5])
要|要|yao4	4	(bound form) important
要求|要求|yao1 qiu2	0	to request
要求|要求|yao1 qiu2	1	to require
要求|要求|yao1 qiu2	2	requirement
要求|要求|yao1 qiu2	3	to stake a claim
要求|要求|yao1 qiu2	4	to ask
要求|要求|yao1 qiu2	5	to demand
要求|要求|yao1 qiu2	6	CL:點|点[dian3]
見|见|jian4	0	to see
見|见|jian4	1	to meet
見|见|jian4	2	to appear (to be sth)
見|见|jian4	3	to interview
見|见|jian4	4	opinion
見|见|jian4	5	view
見|见|xian4	0	to appear
見|见|xian4	1	also written 現|现[xian4]
見到|见到|jian4 dao4	0	to see
規則|规则|gui1 ze2	0	rule; regulation
規則|规则|gui1 ze2	1	regular; orderly; fixed
規定|规定|gui1 ding4	0	to stipulate; to specify; to prescribe; to fix (a price); to set (a quota)
規定|规定|gui1 ding4	1	regulations; rules; provisions; stipulations
視|视|shi4	0	(literary, or bound form) to look at
親|亲|qin1	0	parent
親|亲|qin1	1	one's own (flesh and blood)
親|亲|qin1	2	relative
親|亲|qin1	3	related
親|亲|qin1	4	marriage
親|亲|qin1	5	bride
親|亲|qin1	6	close
親|亲|qin1	7	intimate
親|亲|qin1	8	in person
親|亲|qin1	9	first-hand
親|亲|qin1	10	in favor of
親|亲|qin1	11	pro-
親|亲|qin1	12	to kiss
親|亲|qin1	13	(Internet slang) dear
親|亲|qing4	0	parents-in-law of one's offspring
親自|亲自|qin1 zi4	0	personally
親自|亲自|qin1 zi4	1	in person
親自|亲自|qin1 zi4	2	oneself
覺|觉|jiao4	0	a nap
覺|觉|jiao4	1	a sleep
覺|觉|jiao4	2	CL:場|场[chang2]
覺|觉|jue2	0	to feel
覺|觉|jue2	1	to find that
覺|觉|jue2	2	thinking
覺|觉|jue2	3	awake
覺|觉|jue2	4	aware
覺得|觉得|jue2 de5	0	to think that ...; to feel that ...
覺得|觉得|jue2 de5	1	to feel (uncomfortable etc)
觀察|观察|guan1 cha2	0	to observe; to watch; to survey
觀眾|观众|guan1 zhong4	0	spectators; audience; visitors (to an exhibition etc)
觀點|观点|guan1 dian3	0	point of view
觀點|观点|guan1 dian3	1	viewpoint
觀點|观点|guan1 dian3	2	standpoint
觀點|观点|guan1 dian3	3	CL:個|个[ge4]
角|角|jiao3	0	angle
角|角|jiao3	1	corner
角|角|jiao3	2	horn
角|角|jiao3	3	horn-shaped
角|角|jiao3	4	unit of money equal to 0.1 yuan, or 10 cents (a dime)
角|角|jiao3	5	CL:個|个[ge4]
角|角|jue2	0	role (theater)
角|角|jue2	1	to compete
角|角|jue2	2	ancient three legged wine vessel
角|角|jue2	3	third note of pentatonic scale
角度|角度|jiao3 du4	0	angle
角度|角度|jiao3 du4	1	(fig.) point of view
角色|角色|jue2 se4	0	role; part (in a play or movie etc)
角色|角色|jue2 se4	1	also pr. [jiao3se4]
解|解|jie3	0	to divide
解|解|jie3	1	to break up
解|解|jie3	2	to split
解|解|jie3	3	to separate
解|解|jie3	4	to dissolve
解|解|jie3	5	to solve
解|解|jie3	6	to melt
解|解|jie3	7	to remove
解|解|jie3	8	to untie
解|解|jie3	9	to loosen
解|解|jie3	10	to open
解|解|jie3	11	to emancipate
解|解|jie3	12	to explain
解|解|jie3	13	to understand
解|解|jie3	14	to know
解|解|jie3	15	a solution
解|解|jie3	16	a dissection
解|解|jie4	0	to transport under guard
解|解|xie4	0	acrobatic display (esp. on horseback) (old)
解|解|xie4	1	variant of 懈[xie4] and 邂[xie4] (old)
解決|解决|jie3 jue2	0	to solve; to resolve; to settle (a problem)
解決|解决|jie3 jue2	1	to eliminate; to wipe out (an enemy, bandits etc)
解釋|解释|jie3 shi4	0	explanation
解釋|解释|jie3 shi4	1	to explain
解釋|解释|jie3 shi4	2	to interpret
解釋|解释|jie3 shi4	3	to resolve
解釋|解释|jie3 shi4	4	CL:個|个[ge4]
言|言|yan2	0	words
言|言|yan2	1	speech
言|言|yan2	2	to say
言|言|yan2	3	to talk
計|计|ji4	0	to calculate
計|计|ji4	1	to compute
計|计|ji4	2	to count
計|计|ji4	3	to regard as important
計|计|ji4	4	to plan
計|计|ji4	5	ruse
計|计|ji4	6	meter
計|计|ji4	7	gauge
計劃|计划|ji4 hua4	0	plan
計劃|计划|ji4 hua4	1	project
計劃|计划|ji4 hua4	2	program
計劃|计划|ji4 hua4	3	to plan
計劃|计划|ji4 hua4	4	to map out
計劃|计划|ji4 hua4	5	CL:個|个[ge4],項|项[xiang4]
計算|计算|ji4 suan4	0	to calculate; to compute
計算|计算|ji4 suan4	1	to consider; to think over
計算|计算|ji4 suan4	2	to plot; to scheme
討論|讨论|tao3 lun4	0	to discuss; to talk over
訓練|训练|xun4 lian4	0	to train
訓練|训练|xun4 lian4	1	to drill
訓練|训练|xun4 lian4	2	training
訓練|训练|xun4 lian4	3	CL:個|个[ge4]
託|托|tuo1	0	to trust
託|托|tuo1	1	to entrust
託|托|tuo1	2	to be entrusted with
託|托|tuo1	3	to act as trustee
記|记|ji4	0	to record
記|记|ji4	1	to note
記|记|ji4	2	to memorize
記|记|ji4	3	to remember
記|记|ji4	4	mark
記|记|ji4	5	sign
記|记|ji4	6	classifier for blows, kicks, shots
記憶|记忆|ji4 yi4	0	to remember; to recall
記憶|记忆|ji4 yi4	1	memory
記者|记者|ji4 zhe3	0	reporter; journalist
記者|记者|ji4 zhe3	1	CL:個|个[ge4]
記錄|记录|ji4 lu4	0	to record
記錄|记录|ji4 lu4	1	record (written account)
記錄|记录|ji4 lu4	2	note-taker
記錄|记录|ji4 lu4	3	record (in sports etc)
記錄|记录|ji4 lu4	4	CL:個|个[ge4]
訪問|访问|fang3 wen4	0	to visit; to call on (a person or place)
訪問|访问|fang3 wen4	1	(computing) to visit (a website); to access (a network resource etc)
訪問|访问|fang3 wen4	2	(Tw) to interview (e.g. for a report or feature story)
訪問|访问|fang3 wen4	3	CL:次[ci4]
設|设|she4	0	to set up; to put in place
設|设|she4	1	(math.) given; suppose; if
設備|设备|she4 bei4	0	equipment; facilities; installations
設置|设置|she4 zhi4	0	to set up; to install
設計|设计|she4 ji4	0	to design; to plan
設計|设计|she4 ji4	1	design; plan
許|许|xu3	0	to allow
許|许|xu3	1	to permit
許|许|xu3	2	to promise
許|许|xu3	3	to praise
許|许|xu3	4	somewhat
許|许|xu3	5	perhaps
許多|许多|xu3 duo1	0	many
許多|许多|xu3 duo1	1	a lot of
許多|许多|xu3 duo1	2	much
註|注|zhu4	0	to annotate; to provide explanatory notes on a written text
註|注|zhu4	1	an annotation; an explanatory note
註|注|zhu4	2	(bound form) to put on record; to register
評價|评价|ping2 jia4	0	to evaluate
評價|评价|ping2 jia4	1	to assess
評論|评论|ping2 lun4	0	to comment on
評論|评论|ping2 lun4	1	to discuss
評論|评论|ping2 lun4	2	comment
評論|评论|ping2 lun4	3	commentary
評論|评论|ping2 lun4	4	CL:篇[pian1]
詞|词|ci2	0	word
詞|词|ci2	1	statement; speech; lyrics
詞|词|ci2	2	a form of lyric poetry, flourishing in the Song dynasty 宋朝[Song4 chao2] (CL:首[shou3])
試|试|shi4	0	to test
試|试|shi4	1	to try
試|试|shi4	2	experiment
試|试|shi4	3	examination
試|试|shi4	4	test
試圖|试图|shi4 tu2	0	to attempt
試圖|试图|shi4 tu2	1	to try
試驗|试验|shi4 yan4	0	experiment
試驗|试验|shi4 yan4	1	test
試驗|试验|shi4 yan4	2	CL:次[ci4],個|个[ge4]
試驗|试验|shi4 yan4	3	to experiment
試驗|试验|shi4 yan4	4	experimental
詩|诗|shi1	0	poem
詩|诗|shi1	1	CL:首[shou3]
詩|诗|shi1	2	poetry
詩|诗|shi1	3	verse
話|话|hua4	0	dialect
話|话|hua4	1	language
話|话|hua4	2	spoken words
話|话|hua4	3	speech
話|话|hua4	4	talk
話|话|hua4	5	words
話|话|hua4	6	conversation
話|话|hua4	7	what sb said
話|话|hua4	8	CL:種|种[zhong3],席[xi2],句[ju4],口[kou3],番[fan1]
該|该|gai1	0	should
該|该|gai1	1	ought to
該|该|gai1	2	probably
該|该|gai1	3	must be
該|该|gai1	4	to deserve
該|该|gai1	5	to owe
該|该|gai1	6	to be sb's turn to do sth
該|该|gai1	7	that
該|该|gai1	8	the above-mentioned
認為|认为|ren4 wei2	0	to believe; to think; to consider; to feel
認識|认识|ren4 shi5	0	to know
認識|认识|ren4 shi5	1	to recognize
認識|认识|ren4 shi5	2	to be familiar with
認識|认识|ren4 shi5	3	to get acquainted with sb
認識|认识|ren4 shi5	4	knowledge
認識|认识|ren4 shi5	5	understanding
認識|认识|ren4 shi5	6	awareness
認識|认识|ren4 shi5	7	cognition
語|语|yu3	0	dialect
語|语|yu3	1	language
語|语|yu3	2	speech
語|语|yu4	0	(literary) to tell; to let (sb) know
語言|语言|yu3 yan2	0	language
語言|语言|yu3 yan2	1	CL:門|门[men2],種|种[zhong3]
說|说|shui4	0	to persuade
說|说|shuo1	0	to speak; to talk; to say
說|说|shuo1	1	to explain; to comment
說|说|shuo1	2	to scold; to tell off
說|说|shuo1	3	(bound form) theory; doctrine
說明|说明|shuo1 ming2	0	to explain
說明|说明|shuo1 ming2	1	to illustrate
說明|说明|shuo1 ming2	2	to indicate
說明|说明|shuo1 ming2	3	to show
說明|说明|shuo1 ming2	4	to prove
說明|说明|shuo1 ming2	5	explanation
說明|说明|shuo1 ming2	6	directions
說明|说明|shuo1 ming2	7	caption
說明|说明|shuo1 ming2	8	CL:個|个[ge4]
說法|说法|shuo1 fa3	0	to expound Buddhist teachings
說法|说法|shuo1 fa5	0	way of speaking
說法|说法|shuo1 fa5	1	wording
說法|说法|shuo1 fa5	2	formulation
說法|说法|shuo1 fa5	3	one's version (of events)
說法|说法|shuo1 fa5	4	statement
說法|说法|shuo1 fa5	5	theory
說法|说法|shuo1 fa5	6	hypothesis
說法|说法|shuo1 fa5	7	interpretation
誰|谁|shei2	0	who
誰|谁|shei2	1	also pr. [shui2]
課|课|ke4	0	subject
課|课|ke4	1	course
課|课|ke4	2	CL:門|门[men2]
課|课|ke4	3	class
課|课|ke4	4	lesson
課|课|ke4	5	CL:堂[tang2],節|节[jie2]
課|课|ke4	6	to levy
課|课|ke4	7	tax
課|课|ke4	8	form of divination
課程|课程|ke4 cheng2	0	course; academic program
課程|课程|ke4 cheng2	1	CL:堂[tang2],節|节[jie2],門|门[men2]
調|调|diao4	0	to transfer
調|调|diao4	1	to move (troops or cadres)
調|调|diao4	2	to investigate
調|调|diao4	3	to enquire into
調|调|diao4	4	accent
調|调|diao4	5	view
調|调|diao4	6	argument
調|调|diao4	7	key (in music)
調|调|diao4	8	mode (music)
調|调|diao4	9	tune
調|调|diao4	10	tone
調|调|diao4	11	melody
調|调|tiao2	0	to harmonize
調|调|tiao2	1	to reconcile
調|调|tiao2	2	to blend
調|调|tiao2	3	to suit well
調|调|tiao2	4	to adjust
調|调|tiao2	5	to regulate
調|调|tiao2	6	to season (food)
調|调|tiao2	7	to provoke
調|调|tiao2	8	to incite
調整|调整|tiao2 zheng3	0	to adjust; to revise; to reorganize
調查|调查|diao4 cha2	0	investigation
調查|调查|diao4 cha2	1	inquiry
調查|调查|diao4 cha2	2	to investigate
調查|调查|diao4 cha2	3	to survey
調查|调查|diao4 cha2	4	survey
調查|调查|diao4 cha2	5	(opinion) poll
調查|调查|diao4 cha2	6	CL:項|项[xiang4],個|个[ge4]
談|谈|tan2	0	to speak
談|谈|tan2	1	to talk
談|谈|tan2	2	to converse
談|谈|tan2	3	to chat
談|谈|tan2	4	to discuss
談判|谈判|tan2 pan4	0	to negotiate
談判|谈判|tan2 pan4	1	negotiation
談判|谈判|tan2 pan4	2	talks
談判|谈判|tan2 pan4	3	conference
談判|谈判|tan2 pan4	4	CL:個|个[ge4]
請|请|qing3	0	to ask
請|请|qing3	1	to invite
請|请|qing3	2	please (do sth)
請|请|qing3	3	to treat (to a meal etc)
請|请|qing3	4	to request
請求|请求|qing3 qiu2	0	to request; to ask
請求|请求|qing3 qiu2	1	request (CL:個|个[ge4])
論|论|lun4	0	opinion
論|论|lun4	1	view
論|论|lun4	2	theory
論|论|lun4	3	doctrine
論|论|lun4	4	to discuss
論|论|lun4	5	to talk about
論|论|lun4	6	to regard
論|论|lun4	7	to consider
論|论|lun4	8	per
論|论|lun4	9	by the (kilometer, hour etc)
諾|诺|nuo4	0	to consent
諾|诺|nuo4	1	to promise
諾|诺|nuo4	2	(literary) yes!
講|讲|jiang3	0	to speak
講|讲|jiang3	1	to explain
講|讲|jiang3	2	to negotiate
講|讲|jiang3	3	to emphasize
講|讲|jiang3	4	to be particular about
講|讲|jiang3	5	as far as sth is concerned
講|讲|jiang3	6	speech
講|讲|jiang3	7	lecture
謝|谢|xie4	0	to thank
謝|谢|xie4	1	(bound form) to apologize
謝|谢|xie4	2	(bound form) to decline; to refuse
謝|谢|xie4	3	(bound form) (of flowers, leaves etc) to wither
證實|证实|zheng4 shi2	0	to confirm (sth to be true)
證實|证实|zheng4 shi2	1	to verify
證據|证据|zheng4 ju4	0	evidence
證據|证据|zheng4 ju4	1	proof
證據|证据|zheng4 ju4	2	testimony
證明|证明|zheng4 ming2	0	proof
證明|证明|zheng4 ming2	1	certificate
證明|证明|zheng4 ming2	2	identification
證明|证明|zheng4 ming2	3	testimonial
證明|证明|zheng4 ming2	4	CL:個|个[ge4]
證明|证明|zheng4 ming2	5	to prove
證明|证明|zheng4 ming2	6	to testify
證明|证明|zheng4 ming2	7	to confirm the truth of
警|警|jing3	0	to alert
警|警|jing3	1	to warn
警|警|jing3	2	police
警告|警告|jing3 gao4	0	to warn
警告|警告|jing3 gao4	1	to admonish
警察|警察|jing3 cha2	0	police; police officer
警方|警方|jing3 fang1	0	police
議員|议员|yi4 yuan2	0	member (of a legislative body)
議員|议员|yi4 yuan2	1	representative
議會|议会|yi4 hui4	0	parliament
議會|议会|yi4 hui4	1	legislative assembly
護|护|hu4	0	to protect
讀|读|dou4	0	comma
讀|读|dou4	1	phrase marked by pause
讀|读|du2	0	to read out; to read aloud
讀|读|du2	1	to read
讀|读|du2	2	to attend (school); to study (a subject in school)
讀|读|du2	3	to pronounce
變|变|bian4	0	to change
變|变|bian4	1	to become different
變|变|bian4	2	to transform
變|变|bian4	3	to vary
變|变|bian4	4	rebellion
變化|变化|bian4 hua4	0	(intransitive) to change; to vary
變化|变化|bian4 hua4	1	change; variation
變成|变成|bian4 cheng2	0	to change into
變成|变成|bian4 cheng2	1	to turn into
變成|变成|bian4 cheng2	2	to become
讓|让|rang4	0	to yield
讓|让|rang4	1	to permit
讓|让|rang4	2	to let sb do sth
讓|让|rang4	3	to have sb do sth
讓|让|rang4	4	to make sb (feel sad etc)
讓|让|rang4	5	by (indicates the agent in a passive clause, like 被[bei4])
谷|谷|gu3	0	valley
豐富|丰富|feng1 fu4	0	to enrich
豐富|丰富|feng1 fu4	1	rich
豐富|丰富|feng1 fu4	2	plentiful
豐富|丰富|feng1 fu4	3	abundant
象|象|xiang4	0	elephant
象|象|xiang4	1	CL:隻|只[zhi1]
象|象|xiang4	2	shape
象|象|xiang4	3	form
象|象|xiang4	4	appearance
象|象|xiang4	5	to imitate
豬|猪|zhu1	0	hog
豬|猪|zhu1	1	pig
豬|猪|zhu1	2	swine
豬|猪|zhu1	3	CL:口[kou3],頭|头[tou2]
貓|猫|mao1	0	cat (CL:隻|只[zhi1])
貓|猫|mao1	1	(dialect) to hide oneself
貓|猫|mao1	2	(loanword) (coll.) modem
貝|贝|bei4	0	cowrie
貝|贝|bei4	1	shellfish
貝|贝|bei4	2	currency (archaic)
負|负|fu4	0	to bear
負|负|fu4	1	to carry (on one's back)
負|负|fu4	2	to turn one's back on
負|负|fu4	3	to be defeated
負|负|fu4	4	negative (math. etc)
負責|负责|fu4 ze2	0	to be responsible for; to be in charge of; to bear responsibility for
負責|负责|fu4 ze2	1	conscientious
財產|财产|cai2 chan3	0	property
財產|财产|cai2 chan3	1	assets
財產|财产|cai2 chan3	2	estate
財產|财产|cai2 chan3	3	CL:筆|笔[bi3]
貢獻|贡献|gong4 xian4	0	to contribute
貢獻|贡献|gong4 xian4	1	to dedicate
貢獻|贡献|gong4 xian4	2	to devote
貢獻|贡献|gong4 xian4	3	contribution
貢獻|贡献|gong4 xian4	4	CL:個|个[ge4]
責任|责任|ze2 ren4	0	responsibility; duty; liability
貴|贵|gui4	0	expensive
貴|贵|gui4	1	(bound form) highly valued; precious
貴|贵|gui4	2	(bound form) noble; of high rank
貴|贵|gui4	3	(prefix) (honorific) your
買|买|mai3	0	to buy
買|买|mai3	1	to purchase
費|费|fei4	0	to cost
費|费|fei4	1	to spend
費|费|fei4	2	fee
費|费|fei4	3	wasteful
費|费|fei4	4	expenses
資料|资料|zi1 liao4	0	material
資料|资料|zi1 liao4	1	resources
資料|资料|zi1 liao4	2	data
資料|资料|zi1 liao4	3	information
資料|资料|zi1 liao4	4	profile (Internet)
資料|资料|zi1 liao4	5	CL:份[fen4],個|个[ge4]
資格|资格|zi1 ge2	0	qualifications
資格|资格|zi1 ge2	1	seniority
資源|资源|zi1 yuan2	0	natural resource (such as water or minerals)
資源|资源|zi1 yuan2	1	resource (such as manpower or tourism)
資金|资金|zi1 jin1	0	funds; capital
賣|卖|mai4	0	to sell
賣|卖|mai4	1	to betray
賣|卖|mai4	2	to spare no effort
賣|卖|mai4	3	to show off or flaunt
賽|赛|sai4	0	to compete
賽|赛|sai4	1	competition
賽|赛|sai4	2	match
賽|赛|sai4	3	to surpass
賽|赛|sai4	4	better than
賽|赛|sai4	5	superior to
賽|赛|sai4	6	to excel
贏得|赢得|ying2 de2	0	to win
贏得|赢得|ying2 de2	1	to gain
走|走|zou3	0	to walk
走|走|zou3	1	to go
走|走|zou3	2	to run
走|走|zou3	3	to move (of vehicle)
走|走|zou3	4	to visit
走|走|zou3	5	to leave
走|走|zou3	6	to go away
走|走|zou3	7	to die (euph.)
走|走|zou3	8	from
走|走|zou3	9	through
走|走|zou3	10	away (in compound verbs, such as 撤走[che4 zou3])
走|走|zou3	11	to change (shape, form, meaning)
起|起|qi3	0	to rise
起|起|qi3	1	to raise
起|起|qi3	2	to get up
起|起|qi3	3	to set out
起|起|qi3	4	to start
起|起|qi3	5	to appear
起|起|qi3	6	to launch
起|起|qi3	7	to initiate (action)
起|起|qi3	8	to draft
起|起|qi3	9	to establish
起|起|qi3	10	to get (from a depot or counter)
起|起|qi3	11	verb suffix, to start
起|起|qi3	12	starting from (a time, place, price etc)
起|起|qi3	13	classifier for occurrences or unpredictable events: case, instance
起|起|qi3	14	classifier for groups: batch, group
起來|起来|qi3 lai5	0	to stand up; to get up
起來|起来|qi3 lai5	1	also pr. [qi3lai2]
起來|起来|qi5 lai5	0	(after a verb) indicating the beginning and continuation of an action or a state
起來|起来|qi5 lai5	1	indicating an upward movement (e.g. after 站[zhan4])
起來|起来|qi5 lai5	2	indicating completion
起來|起来|qi5 lai5	3	(after a perception verb, e.g. 看[kan4]) expressing preliminary judgment
起來|起来|qi5 lai5	4	also pr. [qi3lai5]
超|超|chao1	0	to exceed
超|超|chao1	1	to overtake
超|超|chao1	2	to surpass
超|超|chao1	3	to transcend
超|超|chao1	4	to pass
超|超|chao1	5	to cross
超|超|chao1	6	ultra-
超|超|chao1	7	super-
超級|超级|chao1 ji2	0	super-
超級|超级|chao1 ji2	1	ultra-
超級|超级|chao1 ji2	2	hyper-
超過|超过|chao1 guo4	0	to surpass
超過|超过|chao1 guo4	1	to exceed
超過|超过|chao1 guo4	2	to outstrip
越|越|yue4	0	to exceed
越|越|yue4	1	to climb over
越|越|yue4	2	to surpass
越|越|yue4	3	the more... the more
越來越|越来越|yue4 lai2 yue4	0	more and more
足|足|ju4	0	excessive
足|足|zu2	0	(bound form) foot; leg
足|足|zu2	1	sufficient; ample
足|足|zu2	2	as much as; fully
足夠|足够|zu2 gou4	0	enough; sufficient
足球|足球|zu2 qiu2	0	soccer; football
足球|足球|zu2 qiu2	1	a soccer ball; a football
跑|跑|pao2	0	(of an animal) to paw (the ground)
跑|跑|pao3	0	to run
跑|跑|pao3	1	to run away
跑|跑|pao3	2	to escape
跑|跑|pao3	3	to run around (on errands etc)
跑|跑|pao3	4	(of a gas or liquid) to leak or evaporate
跑|跑|pao3	5	(verb complement) away
跑|跑|pao3	6	off
距離|距离|ju4 li2	0	distance
距離|距离|ju4 li2	1	CL:個|个[ge4]
距離|距离|ju4 li2	2	to be apart from
跟|跟|gen1	0	heel
跟|跟|gen1	1	to follow closely
跟|跟|gen1	2	to go with
跟|跟|gen1	3	(of a woman) to marry sb
跟|跟|gen1	4	with
跟|跟|gen1	5	compared with
跟|跟|gen1	6	to
跟|跟|gen1	7	towards
跟|跟|gen1	8	and (joining two nouns)
路|路|lu4	0	road (CL:條|条[tiao2])
路|路|lu4	1	journey
路|路|lu4	2	route
路|路|lu4	3	line (bus etc)
路|路|lu4	4	sort; kind
路線|路线|lu4 xian4	0	itinerary
路線|路线|lu4 xian4	1	route
路線|路线|lu4 xian4	2	political line (e.g. right revisionist road)
路線|路线|lu4 xian4	3	CL:條|条[tiao2]
跳|跳|tiao4	0	to jump
跳|跳|tiao4	1	to hop
跳|跳|tiao4	2	to skip over
跳|跳|tiao4	3	to bounce
跳|跳|tiao4	4	to palpitate
身|身|shen1	0	body
身|身|shen1	1	life
身|身|shen1	2	oneself
身|身|shen1	3	personally
身|身|shen1	4	one's morality and conduct
身|身|shen1	5	the main part of a structure or body
身|身|shen1	6	pregnant
身|身|shen1	7	classifier for sets of clothes: suit, twinset
身|身|shen1	8	Kangxi radical 158
身上|身上|shen1 shang5	0	on the body
身上|身上|shen1 shang5	1	at hand
身上|身上|shen1 shang5	2	among
身份|身份|shen1 fen4	0	identity; aspect of one's identity (e.g. mayor, father, permanent resident); role; capacity (as in "in his capacity as ..." 以[yi3] + ... + 的身份[de5 shen1 fen4]); status (social, legal etc); position; rank
身體|身体|shen1 ti3	0	the body
身體|身体|shen1 ti3	1	one's health
車|车|che1	0	car
車|车|che1	1	vehicle
車|车|che1	2	CL:輛|辆[liang4]
車|车|che1	3	machine
車|车|che1	4	to shape with a lathe
車|车|che1	5	Kangxi radical 159
車站|车站|che1 zhan4	0	rail station
車站|车站|che1 zhan4	1	bus stop
車站|车站|che1 zhan4	2	CL:處|处[chu4],個|个[ge4]
軌道|轨道|gui3 dao4	0	track (for trains etc)
軌道|轨道|gui3 dao4	1	orbit (of a satellite)
軌道|轨道|gui3 dao4	2	(fig.) a person's established path in life
軌道|轨道|gui3 dao4	3	desired trajectory (of a business or other endeavor)
軌道|轨道|gui3 dao4	4	(audio engineering) track
軌道|轨道|gui3 dao4	5	(quantum mechanics) orbital
軍|军|jun1	0	(bound form) army
軍|军|jun1	1	military
軍事|军事|jun1 shi4	0	military affairs; (attributive) military
軍隊|军队|jun1 dui4	0	armed forces; troops
軍隊|军队|jun1 dui4	1	CL:支[zhi1]
較|较|jiao4	0	(bound form) to compare
較|较|jiao4	1	(literary) to dispute
較|较|jiao4	2	compared to
較|较|jiao4	3	(before an adjective) relatively; comparatively; rather
較|较|jiao4	4	also pr. [jiao3]
載|载|zai3	0	to record in writing
載|载|zai3	1	to carry (i.e. publish in a newspaper etc)
載|载|zai3	2	Taiwan pr. [zai4]
載|载|zai3	3	year
載|载|zai4	0	to carry
載|载|zai4	1	to convey
載|载|zai4	2	to load
載|载|zai4	3	to hold
載|载|zai4	4	to fill up
載|载|zai4	5	and
載|载|zai4	6	also
載|载|zai4	7	as well as
載|载|zai4	8	simultaneously
輕|轻|qing1	0	light
輕|轻|qing1	1	easy
輕|轻|qing1	2	gentle
輕|轻|qing1	3	soft
輕|轻|qing1	4	reckless
輕|轻|qing1	5	unimportant
輕|轻|qing1	6	frivolous
輕|轻|qing1	7	small in number
輕|轻|qing1	8	unstressed
輕|轻|qing1	9	neutral
輕|轻|qing1	10	to disparage
輛|辆|liang4	0	classifier for vehicles
輪|轮|lun2	0	wheel; disk; ring
輪|轮|lun2	1	steamship
輪|轮|lun2	2	to take turns; to rotate
輪|轮|lun2	3	classifier for big round objects: disk, or recurring events: round, turn
轉|转|zhuan3	0	to turn
轉|转|zhuan3	1	to change direction
轉|转|zhuan3	2	to transfer
轉|转|zhuan3	3	to forward (mail)
轉|转|zhuan3	4	(Internet) to share (sb else's content)
轉|转|zhuan4	0	to revolve
轉|转|zhuan4	1	to turn
轉|转|zhuan4	2	to circle about
轉|转|zhuan4	3	to walk about
轉|转|zhuan4	4	classifier for revolutions (per minute etc): revs, rpm
轉|转|zhuan4	5	classifier for repeated actions
轉移|转移|zhuan3 yi2	0	to shift; to relocate; to transfer
轉移|转移|zhuan3 yi2	1	(fig.) to shift (attention); to change (the subject etc)
轉移|转移|zhuan3 yi2	2	(medicine) to metastasize
辦|办|ban4	0	to take care of (a matter); to deal with (a task, procedure etc); to organize (an event)
辦|办|ban4	1	to establish; to set up; to manage; to run (an enterprise)
辦|办|ban4	2	(law) to handle; to investigate; to prosecute (a case or suspect)
辦|办|ban4	3	(bound form) office (as in 招辦|招办[zhao1 ban4], admissions office) (abbr. for 辦公室|办公室[ban4 gong1 shi4])
辦公室|办公室|ban4 gong1 shi4	0	office; business premises
辦法|办法|ban4 fa3	0	way of handling sth; means; measure; (practical) solution to a problem
辦法|办法|ban4 fa3	1	CL:條|条[tiao2]
辭職|辞职|ci2 zhi2	0	to resign
迅速|迅速|xun4 su4	0	rapid
迅速|迅速|xun4 su4	1	speedy
迅速|迅速|xun4 su4	2	fast
近|近|jin4	0	near
近|近|jin4	1	close to
近|近|jin4	2	approximately
返回|返回|fan3 hui2	0	to return to
返回|返回|fan3 hui2	1	to come (or go) back
迪|迪|di2	0	to enlighten
迴|回|hui2	0	to curve
迴|回|hui2	1	to return
迴|回|hui2	2	to revolve
追|追|dui1	0	to sculpt
追|追|dui1	1	to carve
追|追|dui1	2	musical instrument (old)
追|追|zhui1	0	to chase
追|追|zhui1	1	to pursue
追|追|zhui1	2	to look into
追|追|zhui1	3	to investigate
追|追|zhui1	4	to reminisce
追|追|zhui1	5	to recall
追|追|zhui1	6	to court (one's beloved)
追|追|zhui1	7	to binge-watch (a TV drama)
追|追|zhui1	8	retroactively
追|追|zhui1	9	posthumously
退|退|tui4	0	to retreat; to withdraw
退|退|tui4	1	to reject; to return (sth)
退|退|tui4	2	to decline
退出|退出|tui4 chu1	0	to withdraw
退出|退出|tui4 chu1	1	to abort
退出|退出|tui4 chu1	2	to quit
退出|退出|tui4 chu1	3	to log out (computing)
送|送|song4	0	to send; to deliver; to transmit
送|送|song4	1	to give (as a present)
送|送|song4	2	to see (sb) off
送|送|song4	3	to accompany; to go along with
逃|逃|tao2	0	to escape
逃|逃|tao2	1	to run away
逃|逃|tao2	2	to flee
逐漸|逐渐|zhu2 jian4	0	gradually
這|这|zhe4	0	(pronoun) this; these
這|这|zhe4	1	(bound form) this; the (followed by a noun)
這|这|zhe4	2	(bound form) this; these (followed by a classifier) (in this sense, commonly pr. [zhei4], esp. in Beijing)
這|这|zhei4	0	(coll.) this
這些|这些|zhe4 xie1	0	these
這個|这个|zhe4 ge5	0	(pronoun) this
這個|这个|zhe4 ge5	1	(adjective) this
這樣|这样|zhe4 yang4	0	this way; like this; so
這樣|这样|zhe4 yang4	1	(before a noun) this kind of; such
這種|这种|zhe4 zhong3	0	this kind of
這裡|这里|zhe4 li3	0	here
通|通|tong1	0	to go through
通|通|tong1	1	to know well
通|通|tong1	2	(suffix) expert
通|通|tong1	3	to connect
通|通|tong1	4	to communicate
通|通|tong1	5	open
通|通|tong1	6	to clear
通|通|tong1	7	classifier for letters, telegrams, phone calls etc
通|通|tong4	0	classifier for an activity, taken in its entirety (tirade of abuse, stint of music playing, bout of drinking etc)
通常|通常|tong1 chang2	0	regular; usual; normal
通常|通常|tong1 chang2	1	usually; normally
通知|通知|tong1 zhi1	0	to notify
通知|通知|tong1 zhi1	1	to inform
通知|通知|tong1 zhi1	2	notice
通知|通知|tong1 zhi1	3	notification
通知|通知|tong1 zhi1	4	CL:個|个[ge4]
通過|通过|tong1 guo4	0	to pass through; to get through
通過|通过|tong1 guo4	1	to adopt (a resolution); to pass (legislation)
通過|通过|tong1 guo4	2	to pass (a test)
通過|通过|tong1 guo4	3	by means of; through; via
速度|速度|su4 du4	0	speed; rate; velocity; (music) tempo
造|造|zao4	0	to make
造|造|zao4	1	to build
造|造|zao4	2	to manufacture
造|造|zao4	3	to invent
造|造|zao4	4	to fabricate
造|造|zao4	5	to go to
造|造|zao4	6	party (in a lawsuit or legal agreement)
造|造|zao4	7	crop
造|造|zao4	8	classifier for crops
造成|造成|zao4 cheng2	0	to bring about; to create; to cause
連|连|lian2	0	to link
連|连|lian2	1	to join
連|连|lian2	2	to connect
連|连|lian2	3	continuously
連|连|lian2	4	in succession
連|连|lian2	5	including
連|连|lian2	6	(used with 也[ye3], 都[dou1] etc) even
連|连|lian2	7	company (military)
連接|连接|lian2 jie1	0	to link; to join; to connect
連續|连续|lian2 xu4	0	continuous
連續|连续|lian2 xu4	1	in a row
連續|连续|lian2 xu4	2	serial
連續|连续|lian2 xu4	3	consecutive
逮捕|逮捕|dai4 bu3	0	to arrest; to apprehend; to take into custody
逮捕|逮捕|dai4 bu3	1	Taiwan pr. [dai3bu3]
週|周|zhou1	0	week
週|周|zhou1	1	weekly
週|周|zhou1	2	variant of 周[zhou1]
週年|周年|zhou1 nian2	0	anniversary
週年|周年|zhou1 nian2	1	annual
進|进|jin4	0	to go forward
進|进|jin4	1	to advance
進|进|jin4	2	to go in
進|进|jin4	3	to enter
進|进|jin4	4	to put in
進|进|jin4	5	to submit
進|进|jin4	6	to take in
進|进|jin4	7	to admit
進|进|jin4	8	(math.) base of a number system
進|进|jin4	9	classifier for sections in a building or residential compound
進一步|进一步|jin4 yi1 bu4	0	to go a step further
進一步|进一步|jin4 yi1 bu4	1	(develop, understand, improve etc) more; further
進入|进入|jin4 ru4	0	to enter
進入|进入|jin4 ru4	1	to join
進入|进入|jin4 ru4	2	to go into
進攻|进攻|jin4 gong1	0	to attack
進攻|进攻|jin4 gong1	1	to assault
進攻|进攻|jin4 gong1	2	to go on the offensive
進攻|进攻|jin4 gong1	3	attack
進攻|进攻|jin4 gong1	4	assault
進攻|进攻|jin4 gong1	5	offense (sports)
進步|进步|jin4 bu4	0	progress; improvement
進步|进步|jin4 bu4	1	to improve; to progress
進行|进行|jin4 xing2	0	(of a process etc) to proceed; to be in progress; to be underway
進行|进行|jin4 xing2	1	(of people) to carry out; to conduct (an investigation or discussion etc)
進行|进行|jin4 xing2	2	(of an army etc) to be on the march; to advance
逼|逼|bi1	0	to force (sb to do sth)
逼|逼|bi1	1	to compel
逼|逼|bi1	2	to press for
逼|逼|bi1	3	to extort
逼|逼|bi1	4	to press on towards
逼|逼|bi1	5	to press up to
逼|逼|bi1	6	to close in on
逼|逼|bi1	7	euphemistic variant of 屄[bi1]
遇到|遇到|yu4 dao4	0	to meet; to run into; to come across
遊|游|you2	0	to walk
遊|游|you2	1	to tour
遊|游|you2	2	to roam
遊|游|you2	3	to travel
遊戲|游戏|you2 xi4	0	game (CL:場|场[chang3])
遊戲|游戏|you2 xi4	1	to play
運|运|yun4	0	to move
運|运|yun4	1	to transport
運|运|yun4	2	to use
運|运|yun4	3	to apply
運|运|yun4	4	fortune
運|运|yun4	5	luck
運|运|yun4	6	fate
運動|运动|yun4 dong4	0	to move
運動|运动|yun4 dong4	1	to exercise
運動|运动|yun4 dong4	2	sports
運動|运动|yun4 dong4	3	exercise
運動|运动|yun4 dong4	4	motion
運動|运动|yun4 dong4	5	movement
運動|运动|yun4 dong4	6	campaign
運動|运动|yun4 dong4	7	CL:場|场[chang3]
運動員|运动员|yun4 dong4 yuan2	0	athlete
運動員|运动员|yun4 dong4 yuan2	1	CL:名[ming2],個|个[ge4]
過|过|guo4	0	to cross
過|过|guo4	1	to go over
過|过|guo4	2	to pass (time)
過|过|guo4	3	to celebrate (a holiday)
過|过|guo4	4	to live
過|过|guo4	5	to get along
過|过|guo4	6	excessively
過|过|guo4	7	too-
過|过|guo5	0	(experienced action marker)
過去|过去|guo4 qu4	0	(in the) past; former; previous
過去|过去|guo4 qu4	1	to go over; to pass by
過去|过去|guo4 qu5	0	(verb suffix)
過程|过程|guo4 cheng2	0	course of events; process
道|道|dao4	0	road; path (CL:條|条[tiao2],股[gu3])
道|道|dao4	1	(bound form) way; reason; principle
道|道|dao4	2	(bound form) a skill; an art; a specialization
道|道|dao4	3	(Daoism) the Way; the Dao
道|道|dao4	4	to say (introducing a direct quotation, as in a novel)
道|道|dao4	5	(bound form) to express; to extend (polite words)
道|道|dao4	6	classifier for long thin things (rivers, cracks, shadows etc), barriers (walls, doors etc), questions (in an exam etc), commands, courses in a meal, steps in a process
道|道|dao4	7	(old) circuit (administrative division)
道德|道德|dao4 de2	0	virtue
道德|道德|dao4 de2	1	morality
道德|道德|dao4 de2	2	ethics
道德|道德|dao4 de2	3	CL:種|种[zhong3]
道路|道路|dao4 lu4	0	road
道路|道路|dao4 lu4	1	path
道路|道路|dao4 lu4	2	way
道路|道路|dao4 lu4	3	CL:條|条[tiao2]
達|达|da2	0	to attain
達|达|da2	1	to reach
達|达|da2	2	to amount to
達|达|da2	3	to communicate
達|达|da2	4	eminent
達到|达到|da2 dao4	0	to reach; to achieve; to attain
達成|达成|da2 cheng2	0	to reach (an agreement)
達成|达成|da2 cheng2	1	to accomplish
遠|远|yuan3	0	far
遠|远|yuan3	1	distant
遠|远|yuan3	2	remote
遠|远|yuan3	3	(intensifier in a comparison) by far
遠|远|yuan3	4	much (lower etc)
遠|远|yuan4	0	to distance oneself from (classical)
適合|适合|shi4 he2	0	to fit; to suit
遭|遭|zao1	0	to suffer; to meet with (usu. misfortune)
遭|遭|zao1	1	classifier for events: time, turn, incident
遭到|遭到|zao1 dao4	0	to suffer
遭到|遭到|zao1 dao4	1	to meet with (sth unfortunate)
選|选|xuan3	0	to choose
選|选|xuan3	1	to pick
選|选|xuan3	2	to select
選|选|xuan3	3	to elect
選手|选手|xuan3 shou3	0	athlete
選手|选手|xuan3 shou3	1	contestant
選擇|选择|xuan3 ze2	0	to select; to pick
選擇|选择|xuan3 ze2	1	choice; option; alternative
選舉|选举|xuan3 ju3	0	to elect
選舉|选举|xuan3 ju3	1	election
選舉|选举|xuan3 ju3	2	CL:次[ci4],個|个[ge4]
避免|避免|bi4 mian3	0	to avert
避免|避免|bi4 mian3	1	to prevent
避免|避免|bi4 mian3	2	to avoid
避免|避免|bi4 mian3	3	to refrain from
邀請|邀请|yao1 qing3	0	to invite
邀請|邀请|yao1 qing3	1	invitation
邀請|邀请|yao1 qing3	2	CL:個|个[ge4]
還|还|hai2	0	still
還|还|hai2	1	still in progress
還|还|hai2	2	still more
還|还|hai2	3	yet
還|还|hai2	4	even more
還|还|hai2	5	in addition
還|还|hai2	6	fairly
還|还|hai2	7	passably (good)
還|还|hai2	8	as early as
還|还|hai2	9	even
還|还|hai2	10	also
還|还|hai2	11	else
還|还|huan2	0	to pay back
還|还|huan2	1	to return
還是|还是|hai2 shi5	0	still (as before)
還是|还是|hai2 shi5	1	had better
還是|还是|hai2 shi5	2	unexpectedly
還是|还是|hai2 shi5	3	or
還有|还有|hai2 you3	0	there still remain(s); there is (or are) still
還有|还有|hai2 you3	1	in addition
邊|边|bian1	0	side
邊|边|bian1	1	edge
邊|边|bian1	2	margin
邊|边|bian1	3	border
邊|边|bian1	4	boundary
邊|边|bian1	5	CL:個|个[ge4]
邊|边|bian1	6	simultaneously
邊|边|bian5	0	suffix of a noun of locality
那|那|na4	0	(specifier) that; the; those (colloquial pr. [nei4])
那|那|na4	1	(pronoun) that (referring to persons, things or situations)
那|那|na4	2	then (in that case)
那|那|nuo2	0	(archaic) many
那|那|nuo2	1	beautiful
那|那|nuo2	2	how
那|那|nuo2	3	old variant of 挪[nuo2]
那些|那些|na4 xie1	0	those
那個|那个|na4 ge5	0	that one
那個|那个|na4 ge5	1	that thing
那個|那个|na4 ge5	2	that (as opposed to this)
那個|那个|na4 ge5	3	(used before a verb or adjective for emphasis)
那個|那个|na4 ge5	4	(used to humorously or indirectly refer to sth embarrassing, funny etc, or when one can't think of the right word)
那個|那个|na4 ge5	5	(used in speech as a filler, similar to "umm", "you know" etc)
那個|那个|na4 ge5	6	(euph.) menstruation
那個|那个|na4 ge5	7	sex
那個|那个|na4 ge5	8	also pr. [nei4 ge5]
那樣|那样|na4 yang4	0	that kind
那樣|那样|na4 yang4	1	that sort
那裏|那里|na4 li5	0	there; that place
那裡|那里|na4 li5	0	there; that place
那麼|那么|na4 me5	0	like that; in that way; to that extent
那麼|那么|na4 me5	1	(before a number) ... or so; about ...
那麼|那么|na4 me5	2	then; in that case
郎|郎|lang2	0	(arch.) minister
郎|郎|lang2	1	official
郎|郎|lang2	2	noun prefix denoting function or status
郎|郎|lang2	3	a youth
郡|郡|jun4	0	canton
郡|郡|jun4	1	county
郡|郡|jun4	2	region
部|部|bu4	0	ministry
部|部|bu4	1	department
部|部|bu4	2	section
部|部|bu4	3	part
部|部|bu4	4	division
部|部|bu4	5	troops
部|部|bu4	6	board
部|部|bu4	7	classifier for works of literature, films, machines etc
部分|部分|bu4 fen5	0	part; portion; piece
部分|部分|bu4 fen5	1	Taiwan pr. [bu4fen4]
部落|部落|bu4 luo4	0	tribe
部長|部长|bu4 zhang3	0	head of a (government etc) department
部長|部长|bu4 zhang3	1	section chief
部長|部长|bu4 zhang3	2	section head
部長|部长|bu4 zhang3	3	secretary
部長|部长|bu4 zhang3	4	minister
部長|部长|bu4 zhang3	5	CL:個|个[ge4],位[wei4],名[ming2]
部門|部门|bu4 men2	0	department
部門|部门|bu4 men2	1	branch
部門|部门|bu4 men2	2	section
部門|部门|bu4 men2	3	division
部門|部门|bu4 men2	4	CL:個|个[ge4]
部隊|部队|bu4 dui4	0	army
部隊|部队|bu4 dui4	1	armed forces
部隊|部队|bu4 dui4	2	troops
部隊|部队|bu4 dui4	3	force
部隊|部队|bu4 dui4	4	unit
部隊|部队|bu4 dui4	5	CL:個|个[ge4]
都|都|dou1	0	all; both; entirely
都|都|dou1	1	(used for emphasis) even
都|都|dou1	2	already
都|都|dou1	3	(not) at all
都|都|du1	0	capital city
都|都|du1	1	metropolis
配|配|pei4	0	to join
配|配|pei4	1	to fit
配|配|pei4	2	to mate
配|配|pei4	3	to mix
配|配|pei4	4	to match
配|配|pei4	5	to deserve
配|配|pei4	6	to make up (a prescription)
配|配|pei4	7	to allocate
配合|配合|pei4 he2	0	matching
配合|配合|pei4 he2	1	fitting in with
配合|配合|pei4 he2	2	compatible with
配合|配合|pei4 he2	3	to correspond
配合|配合|pei4 he2	4	to fit
配合|配合|pei4 he2	5	to conform to
配合|配合|pei4 he2	6	rapport
配合|配合|pei4 he2	7	to coordinate with
配合|配合|pei4 he2	8	to act in concert with
配合|配合|pei4 he2	9	to cooperate
配合|配合|pei4 he2	10	to become man and wife
配合|配合|pei4 he2	11	to combine parts of machine
酒|酒|jiu3	0	wine (esp. rice wine)
酒|酒|jiu3	1	liquor
酒|酒|jiu3	2	spirits
酒|酒|jiu3	3	alcoholic beverage
酒|酒|jiu3	4	CL:杯[bei1],瓶[ping2],罐[guan4],桶[tong3],缸[gang1]
酒店|酒店|jiu3 dian4	0	wine shop
酒店|酒店|jiu3 dian4	1	pub (public house)
酒店|酒店|jiu3 dian4	2	hotel
酒店|酒店|jiu3 dian4	3	restaurant
酒店|酒店|jiu3 dian4	4	(Tw) hostess club
酸|酸|suan1	0	sour
酸|酸|suan1	1	tart
酸|酸|suan1	2	sick at heart
酸|酸|suan1	3	grieved
酸|酸|suan1	4	sore
酸|酸|suan1	5	aching
酸|酸|suan1	6	pedantic
酸|酸|suan1	7	impractical
酸|酸|suan1	8	to make sarcastic remarks about sb
酸|酸|suan1	9	an acid
醫學|医学|yi1 xue2	0	medicine
醫學|医学|yi1 xue2	1	medical science
醫學|医学|yi1 xue2	2	study of medicine
醫生|医生|yi1 sheng1	0	doctor; medical practitioner
醫療|医疗|yi1 liao2	0	medical treatment
醫院|医院|yi1 yuan4	0	hospital
醫院|医院|yi1 yuan4	1	CL:所[suo3],家[jia1],座[zuo4]
釋放|释放|shi4 fang4	0	to release (a prisoner); to set free
釋放|释放|shi4 fang4	1	to release (energy, gas, resources); to express (emotions, goodwill, intentions)
里|里|li3	0	li, ancient measure of length, approx. 500 m
里|里|li3	1	neighborhood
里|里|li3	2	ancient administrative unit of 25 families
里|里|li3	3	(Tw) borough, administrative unit between the township 鎮|镇[zhen4] and neighborhood 鄰|邻[lin2] levels
重|重|chong2	0	to repeat
重|重|chong2	1	repetition
重|重|chong2	2	again
重|重|chong2	3	re-
重|重|chong2	4	classifier: layer
重|重|zhong4	0	heavy
重|重|zhong4	1	serious
重|重|zhong4	2	to attach importance to
重大|重大|zhong4 da4	0	great
重大|重大|zhong4 da4	1	important
重大|重大|zhong4 da4	2	major
重大|重大|zhong4 da4	3	significant
重新|重新|chong2 xin1	0	again; once more; re-
重複|重复|chong2 fu4	0	to repeat
重複|重复|chong2 fu4	1	to duplicate
重複|重复|chong2 fu4	2	CL:個|个[ge4]
重要|重要|zhong4 yao4	0	important; significant; major
重點|重点|chong2 dian3	0	to recount (e.g. results of election)
重點|重点|chong2 dian3	1	to re-evaluate
重點|重点|zhong4 dian3	0	important point; main point; focus
重點|重点|zhong4 dian3	1	key (project etc)
重點|重点|zhong4 dian3	2	to focus on; to put the emphasis on
野|野|ye3	0	field
野|野|ye3	1	plain
野|野|ye3	2	open space
野|野|ye3	3	limit
野|野|ye3	4	boundary
野|野|ye3	5	rude
野|野|ye3	6	feral
量|量|liang2	0	to measure
量|量|liang4	0	capacity
量|量|liang4	1	quantity
量|量|liang4	2	amount
量|量|liang4	3	to estimate
量|量|liang4	4	abbr. for 量詞|量词[liang4 ci2], classifier (in Chinese grammar)
量|量|liang4	5	measure word
金屬|金属|jin1 shu3	0	metal
金屬|金属|jin1 shu3	1	CL:種|种[zhong3]
針對|针对|zhen1 dui4	0	to target; to focus on; to be aimed at or against; in response to
銀|银|yin2	0	silver
銀|银|yin2	1	silver-colored
銀|银|yin2	2	relating to money or currency
銀行|银行|yin2 hang2	0	bank
銀行|银行|yin2 hang2	1	CL:家[jia1],個|个[ge4]
銷售|销售|xiao1 shou4	0	to sell
銷售|销售|xiao1 shou4	1	to market
銷售|销售|xiao1 shou4	2	sales (representative, agreement etc)
錄|录|lu4	0	diary
錄|录|lu4	1	record
錄|录|lu4	2	to hit
錄|录|lu4	3	to copy
錢|钱|qian2	0	coin
錢|钱|qian2	1	money
錢|钱|qian2	2	CL:筆|笔[bi3]
錢|钱|qian2	3	unit of weight, one tenth of a tael 兩|两[liang3]
錯|错|cuo4	0	mistake
錯|错|cuo4	1	wrong
錯|错|cuo4	2	bad
錯|错|cuo4	3	interlocking
錯|错|cuo4	4	complex
錯|错|cuo4	5	to grind
錯|错|cuo4	6	to polish
錯|错|cuo4	7	to alternate
錯|错|cuo4	8	to stagger
錯|错|cuo4	9	to miss
錯|错|cuo4	10	to let slip
錯|错|cuo4	11	to evade
錯|错|cuo4	12	to inlay with gold or silver
錯誤|错误|cuo4 wu4	0	mistaken; false; wrong
錯誤|错误|cuo4 wu4	1	error; mistake
錯誤|错误|cuo4 wu4	2	CL:個|个[ge4]
鍾|钟|zhong1	0	handleless cup; goblet
鍾|钟|zhong1	1	(bound form) to concentrate (one's affection etc)
鍾|钟|zhong1	2	variant of 鐘|钟[zhong1]
鎮|镇|zhen4	0	to press down
鎮|镇|zhen4	1	to calm
鎮|镇|zhen4	2	to subdue
鎮|镇|zhen4	3	to suppress
鎮|镇|zhen4	4	to guard
鎮|镇|zhen4	5	garrison
鎮|镇|zhen4	6	small town
鎮|镇|zhen4	7	to cool or chill (food or drinks)
鏡|镜|jing4	0	mirror
鏡|镜|jing4	1	lens
鐘|钟|zhong1	0	a (large) bell (CL:架[jia4])
鐘|钟|zhong1	1	clock (CL:座[zuo4])
鐘|钟|zhong1	2	amount of time; o'clock (CL:點|点[dian3],分[fen1],秒[miao3]) (as in 三點鐘|三点钟[san1 dian3 zhong1] "three o'clock" or "three hours" or 五分鐘|五分钟[wu3 fen1 zhong1] "five minutes" etc)
鐵|铁|tie3	0	iron (metal)
鐵|铁|tie3	1	arms
鐵|铁|tie3	2	weapons
鐵|铁|tie3	3	hard
鐵|铁|tie3	4	strong
鐵|铁|tie3	5	violent
鐵|铁|tie3	6	unshakeable
鐵|铁|tie3	7	determined
鐵|铁|tie3	8	close
鐵|铁|tie3	9	tight (slang)
長|长|chang2	0	long
長|长|chang2	1	(bound form) length
長|长|chang2	2	(bound form) strong point; forte
長|长|chang2	3	(bound form) to be good at
長|长|chang2	4	(literary) surplus; spare (Taiwan pr. [zhang4])
長|长|zhang3	0	chief
長|长|zhang3	1	head
長|长|zhang3	2	elder
長|长|zhang3	3	to grow
長|长|zhang3	4	to develop
長|长|zhang3	5	to increase
長|长|zhang3	6	to enhance
長官|长官|zhang3 guan1	0	senior official
長官|长官|zhang3 guan1	1	senior officer
長官|长官|zhang3 guan1	2	commanding officer
長官|长官|zhang3 guan1	3	CL:位[wei4]
長官|长官|zhang3 guan1	4	sir (term of address for senior officer)
長期|长期|chang2 qi1	0	long-term; for a protracted period
門|门|men2	0	gate; door; doorway; gateway; opening (CL:扇[shan4])
門|门|men2	1	valve; switch; other door-like or gate-like structure
門|门|men2	2	way to do sth; knack; method; approach
門|门|men2	3	family; household; lineage
門|门|men2	4	(bound form) sect; school; faction (religious or academic)
門|门|men2	5	(bound form) class; category; division; phylum
門|门|men2	6	classifier for courses, fields of study, branches of technology, relatives by marriage, guns etc
門|门|men2	7	(suffix) -gate (scandal)
開|开|kai1	0	to open (transitive or intransitive)
開|开|kai1	1	(of ships, vehicles, troops etc) to start
開|开|kai1	2	to turn on; to put in operation; to operate; to run
開|开|kai1	3	to boil
開|开|kai1	4	to write out (a prescription, check, invoice etc)
開|开|kai1	5	(directional complement) away; off
開|开|kai1	6	carat (gold)
開|开|kai1	7	abbr. for Kelvin, 開爾文|开尔文[Kai1 er3 wen2]
開|开|kai1	8	abbr. for 開本|开本[kai1 ben3], book format
開始|开始|kai1 shi3	0	to begin; to start
開始|开始|kai1 shi3	1	beginning; start
開放|开放|kai1 fang4	0	to bloom
開放|开放|kai1 fang4	1	to open
開放|开放|kai1 fang4	2	to be open (to the public)
開放|开放|kai1 fang4	3	to open up (to the outside)
開放|开放|kai1 fang4	4	to be open-minded
開放|开放|kai1 fang4	5	unrestrained by convention
開放|开放|kai1 fang4	6	unconstrained in one's sexuality
間|间|jian1	0	between
間|间|jian1	1	among
間|间|jian1	2	within a definite time or space
間|间|jian1	3	room
間|间|jian1	4	section of a room or lateral space between two pairs of pillars
間|间|jian1	5	classifier for rooms
間|间|jian4	0	gap
間|间|jian4	1	to separate
間|间|jian4	2	to thin out (seedlings)
間|间|jian4	3	to sow discontent
關|关|guan1	0	mountain pass
關|关|guan1	1	to close; to shut; to turn off
關|关|guan1	2	to confine; to lock (sb) up; to shut (sb in a room, a bird in a cage etc)
關|关|guan1	3	to concern; to involve
關係|关系|guan1 xi5	0	relation
關係|关系|guan1 xi5	1	relationship
關係|关系|guan1 xi5	2	to concern
關係|关系|guan1 xi5	3	to affect
關係|关系|guan1 xi5	4	to have to do with
關係|关系|guan1 xi5	5	guanxi
關係|关系|guan1 xi5	6	CL:個|个[ge4]
關於|关于|guan1 yu2	0	pertaining to
關於|关于|guan1 yu2	1	concerning
關於|关于|guan1 yu2	2	with regard to
關於|关于|guan1 yu2	3	about
關於|关于|guan1 yu2	4	a matter of
關注|关注|guan1 zhu4	0	to pay attention to; to follow sth closely; to follow (on social media)
關注|关注|guan1 zhu4	1	concern; interest; attention
關鍵|关键|guan1 jian4	0	crucial point
關鍵|关键|guan1 jian4	1	crux
關鍵|关键|guan1 jian4	2	CL:個|个[ge4]
關鍵|关键|guan1 jian4	3	key
關鍵|关键|guan1 jian4	4	crucial
關鍵|关键|guan1 jian4	5	pivotal
關閉|关闭|guan1 bi4	0	to close; to shut (a window etc)
關閉|关闭|guan1 bi4	1	(of a shop, school etc) to shut down
防|防|fang2	0	to protect
防|防|fang2	1	to defend
防|防|fang2	2	to guard against
防|防|fang2	3	to prevent
阻止|阻止|zu3 zhi3	0	to prevent
阻止|阻止|zu3 zhi3	1	to block
阿|阿|a1	0	prefix used before monosyllabic names, kinship terms etc to indicate familiarity
阿|阿|a1	1	used in transliteration
阿|阿|a1	2	(bound form) Afghanistan (abbr. for 阿富汗[A1 fu4 han4])
阿|阿|a1	3	(bound form) Albania (abbr. for 阿爾巴尼亞|阿尔巴尼亚[A1 er3 ba1 ni2 ya4])
阿|阿|a1	4	(bound form) Algeria (abbr. for 阿爾及利亞|阿尔及利亚[A1 er3 ji2 li4 ya4])
阿|阿|a1	5	(bound form) Argentina (abbr. for 阿根廷[A1 gen1 ting2])
阿|阿|a1	6	also pr. [a4]
阿|阿|e1	0	(literary) to flatter; to curry favor with
附近|附近|fu4 jin4	0	nearby; neighboring
附近|附近|fu4 jin4	1	(in the) vicinity (of); neighborhood
降|降|jiang4	0	to drop
降|降|jiang4	1	to fall
降|降|jiang4	2	to come down
降|降|jiang4	3	to descend
降|降|xiang2	0	to surrender; to capitulate
降|降|xiang2	1	to subdue; to conquer; to tame
限制|限制|xian4 zhi4	0	to restrict
限制|限制|xian4 zhi4	1	to limit
限制|限制|xian4 zhi4	2	to confine
限制|限制|xian4 zhi4	3	restriction
限制|限制|xian4 zhi4	4	limit
限制|限制|xian4 zhi4	5	CL:個|个[ge4]
院|院|yuan4	0	courtyard
院|院|yuan4	1	institution
院|院|yuan4	2	CL:個|个[ge4]
除|除|chu2	0	to get rid of
除|除|chu2	1	to remove
除|除|chu2	2	to exclude
除|除|chu2	3	to eliminate
除|除|chu2	4	to wipe out
除|除|chu2	5	to divide
除|除|chu2	6	except
除|除|chu2	7	not including
除了|除了|chu2 le5	0	apart from; besides; in addition to (used to exclude, as in 除了他，誰也沒來|除了他，谁也没来[chu2 le5 ta1 , shei2 ye3 mei2 lai2] "apart from him, nobody came", or to include, as in 除了英語，他也會法語|除了英语，他也会法语[chu2 le5 Ying1 yu3 , ta1 ye3 hui4 Fa3 yu3] "in addition to English, he also knows French")
除了|除了|chu2 le5	1	(used to introduce one of two habitual alternatives in the pattern 除了[chu2 le5] + A + 就是[jiu4 shi4] + B, "either A or B")
陳|陈|chen2	0	(bound form) to lay out; to exhibit; to display
陳|陈|chen2	1	(bound form) to narrate; to state; to explain; to tell
陳|陈|chen2	2	old; stale
陷入|陷入|xian4 ru4	0	to sink into
陷入|陷入|xian4 ru4	1	to get caught up in
陷入|陷入|xian4 ru4	2	to land in (a predicament)
隆|隆|long1	0	sound of drums
隆|隆|long2	0	grand
隆|隆|long2	1	intense
隆|隆|long2	2	prosperous
隆|隆|long2	3	to swell
隆|隆|long2	4	to bulge
隊|队|dui4	0	squadron
隊|队|dui4	1	team
隊|队|dui4	2	group
隊|队|dui4	3	CL:個|个[ge4]
隊伍|队伍|dui4 wu3	0	ranks
隊伍|队伍|dui4 wu3	1	troops
隊伍|队伍|dui4 wu3	2	queue
隊伍|队伍|dui4 wu3	3	line
隊伍|队伍|dui4 wu3	4	procession
隊伍|队伍|dui4 wu3	5	CL:個|个[ge4],支[zhi1],條|条[tiao2]
階段|阶段|jie1 duan4	0	stage
階段|阶段|jie1 duan4	1	section
階段|阶段|jie1 duan4	2	phase
階段|阶段|jie1 duan4	3	period
階段|阶段|jie1 duan4	4	CL:個|个[ge4]
隔|隔|ge2	0	to separate
隔|隔|ge2	1	to partition
隔|隔|ge2	2	to stand or lie between
隔|隔|ge2	3	at a distance from
隔|隔|ge2	4	after or at an interval of
隧道|隧道|sui4 dao4	0	tunnel
隨|随|sui2	0	to follow
隨|随|sui2	1	to comply with
隨|随|sui2	2	varying according to...
隨|随|sui2	3	to allow
隨|随|sui2	4	subsequently
隨著|随着|sui2 zhe5	0	along with
隨著|随着|sui2 zhe5	1	in the wake of
隨著|随着|sui2 zhe5	2	following
隻|只|zhi1	0	classifier for birds and certain animals, one of a pair, some utensils, vessels etc
集|集|ji2	0	to gather
集|集|ji2	1	to collect
集|集|ji2	2	collected works
集|集|ji2	3	classifier for sections of a TV series etc: episode
集中|集中|ji2 zhong1	0	to concentrate
集中|集中|ji2 zhong1	1	to centralize
集中|集中|ji2 zhong1	2	to focus
集中|集中|ji2 zhong1	3	centralized
集中|集中|ji2 zhong1	4	concentrated
集中|集中|ji2 zhong1	5	to put together
集合|集合|ji2 he2	0	to gather; to assemble
集合|集合|ji2 he2	1	(math.) set
集團|集团|ji2 tuan2	0	group
集團|集团|ji2 tuan2	1	bloc
集團|集团|ji2 tuan2	2	corporation
集團|集团|ji2 tuan2	3	conglomerate
雖然|虽然|sui1 ran2	0	although; even though (often used correlatively with 可是[ke3 shi4] or 但是[dan4 shi4] etc)
雙方|双方|shuang1 fang1	0	bilateral
雙方|双方|shuang1 fang1	1	both sides
雙方|双方|shuang1 fang1	2	both parties involved
雜誌|杂志|za2 zhi4	0	magazine
雜誌|杂志|za2 zhi4	1	CL:本[ben3],份[fen4],期[qi1]
雞|鸡|ji1	0	fowl
雞|鸡|ji1	1	chicken
雞|鸡|ji1	2	CL:隻|只[zhi1]
雞|鸡|ji1	3	(slang) prostitute
離|离|li2	0	to leave
離|离|li2	1	to part from
離|离|li2	2	to be away from
離|离|li2	3	(in giving distances) from
離|离|li2	4	without (sth)
離|离|li2	5	independent of
離|离|li2	6	one of the Eight Trigrams 八卦[ba1 gua4], symbolizing fire
離|离|li2	7	☲
離婚|离婚|li2 hun1	0	to divorce
離開|离开|li2 kai1	0	to depart; to leave
難|难|nan2	0	difficult (to...)
難|难|nan2	1	problem
難|难|nan2	2	difficulty
難|难|nan2	3	difficult
難|难|nan2	4	not good
難|难|nan4	0	disaster
難|难|nan4	1	distress
難|难|nan4	2	to scold
難以|难以|nan2 yi3	0	hard to (predict, imagine etc)
雨|雨|yu3	0	rain
雨|雨|yu3	1	CL:陣|阵[zhen4],場|场[chang2]
雨|雨|yu4	0	(literary) to rain
雨|雨|yu4	1	(of rain, snow etc) to fall
雨|雨|yu4	2	to precipitate
雨|雨|yu4	3	to wet
雪|雪|xue3	0	snow
雪|雪|xue3	1	CL:場|场[chang2]
雪|雪|xue3	2	(literary) to wipe away (a humiliation etc)
零|零|ling2	0	zero
零|零|ling2	1	nought
零|零|ling2	2	zero sign
零|零|ling2	3	fractional
零|零|ling2	4	fragmentary
零|零|ling2	5	odd (of numbers)
零|零|ling2	6	(placed between two numbers to indicate a smaller quantity followed by a larger one)
零|零|ling2	7	fraction
零|零|ling2	8	(in mathematics) remainder (after division)
零|零|ling2	9	extra
零|零|ling2	10	to wither and fall
零|零|ling2	11	to wither
雷|雷|lei2	0	thunder
雷|雷|lei2	1	(bound form) (military) mine, as in 地雷[di4 lei2] land mine
雷|雷|lei2	2	(coll.) to shock; to stun; to astound
雷|雷|lei2	3	(Tw) (coll.) spoiler
雷|雷|lei2	4	(Tw) (coll.) to reveal plot details to (sb)
電子|电子|dian4 zi3	0	electronic
電子|电子|dian4 zi3	1	electron (particle physics)
電影|电影|dian4 ying3	0	movie; film
電影|电影|dian4 ying3	1	CL:部[bu4]
電腦|电脑|dian4 nao3	0	computer
電腦|电脑|dian4 nao3	1	CL:臺|台[tai2]
電視|电视|dian4 shi4	0	television; TV
電視|电视|dian4 shi4	1	CL:臺|台[tai2],部[bu4]
電視台|电视台|dian4 shi4 tai2	0	television station
電話|电话|dian4 hua4	0	telephone
電話|电话|dian4 hua4	1	CL:部[bu4]
電話|电话|dian4 hua4	2	phone call
電話|电话|dian4 hua4	3	CL:通[tong1]
電話|电话|dian4 hua4	4	phone number
需|需|xu1	0	to require
需|需|xu1	1	to need
需|需|xu1	2	to want
需|需|xu1	3	necessity
需|需|xu1	4	need
需要|需要|xu1 yao4	0	to need; to want; to demand; to require
需要|需要|xu1 yao4	1	needs
露|露|lou4	0	to show
露|露|lou4	1	to reveal
露|露|lou4	2	to betray
露|露|lou4	3	to expose
露|露|lu4	0	dew
露|露|lu4	1	syrup
露|露|lu4	2	nectar
露|露|lu4	3	outdoors (not under cover)
露|露|lu4	4	to show
露|露|lu4	5	to reveal
露|露|lu4	6	to betray
露|露|lu4	7	to expose
靈|灵|ling2	0	quick
靈|灵|ling2	1	alert
靈|灵|ling2	2	efficacious
靈|灵|ling2	3	effective
靈|灵|ling2	4	to come true
靈|灵|ling2	5	spirit
靈|灵|ling2	6	departed soul
靈|灵|ling2	7	coffin
靈魂|灵魂|ling2 hun2	0	soul
靈魂|灵魂|ling2 hun2	1	spirit
青|青|qing1	0	green
青|青|qing1	1	blue
青|青|qing1	2	black
青|青|qing1	3	youth
青|青|qing1	4	young (of people)
非|非|fei1	0	to not be; not
非|非|fei1	1	wrong; incorrect
非|非|fei1	2	non-; un-; in-; de-
非|非|fei1	3	to reproach; to blame
非|非|fei1	4	(coll.) to insist on; simply must
非常|非常|fei1 chang2	0	very; really
非常|非常|fei1 chang2	1	unusual; extraordinary
非法|非法|fei1 fa3	0	illegal
靠|靠|kao4	0	to lean against or on
靠|靠|kao4	1	to stand by the side of
靠|靠|kao4	2	to come near to
靠|靠|kao4	3	to depend on
靠|靠|kao4	4	to trust
靠|靠|kao4	5	to fuck (vulgar)
靠|靠|kao4	6	traditional military costume drama where the performers wear armor (old)
靠近|靠近|kao4 jin4	0	to be close to
靠近|靠近|kao4 jin4	1	to approach; to draw near
面對|面对|mian4 dui4	0	to face; to confront
革命|革命|ge2 ming4	0	to withdraw the mandate of heaven (and transition to a new dynasty) (original meaning)
革命|革命|ge2 ming4	1	revolution
革命|革命|ge2 ming4	2	revolutionary
革命|革命|ge2 ming4	3	to revolt (against sb or sth)
革命|革命|ge2 ming4	4	to revolutionize (sth)
革命|革命|ge2 ming4	5	(separable verb sometimes used in the pattern 革noun的命)
革命|革命|ge2 ming4	6	CL:次[ci4]
音|音|yin1	0	sound
音|音|yin1	1	noise
音|音|yin1	2	note (of musical scale)
音|音|yin1	3	tone
音|音|yin1	4	news
音|音|yin1	5	syllable
音|音|yin1	6	reading (phonetic value of a character)
音樂|音乐|yin1 yue4	0	music
音樂|音乐|yin1 yue4	1	CL:張|张[zhang1],曲[qu3],段[duan4]
頁|页|xie2	0	head
頁|页|ye4	0	page
頁|页|ye4	1	leaf
頂|顶|ding3	0	apex
頂|顶|ding3	1	crown of the head
頂|顶|ding3	2	top
頂|顶|ding3	3	roof
頂|顶|ding3	4	most
頂|顶|ding3	5	to carry on the head
頂|顶|ding3	6	to push to the top
頂|顶|ding3	7	to go against
頂|顶|ding3	8	to replace
頂|顶|ding3	9	to substitute
頂|顶|ding3	10	to be subjected to (an aerial bombing, hailstorm etc)
頂|顶|ding3	11	(slang) to "bump" a forum thread to raise its profile
頂|顶|ding3	12	classifier for headwear, hats, veils etc
項|项|xiang4	0	back of neck
項|项|xiang4	1	item
項|项|xiang4	2	thing
項|项|xiang4	3	term (in a mathematical formula)
項|项|xiang4	4	sum (of money)
項|项|xiang4	5	classifier for principles, items, clauses, tasks, research projects etc
項目|项目|xiang4 mu4	0	item; project; (sports) event
順|顺|shun4	0	to obey
順|顺|shun4	1	to follow
順|顺|shun4	2	to arrange
順|顺|shun4	3	to make reasonable
順|顺|shun4	4	along
順|顺|shun4	5	favorable
順利|顺利|shun4 li4	0	smoothly; without a hitch
頓|顿|dun4	0	to stop
頓|顿|dun4	1	to pause
頓|顿|dun4	2	to arrange
頓|顿|dun4	3	to lay out
頓|顿|dun4	4	to kowtow
頓|顿|dun4	5	to stamp (one's foot)
頓|顿|dun4	6	at once
頓|顿|dun4	7	classifier for meals, beatings, scoldings etc: time, bout, spell, meal
領|领|ling3	0	neck
領|领|ling3	1	collar
領|领|ling3	2	to lead
領|领|ling3	3	to receive
領|领|ling3	4	classifier for clothes, mats, screens etc
領域|领域|ling3 yu4	0	domain; sphere; field; territory; area
領導|领导|ling3 dao3	0	lead
領導|领导|ling3 dao3	1	leading
領導|领导|ling3 dao3	2	to lead
領導|领导|ling3 dao3	3	leadership
領導|领导|ling3 dao3	4	leader
領導|领导|ling3 dao3	5	CL:位[wei4],個|个[ge4]
領袖|领袖|ling3 xiu4	0	leader
頭|头|tou5	0	suffix for nouns
頻道|频道|pin2 dao4	0	frequency
頻道|频道|pin2 dao4	1	(television) channel
顆|颗|ke1	0	classifier for small spheres, pearls, corn grains, teeth, hearts, satellites etc
題|题|ti2	0	topic
題|题|ti2	1	problem for discussion
題|题|ti2	2	exam question
題|题|ti2	3	subject
題|题|ti2	4	to inscribe
題|题|ti2	5	to mention
題|题|ti2	6	CL:個|个[ge4],道[dao4]
顏色|颜色|yan2 se4	0	color
顏色|颜色|yan2 se4	1	countenance
顏色|颜色|yan2 se4	2	appearance
顏色|颜色|yan2 se4	3	facial expression
顏色|颜色|yan2 se4	4	pigment
顏色|颜色|yan2 se4	5	dyestuff
願意|愿意|yuan4 yi4	0	to wish
願意|愿意|yuan4 yi4	1	to want
願意|愿意|yuan4 yi4	2	ready
願意|愿意|yuan4 yi4	3	willing (to do sth)
類|类|lei4	0	kind; type; class; category
類|类|lei4	1	(classifier) kind; type
類|类|lei4	2	(bound form) to resemble; to be similar to
類似|类似|lei4 si4	0	similar; analogous
類型|类型|lei4 xing2	0	type; kind; category
類型|类型|lei4 xing2	1	(computer programming) type
顧問|顾问|gu4 wen4	0	adviser
顧問|顾问|gu4 wen4	1	consultant
顯示|显示|xian3 shi4	0	to show
顯示|显示|xian3 shi4	1	to illustrate
顯示|显示|xian3 shi4	2	to display
顯示|显示|xian3 shi4	3	to demonstrate
風|风|feng1	0	wind
風|风|feng1	1	news
風|风|feng1	2	style
風|风|feng1	3	custom
風|风|feng1	4	manner
風|风|feng1	5	CL:陣|阵[zhen4],絲|丝[si1]
風格|风格|feng1 ge2	0	style
風險|风险|feng1 xian3	0	risk; hazard
飛|飞|fei1	0	to fly
飛機|飞机|fei1 ji1	0	airplane
飛機|飞机|fei1 ji1	1	CL:架[jia4]
飛行|飞行|fei1 xing2	0	(of planes etc) to fly
飛行|飞行|fei1 xing2	1	flying
飛行|飞行|fei1 xing2	2	flight
飛行|飞行|fei1 xing2	3	aviation
食|食|shi2	0	to eat
食|食|shi2	1	food
食|食|shi2	2	animal feed
食|食|shi2	3	eclipse
食|食|si4	0	to feed (a person or animal)
食品|食品|shi2 pin3	0	foodstuff; food; provisions
食物|食物|shi2 wu4	0	food
飯|饭|fan4	0	cooked rice
飯|饭|fan4	1	CL:碗[wan3]
飯|饭|fan4	2	meal
飯|饭|fan4	3	CL:頓|顿[dun4]
飯|饭|fan4	4	(loanword) fan
飯|饭|fan4	5	devotee
養|养|yang3	0	to raise (animals)
養|养|yang3	1	to bring up (children)
養|养|yang3	2	to keep (pets)
養|养|yang3	3	to support
養|养|yang3	4	to give birth
首|首|shou3	0	head
首|首|shou3	1	chief
首|首|shou3	2	first (occasion, thing etc)
首|首|shou3	3	classifier for poems, songs etc
首先|首先|shou3 xian1	0	first of all; in the first place
香|香|xiang1	0	fragrant
香|香|xiang1	1	sweet smelling
香|香|xiang1	2	aromatic
香|香|xiang1	3	savory or appetizing
香|香|xiang1	4	(to eat) with relish
香|香|xiang1	5	(of sleep) sound
香|香|xiang1	6	perfume or spice
香|香|xiang1	7	joss or incense stick
香|香|xiang1	8	CL:根[gen1]
馬|马|ma3	0	horse
馬|马|ma3	1	CL:匹[pi3]
馬|马|ma3	2	horse or cavalry piece in Chinese chess
馬|马|ma3	3	knight in Western chess
馬克|马克|ma3 ke4	0	mark (monetary unit)
騎|骑|ji4	0	(Tw) saddle horse
騎|骑|ji4	1	mounted soldier
騎|骑|qi2	0	to sit astride
騎|骑|qi2	1	to ride (a horse, bike etc)
騎|骑|qi2	2	classifier for saddle horses
騎士|骑士|qi2 shi4	0	knight; cavalier
騎士|骑士|qi2 shi4	1	(Tw) bike rider (scooter, bicycle etc)
骨|骨|gu3	0	bone
體|体|ti3	0	body
體|体|ti3	1	form
體|体|ti3	2	style
體|体|ti3	3	system
體|体|ti3	4	substance
體|体|ti3	5	to experience
體|体|ti3	6	aspect (linguistics)
體育|体育|ti3 yu4	0	sports
體育|体育|ti3 yu4	1	physical education
高|高|gao1	0	high
高|高|gao1	1	tall
高|高|gao1	2	above average
高|高|gao1	3	loud
高|高|gao1	4	your (honorific)
高中|高中|gao1 zhong1	0	senior high school (abbr. for 高級中學|高级中学[gao1 ji2 zhong1 xue2])
高中|高中|gao1 zhong4	0	to pass brilliantly (used in congratulatory fashion)
高度|高度|gao1 du4	0	height
高度|高度|gao1 du4	1	altitude
高度|高度|gao1 du4	2	elevation
高度|高度|gao1 du4	3	high degree
高度|高度|gao1 du4	4	highly
高度|高度|gao1 du4	5	CL:個|个[ge4]
高級|高级|gao1 ji2	0	high level
高級|高级|gao1 ji2	1	high grade
高級|高级|gao1 ji2	2	advanced
高級|高级|gao1 ji2	3	high-ranking
鬆|松|song1	0	loose
鬆|松|song1	1	to loosen
鬆|松|song1	2	to relax
鬆|松|song1	3	floss (dry, fluffy food product made from shredded, seasoned meat or fish, used as a topping or filling)
鬥|斗|dou4	0	to fight
鬥|斗|dou4	1	to struggle
鬥|斗|dou4	2	to condemn
鬥|斗|dou4	3	to censure
鬥|斗|dou4	4	to contend
鬥|斗|dou4	5	to put together
鬥|斗|dou4	6	coming together
鬼|鬼|gui3	0	disembodied spirit; ghost; devil
鬼|鬼|gui3	1	(suffix) person with a certain vice or addiction etc
鬼|鬼|gui3	2	sly; crafty; resourceful (variant of 詭|诡[gui3])
鬼|鬼|gui3	3	one of the 28 constellations of ancient Chinese astronomy
魔|魔|mo2	0	(bound form) evil spirit; devil
魔|魔|mo2	1	(prefix) supernatural; magical
魚|鱼|yu2	0	fish (CL:條|条[tiao2],尾[wei3])
魚|鱼|yu2	1	used in the names of various aquatic animals that are not fish (including abalone 鮑魚|鲍鱼[bao4 yu2], alligators and crocodiles 鱷魚|鳄鱼[e4 yu2] and octopi 章魚|章鱼[zhang1 yu2])
魯|鲁|lu3	0	(bound form) crass
魯|鲁|lu3	1	stupid
魯|鲁|lu3	2	rude
魯|鲁|lu3	3	(used to represent the sounds of "ru", "lu" etc in loanwords)
鳥|鸟|diao3	0	variant of 屌[diao3]
鳥|鸟|diao3	1	penis
鳥|鸟|niao3	0	bird
鳥|鸟|niao3	1	CL:隻|只[zhi1],群[qun2]
鳥|鸟|niao3	2	"bird" radical in Chinese characters (Kangxi radical 196)
鳥|鸟|niao3	3	(dialect) to pay attention to
鳥|鸟|niao3	4	(intensifier) damned
鳥|鸟|niao3	5	goddamn
鹿|鹿|lu4	0	deer
麗|丽|li4	0	beautiful
麥|麦|mai4	0	wheat; barley; oats
麥|麦|mai4	1	mic (abbr. for 麥克風|麦克风[mai4 ke4 feng1])
麥克|麦克|mai4 ke4	0	(loanword) microphone
麵|面|mian4	0	flour
麵|面|mian4	1	noodles
麵|面|mian4	2	(of food) soft (not crunchy)
麵|面|mian4	3	(slang) (of a person) ineffectual
麵|面|mian4	4	spineless
黃|黄|huang2	0	yellow
黃|黄|huang2	1	pornographic
黃|黄|huang2	2	to fall through
黑人|黑人|hei1 ren2	0	black person
黑人|黑人|hei1 ren2	1	an illegal
黑色|黑色|hei1 se4	0	black
點|点|dian3	0	to touch briefly; to tap
點|点|dian3	1	to mark with a dot; to check off (on a list)
點|点|dian3	2	to order (food etc); to select
點|点|dian3	3	to mention; to bring up (a topic or person)
點|点|dian3	4	to hint at; to imply
點|点|dian3	5	to administer (eye medicine etc) in drops
點|点|dian3	6	to light (a fire, a lamp etc); to ignite
點|点|dian3	7	to nod (one's head) in agreement; to beckon by moving (one's hand) up and down
點|点|dian3	8	point; dot; spot; speck
點|点|dian3	9	dot stroke in Chinese characters
點|点|dian3	10	(math.) decimal point
點|点|dian3	11	point in time or space
點|点|dian3	12	(after a number) o'clock
點|点|dian3	13	a small amount; a bit; (after a verb or adjective) a bit more
點|点|dian3	14	classifier for small amounts
黨|党|dang3	0	party
黨|党|dang3	1	association
黨|党|dang3	2	club
黨|党|dang3	3	society
黨|党|dang3	4	CL:個|个[ge4]
齊|齐|qi2	0	neat
齊|齐|qi2	1	even
齊|齐|qi2	2	level with
齊|齐|qi2	3	identical
齊|齐|qi2	4	simultaneous
齊|齐|qi2	5	all together
齊|齐|qi2	6	to even sth out
龍|龙|long2	0	Chinese dragon; loong
龍|龙|long2	1	(fig.) emperor
龍|龙|long2	2	dragon
龍|龙|long2	3	(bound form) dinosaur
