sense_uid	entry_id	ordinal	sense_kind	pos	pos_simp	tags	register	domain	def_trad	def_simp	expl_trad	expl_simp	exemption	sgi	prompt_id	review_status	adjudication	edits
一些|一些|yi1 xie1~2	一些|一些|yi1 xie1	1	defined	["數"]	["数"]	[]	[]	[]	不確定的數量，通常不多，多用在名詞前面	不确定的数量，通常不多，多用在名词前面				[0]	general	unreviewed		[]
一些|一些|yi1 xie1~3	一些|一些|yi1 xie1	2	defined	["數"]	["数"]	[]	[]	[]	用在形容詞或動詞後面，表示不多的量或程度	用在形容词或动词后面，表示不多的量或程度	常用在比較或請求中，例如「快一些」「多吃一些」。	常用在比较或请求中，例如「快一些」「多吃一些」。		[0]	general	unreviewed		[]
一個|一个|yi1 ge5~1	一個|一个|yi1 ge5	1	defined	["數"]	["数"]	[]	[]	[]	表示數量是一，多用在名詞前面	表示数量是一，多用在名词前面	說話時常不強調數量，只是引出要說的人或事物，例如「我認識一個醫生」。	说话时常不强调数量，只是引出要说的人或事物，例如「我认识一个医生」。		[0]	general	unreviewed		[]
一個|一个|yi1 ge5~2	一個|一个|yi1 ge5	2	defined	["數"]	["数"]	[]	[]	[]	用在時間詞前面，指整段時間，不是一部分	用在时间词前面，指整段时间，不是一部分	常和「都」連用，像「一個晚上都沒睡」。	常和「都」连用，像「一个晚上都没睡」。		[1]	general	unreviewed		[]
一切|一切|yi1 qie4~1	一切|一切|yi1 qie4	1	defined	["代"]	["代"]	[]	[]	[]	所有的事物或情況	所有的事物或情况	可以單用，也可以放在名詞前面。例如「一切都好」、「一切問題」。	可以单用，也可以放在名词前面。例如「一切都好」、「一切问题」。		[0, 1, 2]	general	unreviewed		[]
一半|一半|yi1 ban4~1	一半|一半|yi1 ban4	1	defined	["數"]	["数"]	[]	[]	[]	全部分成相同的兩份，其中的一份	全部分成相同的两份，其中的一份				[0]	general	unreviewed		[]
一定|一定|yi1 ding4~1	一定|一定|yi1 ding4	1	defined	["副"]	["副"]	[]	[]	[]	用在動詞前面，表示十分肯定	用在动词前面，表示十分肯定	「一定」說的是說話人的判斷，「必須」說的是不能不做的事。	「一定」说的是说话人的判断，「必须」说的是不能不做的事。		[0]	general	unreviewed		[]
一定|一定|yi1 ding4~2	一定|一定|yi1 ding4	2	defined	["形"]	["形"]	[]	[]	[]	規定的，不隨便改變的	规定的，不随便改变的				[1, 2]	general	unreviewed		[]
一定|一定|yi1 ding4~3	一定|一定|yi1 ding4	3	defined	["形"]	["形"]	[]	[]	[]	多少有一些，程度不算低的	多少有一些，程度不算低的				[]	general	unreviewed		[]
一家|一家|yi1 jia1~1	一家|一家|yi1 jia1	1	defined	["名"]	["名"]	[]	[]	[]	同一個家裡的所有人	同一个家里的所有人	「一家人」除了指全家，也可以說關係很近、不分你我的人。	「一家人」除了指全家，也可以说关系很近、不分你我的人。		[0, 1, 2]	general	unreviewed		[]
一家|一家|yi1 jia1~2	一家|一家|yi1 jia1	2	defined	["名"]	["名"]	[]	["lit"]	[]	學術或技術上的一個派別	学术或技术上的一个派别				[3]	general	unreviewed		[]
一旦|一旦|yi1 dan4~1	一旦|一旦|yi1 dan4	1	defined	["連"]	["连"]	["function-word"]	[]	[]	用在前一個分句，表示假設出現某種情況	用在前一个分句，表示假设出现某种情况	「一旦」多用在後果比較嚴重的假設，「如果」用在一般的假設。	「一旦」多用在后果比较严重的假设，「如果」用在一般的假设。		[0, 1, 2, 3]	function-word	unreviewed		[]
一旦|一旦|yi1 dan4~2	一旦|一旦|yi1 dan4	2	defined	["副"]	["副"]	[]	["lit"]	[]	在很短的時間裡，表示變化來得很快	在很短的时间里，表示变化来得很快				[4, 5]	general	unreviewed		[]
一樣|一样|yi1 yang4~1	一樣|一样|yi1 yang4	1	defined	["形"]	["形"]	[]	[]	[]	兩者之間沒有不同	两者之间没有不同	常說「跟…一樣」或「像…一樣」，後面還可以再加形容詞。	常说「跟…一样」或「像…一样」，后面还可以再加形容词。		[0, 1, 2, 3, 4]	general	unreviewed		[]
一生|一生|yi1 sheng1~1	一生|一生|yi1 sheng1	1	defined	["名"]	["名"]	[]	[]	[]	人從出生到死的整個時間	人从出生到死的整个时间	「一輩子」意思相同，多用在口語。	「一辈子」意思相同，多用在口语。		[0]	general	unreviewed		[]
一直|一直|yi1 zhi2~1	一直|一直|yi1 zhi2	1	defined	["副"]	["副"]	[]	[]	[]	表示情況持續不變，中間沒有停	表示情况持续不变，中间没有停	「一直」說的是不間斷的一段時間，「總是」說的是每次都這樣。	「一直」说的是不间断的一段时间，「总是」说的是每次都这样。		[1]	general	unreviewed		[]
一直|一直|yi1 zhi2~2	一直|一直|yi1 zhi2	2	defined	["副"]	["副"]	[]	[]	[]	表示朝一個方向走，不轉方向	表示朝一个方向走，不转方向				[0]	general	unreviewed		[]
一致|一致|yi1 zhi4~1	一致|一致|yi1 zhi4	1	defined	["形", "副"]	["形", "副"]	[]	[]	[]	彼此的看法或做法完全相同的	彼此的看法或做法完全相同的	「一致」多說人的看法或行動，「相同」什麼都能說。	「一致」多说人的看法或行动，「相同」什么都能说。		[0, 1]	general	unreviewed		[]
一般|一般|yi1 ban1~1	一般|一般|yi1 ban1	1	defined	["形"]	["形"]	[]	[]	[]	普通的，沒有特別的地方	普通的，没有特别的地方				[1, 2, 3, 4]	general	unreviewed		[]
一般|一般|yi1 ban1~2	一般|一般|yi1 ban1	2	defined	["副"]	["副"]	[]	[]	[]	表示大多數時候是這樣	表示大多数时候是这样	「一般」常說成「一般來說」，用在句子開頭。	「一般」常说成「一般来说」，用在句子开头。		[5, 6]	general	unreviewed		[]
一般|一般|yi1 ban1~3	一般|一般|yi1 ban1	3	defined	["形"]	["形"]	[]	[]	[]	表示兩者完全相同	表示两者完全相同				[0]	general	unreviewed		[]
一起|一起|yi1 qi3~1	一起|一起|yi1 qi3	1	defined	["副", "名"]	["副", "名"]	[]	[]	[]	在同一個地方，或共同做同一件事	在同一个地方，或共同做同一件事				[0, 1]	general	unreviewed		[]
一起|一起|yi1 qi3~2	一起|一起|yi1 qi3	2	defined	["副"]	["副"]	[]	[]	[]	合起來算，表示全部的數	合起来算，表示全部的数				[2]	general	unreviewed		[]
一起|一起|yi1 qi3~3	一起|一起|yi1 qi3	3	defined	["量"]	["量"]	[]	[]	[]	用在事故、案件等前面，表示一件	用在事故、案件等前面，表示一件				[3]	general	unreviewed		[]
一點|一点|yi1 dian3~1	一點|一点|yi1 dian3	1	defined	["數"]	["数"]	[]	[]	[]	表示數量少，多用在名詞前面	表示数量少，多用在名词前面	「一點也不」、「一點都不」表示完全不，如「他一點都不知道」。	「一点也不」、「一点都不」表示完全不，如「他一点都不知道」。		[0, 1]	general	unreviewed		[]
一點|一点|yi1 dian3~2	一點|一点|yi1 dian3	2	defined	["數"]	["数"]	[]	[]	[]	用在形容詞後面，表示程度增加一些	用在形容词后面，表示程度增加一些	常跟「比」連用，如「今天比昨天冷一點」。	常跟「比」连用，如「今天比昨天冷一点」。		[2]	general	unreviewed		[]
一點|一点|yi1 dian3~3	一點|一点|yi1 dian3	3	defined	["名"]	["名"]	["abbr"]	[]	[]	一點鐘的簡稱	一点钟的简称				[5]	abbreviation	unreviewed	edited	["E-yi1dian3-3"]
一點|一点|yi1 dian3~4	一點|一点|yi1 dian3	4	defined	["名"]	["名"]	[]	[]	[]	說話或討論中提到的一個方面	说话或讨论中提到的一个方面				[3]	general	unreviewed		[]
一點|一点|yi1 dian3~5	一點|一点|yi1 dian3	5	defined	["名"]	["名"]	[]	[]	[]	漢字的一種筆畫，寫成「、」	汉字的一种笔画，写成「、」				[4]	general	unreviewed		[]
七|七|qi1~1	七|七|qi1	1	defined	["數"]	["数"]	[]	[]	[]	數目，六加一	数目，六加一				[0, 1]	general	unreviewed		[]
丈夫|丈夫|zhang4 fu5~1	丈夫|丈夫|zhang4 fu5	1	defined	["名"]	["名"]	[]	[]	[]	結婚以後，妻子稱自己的男人	结婚以后，妻子称自己的男人	「老公」多用在口語，「丈夫」比較正式。	「老公」多用在口语，「丈夫」比较正式。		[0]	general	unreviewed		[]
三|三|san1~1	三|三|san1	1	defined	["數"]	["数"]	[]	[]	[]	數目，二加一	数目，二加一				[0, 1]	general	unreviewed		[]
三|三|san1~2	三|三|san1	2	defined	["數"]	["数"]	["bound-form"]	[]	[]	表示多次或多數，不是確定的數目	表示多次或多数，不是确定的数目	只用在幾個常見的說法裡，不能單獨這樣用。	只用在几个常见的说法里，不能单独这样用。		[]	general	unreviewed		[]
三十|三十|san1 shi2~1	三十|三十|san1 shi2	1	defined	["數"]	["数"]	[]	[]	[]	數目，等於三個十	数目，等于三个十				[0, 1]	general	unreviewed		[]
上|上|shang4~1	上|上|shang4	1	defined	["動"]	["动"]	[]	[]	[]	由低處到高處，或進入車、船	由低处到高处，或进入车、船				[2]	general	unreviewed		[]
上|上|shang4~2	上|上|shang4	2	defined	["動"]	["动"]	[]	[]	[]	按規定的時間去學習或工作	按规定的时间去学习或工作				[3]	general	unreviewed		[]
上|上|shang4~3	上|上|shang4	3	defined	["形"]	["形"]	["bound-form"]	[]	[]	位置或等級較高的	位置或等级较高的				[0]	bound-form	unreviewed		[]
上|上|shang4~4	上|上|shang4	4	defined	["形"]	["形"]	["bound-form"]	[]	[]	時間較早的，或排在前面的	时间较早的，或排在前面的				[0, 1]	bound-form	unreviewed		[]
上|上|shang4~5	上|上|shang4	5	defined	["補"]	["补"]	["function-word"]	[]	[]	用在動詞後面，表示動作向高處或有結果	用在动词后面，表示动作向高处或有结果	相反的方向用「下」，如「坐下」、「放下」。	相反的方向用「下」，如「坐下」、「放下」。		[4]	function-word	unreviewed	edited	["R57B-001"]
上|上|shang4~6	上|上|shang4	6	defined	["綴"]	["缀"]	["function-word"]	[]	[]	用在名詞後面，指物體的表面或一定的範圍	用在名词后面，指物体的表面或一定的范围	在內部要用「裡」，如「房間裡」，不用「上」。	在内部要用「里」，如「房间里」，不用「上」。		[5]	function-word	unreviewed		[]
上面|上面|shang4 mian4~1	上面|上面|shang4 mian4	1	defined	["名"]	["名"]	[]	[]	[]	位置較高的一邊，也指東西的表面	位置较高的一边，也指东西的表面				[0]	general	unreviewed		[]
上面|上面|shang4 mian4~2	上面|上面|shang4 mian4	2	defined	["名"]	["名"]	[]	[]	[]	文章或說話中前面提到的部分	文章或说话中前面提到的部分				[1]	general	unreviewed		[]
下|下|xia4~1	下|下|xia4	1	defined	["名"]	["名"]	[]	[]	[]	位置較低的地方，跟「上」相反	位置较低的地方，跟「上」相反				[0, 2, 3]	general	unreviewed		[]
下|下|xia4~2	下|下|xia4	2	defined	["形"]	["形"]	[]	[]	[]	時間在後的，或排在後面的	时间在后的，或排在后面的	「上次」指已經過去的那一次，「下次」指還沒有到的那一次。	「上次」指已经过去的那一次，「下次」指还没有到的那一次。		[4, 5, 6]	general	unreviewed		[]
下|下|xia4~3	下|下|xia4	3	defined	["動"]	["动"]	[]	[]	[]	從高的地方到低的地方去，也指離開車、船	从高的地方到低的地方去，也指离开车、船				[7, 8]	general	unreviewed		[]
下|下|xia4~4	下|下|xia4	4	defined	["動"]	["动"]	[]	[]	[]	雨、雪等從天上落到地上	雨、雪等从天上落到地上				[]	general	unreviewed		[]
下|下|xia4~5	下|下|xia4	5	defined	["動"]	["动"]	[]	[]	[]	作出決定，或發出命令等	作出决定，或发出命令等				[9]	general	unreviewed		[]
下|下|xia4~6	下|下|xia4	6	defined	["動"]	["动"]	["function-word"]	[]	[]	用在動詞後，表示動作由高到低或有了結果	用在动词后，表示动作由高到低或有了结果	常用在「坐下」「放下」「記下」「停下」等詞裡。	常用在「坐下」「放下」「记下」「停下」等词里。		[1]	general	unreviewed		[]
下|下|xia4~7	下|下|xia4	7	defined	["量"]	["量"]	[]	[]	[]	跟在數字後面，表示動作的次數	跟在数字后面，表示动作的次数	「一下」還可以表示動作時間短，例如「等一下」「看一下」。	「一下」还可以表示动作时间短，例如「等一下」「看一下」。		[10]	general	unreviewed		[]
下來|下来|xia4 lai5~1	下來|下来|xia4 lai5	1	defined	["動"]	["动"]	[]	[]	[]	從高處往低處，來到說話的人這裡	从高处往低处，来到说话的人这里				[0, 4]	general	unreviewed		[]
下來|下来|xia4 lai5~2	下來|下来|xia4 lai5	2	defined	["補"]	["补"]	["function-word"]	[]	[]	用在動詞後面，表示動作從高處向這邊	用在动词后面，表示动作从高处向这边	「下來」表示朝說話的人這邊，「下去」表示離開說話的人。	「下来」表示朝说话的人这边，「下去」表示离开说话的人。		[2, 6]	general	unreviewed	edited	["E-xia4lai5-2"]
下來|下来|xia4 lai5~3	下來|下来|xia4 lai5	3	defined	["補"]	["补"]	["function-word"]	[]	[]	用在動詞後面，表示動作完成，結果留下	用在动词后面，表示动作完成，结果留下				[1]	general	unreviewed	edited	["E-xia4lai5-3"]
下來|下来|xia4 lai5~4	下來|下来|xia4 lai5	4	defined	["補"]	["补"]	["function-word"]	[]	[]	用在動詞或一段時間後面，表示一直到現在	用在动词或一段时间后面，表示一直到现在				[3, 5]	general	unreviewed	edited	["E-xia4lai5-4"]
下午|下午|xia4 wu3~1	下午|下午|xia4 wu3	1	defined	["名"]	["名"]	[]	[]	[]	一天裡從中午到天黑的時間	一天里从中午到天黑的时间	「上午」指天亮到中午，「下午」指中午以後到天黑。	「上午」指天亮到中午，「下午」指中午以后到天黑。		[0, 1, 2]	general	unreviewed		[]
下降|下降|xia4 jiang4~1	下降|下降|xia4 jiang4	1	defined	["動"]	["动"]	[]	[]	[]	從高處落到低處，或水平變低	从高处落到低处，或水平变低	多用在溫度、價格、成績這些可以量出高低的事物上。	多用在温度、价格、成绩这些可以量出高低的事物上。		[0, 1, 2, 3, 4]	general	unreviewed		[]
下面|下面|xia4 mian4~1	下面|下面|xia4 mian4	1	defined	["名"]	["名"]	[]	[]	[]	位置比較低的地方	位置比较低的地方				[0, 1]	general	unreviewed		[]
下面|下面|xia4 mian4~2	下面|下面|xia4 mian4	2	defined	["名"]	["名"]	[]	[]	[]	文章或說話裡接下來的部分	文章或说话里接下来的部分				[2, 3]	general	unreviewed		[]
不久|不久|bu4 jiu3~1	不久|不久|bu4 jiu3	1	defined	["副"]	["副"]	[]	[]	[]	表示過了很短的時間	表示过了很短的时间	常用在「不久以後」、「不久前」這樣的說法裡。	常用在「不久以后」、「不久前」这样的说法里。		[0, 1, 2, 3]	general	unreviewed		[]
不僅|不仅|bu4 jin3~1	不僅|不仅|bu4 jin3	1	defined	["連"]	["连"]	["function-word"]	[]	[]	用在前一分句，表示不只是這樣	用在前一分句，表示不只是这样	後一分句常用「而且」「還」跟它呼應。「不僅」多用於書面，口語裡常說「不但」。	后一分句常用「而且」「还」跟它呼应。「不仅」多用于书面，口语里常说「不但」。		[0, 1]	function-word	unreviewed		[]
不再|不再|bu4 zai4~1	不再|不再|bu4 zai4	1	defined	["副"]	["副"]	[]	[]	[]	表示原來的情況以後不會繼續	表示原来的情况以后不会继续	常放在動詞前面，句子最後多帶一個「了」。	常放在动词前面，句子最后多带一个「了」。		[0]	general	unreviewed		[]
不到|不到|bu4 dao4~1	不到|不到|bu4 dao4	1	defined	["動"]	["动"]	[]	[]	[]	少於某個數目，沒有達到那麼多	少于某个数目，没有达到那么多				[1, 2, 3]	general	unreviewed		[]
不到|不到|bu4 dao4~2	不到|不到|bu4 dao4	2	defined	["動"]	["动"]	[]	[]	[]	沒有到達某個地方或時間	没有到达某个地方或时间				[0]	general	unreviewed		[]
不可|不可|bu4 ke3~1	不可|不可|bu4 ke3	1	defined	["副"]	["副"]	[]	[]	[]	表示不許這樣做或不應該這樣做	表示不许这样做或不应该这样做	常用在「非…不可」的句子裡，表示一定要這樣。這個說法多見於書面，口語常說「不能」。	常用在「非…不可」的句子里，表示一定要这样。这个说法多见于书面，口语常说「不能」。		[0]	general	unreviewed		[]
不同|不同|bu4 tong2~1	不同|不同|bu4 tong2	1	defined	["形"]	["形"]	[]	[]	[]	兩個或幾個事物在某方面不一樣的	两个或几个事物在某方面不一样的	「不同」常放在名詞前面，如「不同的意見」；「不一樣」多單用。	「不同」常放在名词前面，如「不同的意见」；「不一样」多单用。		[0, 1, 2, 3]	general	unreviewed		[]
不少|不少|bu4 shao3~1	不少|不少|bu4 shao3	1	defined	["形"]	["形"]	[]	[]	[]	數量或程度相當多的	数量或程度相当多的	「不少」雖然帶「不」，意思卻是多，不是少。	「不少」虽然带「不」，意思却是多，不是少。		[0]	general	unreviewed		[]
不得不|不得不|bu4 de2 bu4~1	不得不|不得不|bu4 de2 bu4	1	defined	["副"]	["副"]	[]	[]	[]	表示沒有別的辦法，只能這樣做	表示没有别的办法，只能这样做	「不得不」是兩個「不」，意思是一定要做。	「不得不」是两个「不」，意思是一定要做。		[0, 1, 2, 3, 4]	general	unreviewed		[]
不斷|不断|bu4 duan4~1	不斷|不断|bu4 duan4	1	defined	["副"]	["副"]	[]	[]	[]	連續進行，中間沒有停下來	连续进行，中间没有停下来	「不斷」多指同樣的事一次又一次地發生，「一直」多指從頭到尾都這樣。	「不断」多指同样的事一次又一次地发生，「一直」多指从头到尾都这样。		[0, 1, 2, 3]	general	unreviewed		[]
不是|不是|bu4 shi4~1	不是|不是|bu4 shi4	1	defined	["動"]	["动"]	["function-word"]	[]	[]	用在句中否定判斷，表示所說的不對	用在句中否定判断，表示所说的不对	「不是」否定判斷和性質，「沒有」否定已經發生的事。	「不是」否定判断和性质，「没有」否定已经发生的事。		[0, 1, 2]	general	unreviewed		[]
不是|不是|bu4 shi5~1	不是|不是|bu4 shi5	1	defined	["名"]	["名"]	[]	["coll"]	[]	做得不對的地方，過錯	做得不对的地方，过错	多用在「賠不是」、「落個不是」這類說法裡。	多用在「赔不是」、「落个不是」这类说法里。		[0]	general	unreviewed		[]
不會|不会|bu4 hui4~1	不會|不会|bu4 hui4	1	defined	["動"]	["动"]	[]	[]	[]	沒有學過，做不了某件事	没有学过，做不了某件事				[3, 4]	general	unreviewed		[]
不會|不会|bu4 hui4~2	不會|不会|bu4 hui4	2	defined	["動"]	["动"]	[]	[]	[]	表示事情不太可能發生	表示事情不太可能发生				[0, 1, 2]	general	unreviewed		[]
不會|不会|bu4 hui4~3	不會|不会|bu4 hui4	3	defined	["動"]	["动"]	[]	["coll"]	["tw"]	回答別人的感謝，表示不用放在心上	回答别人的感谢，表示不用放在心上				[5, 6]	general	unreviewed		[]
不用|不用|bu4 yong4~1	不用|不用|bu4 yong4	1	defined	["副"]	["副"]	[]	[]	[]	表示沒有必要做某件事	表示没有必要做某件事	「不用」是沒有必要，「不要」是叫人別做。	「不用」是没有必要，「不要」是叫人别做。		[0]	general	unreviewed		[]
不知|不知|bu4 zhi1~1	不知|不知|bu4 zhi1	1	defined	["動"]	["动"]	[]	[]	[]	對某人或某件事沒有了解	对某人或某件事没有了解	「不知」後面常接「為什麼」、「怎麼」這樣的說法。但回答問題時一般說「不知道」。	「不知」后面常接「为什么」、「怎么」这样的说法。但回答问题时一般说「不知道」。		[0, 1, 2]	general	unreviewed		[]
不知|不知|bu4 zhi1~2	不知|不知|bu4 zhi1	2	defined	["動"]	["动"]	[]	[]	[]	不覺得累，也不怕困難和失敗	不觉得累，也不怕困难和失败	常接「疲倦」、「困難」等詞語。	常接「疲倦」、「困难」等词语。		[3]	general	unreviewed		[]
不能|不能|bu4 neng2~1	不能|不能|bu4 neng2	1	defined	["動"]	["动"]	[]	[]	[]	沒有能力或條件做某件事	没有能力或条件做某件事	「不會」多指沒學過、不懂，「不能」多指沒有條件或不被允許。	「不会」多指没学过、不懂，「不能」多指没有条件或不被允许。		[0]	general	unreviewed		[]
不能|不能|bu4 neng2~2	不能|不能|bu4 neng2	2	defined	["動"]	["动"]	[]	[]	[]	不被允許或不應該做某件事	不被允许或不应该做某件事				[1, 2]	general	unreviewed		[]
不要|不要|bu4 yao4~1	不要|不要|bu4 yao4	1	defined	["副"]	["副"]	[]	[]	[]	用在動詞前面，表示叫人別做某事	用在动词前面，表示叫人别做某事	「別」跟「不要」意思相同，口語裡更常說「別」。	「别」跟「不要」意思相同，口语里更常说「别」。		[0]	general	unreviewed		[]
不過|不过|bu4 guo4~1	不過|不过|bu4 guo4	1	defined	["連"]	["连"]	[]	[]	[]	用在後一句的開頭，引出相反的意思	用在后一句的开头，引出相反的意思	「不過」的語氣比「但是」輕，說話時用得更多。	「不过」的语气比「但是」轻，说话时用得更多。		[3, 4, 5]	general	unreviewed		[]
不過|不过|bu4 guo4~2	不過|不过|bu4 guo4	2	defined	["副"]	["副"]	[]	[]	[]	表示只有這麼多，並不算多	表示只有这么多，并不算多				[0, 1, 2]	general	unreviewed		[]
不過|不过|bu4 guo4~3	不過|不过|bu4 guo4	3	defined	["副"]	["副"]	[]	[]	[]	用在「再…」後面，表示程度到了最高	用在「再…」后面，表示程度到了最高				[6]	general	unreviewed		[]
且|且|qie3~1	且|且|qie3	1	defined	["連"]	["连"]	["function-word"]	["lit"]	[]	用在兩個詞語或句子中間，表示並列或更進一步	用在两个词语或句子中间，表示并列或更进一步	「且」多用於書面，口語裡常說「而且」或「並且」。	「且」多用于书面，口语里常说「而且」或「并且」。		[0, 1, 2]	function-word	unreviewed		[]
且|且|qie3~2	且|且|qie3	2	defined	["副"]	["副"]	["function-word"]	["lit"]	[]	用在動詞前面，表示先這樣做，以後再說	用在动词前面，表示先这样做，以后再说	「且」多用在書面，口語裡多說「先」，如「你先等一下」。	「且」多用在书面，口语里多说「先」，如「你先等一下」。		[3]	function-word	unreviewed		[]
且|且|qie3~3	且|且|qie3	3	defined	["副"]	["副"]	["function-word"]	["lit"]	[]	用在兩個動詞前面，表示兩個動作同時進行	用在两个动词前面，表示两个动作同时进行	這種用法多見於書面，口語常說「一邊…一邊…」。	这种用法多见于书面，口语常说「一边…一边…」。		[5]	function-word	unreviewed		[]
且|且|qie3~4	且|且|qie3	4	defined	["副"]	["副"]	["function-word"]	["arch"]	[]	用在動詞前面，表示動作就要發生	用在动词前面，表示动作就要发生	這個用法只見於古書，現在多說「將要」。	这个用法只见于古书，现在多说「将要」。	archaic-form	[4]	function-word	unreviewed		[]
世|世|shi4~1	世|世|shi4	1	defined	["名"]	["名"]	["bound-form"]	[]	[]	人們共同生活的地方	人们共同生活的地方				[4]	general	unreviewed		[]
世|世|shi4~2	世|世|shi4	2	defined	["名"]	["名"]	["bound-form"]	[]	[]	歷史上一段較長的時期	历史上一段较长的时期				[1, 3, 6]	general	unreviewed		[]
世|世|shi4~3	世|世|shi4	3	defined	["名"]	["名"]	["bound-form"]	[]	[]	家族中上下相接的一代	家族中上下相接的一代				[2, 7, 8]	general	unreviewed		[]
世|世|shi4~4	世|世|shi4	4	defined	["名"]	["名"]	["bound-form"]	[]	[]	人從生到死的一段時間	人从生到死的一段时间				[0, 5]	general	unreviewed		[]
世紀|世纪|shi4 ji4~1	世紀|世纪|shi4 ji4	1	defined	["名"]	["名"]	[]	[]	[]	一百年，計算年代的單位	一百年，计算年代的单位				[0]	general	unreviewed		[]
並且|并且|bing4 qie3~1	並且|并且|bing4 qie3	1	defined	["連"]	["连"]	["function-word"]	[]	[]	連接兩個動作或小句，表示更進一步	连接两个动作或小句，表示更进一步	「和」只能連接名詞，不能像「並且」那樣連接小句。口語裡更常說「而且」。	「和」只能连接名词，不能像「并且」那样连接小句。口语里更常说「而且」。		[0]	general	unreviewed		[]
並非|并非|bing4 fei1~1	並非|并非|bing4 fei1	1	defined	["副"]	["副"]	["function-word"]	["lit"]	[]	用在說明的前面，表示不是這樣	用在说明的前面，表示不是这样	多用在書面，常跟「而是」一起用。	多用在书面，常跟「而是」一起用。		[0]	general	unreviewed		[]
中|中|zhong4~1	中|中|zhong4	1	defined	["動"]	["动"]	[]	[]	[]	正好打到或對上目標，多指達到目的	正好打到或对上目标，多指达到目的	常用在動詞後面，如「猜中」、「打中」、「選中」。	常用在动词后面，如「猜中」、「打中」、「选中」。		[0, 2]	general	unreviewed		[]
中|中|zhong4~2	中|中|zhong4	2	defined	["動"]	["动"]	[]	[]	[]	受到槍彈、疾病等的傷害	受到枪弹、疾病等的伤害	常見的說法有「中彈」、「中毒」、「中暑」等。	常见的说法有「中弹」、「中毒」、「中暑」等。		[1]	general	unreviewed		[]
中央|中央|zhong1 yang1~1	中央|中央|zhong1 yang1	1	defined	["名"]	["名"]	[]	[]	[]	一定範圍裡正中間的地方	一定范围里正中间的地方				[0, 1, 2]	general	unreviewed		[]
中央|中央|zhong1 yang1~2	中央|中央|zhong1 yang1	2	defined	["名"]	["名"]	[]	[]	[]	國家最高的領導機構	国家最高的领导机构	「中央」常跟「地方」相對，例如「中央政府」和「地方政府」。	「中央」常跟「地方」相对，例如「中央政府」和「地方政府」。		[3]	general	unreviewed		[]
中學|中学|zhong1 xue2~1	中學|中学|zhong1 xue2	1	defined	["名"]	["名"]	[]	[]	[]	小學之後、大學之前的學校	小学之后、大学之前的学校	學生一般十二歲左右進中學，讀六年。	学生一般十二岁左右进中学，读六年。		[0]	general	unreviewed		[]
中心|中心|zhong1 xin1~1	中心|中心|zhong1 xin1	1	defined	["名"]	["名"]	[]	[]	[]	跟周圍距離相等的地方	跟周围距离相等的地方				[0]	general	unreviewed		[]
中心|中心|zhong1 xin1~2	中心|中心|zhong1 xin1	2	defined	["名"]	["名"]	[]	[]	[]	事物中最主要、最重要的部分	事物中最主要、最重要的部分				[0]	general	unreviewed		[]
中心|中心|zhong1 xin1~3	中心|中心|zhong1 xin1	3	defined	["名"]	["名"]	[]	[]	[]	提供某種服務的機構或地方	提供某种服务的机构或地方				[]	general	unreviewed		[]
中間|中间|zhong1 jian1~1	中間|中间|zhong1 jian1	1	defined	["名"]	["名"]	[]	[]	[]	兩者之間或正中的地方	两者之间或正中的地方				[0, 1]	general	unreviewed		[]
中間|中间|zhong1 jian1~2	中間|中间|zhong1 jian1	2	defined	["名"]	["名"]	[]	[]	[]	一段時間或一件事進行的過程當中	一段时间或一件事进行的过程当中				[2]	general	unreviewed		[]
丹|丹|dan1~1	丹|丹|dan1	1	defined	["形"]	["形"]	["bound-form"]	["lit"]	[]	顏色像火那樣紅的	颜色像火那样红的				[0]	general	unreviewed		[]
丹|丹|dan1~2	丹|丹|dan1	2	defined	["名"]	["名"]	["bound-form"]	[]	[]	製成小顆粒或粉狀的中藥	制成小颗粒或粉状的中药				[1, 2]	general	unreviewed		[]
丹|丹|dan1~3	丹|丹|dan1	3	defined	["名"]	["名"]	["bound-form"]	[]	[]	一種紅色的石頭，可做藥或顏料	一种红色的石头，可做药或颜料				[3]	general	unreviewed		[]
主|主|zhu3~1	主|主|zhu3	1	defined	["名"]	["名"]	["bound-form"]	[]	[]	擁有某件東西的人	拥有某件东西的人				[0, 1]	general	unreviewed		[]
主|主|zhu3~2	主|主|zhu3	2	defined	["形"]	["形"]	[]	[]	[]	在同類事物中最重要的	在同类事物中最重要的	常說「以…為主」，指哪一部分佔得最多。	常说「以…为主」，指哪一部分占得最多。		[6]	general	unreviewed		[]
主|主|zhu3~3	主|主|zhu3	3	defined	["名"]	["名"]	["bound-form"]	[]	[]	請客人來的一方，跟「客」相對	请客人来的一方，跟「客」相对				[2]	general	unreviewed		[]
主|主|zhu3~4	主|主|zhu3	4	defined	["動"]	["动"]	["bound-form"]	[]	[]	負責辦理，也有決定的權力	负责办理，也有决定的权力				[]	general	unreviewed		[]
主|主|zhu3~5	主|主|zhu3	5	defined	["名"]	["名"]	["bound-form"]	[]	[]	跟某件事直接有關的那個人	跟某件事直接有关的那个人				[3]	general	unreviewed		[]
主|主|zhu3~6	主|主|zhu3	6	defined	["名"]	["名"]	[]	[]	["rel"]	基督教中對神的稱呼	基督教中对神的称呼				[4, 5]	general	unreviewed	edited	["E-zhu3-6"]
主|主|zhu3~7	主|主|zhu3	7	defined	["動"]	["动"]	[]	["lit"]	[]	表示將要出現某種情況	表示将要出现某种情况	舊時多用在說天氣或講夢的話裡。	旧时多用在说天气或讲梦的话里。		[7]	general	unreviewed		[]
主|主|zhu3~8	主|主|zhu3	8	defined	["名"]	["名"]	[]	[]	[]	牌類遊戲中比其他各種牌都大的牌	牌类游戏中比其他各种牌都大的牌				[8]	general	unreviewed		[]
主任|主任|zhu3 ren4~1	主任|主任|zhu3 ren4	1	defined	["名"]	["名"]	[]	[]	[]	部門或單位裡負責領導工作的人	部门或单位里负责领导工作的人	常跟部門的名字連用，例如「系主任」、「辦公室主任」。	常跟部门的名字连用，例如「系主任」、「办公室主任」。		[0, 1, 2]	general	unreviewed	edited	["E-zhu3ren4-1"]
主席|主席|zhu3 xi2~1	主席|主席|zhu3 xi2	1	defined	["名"]	["名"]	[]	[]	[]	主持會議或領導團體的人	主持会议或领导团体的人				[0, 1, 2, 3]	general	unreviewed		[]
主持|主持|zhu3 chi2~1	主持|主持|zhu3 chi2	1	defined	["動"]	["动"]	[]	[]	[]	負責掌握和處理某項工作	负责掌握和处理某项工作				[0, 1, 2]	general	unreviewed		[]
主持|主持|zhu3 chi2~2	主持|主持|zhu3 chi2	2	defined	["動"]	["动"]	[]	[]	[]	在節目或活動中負責介紹和安排	在节目或活动中负责介绍和安排				[5, 6]	general	unreviewed		[]
主持|主持|zhu3 chi2~3	主持|主持|zhu3 chi2	3	defined	["動"]	["动"]	[]	[]	[]	站出來支持公平和正確的事	站出来支持公平和正确的事				[3, 4]	general	unreviewed		[]
主義|主义|zhu3 yi4~1	主義|主义|zhu3 yi4	1	defined	["名"]	["名"]	[]	[]	[]	對社會、人生等的一套有系統的看法	对社会、人生等的一套有系统的看法	多用在別的詞後面，構成「社會主義」、「個人主義」這樣的詞。	多用在别的词后面，构成「社会主义」、「个人主义」这样的词。		[0, 1]	general	unreviewed		[]
主要|主要|zhu3 yao4~1	主要|主要|zhu3 yao4	1	defined	["形"]	["形"]	[]	[]	[]	在同類事物中最重要、起決定作用的	在同类事物中最重要、起决定作用的	「重要」可以說「很重要」，「主要」不能這樣說。	「重要」可以说「很重要」，「主要」不能这样说。		[0]	general	unreviewed		[]
主角|主角|zhu3 jue2~1	主角|主角|zhu3 jue2	1	defined	["名"]	["名"]	[]	[]	[]	戲劇、電影或故事中最主要的人物	戏剧、电影或故事中最主要的人物				[0, 1]	general	unreviewed		[]
主題|主题|zhu3 ti2~1	主題|主题|zhu3 ti2	1	defined	["名"]	["名"]	[]	[]	[]	作品或談話所表現的中心內容	作品或谈话所表现的中心内容	「題目」是文章的名字，不等於主題。	「题目」是文章的名字，不等于主题。		[0, 1]	general	unreviewed		[]
久|久|jiu3~1	久|久|jiu3	1	defined	["形"]	["形"]	[]	[]	[]	經過的時間很長的	经过的时间很长的	「久」只說時間，「長」還可以說東西的長短。	「久」只说时间，「长」还可以说东西的长短。		[0]	general	unreviewed		[]
之一|之一|zhi1 yi1~1	之一|之一|zhi1 yi1	1	defined	["數"]	["数"]	[]	[]	[]	用在名詞後面，表示許多個當中的一個	用在名词后面，表示许多个当中的一个	前面直接放名詞，說「原因之一」，不再加「一個」。	前面直接放名词，说「原因之一」，不再加「一个」。		[0, 1]	general	unreviewed		[]
之一|之一|zhi1 yi1~2	之一|之一|zhi1 yi1	2	defined	["數"]	["数"]	[]	[]	[]	用在「幾分」後面，表示全部分成幾份中的一份	用在「几分」后面，表示全部分成几份中的一份				[2]	general	unreviewed		[]
之下|之下|zhi1 xia4~1	之下|之下|zhi1 xia4	1	defined	["名"]	["名"]	[]	[]	[]	用在名詞後面，表示在某種情況裡	用在名词后面，表示在某种情况里	常說「在……之下」，中間多放幫助、影響、情況這類詞。	常说「在……之下」，中间多放帮助、影响、情况这类词。		[]	general	unreviewed		[]
之下|之下|zhi1 xia4~2	之下|之下|zhi1 xia4	2	defined	["名"]	["名"]	[]	["lit"]	[]	用在名詞後面，表示位置在下面	用在名词后面，表示位置在下面				[0, 1]	general	unreviewed		[]
之下|之下|zhi1 xia4~3	之下|之下|zhi1 xia4	3	defined	["名"]	["名"]	[]	["lit"]	[]	用在數目後面，表示比這個數少	用在数目后面，表示比这个数少				[2]	general	unreviewed		[]
之中|之中|zhi1 zhong1~1	之中|之中|zhi1 zhong1	1	defined	["名"]	["名"]	["function-word"]	[]	[]	用在詞語後面，表示在某個範圍或過程裡面	用在词语后面，表示在某个范围或过程里面	「之中」多用在書面，口語常說「裡面」。	「之中」多用在书面，口语常说「里面」。		[0, 1, 2, 3]	general	unreviewed		[]
之前|之前|zhi1 qian2~1	之前|之前|zhi1 qian2	1	defined	["名"]	["名"]	[]	[]	[]	用在時間或事情後面，表示比它早	用在时间或事情后面，表示比它早	常說「…之前」，也可以單獨放在句子開頭表示過去。	常说「…之前」，也可以单独放在句子开头表示过去。		[0, 1, 2, 3, 4]	general	unreviewed		[]
之外|之外|zhi1 wai4~1	之外|之外|zhi1 wai4	1	defined	["名"]	["名"]	[]	[]	[]	不在某個範圍裡面的地方或情況	不在某个范围里面的地方或情况	「之外」多用在名詞後面。「除了…之外」是常用的句子格式，表示不算在內。	「之外」多用在名词后面。「除了…之外」是常用的句子格式，表示不算在内。		[0, 1]	general	unreviewed		[]
之後|之后|zhi1 hou4~1	之後|之后|zhi1 hou4	1	defined	["名"]	["名"]	[]	[]	[]	表示在某件事或某個地方的後面	表示在某件事或某个地方的后面	「以後」可以指將來，「之後」多指某件事以後。	「以后」可以指将来，「之后」多指某件事以后。		[0]	general	unreviewed		[]
之後|之后|zhi1 hou4~2	之後|之后|zhi1 hou4	2	defined	["副"]	["副"]	[]	[]	[]	用在句子開頭，表示接著發生	用在句子开头，表示接着发生				[1]	general	unreviewed		[]
之間|之间|zhi1 jian1~1	之間|之间|zhi1 jian1	1	defined	["名"]	["名"]	["function-word"]	[]	[]	用在名詞後面，表示在兩者或幾者的中間	用在名词后面，表示在两者或几者的中间	「之間」一定接在名詞後面，「中間」可以單獨用。	「之间」一定接在名词后面，「中间」可以单独用。		[0]	function-word	unreviewed		[]
之間|之间|zhi1 jian1~2	之間|之间|zhi1 jian1	2	defined	["名"]	["名"]	["function-word"]	[]	[]	用在一些詞的後面，表示時間很短	用在一些词的后面，表示时间很短				[1]	function-word	unreviewed		[]
乘|乘|cheng2~1	乘|乘|cheng2	1	defined	["動"]	["动"]	[]	[]	[]	坐上車、船、飛機等交通工具	坐上车、船、飞机等交通工具	「乘」多用在書面和正式的說法，口語常說「坐」。	「乘」多用在书面和正式的说法，口语常说「坐」。		[0, 1]	general	unreviewed		[]
乘|乘|cheng2~2	乘|乘|cheng2	2	defined	["動"]	["动"]	[]	[]	[]	利用某個機會或條件做事	利用某个机会或条件做事				[2, 3, 4]	general	unreviewed		[]
乘|乘|cheng2~3	乘|乘|cheng2	3	defined	["動"]	["动"]	[]	[]	["math"]	把一個數重複相加若干次的計算	把一个数重复相加若干次的计算				[5]	general	unreviewed		[]
乘|乘|cheng2~4	乘|乘|cheng2	4	defined	["名"]	["名"]	[]	["lit"]	["rel"]	佛教中指引人修行的教法	佛教中指引人修行的教法			archaic-form	[6]	general	unreviewed		[]
乘|乘|sheng4~1	乘|乘|sheng4	1	defined	["名"]	["名"]	[]	["arch"]	[]	舊時指四匹馬拉的戰車	旧时指四匹马拉的战车			archaic-form	[0]	general	unreviewed		[]
乘|乘|sheng4~2	乘|乘|sheng4	2	defined	["數"]	["数"]	[]	["arch"]	[]	舊時的數目，等於四	旧时的数目，等于四			archaic-form	[1]	general	unreviewed		[]
乘|乘|sheng4~3	乘|乘|sheng4	3	defined	["名"]	["名"]	[]	["arch"]	[]	舊時指記錄歷史的書	旧时指记录历史的书			archaic-form	[2]	general	unreviewed		[]
乘客|乘客|cheng2 ke4~1	乘客|乘客|cheng2 ke4	1	defined	["名"]	["名"]	[]	[]	[]	坐車、船或飛機的客人	坐车、船或飞机的客人				[0]	general	unreviewed		[]
九|九|jiu3~1	九|九|jiu3	1	defined	["數"]	["数"]	[]	[]	[]	數目，等於八加一	数目，等于八加一				[0, 1]	general	unreviewed		[]
也|也|ye3~1	也|也|ye3	1	defined	["副"]	["副"]	["function-word"]	[]	[]	用在動詞或形容詞前面，表示情況跟別的人或事相同	用在动词或形容词前面，表示情况跟别的人或事相同	「也」要放在動詞前面，不放在句子最後。例如說「我也去」，不說「我去也」。	「也」要放在动词前面，不放在句子最后。例如说「我也去」，不说「我去也」。		[0]	function-word	unreviewed		[]
也|也|ye3~2	也|也|ye3	2	defined	["副"]	["副"]	["function-word"]	[]	[]	常跟「連」連用，表示強調想不到或極少的情況	常跟「连」连用，表示强调想不到或极少的情况	常用在「連……也……」、「一點也不……」的句子裡。這時候的「也」可以換成「都」。	常用在「连……也……」、「一点也不……」的句子里。这时候的「也」可以换成「都」。		[1]	function-word	unreviewed		[]
也|也|ye3~3	也|也|ye3	3	defined	["助"]	["助"]	["particle", "function-word"]	["lit"]	[]	用在句末，表示肯定的語氣	用在句末，表示肯定的语气	現代很少單用，多在古文或「空空如也」等詞裡見到。	现代很少单用，多在古文或「空空如也」等词里见到。	archaic-form	[2]	function-word	unreviewed		[]
乾|乾|qian2~1	乾|乾|qian2	1	defined	["名"]	["名"]	["bound-form"]	[]	[]	八卦之一，代表天，也代表男性	八卦之一，代表天，也代表男性				[0, 1, 2]	general	unreviewed		[]
乾|乾|qian2~2	乾|乾|qian2	2	defined	["名"]	["名"]	[]	[]	[]	舊時用八卦表示方向時指西北	旧时用八卦表示方向时指西北			archaic-form	[3]	general	unreviewed		[]
乾|干|gan1~1	乾|干|gan1	1	defined	["形"]	["形"]	[]	[]	[]	沒有水分或水分很少的	没有水分或水分很少的				[0]	general	unreviewed		[]
乾|干|gan1~2	乾|干|gan1	2	defined	["名"]	["名"]	["bound-form"]	[]	[]	水分去掉後能放很久的食物	水分去掉后能放很久的食物				[1]	general	unreviewed		[]
乾|干|gan1~3	乾|干|gan1	3	defined	["形"]	["形"]	["bound-form"]	[]	[]	不是親生的，像親人一樣的	不是亲生的，像亲人一样的				[3]	general	unreviewed		[]
乾|干|gan1~4	乾|干|gan1	4	defined	["形", "副"]	["形", "副"]	["bound-form"]	[]	[]	空的，起不到實際作用的	空的，起不到实际作用的				[2, 4]	general	unreviewed		[]
乾|干|gan1~5	乾|干|gan1	5	defined	["形"]	["形"]	[]	["dialect"]	[]	說話做事直接，不理會別人的感受	说话做事直接，不理会别人的感受				[5, 6]	general	unreviewed		[]
亂|乱|luan4~1	亂|乱|luan4	1	defined	["形"]	["形"]	[]	[]	[]	沒有條理，東西放得不整齊的	没有条理，东西放得不整齐的				[0]	general	unreviewed		[]
亂|乱|luan4~2	亂|乱|luan4	2	defined	["副"]	["副"]	[]	[]	[]	表示做事沒有道理，不按規則	表示做事没有道理，不按规则	多用在動詞前面，如「亂放」「亂花錢」。	多用在动词前面，如「乱放」「乱花钱」。		[8, 9, 10]	general	unreviewed		[]
亂|乱|luan4~3	亂|乱|luan4	3	defined	["形"]	["形"]	[]	[]	[]	心裡不安定，想法不清楚的	心里不安定，想法不清楚的				[1]	general	unreviewed		[]
亂|乱|luan4~4	亂|乱|luan4	4	defined	["動"]	["动"]	["bound-form"]	[]	[]	使原有的條理受到破壞	使原有的条理受到破坏				[6, 7]	general	unreviewed		[]
亂|乱|luan4~5	亂|乱|luan4	5	defined	["名"]	["名"]	["bound-form"]	[]	[]	社會不安定，發生戰爭或暴力的情況	社会不安定，发生战争或暴力的情况				[2, 3, 4]	general	unreviewed		[]
亂|乱|luan4~6	亂|乱|luan4	6	defined	["形"]	["形"]	["bound-form"]	[]	[]	男女關係不正當的	男女关系不正当的				[5]	general	unreviewed		[]
了|了|le5~1	了|了|le5	1	defined	["助"]	["助"]	["particle", "function-word"]	[]	[]	用在動詞後面，表示動作已經完成	用在动词后面，表示动作已经完成	動作完成不一定是過去的事，將來的事也可以用「了」。「過」表示以前有這樣的經驗。	动作完成不一定是过去的事，将来的事也可以用「了」。「过」表示以前有这样的经验。		[0]	function-word	unreviewed		[]
了|了|le5~2	了|了|le5	2	defined	["助"]	["助"]	["particle", "function-word"]	[]	[]	用在句子的最後，表示出現新情況，或加強語氣	用在句子的最后，表示出现新情况，或加强语气	跟「太」一起用的時候，只加強語氣，不表示動作完成。	跟「太」一起用的时候，只加强语气，不表示动作完成。		[1, 2]	function-word	unreviewed		[]
了|了|liao3~1	了|了|liao3	1	defined	["動"]	["动"]	[]	[]	[]	用在動詞和「得」「不」的後面，表示能不能做到	用在动词和「得」「不」的后面，表示能不能做到	「走得了」表示能走，「走不了」表示不能走。	「走得了」表示能走，「走不了」表示不能走。		[1]	general	unreviewed		[]
了|了|liao3~2	了|了|liao3	2	defined	["動"]	["动"]	["bound-form"]	[]	[]	把事情辦完，不再繼續下去	把事情办完，不再继续下去				[0]	general	unreviewed		[]
了|了|liao3~3	了|了|liao3	3	defined	["副"]	["副"]	[]	["lit"]	[]	完全，多用在「無」「不」之前	完全，多用在「无」「不」之前				[2]	general	unreviewed		[]
了解|了解|liao3 jie3~1	了解|了解|liao3 jie3	1	defined	["動"]	["动"]	[]	[]	[]	對人或事情知道得很清楚	对人或事情知道得很清楚	「知道」重在有沒有，「了解」重在深不深。	「知道」重在有没有，「了解」重在深不深。		[0, 1]	general	unreviewed		[]
了解|了解|liao3 jie3~2	了解|了解|liao3 jie3	2	defined	["動"]	["动"]	[]	[]	[]	為了知道情況而去打聽	为了知道情况而去打听				[2]	general	unreviewed		[]
事|事|shi4~1	事|事|shi4	1	defined	["名"]	["名"]	["classifier-ref"]	[]	[]	發生的情況或要做的工作	发生的情况或要做的工作	常說「有事」「沒事」「出事」。別人道歉時，回答「沒事」表示沒有關係。	常说「有事」「没事」「出事」。别人道歉时，回答「没事」表示没有关系。		[0, 1, 2, 3, 4, 5]	general	unreviewed		[]
事件|事件|shi4 jian4~1	事件|事件|shi4 jian4	1	defined	["名"]	["名"]	[]	[]	[]	已經發生、引起注意的重要事情	已经发生、引起注意的重要事情	「事情」泛指大小事，「事件」多指重大的、引起注意的事。	「事情」泛指大小事，「事件」多指重大的、引起注意的事。		[0]	general	unreviewed		[]
事實|事实|shi4 shi2~1	事實|事实|shi4 shi2	1	defined	["名"]	["名"]	[]	[]	[]	真實存在或發生過的事情	真实存在或发生过的事情	「事實」指真的發生過的事，「真相」指事情背後真正的情況。	「事实」指真的发生过的事，「真相」指事情背后真正的情况。		[0, 1]	general	unreviewed		[]
事實上|事实上|shi4 shi2 shang4~1	事實上|事实上|shi4 shi2 shang4	1	defined	["副"]	["副"]	[]	[]	[]	用來指出真實的情況，常跟人們想的不同	用来指出真实的情况，常跟人们想的不同	「其實」意思相近，但「事實上」語氣更正式，多用於書面。	「其实」意思相近，但「事实上」语气更正式，多用于书面。		[0, 1, 2, 3, 4, 5]	general	unreviewed		[]
事情|事情|shi4 qing5~1	事情|事情|shi4 qing5	1	defined	["名"]	["名"]	["classifier-ref"]	[]	[]	人做的活動或發生的情況	人做的活动或发生的情况				[0, 1]	general	unreviewed		[]
事故|事故|shi4 gu4~1	事故|事故|shi4 gu4	1	defined	["名"]	["名"]	["classifier-ref"]	[]	[]	意外發生的、造成傷害或損失的事情	意外发生的、造成伤害或损失的事情				[0, 1]	general	unreviewed		[]
事業|事业|shi4 ye4~1	事業|事业|shi4 ye4	1	defined	["名"]	["名"]	[]	[]	[]	為了一定目標長期進行的重要工作	为了一定目标长期进行的重要工作	「工作」多指每天做的事，「事業」指長期努力做的事。	「工作」多指每天做的事，「事业」指长期努力做的事。		[0, 1, 2, 3, 5, 6, 7]	general	unreviewed		[]
事業|事业|shi4 ye4~2	事業|事业|shi4 ye4	2	defined	["名"]	["名"]	["bound-form"]	[]	["cn"]	由國家出錢辦的服務機構	由国家出钱办的服务机构				[4]	general	unreviewed		[]
二|二|er4~1	二|二|er4	1	defined	["數"]	["数"]	[]	[]	[]	數目，比一多一	数目，比一多一	「二」用來數數、排序，「兩」用在量詞前面。	「二」用来数数、排序，「两」用在量词前面。		[0, 1]	general	unreviewed		[]
二|二|er4~2	二|二|er4	2	defined	["形"]	["形"]	[]	["dialect"]	[]	頭腦簡單、做事不聰明的	头脑简单、做事不聪明的				[2]	general	unreviewed	edited	["E-er4-2"]
二十|二十|er4 shi2~1	二十|二十|er4 shi2	1	defined	["數"]	["数"]	[]	[]	[]	數目，是十的兩倍	数目，是十的两倍				[0]	general	unreviewed		[]
互相|互相|hu4 xiang1~1	互相|互相|hu4 xiang1	1	defined	["副"]	["副"]	[]	[]	[]	表示兩方對彼此做同樣的事	表示两方对彼此做同样的事	「互相」用在動詞前面，不能單獨做主語。	「互相」用在动词前面，不能单独做主语。		[0, 1, 2]	general	unreviewed		[]
五|五|wu3~1	五|五|wu3	1	defined	["數"]	["数"]	[]	[]	[]	數目，等於四加一	数目，等于四加一				[0, 1]	general	unreviewed		[]
井|井|jing3~1	井|井|jing3	1	defined	["名"]	["名"]	[]	[]	[]	從地面往下挖成、用來取水的洞	从地面往下挖成、用来取水的洞				[0, 1]	general	unreviewed		[]
井|井|jing3~2	井|井|jing3	2	defined	["形"]	["形"]	["bound-form"]	[]	[]	整齊、有條理的	整齐、有条理的				[2, 3]	general	unreviewed		[]
些|些|xie1~1	些|些|xie1	1	defined	["量"]	["量"]	["classifier-is"]	[]	[]	用於數量不確定的人或事物，多表示少量	用于数量不确定的人或事物，多表示少量	「一些」不能說成「兩些」、「三些」。「些」也常跟在「這」「那」後面，如「這些人」。	「一些」不能说成「两些」、「三些」。「些」也常跟在「这」「那」后面，如「这些人」。		[0]	classifier-is	unreviewed		[]
亞|亚|ya4~1	亞|亚|ya4	1	defined	["形"]	["形"]	["bound-form"]	[]	[]	等級或位置僅次於最高的	等级或位置仅次于最高的				[0, 1, 2, 3]	general	unreviewed		[]
交|交|jiao1~1	交|交|jiao1	1	defined	["動"]	["动"]	[]	[]	[]	把東西或錢給對方	把东西或钱给对方	「交」多用在該給出去的錢或東西上；「給」的用法沒有這個限制。	「交」多用在该给出去的钱或东西上；「给」的用法没有这个限制。		[0]	general	unreviewed		[]
交|交|jiao1~2	交|交|jiao1	2	defined	["動"]	["动"]	[]	[]	[]	和別人建立朋友關係	和别人建立朋友关系				[1]	general	unreviewed		[]
交|交|jiao1~3	交|交|jiao1	3	defined	["動"]	["动"]	[]	[]	[]	兩條線或路經過同一個點	两条线或路经过同一个点				[2]	general	unreviewed		[]
交換|交换|jiao1 huan4~1	交換|交换|jiao1 huan4	1	defined	["動"]	["动"]	[]	[]	[]	把自己的東西給對方，同時得到對方的	把自己的东西给对方，同时得到对方的				[0, 1]	general	unreviewed		[]
交換|交换|jiao1 huan4~2	交換|交换|jiao1 huan4	2	defined	["動"]	["动"]	[]	[]	["tech"]	通信上指把信號從一條線路轉到另一條	通信上指把信号从一条线路转到另一条				[2]	general	unreviewed		[]
交換|交换|jiao1 huan4~3	交換|交换|jiao1 huan4	3	defined	["形"]	["形"]	[]	[]	["math"]	數學上指兩者前後位置改變而結果相同的	数学上指两者前后位置改变而结果相同的				[3, 4]	general	unreviewed		[]
交易|交易|jiao1 yi4~1	交易|交易|jiao1 yi4	1	defined	["動", "名"]	["动", "名"]	["classifier-ref"]	[]	[]	買賣東西，或拿東西互相交換	买卖东西，或拿东西互相交换	「交易」比「買賣」正式，多用在做生意的場合。	「交易」比「买卖」正式，多用在做生意的场合。		[0, 1, 2]	general	unreviewed		[]
交流|交流|jiao1 liu2~1	交流|交流|jiao1 liu2	1	defined	["動", "名"]	["动", "名"]	[]	[]	[]	彼此把想法、經驗等告訴對方	彼此把想法、经验等告诉对方				[0, 1, 2, 3, 4]	general	unreviewed		[]
交通|交通|jiao1 tong1~1	交通|交通|jiao1 tong1	1	defined	["名"]	["名"]	[]	[]	[]	人和車輛在路上來往通行，也指運輸事業	人和车辆在路上来往通行，也指运输事业				[1, 2, 3]	general	unreviewed		[]
交通|交通|jiao1 tong1~2	交通|交通|jiao1 tong1	2	defined	["動"]	["动"]	[]	["lit"]	[]	彼此連接相通，能夠來往	彼此连接相通，能够来往				[0, 4]	general	unreviewed		[]
亮|亮|liang4~1	亮|亮|liang4	1	defined	["形"]	["形"]	[]	[]	[]	光線強，能看清楚東西的	光线强，能看清楚东西的				[0]	general	unreviewed		[]
亮|亮|liang4~2	亮|亮|liang4	2	defined	["動"]	["动"]	[]	[]	[]	發出光，讓周圍能看清楚	发出光，让周围能看清楚				[1]	general	unreviewed		[]
亮|亮|liang4~3	亮|亮|liang4	3	defined	["形"]	["形"]	[]	[]	[]	聲音大而清楚的	声音大而清楚的				[2]	general	unreviewed		[]
亮|亮|liang4~4	亮|亮|liang4	4	defined	["動"]	["动"]	[]	[]	[]	把東西或想法拿出來給人看	把东西或想法拿出来给人看				[3]	general	unreviewed		[]
人們|人们|ren2 men5~1	人們|人们|ren2 men5	1	defined	["名"]	["名"]	[]	[]	[]	泛指許多人，不指某個人	泛指许多人，不指某个人	「人們」前面不能加數量，也不說「這些人們」。	「人们」前面不能加数量，也不说「这些人们」。		[0]	general	unreviewed		[]
人口|人口|ren2 kou3~1	人口|人口|ren2 kou3	1	defined	["名"]	["名"]	[]	[]	[]	一個國家或地區的人的總數	一个国家或地区的人的总数	「人口」說的是人的數目，「人民」說的是一個國家的公民。	「人口」说的是人的数目，「人民」说的是一个国家的公民。		[0, 1]	general	unreviewed		[]
人員|人员|ren2 yuan2~1	人員|人员|ren2 yuan2	1	defined	["名"]	["名"]	["classifier-ref"]	[]	[]	做某種工作的人的總稱	做某种工作的人的总称	常跟修飾語一起用，如「工作人員」、「技術人員」。	常跟修饰语一起用，如「工作人员」、「技术人员」。		[0, 1, 2, 3]	general	unreviewed		[]
人士|人士|ren2 shi4~1	人士|人士|ren2 shi4	1	defined	["名"]	["名"]	[]	["lit"]	[]	在社會上有一定地位或影響的人	在社会上有一定地位或影响的人	「人士」常跟「專業」、「各界」等詞連用。	「人士」常跟「专业」、「各界」等词连用。		[0, 1, 2]	general	unreviewed		[]
人數|人数|ren2 shu4~1	人數|人数|ren2 shu4	1	defined	["名"]	["名"]	[]	[]	[]	一定範圍內所有人的數目	一定范围内所有人的数目	「人口」指一個地方所有的居民，「人數」多指一群人或參加某件事的人有多少。	「人口」指一个地方所有的居民，「人数」多指一群人或参加某件事的人有多少。		[0]	general	unreviewed	edited	["R57A-014"]
人民|人民|ren2 min2~1	人民|人民|ren2 min2	1	defined	["名"]	["名"]	[]	[]	[]	一個國家裡普通人的總稱	一个国家里普通人的总称	「人民」是總稱，不能說「一個人民」；指一般人時用「人們」。	「人民」是总称，不能说「一个人民」；指一般人时用「人们」。		[0]	general	unreviewed		[]
人物|人物|ren2 wu4~1	人物|人物|ren2 wu4	1	defined	["名"]	["名"]	[]	[]	[]	在某方面有影響、受人注意的人	在某方面有影响、受人注意的人	常跟「重要」、「歷史」等詞連用，如「歷史人物」。	常跟「重要」、「历史」等词连用，如「历史人物」。		[0]	general	unreviewed		[]
人物|人物|ren2 wu4~2	人物|人物|ren2 wu4	2	defined	["名"]	["名"]	[]	[]	[]	小說、電影等作品裡出現的人	小说、电影等作品里出现的人				[1]	general	unreviewed		[]
人物|人物|ren2 wu4~3	人物|人物|ren2 wu4	3	defined	["名"]	["名"]	[]	[]	[]	以人為主要對象的中國畫	以人为主要对象的中国画	中國畫常按對象分成人物、山水、花鳥三類。	中国画常按对象分成人物、山水、花鸟三类。		[2]	general	unreviewed		[]
人生|人生|ren2 sheng1~1	人生|人生|ren2 sheng1	1	defined	["名"]	["名"]	[]	[]	[]	人從出生到死亡的整個過程	人从出生到死亡的整个过程	「人生」指一個人一生的經歷，「生活」指每天過日子的情況。	「人生」指一个人一生的经历，「生活」指每天过日子的情况。		[0]	general	unreviewed		[]
人類|人类|ren2 lei4~1	人類|人类|ren2 lei4	1	defined	["名"]	["名"]	[]	[]	[]	全世界所有人的總稱，跟其他動物相對	全世界所有人的总称，跟其他动物相对	「人類」指全體，「人們」指其中的一些人。	「人类」指全体，「人们」指其中的一些人。		[0, 1, 2]	general	unreviewed		[]
什|什|shen2~1	什|什|shen2	1	defined	["代"]	["代"]	["bound-form"]	[]	[]	構成「什麼」，用來問事物	构成「什么」，用来问事物				[0]	general	unreviewed		[]
什|什|shi2~1	什|什|shi2	1	defined	["形"]	["形"]	["bound-form"]	[]	[]	多種東西混在一起的	多种东西混在一起的				[1, 2]	general	unreviewed		[]
什|什|shi2~2	什|什|shi2	2	defined	["數"]	["数"]	[]	["arch"]	[]	數目，等於十，用在分數裡	数目，等于十，用在分数里	「什一」舊時指十分之一，現在已經很少這樣寫。	「什一」旧时指十分之一，现在已经很少这样写。	archaic-form	[0]	general	unreviewed		[]
什麼|什么|shen2 me5~1	什麼|什么|shen2 me5	1	defined	["代"]	["代"]	[]	[]	[]	用來問不知道的人或事物	用来问不知道的人或事物	問人多用「誰」，問事物用「什麼」。	问人多用「谁」，问事物用「什么」。		[0]	general	unreviewed		[]
什麼|什么|shen2 me5~2	什麼|什么|shen2 me5	2	defined	["代"]	["代"]	[]	[]	[]	指不能確定或不用說出的人或事物	指不能确定或不用说出的人或事物	「什麼」跟「都」、「也」連用，表示所有的都一樣。	「什么」跟「都」、「也」连用，表示所有的都一样。		[1]	general	unreviewed		[]
今|今|jin1~1	今|今|jin1	1	defined	["形"]	["形"]	["bound-form"]	[]	[]	現在的，多用在天、年等前面	现在的，多用在天、年等前面				[4]	general	unreviewed		[]
今|今|jin1~2	今|今|jin1	2	defined	["名"]	["名"]	["bound-form"]	[]	[]	現在，跟古時相反	现在，跟古时相反				[0, 1, 2, 3]	general	unreviewed		[]
今天|今天|jin1 tian1~1	今天|今天|jin1 tian1	1	defined	["名"]	["名"]	[]	[]	[]	說話時的這一天	说话时的这一天				[0]	general	unreviewed		[]
今天|今天|jin1 tian1~2	今天|今天|jin1 tian1	2	defined	["名"]	["名"]	[]	[]	[]	現在這個時代	现在这个时代				[1]	general	unreviewed		[]
介紹|介绍|jie4 shao4~1	介紹|介绍|jie4 shao4	1	defined	["動"]	["动"]	[]	[]	[]	使雙方認識或建立關係	使双方认识或建立关系				[0, 2]	general	unreviewed		[]
介紹|介绍|jie4 shao4~2	介紹|介绍|jie4 shao4	2	defined	["動", "名"]	["动", "名"]	[]	[]	[]	說明事物的情況，使人了解	说明事物的情况，使人了解				[1, 3]	general	unreviewed		[]
仍|仍|reng2~1	仍|仍|reng2	1	defined	["副"]	["副"]	[]	["lit"]	[]	表示情況跟原來一樣，沒有改變	表示情况跟原来一样，没有改变	意思跟「仍然」一樣，說話時多用「還」。	意思跟「仍然」一样，说话时多用「还」。		[0, 1]	general	unreviewed		[]
仍|仍|reng2~2	仍|仍|reng2	2	defined	["形"]	["形"]	["bound-form"]	["lit"]	[]	一次又一次，接連不斷的	一次又一次，接连不断的				[2]	general	unreviewed		[]
仍然|仍然|reng2 ran2~1	仍然|仍然|reng2 ran2	1	defined	["副"]	["副"]	[]	[]	[]	表示情況跟以前一樣，沒有改變	表示情况跟以前一样，没有改变	「仍然」多用在書面，說話時常用「還是」。	「仍然」多用在书面，说话时常用「还是」。		[0]	general	unreviewed		[]
仔|仔|zai3~1	仔|仔|zai3	1	defined	["名"]	["名"]	["bound-form"]	["dialect"]	[]	年輕的男子	年轻的男子				[1]	bound-form	unreviewed		[]
仔|仔|zi3~1	仔|仔|zi3	1	defined	["形"]	["形"]	["bound-form"]	[]	[]	剛出生不久的，多指家裡養的動物	刚出生不久的，多指家里养的动物				[0]	bound-form	unreviewed		[]
仔|仔|zi3~2	仔|仔|zi3	2	defined	["形"]	["形"]	["bound-form"]	[]	[]	做事小心，連小地方也不放過的	做事小心，连小地方也不放过的				[1]	bound-form	unreviewed		[]
他|他|ta1~1	他|他|ta1	1	defined	["代"]	["代"]	[]	[]	[]	稱自己和對方以外的一個人，多指男性	称自己和对方以外的一个人，多指男性	指女性用「她」，指東西用「它」。不知道是男是女時也可以用「他」。	指女性用「她」，指东西用「它」。不知道是男是女时也可以用「他」。		[0]	general	unreviewed		[]
他|他|ta1~2	他|他|ta1	2	defined	["形"]	["形"]	["bound-form"]	[]	[]	別的，另外的	别的，另外的				[1]	bound-form	unreviewed		[]
他人|他人|ta1 ren2~1	他人|他人|ta1 ren2	1	defined	["代"]	["代"]	[]	["lit"]	[]	自己以外的人	自己以外的人	「別人」多用在口語，「他人」多用在書面。	「别人」多用在口语，「他人」多用在书面。		[0]	general	unreviewed		[]
他們|他们|ta1 men5~1	他們|他们|ta1 men5	1	defined	["代"]	["代"]	[]	[]	[]	指說話的人和對方以外的兩個或更多的人	指说话的人和对方以外的两个或更多的人	指的人全是女性時，多寫作「她們」；有男性時用「他們」。	指的人全是女性时，多写作「她们」；有男性时用「他们」。		[0]	general	unreviewed		[]
代|代|dai4~1	代|代|dai4	1	defined	["名"]	["名"]	["bound-form"]	[]	[]	歷史上的一段時期	历史上的一段时期				[1]	general	unreviewed		[]
代|代|dai4~2	代|代|dai4	2	defined	["動"]	["动"]	[]	[]	[]	替別人做他該做的事	替别人做他该做的事				[0]	general	unreviewed		[]
代|代|dai4~3	代|代|dai4	3	defined	["名"]	["名"]	[]	[]	[]	家族中從父母到子女的一層	家族中从父母到子女的一层				[1]	general	unreviewed		[]
代表|代表|dai4 biao3~1	代表|代表|dai4 biao3	1	defined	["動", "名"]	["动", "名"]	["classifier-ref"]	[]	[]	代替別人或大家說話、做事	代替别人或大家说话、做事				[0, 1, 2, 3, 5, 6]	general	unreviewed		[]
代表|代表|dai4 biao3~2	代表|代表|dai4 biao3	2	defined	["動"]	["动"]	[]	[]	[]	用一種事物表示另一種意思	用一种事物表示另一种意思				[4]	general	unreviewed		[]
令|令|ling3~1	令|令|ling3	1	defined	["量"]	["量"]	["classifier-is"]	[]	[]	用於計算紙張，一令是五百張	用于计算纸张，一令是五百张				[0]	classifier-is	unreviewed		[]
令|令|ling4~1	令|令|ling4	1	defined	["動", "名"]	["动", "名"]	["bound-form"]	[]	[]	上級要求下級做事，也指這種要求	上级要求下级做事，也指这种要求				[0, 1, 2, 3, 4]	general	unreviewed		[]
令|令|ling4~2	令|令|ling4	2	defined	["動"]	["动"]	[]	[]	[]	使人產生某種感覺或反應	使人产生某种感觉或反应	「令」多用在書面，「讓」「使」在口語裡更常見。	「令」多用在书面，「让」「使」在口语里更常见。		[5, 6]	general	unreviewed		[]
令|令|ling4~3	令|令|ling4	3	defined	["名"]	["名"]	["bound-form"]	[]	[]	季節，特別指跟天氣有關的時期	季节，特别指跟天气有关的时期				[9]	general	unreviewed		[]
令|令|ling4~4	令|令|ling4	4	defined	["形"]	["形"]	["bound-form"]	["lit"]	[]	美好的，多用在稱呼別人的家人	美好的，多用在称呼别人的家人	說自己的家人用「家」，如「家父」；說別人的家人才用「令」。	说自己的家人用「家」，如「家父」；说别人的家人才用「令」。		[7, 8]	general	unreviewed		[]
令|令|ling4~5	令|令|ling4	5	defined	["名"]	["名"]	["bound-form"]	["arch"]	[]	舊時管理一個地方的官員	旧时管理一个地方的官员				[10]	general	unreviewed	edited	["E-ling4-5"]
令|令|ling4~6	令|令|ling4	6	defined	["名"]	["名"]	[]	["lit"]	[]	舊時一種很短的詞或詩	旧时一种很短的词或诗			archaic-form	[11]	general	unreviewed		[]
以|以|yi3~1	以|以|yi3	1	defined	["介"]	["介"]	["function-word"]	["lit"]	[]	用在名詞前面，引出動作的方式、根據或原因	用在名词前面，引出动作的方式、根据或原因	口語常說「用」「按照」「因為」，「以」多用在書面。古書裡也用在日期前面，表示「在」。	口语常说「用」「按照」「因为」，「以」多用在书面。古书里也用在日期前面，表示「在」。		[0, 1, 2, 4, 5]	general	unreviewed	edited	["E-yi3-1"]
以|以|yi3~2	以|以|yi3	2	defined	["綴"]	["缀"]	["bound-form"]	[]	[]	用在「上、下、前、後」等詞前面，表示時間或數量的範圍	用在「上、下、前、后」等词前面，表示时间或数量的范围				[]	general	unreviewed	edited	["R57A-002"]
以|以|yi3~3	以|以|yi3	3	defined	["連"]	["连"]	["function-word"]	["lit"]	[]	用在後半句開頭，引出前面做法的目的	用在后半句开头，引出前面做法的目的	「為了」多用在前半句，「以」用在後半句開頭。	「为了」多用在前半句，「以」用在后半句开头。		[3]	general	unreviewed		[]
以上|以上|yi3 shang4~1	以上|以上|yi3 shang4	1	defined	["名"]	["名"]	[]	[]	[]	某個數量或程度往上的範圍	某个数量或程度往上的范围	說「五十人以上」時，一般包括五十人。	说「五十人以上」时，一般包括五十人。		[0]	general	unreviewed		[]
以上|以上|yi3 shang4~2	以上|以上|yi3 shang4	2	defined	["名"]	["名"]	[]	[]	[]	前面說過的話或內容	前面说过的话或内容	講完話時可以只說「以上」，表示已經說完。	讲完话时可以只说「以上」，表示已经说完。		[1, 2]	general	unreviewed		[]
以下|以下|yi3 xia4~1	以下|以下|yi3 xia4	1	defined	["名"]	["名"]	[]	[]	[]	在某個數目或程度的下面	在某个数目或程度的下面	「以下」指比說到的那個數少，「以上」指比它多。	「以下」指比说到的那个数少，「以上」指比它多。		[0, 1]	general	unreviewed		[]
以下|以下|yi3 xia4~2	以下|以下|yi3 xia4	2	defined	["名"]	["名"]	[]	[]	[]	文章或話裡下面說到的部分	文章或话里下面说到的部分				[2]	general	unreviewed		[]
以來|以来|yi3 lai2~1	以來|以来|yi3 lai2	1	defined	["助"]	["助"]	["function-word"]	[]	[]	用在表示時間的詞語後面，表示從那時到現在	用在表示时间的词语后面，表示从那时到现在	「以來」說的是從過去到現在的一段時間，「以後」只說時間的先後。	「以来」说的是从过去到现在的一段时间，「以后」只说时间的先后。		[0]	function-word	unreviewed		[]
以前|以前|yi3 qian2~1	以前|以前|yi3 qian2	1	defined	["名"]	["名"]	[]	[]	[]	比現在或某個時間早的時期	比现在或某个时间早的时期	「以前」可以單用，表示過去；也可以放在時間或動作後面，如「三年以前」。	「以前」可以单用，表示过去；也可以放在时间或动作后面，如「三年以前」。		[0, 1, 2, 3]	general	unreviewed		[]
以及|以及|yi3 ji2~1	以及|以及|yi3 ji2	1	defined	["連"]	["连"]	["function-word"]	[]	[]	連接幾個詞語或句子，表示都包括在內	连接几个词语或句子，表示都包括在内	「以及」連接的後面部分常是次要的，多用在書面。	「以及」连接的后面部分常是次要的，多用在书面。		[0]	general	unreviewed		[]
以外|以外|yi3 wai4~1	以外|以外|yi3 wai4	1	defined	["介"]	["介"]	["function-word"]	[]	[]	用在詞語後面，表示不在某個範圍之內	用在词语后面，表示不在某个范围之内	「以外」的相反是「以內」。說「除了…以外」時，後面常用「都」或「還」。	「以外」的相反是「以内」。说「除了…以外」时，后面常用「都」或「还」。		[0, 1, 2, 3, 4, 5, 6]	function-word	unreviewed		[]
以後|以后|yi3 hou4~1	以後|以后|yi3 hou4	1	defined	["名"]	["名"]	[]	[]	[]	比現在或所說的時間晚的時候	比现在或所说的时间晚的时候	「後來」多用在說過去的事，「以後」也可以說將來。	「后来」多用在说过去的事，「以后」也可以说将来。		[0, 1, 2, 3, 4, 5]	general	unreviewed		[]
以為|以为|yi3 wei2~1	以為|以为|yi3 wei2	1	defined	["動"]	["动"]	[]	[]	[]	心裡這樣想，多用在想錯了的時候	心里这样想，多用在想错了的时候	「認為」說的是現在的看法，「以為」常帶有後來發現弄錯了的意思。	「认为」说的是现在的看法，「以为」常带有后来发现弄错了的意思。		[0]	general	unreviewed		[]
件|件|jian4~1	件|件|jian4	1	defined	["量"]	["量"]	["classifier-is"]	[]	[]	用於計算事情、衣服等可以分開數的東西	用于计算事情、衣服等可以分开数的东西				[2]	classifier-is	unreviewed		[]
件|件|jian4~2	件|件|jian4	2	defined	["名"]	["名"]	["bound-form"]	[]	[]	可以分開計算的東西或部分	可以分开计算的东西或部分				[0, 1]	general	unreviewed		[]
任|任|ren4~1	任|任|ren4	1	defined	["名"]	["名"]	["bound-form"]	[]	[]	一個人擔任的工作或責任	一个人担任的工作或责任				[3, 4]	general	unreviewed		[]
任|任|ren4~2	任|任|ren4	2	defined	["動"]	["动"]	[]	[]	[]	在機構中擔任某個職務	在机构中担任某个职务				[2]	general	unreviewed		[]
任|任|ren4~3	任|任|ren4	3	defined	["動"]	["动"]	["bound-form"]	[]	[]	派人去擔任某個職務	派人去担任某个职务				[0, 1]	general	unreviewed		[]
任|任|ren4~4	任|任|ren4	4	defined	["動"]	["动"]	[]	[]	[]	不加限制，讓人自由去做	不加限制，让人自由去做				[5, 6, 7]	general	unreviewed		[]
任|任|ren4~5	任|任|ren4	5	defined	["量"]	["量"]	["classifier-is"]	[]	[]	用於計算先後擔任同一職務或角色的人	用于计算先后担任同一职务或角色的人				[9]	classifier-is	unreviewed		[]
任|任|ren4~6	任|任|ren4	6	defined	["連"]	["连"]	["function-word"]	[]	[]	用在句子前面，表示不管什麼情況，結果都一樣	用在句子前面，表示不管什么情况，结果都一样	「任」跟「無論」意思差不多，多用在「任誰」、「任你怎麼」這樣的說法裡。	「任」跟「无论」意思差不多，多用在「任谁」、「任你怎么」这样的说法里。		[8]	general	unreviewed		[]
任何|任何|ren4 he2~1	任何|任何|ren4 he2	1	defined	["代"]	["代"]	[]	[]	[]	不論哪一個或哪一種，都包括在內	不论哪一个或哪一种，都包括在内	「任何」後面常跟「都」或「也」，如「任何時候都可以」。	「任何」后面常跟「都」或「也」，如「任何时候都可以」。		[0]	general	unreviewed		[]
任務|任务|ren4 wu5~1	任務|任务|ren4 wu5	1	defined	["名"]	["名"]	[]	[]	[]	上級或組織交給人去完成的事	上级或组织交给人去完成的事	「工作」指長期做的事，「任務」多指一次交下來的事。	「工作」指长期做的事，「任务」多指一次交下来的事。		[0, 1]	general	unreviewed	edited	["E-ren4wu5-1"]
份|份|fen4~1	份|份|fen4	1	defined	["量"]	["量"]	["classifier-is"]	[]	[]	用於計算報紙、文件、禮物等	用于计算报纸、文件、礼物等	「份」多用在成套或分成幾部分的東西上。	「份」多用在成套或分成几部分的东西上。		[0]	classifier-is	unreviewed		[]
份|份|fen4~2	份|份|fen4	2	defined	["名"]	["名"]	["bound-form"]	[]	[]	整體中分出來的一部分	整体中分出来的一部分				[]	general	unreviewed		[]
企業|企业|qi3 ye4~1	企業|企业|qi3 ye4	1	defined	["名"]	["名"]	[]	[]	[]	生產產品或提供服務來賺錢的組織	生产产品或提供服务来赚钱的组织	「企業」是經濟上的說法，「公司」是它常見的一種形式。	「企业」是经济上的说法，「公司」是它常见的一种形式。		[0, 1]	general	unreviewed		[]
伊|伊|yi1~1	伊|伊|yi1	1	defined	["專"]	["专"]	["abbr"]	[]	[]	伊拉克或伊朗的簡稱	伊拉克或伊朗的简称	新聞裡常說「兩伊」，一起指伊朗和伊拉克。	新闻里常说「两伊」，一起指伊朗和伊拉克。	proper-name	[5, 6]	abbreviation	unreviewed		[]
伊|伊|yi1~2	伊|伊|yi1	2	defined	["代"]	["代"]	[]	["arch"]	[]	舊時稱說話的雙方以外的人，相當於「他」或「她」	旧时称说话的双方以外的人，相当于「他」或「她」	五四時期的小說裡，「伊」多用來指女性，後來改用「她」。	五四时期的小说里，「伊」多用来指女性，后来改用「她」。	archaic-form	[0, 2]	general	unreviewed	edited	["E-yi1-2"]
伊|伊|yi1~3	伊|伊|yi1	3	defined	["代"]	["代"]	[]	["lit"]	[]	舊時用在名詞前面，指那個人或那件事	旧时用在名词前面，指那个人或那件事	舊時常說「伊人」，多指心裡想念的女子。	旧时常说「伊人」，多指心里想念的女子。	archaic-form	[4]	general	unreviewed		[]
伊|伊|yi1~4	伊|伊|yi1	4	defined	["助"]	["助"]	["particle", "function-word"]	["lit"]	[]	舊時用在句子開頭，引出下面的話	旧时用在句子开头，引出下面的话	「伊始」就是開頭，「伊」在這裡只起引出的作用。	「伊始」就是开头，「伊」在这里只起引出的作用。	archaic-form	[3]	function-word	unreviewed		[]
伊|伊|yi1~5	伊|伊|yi1	5	defined	["代"]	["代"]	[]	["lit"]	[]	舊時稱說話時的對方，相當於「你」	旧时称说话时的对方，相当于「你」			archaic-form	[1]	general	unreviewed		[]
伯|伯|bai3~1	伯|伯|bai3	1	defined	["數"]	["数"]	[]	["arch"]	[]	數目，等於一百	数目，等于一百	這個用法舊時才有，現在都寫「百」。	这个用法旧时才有，现在都写「百」。	archaic-form	[0]	general	unreviewed		[]
伯|伯|bo2~1	伯|伯|bo2	1	defined	["名"]	["名"]	["bound-form"]	[]	[]	父親的哥哥	父亲的哥哥	「伯父」是父親的哥哥，「叔叔」是父親的弟弟。	「伯父」是父亲的哥哥，「叔叔」是父亲的弟弟。		[0, 2]	general	unreviewed		[]
伯|伯|bo2~2	伯|伯|bo2	2	defined	["名"]	["名"]	["bound-form"]	["hon"]	[]	對年紀大的男子的稱呼	对年纪大的男子的称呼				[1, 4]	general	unreviewed		[]
伯|伯|bo2~3	伯|伯|bo2	3	defined	["名"]	["名"]	["bound-form"]	[]	["hist"]	五等爵位中的第三等	五等爵位中的第三等	舊時的爵位分公、侯、伯、子、男五等。	旧时的爵位分公、侯、伯、子、男五等。		[5]	general	unreviewed		[]
伯|伯|bo2~4	伯|伯|bo2	4	defined	["名"]	["名"]	[]	["arch"]	[]	兄弟中最大的一個	兄弟中最大的一个	舊時兄弟按「伯、仲、叔、季」排大小，伯最大。	旧时兄弟按「伯、仲、叔、季」排大小，伯最大。	archaic-form	[3]	general	unreviewed		[]
估計|估计|gu1 ji4~1	估計|估计|gu1 ji4	1	defined	["動"]	["动"]	[]	[]	[]	根據情況大概算出數目或結果	根据情况大概算出数目或结果				[0]	general	unreviewed		[]
估計|估计|gu1 ji4~2	估計|估计|gu1 ji4	2	defined	["動"]	["动"]	[]	["coll"]	[]	認為事情大概會是這樣	认为事情大概会是这样	後面常接一件事或一句話，不接數目。	后面常接一件事或一句话，不接数目。		[1]	general	unreviewed		[]
似乎|似乎|si4 hu1~1	似乎|似乎|si4 hu1	1	defined	["副"]	["副"]	[]	[]	[]	表示不能肯定，只是覺得像是這樣	表示不能肯定，只是觉得像是这样	「似乎」和「好像」意思相近，「似乎」多用在書面。	「似乎」和「好像」意思相近，「似乎」多用在书面。		[0]	general	unreviewed		[]
但|但|dan4~1	但|但|dan4	1	defined	["連"]	["连"]	["function-word"]	[]	[]	連接句子，表示後一句跟前一句意思相反或不同	连接句子，表示后一句跟前一句意思相反或不同	「但」和「但是」意思一樣，「但」多用在書面上。	「但」和「但是」意思一样，「但」多用在书面上。		[0]	general	unreviewed		[]
但|但|dan4~2	但|但|dan4	2	defined	["副"]	["副"]	["bound-form"]	[]	[]	只、僅僅，表示除此以外沒有別的	只、仅仅，表示除此以外没有别的				[1]	general	unreviewed		[]
但是|但是|dan4 shi4~1	但是|但是|dan4 shi4	1	defined	["連"]	["连"]	["function-word"]	[]	[]	連接兩句話，表示後一句的意思跟前一句不同	连接两句话，表示后一句的意思跟前一句不同	「但是」常跟「雖然」一起用在一句話裡。「可是」意思差不多，多用在說話的時候。	「但是」常跟「虽然」一起用在一句话里。「可是」意思差不多，多用在说话的时候。		[0]	general	unreviewed		[]
佈|布|bu4~1	佈|布|bu4	1	defined	["動"]	["动"]	["bound-form"]	[]	[]	把消息公開，讓大家知道	把消息公开，让大家知道				[1]	general	unreviewed		[]
佈|布|bu4~2	佈|布|bu4	2	defined	["動"]	["动"]	["bound-form"]	[]	[]	分開排列在不同的地方	分开排列在不同的地方				[2]	general	unreviewed		[]
位|位|wei4~1	位|位|wei4	1	defined	["名"]	["名"]	["bound-form"]	[]	[]	人或東西所在的地方	人或东西所在的地方				[0, 1, 2, 3]	general	unreviewed		[]
位|位|wei4~2	位|位|wei4	2	defined	["量"]	["量"]	["classifier-is"]	[]	[]	用於計算人，帶尊敬的意思	用于计算人，带尊敬的意思	「個」也用來數人；對客人、老師等多用「位」。	「个」也用来数人；对客人、老师等多用「位」。		[4]	classifier-is	unreviewed		[]
位|位|wei4~3	位|位|wei4	3	defined	["量"]	["量"]	["classifier-is"]	[]	[]	用於計算一個數有幾個數字	用于计算一个数有几个数字	電腦中也用「位」計算信息的最小單位。	电脑中也用「位」计算信息的最小单位。		[5]	classifier-is	unreviewed		[]
位|位|wei4~4	位|位|wei4	4	defined	["名"]	["名"]	["bound-form"]	[]	["phys"]	表示能量高低的量	表示能量高低的量				[6]	general	unreviewed		[]
位於|位于|wei4 yu2~1	位於|位于|wei4 yu2	1	defined	["動"]	["动"]	[]	[]	[]	處在某個地方或位置上	处在某个地方或位置上	「位於」後面一定要接表示地方的詞語，不能單用。	「位于」后面一定要接表示地方的词语，不能单用。		[0, 1, 2]	general	unreviewed		[]
位置|位置|wei4 zhi5~1	位置|位置|wei4 zhi5	1	defined	["名"]	["名"]	[]	[]	[]	人或東西所佔的地方	人或东西所占的地方				[0, 1, 2, 3]	general	unreviewed		[]
低|低|di1~1	低|低|di1	1	defined	["形"]	["形"]	[]	[]	[]	高度、程度或等級在一般水平以下的	高度、程度或等级在一般水平以下的	說人的個子不高要用「矮」，不能說「低」。	说人的个子不高要用「矮」，不能说「低」。		[0, 1]	general	unreviewed		[]
低|低|di1~2	低|低|di1	2	defined	["動"]	["动"]	[]	[]	[]	使頭或身體向下	使头或身体向下				[2, 3, 4, 5]	general	unreviewed		[]
住|住|zhu4~1	住|住|zhu4	1	defined	["動"]	["动"]	[]	[]	[]	在某個地方生活、睡覺	在某个地方生活、睡觉	「住」後面常接「在」加上地方，例如「住在學校附近」。	「住」后面常接「在」加上地方，例如「住在学校附近」。		[0]	general	unreviewed		[]
住|住|zhu4~2	住|住|zhu4	2	defined	["補"]	["补"]	["bound-form"]	[]	[]	用在動詞後面，表示動作有了結果，不再改變	用在动词后面，表示动作有了结果，不再改变	動詞和「住」中間可以加「得」或「不」，例如「拿不住」。	动词和「住」中间可以加「得」或「不」，例如「拿不住」。		[2]	general	unreviewed	edited	["R57B-005"]
住|住|zhu4~3	住|住|zhu4	3	defined	["動"]	["动"]	["bound-form"]	[]	[]	停下正在做的動作，不再繼續	停下正在做的动作，不再继续				[1]	general	unreviewed		[]
何|何|he2~1	何|何|he2	1	defined	["代"]	["代"]	["bound-form"]	["lit"]	[]	用來問人、事物或地方，相當於「什麼」	用来问人、事物或地方，相当于「什么」				[0, 1, 2, 3]	general	unreviewed		[]
何|何|he2~2	何|何|he2	2	defined	["動"]	["动"]	[]	["lit"]	[]	舊時同「荷」，指拿著、帶著東西	旧时同「荷」，指拿着、带着东西			archaic-form	[4]	general	unreviewed		[]
作|作|zuo1~1	作|作|zuo1	1	defined	["名"]	["名"]	["bound-form"]	[]	[]	用手工做東西的小工廠	用手工做东西的小工厂				[0, 1]	bound-form	unreviewed		[]
作|作|zuo1~2	作|作|zuo1	2	defined	["形"]	["形"]	[]	["slang"]	[]	常故意做讓人麻煩的事的	常故意做让人麻烦的事的				[2]	general	unreviewed		[]
作|作|zuo4~1	作|作|zuo4	1	defined	["動"]	["动"]	[]	[]	[]	進行某種活動或工作	进行某种活动或工作	「作」多用在書面的說法裡，「做」多用在日常生活中。	「作」多用在书面的说法里，「做」多用在日常生活中。		[0, 4]	general	unreviewed		[]
作|作|zuo4~2	作|作|zuo4	2	defined	["動"]	["动"]	[]	[]	[]	寫出文章、詩歌等	写出文章、诗歌等				[1]	general	unreviewed		[]
作|作|zuo4~3	作|作|zuo4	3	defined	["動"]	["动"]	["bound-form"]	[]	[]	把人或事物看成某種東西	把人或事物看成某种东西				[3]	general	unreviewed		[]
作|作|zuo4~4	作|作|zuo4	4	defined	["名"]	["名"]	["bound-form"]	[]	[]	寫出來的文章、詩歌等作品	写出来的文章、诗歌等作品				[6]	general	unreviewed		[]
作|作|zuo4~5	作|作|zuo4	5	defined	["動"]	["动"]	["bound-form"]	[]	[]	裝出不真實的樣子	装出不真实的样子				[2]	general	unreviewed		[]
作|作|zuo4~6	作|作|zuo4	6	defined	["動"]	["动"]	["bound-form"]	[]	[]	身體出現不舒服的感覺	身体出现不舒服的感觉				[5]	general	unreviewed		[]
作出|作出|zuo4 chu1~1	作出|作出|zuo4 chu1	1	defined	["動"]	["动"]	[]	[]	[]	經過考慮，提出決定或說明	经过考虑，提出决定或说明	後面多接決定、選擇、反應、說明這類詞，不接具體的東西。多用在書面。	后面多接决定、选择、反应、说明这类词，不接具体的东西。多用在书面。		[0, 1, 2, 3, 4, 5, 6, 7]	general	unreviewed		[]
作品|作品|zuo4 pin3~1	作品|作品|zuo4 pin3	1	defined	["名"]	["名"]	[]	[]	[]	文學、藝術上做出來的東西	文学、艺术上做出来的东西				[0, 1, 2]	general	unreviewed		[]
作家|作家|zuo4 jia1~1	作家|作家|zuo4 jia1	1	defined	["名"]	["名"]	["classifier-ref"]	[]	[]	以寫小說、文章等作品為職業的人	以写小说、文章等作品为职业的人	「作者」指寫出某本書或某篇文章的人，不一定是作家。	「作者」指写出某本书或某篇文章的人，不一定是作家。		[0, 1]	general	unreviewed		[]
作戰|作战|zuo4 zhan4~1	作戰|作战|zuo4 zhan4	1	defined	["動"]	["动"]	[]	[]	["mil"]	用武器跟敵人進行戰鬥	用武器跟敌人进行战斗	「作戰」指具體的軍事行動，「戰爭」指整個過程。	「作战」指具体的军事行动，「战争」指整个过程。		[0, 1]	general	unreviewed		[]
作為|作为|zuo4 wei2~1	作為|作为|zuo4 wei2	1	defined	["介"]	["介"]	[]	[]	[]	用在名詞前面，表示某種身份或地位	用在名词前面，表示某种身份或地位	「作為」點出身份，後面說的是這個身份該有的看法或做法。	「作为」点出身份，后面说的是这个身份该有的看法或做法。		[6, 7]	general	unreviewed		[]
作為|作为|zuo4 wei2~2	作為|作为|zuo4 wei2	2	defined	["動"]	["动"]	[]	[]	[]	把人或事物當成某種東西或身份	把人或事物当成某种东西或身份				[5, 8, 9, 10]	general	unreviewed		[]
作為|作为|zuo4 wei2~3	作為|作为|zuo4 wei2	3	defined	["名"]	["名"]	[]	[]	[]	一個人所做的事情和表現	一个人所做的事情和表现				[0, 1, 2]	general	unreviewed		[]
作為|作为|zuo4 wei2~4	作為|作为|zuo4 wei2	4	defined	["名"]	["名"]	[]	[]	[]	做出的成績和貢獻	做出的成绩和贡献				[3, 4]	general	unreviewed		[]
作用|作用|zuo4 yong4~1	作用|作用|zuo4 yong4	1	defined	["名"]	["名"]	[]	[]	[]	事物產生的影響或效果	事物产生的影响或效果				[1, 2, 3]	general	unreviewed		[]
作用|作用|zuo4 yong4~2	作用|作用|zuo4 yong4	2	defined	["動"]	["动"]	[]	[]	[]	對別的事物產生影響	对别的事物产生影响				[0]	general	unreviewed		[]
作用|作用|zuo4 yong4~3	作用|作用|zuo4 yong4	3	defined	["綴"]	["缀"]	["function-word", "bound-form"]	[]	[]	用在動詞後面，構成表示某種變化過程的名詞	用在动词后面，构成表示某种变化过程的名词	「作用」也能單用，指影響或效果，如「起作用」。	「作用」也能单用，指影响或效果，如「起作用」。		[4]	function-word	unreviewed		[]
作者|作者|zuo4 zhe3~1	作者|作者|zuo4 zhe3	1	defined	["名"]	["名"]	[]	[]	[]	寫出文章或作品的人	写出文章或作品的人				[0]	general	unreviewed		[]
你|你|ni3~1	你|你|ni3	1	defined	["代"]	["代"]	[]	[]	[]	說話時用來稱呼對方	说话时用来称呼对方	「你」用於朋友或同輩之間，對長輩、客人則多用「您」。	「你」用于朋友或同辈之间，对长辈、客人则多用「您」。		[0]	general	unreviewed		[]
你們|你们|ni3 men5~1	你們|你们|ni3 men5	1	defined	["代"]	["代"]	[]	[]	[]	用來稱對方兩個或更多的人	用来称对方两个或更多的人	「你們公司」這樣的說法，指的是對方那一邊的人。	「你们公司」这样的说法，指的是对方那一边的人。		[0]	general	unreviewed		[]
使|使|shi3~5	使|使|shi3	1	defined	["動"]	["动"]	[]	[]	[]	讓人或事物產生某種變化或結果	让人或事物产生某种变化或结果	「使」多用於書面語，口語常說「讓」。	「使」多用于书面语，口语常说「让」。		[0, 1, 2]	general	unreviewed		[]
使|使|shi3~6	使|使|shi3	2	defined	["動"]	["动"]	[]	[]	[]	用工具或方法做事	用工具或方法做事				[3, 4]	general	unreviewed		[]
使|使|shi3~7	使|使|shi3	3	defined	["名"]	["名"]	["bound-form"]	[]	[]	被派出去辦事或送信的人	被派出去办事或送信的人				[7, 8]	general	unreviewed		[]
使|使|shi3~8	使|使|shi3	4	defined	["動"]	["动"]	["bound-form"]	[]	[]	叫人為自己做事	叫人为自己做事				[5, 6]	general	unreviewed		[]
使得|使得|shi3 de5~1	使得|使得|shi3 de5	1	defined	["動"]	["动"]	[]	[]	[]	由於前面的事而引起某種結果	由于前面的事而引起某种结果	常用在「因為…，使得…」這樣的句子裡。	常用在「因为…，使得…」这样的句子里。		[2]	general	unreviewed		[]
使得|使得|shi3 de5~2	使得|使得|shi3 de5	2	defined	["動"]	["动"]	[]	["coll"]	[]	可以用，或事情能做得成	可以用，或事情能做得成				[0, 1]	general	unreviewed		[]
使用|使用|shi3 yong4~1	使用|使用|shi3 yong4	1	defined	["動"]	["动"]	[]	[]	[]	拿東西或方法來達到某個目的	拿东西或方法来达到某个目的	「用」常用於平常說話，「使用」多用在正式的文章和規定裡。	「用」常用于平常说话，「使用」多用在正式的文章和规定里。		[0, 1, 2, 3]	general	unreviewed		[]
來|来|lai2~1	來|来|lai2	1	defined	["動"]	["动"]	[]	[]	[]	由別的地方到說話的人這裡	由别的地方到说话的人这里	「來」的方向朝著說話的人，「去」正好相反。	「来」的方向朝着说话的人，「去」正好相反。		[0]	general	unreviewed		[]
來|来|lai2~2	來|来|lai2	2	defined	["補"]	["补"]	["function-word"]	[]	[]	用在動詞後面，表示動作朝著說話的人這邊	用在动词后面，表示动作朝着说话的人这边	動詞後面還可以先加「進」「出」「回」，再加「來」。	动词后面还可以先加「进」「出」「回」，再加「来」。		[2]	function-word	unreviewed	edited	["R57B-003"]
來|来|lai2~3	來|来|lai2	3	defined	["動"]	["动"]	[]	["coll"]	[]	代替意思已經很清楚的動詞	代替意思已经很清楚的动词	常說「我來」「我來吧」，意思是自己動手做。	常说「我来」「我来吧」，意思是自己动手做。		[1]	general	unreviewed		[]
來|来|lai2~4	來|来|lai2	4	defined	["連"]	["连"]	["function-word"]	[]	[]	用在兩個動詞中間，表示後面的動作是目的	用在两个动词中间，表示后面的动作是目的	前面常有「用」「拿」，後面說的是要做的事。	前面常有「用」「拿」，后面说的是要做的事。		[6]	function-word	unreviewed		[]
來|来|lai2~5	來|来|lai2	5	defined	["助"]	["助"]	["function-word"]	[]	[]	用在時間詞後面，表示那時到現在的一段時間	用在时间词后面，表示那时到现在的一段时间	前面常是說時間的詞，像「幾年」「多年」。	前面常是说时间的词，像「几年」「多年」。		[3, 4]	function-word	unreviewed		[]
來|来|lai2~6	來|来|lai2	6	defined	["助"]	["助"]	["function-word"]	[]	[]	跟在得或不的後面，表示做得到或做不到	跟在得或不的后面，表示做得到或做不到	「談得來」是相處得好，「吃不來」是不習慣吃。	「谈得来」是相处得好，「吃不来」是不习惯吃。		[8]	function-word	unreviewed		[]
來|来|lai2~7	來|来|lai2	7	defined	["助"]	["助"]	["function-word"]	[]	[]	用在整數後面，表示大概的數量	用在整数后面，表示大概的数量	「三十來歲」是差不多三十，「三十多歲」一定超過三十。	「三十来岁」是差不多三十，「三十多岁」一定超过三十。		[7]	function-word	unreviewed		[]
來|来|lai2~8	來|来|lai2	8	defined	["綴"]	["缀"]	["function-word", "bound-form"]	["lit"]	[]	加在名詞前面，表示將要到的下一個	加在名词前面，表示将要到的下一个	只能用在「年」「世」一類的詞前面，不能隨便組合。	只能用在「年」「世」一类的词前面，不能随便组合。		[5]	function-word	unreviewed		[]
來到|来到|lai2 dao4~1	來到|来到|lai2 dao4	1	defined	["動"]	["动"]	[]	[]	[]	從別處過來，到了某個地方	从别处过来，到了某个地方	「來到」後面要說出地方，例如「來到門口」，不說「他來到了」。	「来到」后面要说出地方，例如「来到门口」，不说「他来到了」。		[0]	general	unreviewed		[]
來源|来源|lai2 yuan2~1	來源|来源|lai2 yuan2	1	defined	["名"]	["名"]	[]	[]	[]	事物產生或得到的地方	事物产生或得到的地方	表示從哪裡來的時候，常用「來源於」這個說法。	表示从哪里来的时候，常用「来源于」这个说法。		[0, 1]	general	unreviewed		[]
來自|来自|lai2 zi4~1	來自|来自|lai2 zi4	1	defined	["動"]	["动"]	[]	[]	[]	說明人或事物的來源	说明人或事物的来源	後面除了地方，也可以是人或別的方面，如「來自家人的支持」。	后面除了地方，也可以是人或别的方面，如「来自家人的支持」。		[0, 1]	general	unreviewed		[]
例如|例如|li4 ru2~1	例如|例如|li4 ru2	1	defined	["動"]	["动"]	[]	[]	[]	用來引出下面要說的例子	用来引出下面要说的例子	「例如」多用在書面，「比如」口語裡常用。	「例如」多用在书面，「比如」口语里常用。		[0]	general	unreviewed		[]
供|供|gong1~1	供|供|gong1	1	defined	["動"]	["动"]	[]	[]	[]	把需要的東西給人使用	把需要的东西给人使用	常用在「供…使用」、「供…參考」這樣的說法裡。	常用在「供…使用」、「供…参考」这样的说法里。		[0, 1]	general	unreviewed		[]
供|供|gong4~1	供|供|gong4	1	defined	["動"]	["动"]	[]	[]	["rel"]	把食物等放在神或祖先前面，表示敬意	把食物等放在神或祖先前面，表示敬意				[0]	general	unreviewed		[]
供|供|gong4~2	供|供|gong4	2	defined	["名"]	["名"]	["bound-form"]	[]	["rel"]	放在神或祖先前面的食物等東西	放在神或祖先前面的食物等东西				[1]	bound-form	unreviewed		[]
供|供|gong4~3	供|供|gong4	3	defined	["動", "名"]	["动", "名"]	["bound-form"]	[]	["law"]	犯人說出自己的罪行，也指說出的話	犯人说出自己的罪行，也指说出的话				[2, 3]	bound-form	unreviewed		[]
依|依|yi1~1	依|依|yi1	1	defined	["介"]	["介"]	[]	[]	[]	表示按照，後面說出做事的根據	表示按照，后面说出做事的根据	多用在「依我看」「依法」一類的說法裡，後面接的常常是人、意見或規定。	多用在「依我看」「依法」一类的说法里，后面接的常常是人、意见或规定。		[2, 3]	general	unreviewed		[]
依|依|yi1~2	依|依|yi1	2	defined	["動"]	["动"]	["bound-form"]	[]	[]	靠別人或別的東西的幫助	靠别人或别的东西的帮助				[0]	general	unreviewed		[]
依|依|yi1~3	依|依|yi1	3	defined	["動"]	["动"]	[]	[]	[]	聽從別人的意思去做	听从别人的意思去做				[1]	general	unreviewed		[]
依然|依然|yi1 ran2~1	依然|依然|yi1 ran2	1	defined	["副"]	["副"]	[]	[]	[]	用在動詞前面，表示情況跟原來一樣，沒有改變	用在动词前面，表示情况跟原来一样，没有改变	跟「仍然」意思相近，「依然」多用在書面。	跟「仍然」意思相近，「依然」多用在书面。		[0]	general	unreviewed		[]
便|便|bian4~1	便|便|bian4	1	defined	["形"]	["形"]	["bound-form"]	[]	[]	做起來容易、不費力的	做起来容易、不费力的				[2, 3, 4]	general	unreviewed		[]
便|便|bian4~2	便|便|bian4	2	defined	["副"]	["副"]	[]	["lit"]	[]	用在動詞前，表示事情接著發生，相當於「就」	用在动词前，表示事情接着发生，相当于「就」				[6, 7, 9]	general	unreviewed		[]
便|便|bian4~3	便|便|bian4	3	defined	["名"]	["名"]	["bound-form"]	[]	[]	人或動物排出的屎和尿	人或动物排出的屎和尿				[5]	general	unreviewed		[]
便|便|bian4~4	便|便|bian4	4	defined	["形"]	["形"]	["bound-form"]	[]	[]	平常的，不正式的	平常的，不正式的				[0, 1]	general	unreviewed		[]
便|便|bian4~5	便|便|bian4	5	defined	["連"]	["连"]	["bound-form"]	["lit"]	[]	表示假設的讓步，相當於「即使」	表示假设的让步，相当于「即使」				[8]	general	unreviewed		[]
係|系|xi4~1	係|系|xi4	1	defined	["動"]	["动"]	["bound-form"]	[]	[]	跟別的事物連在一起，互相有關	跟别的事物连在一起，互相有关				[0, 1]	general	unreviewed		[]
係|系|xi4~2	係|系|xi4	2	defined	["動"]	["动"]	[]	["lit"]	[]	表示肯定的意思，相當於「是」	表示肯定的意思，相当于「是」	多見於「純係」「確係」等說法，說話時用「是」。	多见于「纯系」「确系」等说法，说话时用「是」。		[4]	general	unreviewed		[]
係|系|xi4~3	係|系|xi4	3	defined	["動"]	["动"]	[]	["lit"]	[]	把東西綁住，不讓它鬆開	把东西绑住，不让它松开	這個意思現在一般寫成「繫」。	这个意思现在一般写成「系」。	archaic-form	[2, 3]	general	unreviewed		[]
保|保|bao3~1	保|保|bao3	1	defined	["動"]	["动"]	[]	[]	[]	使不受傷害或不失去	使不受伤害或不失去				[0]	general	unreviewed		[]
保|保|bao3~2	保|保|bao3	2	defined	["動"]	["动"]	[]	[]	[]	表示一定做到，出問題由自己負責	表示一定做到，出问题由自己负责				[1]	general	unreviewed		[]
保|保|bao3~3	保|保|bao3	3	defined	["名"]	["名"]	[]	["arch"]	["hist"]	舊時地方上管理住戶的一級組織	旧时地方上管理住户的一级组织			archaic-form	[2]	general	unreviewed		[]
保存|保存|bao3 cun2~1	保存|保存|bao3 cun2	1	defined	["動"]	["动"]	[]	[]	[]	讓事物保持原來的樣子，不受損失	让事物保持原来的样子，不受损失	常說「保存食物」、「保存傳統」；電腦上把文件存起來也說「保存」。	常说「保存食物」、「保存传统」；电脑上把文件存起来也说「保存」。		[0]	general	unreviewed		[]
保持|保持|bao3 chi2~1	保持|保持|bao3 chi2	1	defined	["動"]	["动"]	[]	[]	[]	讓某種狀態繼續下去，不發生變化	让某种状态继续下去，不发生变化	「保持」的對象是狀態或關係，不是具體的東西。常說「保持聯繫」、「保持距離」。	「保持」的对象是状态或关系，不是具体的东西。常说「保持联系」、「保持距离」。		[0, 1, 2, 3]	general	unreviewed		[]
保留|保留|bao3 liu2~1	保留|保留|bao3 liu2	1	defined	["動"]	["动"]	[]	[]	[]	讓原來的事物繼續存在，不去掉	让原来的事物继续存在，不去掉				[0, 1, 4]	general	unreviewed		[]
保留|保留|bao3 liu2~2	保留|保留|bao3 liu2	2	defined	["動"]	["动"]	[]	[]	[]	有意見或看法不完全說出來	有意见或看法不完全说出来				[2, 3]	general	unreviewed		[]
保證|保证|bao3 zheng4~1	保證|保证|bao3 zheng4	1	defined	["動", "名"]	["动", "名"]	["classifier-ref"]	[]	[]	答應做到，使事情一定能實現	答应做到，使事情一定能实现	「保證」後面可以直接接一個句子，說明一定做到的事。	「保证」后面可以直接接一个句子，说明一定做到的事。		[0, 1, 2, 3, 4, 5]	general	unreviewed		[]
保護|保护|bao3 hu4~1	保護|保护|bao3 hu4	1	defined	["動", "名"]	["动", "名"]	[]	[]	[]	想辦法使人或事物不受傷害	想办法使人或事物不受伤害				[0, 1, 2, 3, 4]	general	unreviewed	edited	["E-bao3hu4-1"]
信|信|xin4~1	信|信|xin4	1	defined	["名"]	["名"]	["classifier-ref"]	[]	[]	把要說的話寫下來寄給別人的文字	把要说的话写下来寄给别人的文字				[0, 1, 2]	general	unreviewed		[]
信|信|xin4~2	信|信|xin4	2	defined	["動"]	["动"]	[]	[]	[]	認為是真的，不懷疑	认为是真的，不怀疑				[3, 4]	general	unreviewed		[]
信|信|xin4~3	信|信|xin4	3	defined	["動"]	["动"]	[]	[]	[]	接受某種宗教，並照它的要求生活	接受某种宗教，并照它的要求生活				[5]	general	unreviewed		[]
信|信|xin4~4	信|信|xin4	4	defined	["形"]	["形"]	["bound-form"]	[]	[]	說話算數、不騙人的	说话算数、不骗人的				[6, 7, 8]	general	unreviewed		[]
信|信|xin4~5	信|信|xin4	5	defined	["副"]	["副"]	["bound-form"]	["lit"]	[]	隨便，不多加考慮	随便，不多加考虑				[9, 10]	general	unreviewed		[]
信仰|信仰|xin4 yang3~1	信仰|信仰|xin4 yang3	1	defined	["動", "名"]	["动", "名"]	[]	[]	[]	非常相信某種宗教或主張，並照著去做	非常相信某种宗教或主张，并照着去做	「相信」什麼事都能說，「信仰」多說宗教或人生的大方向。	「相信」什么事都能说，「信仰」多说宗教或人生的大方向。		[0, 1, 2]	general	unreviewed		[]
信任|信任|xin4 ren4~1	信任|信任|xin4 ren4	1	defined	["動"]	["动"]	[]	[]	[]	相信別人，敢把事情交給他做	相信别人，敢把事情交给他做	「相信」是覺得話或事是真的，「信任」是覺得人可靠，敢把事交給他。	「相信」是觉得话或事是真的，「信任」是觉得人可靠，敢把事交给他。		[0, 1]	general	unreviewed		[]
信息|信息|xin4 xi1~1	信息|信息|xin4 xi1	1	defined	["名"]	["名"]	[]	[]	[]	傳給人的消息、情況或資料	传给人的消息、情况或资料	「消息」多指新發生的事，「信息」還可以指各種資料。	「消息」多指新发生的事，「信息」还可以指各种资料。		[0]	general	unreviewed		[]
信號|信号|xin4 hao4~1	信號|信号|xin4 hao4	1	defined	["名"]	["名"]	[]	[]	[]	用聲音、光或電傳出去的消息	用声音、光或电传出去的消息				[0]	general	unreviewed		[]
修|修|xiu1~1	修|修|xiu1	1	defined	["動"]	["动"]	[]	[]	[]	把壞了的東西弄好，讓它能再用	把坏了的东西弄好，让它能再用				[2]	general	unreviewed		[]
修|修|xiu1~2	修|修|xiu1	2	defined	["動"]	["动"]	[]	[]	[]	建造道路、房屋、橋等	建造道路、房屋、桥等				[3]	general	unreviewed		[]
修|修|xiu1~3	修|修|xiu1	3	defined	["動"]	["动"]	[]	[]	[]	去掉多出來的部分，使整齊好看	去掉多出来的部分，使整齐好看				[0, 1]	general	unreviewed		[]
修|修|xiu1~4	修|修|xiu1	4	defined	["動"]	["动"]	[]	[]	[]	在學校學習某一門課程	在学校学习某一门课程				[6, 7]	general	unreviewed		[]
修|修|xiu1~5	修|修|xiu1	5	defined	["動"]	["动"]	["bound-form"]	[]	[]	用心學習，使自己的思想、能力變好	用心学习，使自己的思想、能力变好				[5]	general	unreviewed		[]
修|修|xiu1~6	修|修|xiu1	6	defined	["動"]	["动"]	[]	["lit"]	[]	舊時指寫或編書信、文章	旧时指写或编书信、文章			archaic-form	[4]	general	unreviewed		[]
俱樂部|俱乐部|ju4 le4 bu4~1	俱樂部|俱乐部|ju4 le4 bu4	1	defined	["名"]	["名"]	["loanword"]	[]	[]	由興趣相同的人組成的團體或其活動場所	由兴趣相同的人组成的团体或其活动场所				[0]	loanword	unreviewed		[]
個人|个人|ge4 ren2~1	個人|个人|ge4 ren2	1	defined	["名"]	["名"]	[]	[]	[]	單獨的一個人，不是團體	单独的一个人，不是团体	說出自己的看法時，常說「個人認為」。	说出自己的看法时，常说「个人认为」。		[0]	general	unreviewed		[]
倍|倍|bei4~1	倍|倍|bei4	1	defined	["量"]	["量"]	[]	[]	[]	跟原來的數目相同的數	跟原来的数目相同的数	常用在數目後面，構成「兩倍」「三倍」等詞語。	常用在数目后面，构成「两倍」「三倍」等词语。		[0, 1, 2]	general	unreviewed		[]
倍|倍|bei4~2	倍|倍|bei4	2	defined	["動"]	["动"]	["bound-form"]	[]	[]	使數量變成原來的幾個	使数量变成原来的几个				[3]	general	unreviewed		[]
們|们|men5~1	們|们|men5	1	defined	["綴"]	["缀"]	["function-word"]	[]	[]	加在指人的詞後面，表示不只一個	加在指人的词后面，表示不只一个	前面有數字的時候不加「們」。說「三個學生」，不說「三個學生們」。	前面有数字的时候不加「们」。说「三个学生」，不说「三个学生们」。		[0]	general	unreviewed		[]
倒|倒|dao3~1	倒|倒|dao3	1	defined	["動"]	["动"]	[]	[]	[]	立著的人或東西落到地上	立着的人或东西落到地上	常用在動詞後面，表示使對方落下或失敗，如「打倒」、「推倒」。	常用在动词后面，表示使对方落下或失败，如「打倒」、「推倒」。		[0, 2]	general	unreviewed		[]
倒|倒|dao3~2	倒|倒|dao3	2	defined	["動"]	["动"]	[]	[]	[]	經營失敗，不能再開下去	经营失败，不能再开下去				[1]	general	unreviewed		[]
倒|倒|dao3~3	倒|倒|dao3	3	defined	["動"]	["动"]	[]	["coll"]	[]	路上換另一輛車接著走	路上换另一辆车接着走				[3]	general	unreviewed		[]
倒|倒|dao3~4	倒|倒|dao3	4	defined	["動"]	["动"]	["bound-form"]	["coll"]	[]	低價買進，再高價賣出	低价买进，再高价卖出				[4, 5]	general	unreviewed		[]
倒|倒|dao4~1	倒|倒|dao4	1	defined	["動"]	["动"]	[]	[]	[]	把容器裡的東西弄出來	把容器里的东西弄出来				[1, 2]	general	unreviewed		[]
倒|倒|dao4~2	倒|倒|dao4	2	defined	["動"]	["动"]	[]	[]	[]	使上下或前後掉過來	使上下或前后掉过来				[0, 3]	general	unreviewed		[]
倒|倒|dao4~3	倒|倒|dao4	3	defined	["動"]	["动"]	[]	[]	[]	車或人向後面移動	车或人向后面移动				[4]	general	unreviewed		[]
倒|倒|dao4~4	倒|倒|dao4	4	defined	["副"]	["副"]	["function-word"]	[]	[]	用在動詞或形容詞前，表示跟預想的相反	用在动词或形容词前，表示跟预想的相反	「倒」多用在口語，語氣比「卻」輕一些。	「倒」多用在口语，语气比「却」轻一些。		[5]	general	unreviewed		[]
借|借|jie4~1	借|借|jie4	1	defined	["動"]	["动"]	[]	[]	[]	從別人那裡拿東西來用，過後要還	从别人那里拿东西来用，过后要还	從別人那裡拿來用時說「向他借」，給別人用時說「借給他」。	从别人那里拿来用时说「向他借」，给别人用时说「借给他」。		[0]	general	unreviewed		[]
借|借|jie4~2	借|借|jie4	2	defined	["動"]	["动"]	[]	[]	[]	把自己的東西給別人用一段時間	把自己的东西给别人用一段时间				[1]	general	unreviewed		[]
借|借|jie4~3	借|借|jie4	3	defined	["動", "介"]	["动", "介"]	[]	[]	[]	利用機會或條件來達到目的	利用机会或条件来达到目的				[2, 3]	general	unreviewed		[]
倫|伦|lun2~1	倫|伦|lun2	1	defined	["名"]	["名"]	["bound-form"]	[]	[]	人跟人之間應該有的關係	人跟人之间应该有的关系				[0]	general	unreviewed		[]
倫|伦|lun2~2	倫|伦|lun2	2	defined	["名"]	["名"]	["bound-form"]	[]	[]	說話或做事的先後安排	说话或做事的先后安排				[1, 2]	general	unreviewed		[]
倫|伦|lun2~3	倫|伦|lun2	3	defined	["名"]	["名"]	["bound-form"]	[]	[]	可以相比的同類事物	可以相比的同类事物				[]	general	unreviewed		[]
值|值|zhi2~1	值|值|zhi2	1	defined	["動"]	["动"]	[]	[]	[]	能換到一定數目的錢	能换到一定数目的钱				[1]	general	unreviewed		[]
值|值|zhi2~2	值|值|zhi2	2	defined	["名"]	["名"]	[]	[]	[]	算出或量出的數目	算出或量出的数目				[0]	general	unreviewed		[]
值|值|zhi2~3	值|值|zhi2	3	defined	["動"]	["动"]	["bound-form"]	[]	[]	輪流在規定的時間裡工作	轮流在规定的时间里工作				[3]	general	unreviewed		[]
值|值|zhi2~4	值|值|zhi2	4	defined	["動"]	["动"]	[]	["lit"]	[]	正好遇到某個時候	正好遇到某个时候	多用在「正值」「時值」這樣的書面說法裡。	多用在「正值」「时值」这样的书面说法里。		[2]	general	unreviewed		[]
值得|值得|zhi2 de5~1	值得|值得|zhi2 de5	1	defined	["動"]	["动"]	[]	[]	[]	有足夠的價值，花的錢或力氣不算白費	有足够的价值，花的钱或力气不算白费	後面常接動詞，如「值得去」、「值得學習」。	后面常接动词，如「值得去」、「值得学习」。		[0, 1]	general	unreviewed		[]
假|假|jia3~1	假|假|jia3	1	defined	["形"]	["形"]	[]	[]	[]	不是真的，做出來像真的一樣	不是真的，做出来像真的一样				[0, 1, 2]	general	unreviewed		[]
假|假|jia3~2	假|假|jia3	2	defined	["連"]	["连"]	["bound-form", "function-word"]	[]	[]	用在句子開頭，提出還沒發生的情況	用在句子开头，提出还没发生的情况				[4, 5]	general	unreviewed		[]
假|假|jia3~3	假|假|jia3	3	defined	["動"]	["动"]	["bound-form"]	["lit"]	[]	借用別人的力量或名義	借用别人的力量或名义				[3]	general	unreviewed		[]
假|假|jia4~1	假|假|jia4	1	defined	["名"]	["名"]	[]	[]	[]	按規定不用工作或上學的日子	按规定不用工作或上学的日子				[0]	general	unreviewed		[]
假設|假设|jia3 she4~1	假設|假设|jia3 she4	1	defined	["動", "連"]	["动", "连"]	[]	[]	[]	把某種情況先當成真的來談	把某种情况先当成真的来谈				[0, 1, 2, 3, 4]	general	unreviewed		[]
假設|假设|jia3 she4~2	假設|假设|jia3 she4	2	defined	["名"]	["名"]	[]	[]	[]	對事情提出的、還沒有證明的說法	对事情提出的、还没有证明的说法				[5, 6]	general	unreviewed		[]
偉大|伟大|wei3 da4~1	偉大|伟大|wei3 da4	1	defined	["形"]	["形"]	[]	[]	[]	做出的事非常重要，讓人尊敬的	做出的事非常重要，让人尊敬的				[0]	general	unreviewed		[]
做|做|zuo4~1	做|做|zuo4	1	defined	["動"]	["动"]	[]	[]	[]	製作出東西或文章	制作出东西或文章	「做」多用在具體的事物上，「作」多見於書面詞語。	「做」多用在具体的事物上，「作」多见于书面词语。		[0, 1]	general	unreviewed		[]
做|做|zuo4~2	做|做|zuo4	2	defined	["動"]	["动"]	[]	[]	[]	進行某種工作或活動	进行某种工作或活动				[2]	general	unreviewed		[]
做|做|zuo4~3	做|做|zuo4	3	defined	["動"]	["动"]	[]	[]	[]	成為某種身份或關係	成为某种身份或关系				[3]	general	unreviewed		[]
做|做|zuo4~4	做|做|zuo4	4	defined	["動"]	["动"]	[]	[]	[]	當作別的東西來使用	当作别的东西来使用				[4]	general	unreviewed		[]
做|做|zuo4~5	做|做|zuo4	5	defined	["動"]	["动"]	[]	[]	[]	假裝出某種樣子或表情	假装出某种样子或表情				[5]	general	unreviewed		[]
做出|做出|zuo4 chu1~1	做出|做出|zuo4 chu1	1	defined	["動"]	["动"]	[]	[]	[]	用行動產生某種結果或決定	用行动产生某种结果或决定	常跟「決定」、「反應」、「選擇」這類詞連用。	常跟「决定」、「反应」、「选择」这类词连用。		[0, 1]	general	unreviewed		[]
停|停|ting2~1	停|停|ting2	1	defined	["動"]	["动"]	[]	[]	[]	本來在動或在進行的事不再繼續	本来在动或在进行的事不再继续				[0, 1]	general	unreviewed		[]
停|停|ting2~2	停|停|ting2	2	defined	["動"]	["动"]	[]	[]	[]	把車放在一個地方不動	把车放在一个地方不动				[2]	general	unreviewed		[]
停止|停止|ting2 zhi3~1	停止|停止|ting2 zhi3	1	defined	["動"]	["动"]	[]	[]	[]	正在進行的事不再繼續下去	正在进行的事不再继续下去	「停止」後面常接動詞，如「停止工作」；口語多說「停」。	「停止」后面常接动词，如「停止工作」；口语多说「停」。		[0]	general	unreviewed		[]
健康|健康|jian4 kang1~1	健康|健康|jian4 kang1	1	defined	["形", "名"]	["形", "名"]	[]	[]	[]	身體或心理正常，沒有疾病的	身体或心理正常，没有疾病的	「健康」也用來說事物，例如「健康的生活方式」。	「健康」也用来说事物，例如「健康的生活方式」。		[0, 1]	general	unreviewed		[]
側|侧|ce4~1	側|侧|ce4	1	defined	["名"]	["名"]	[]	[]	[]	事物左右兩邊的部分	事物左右两边的部分				[0, 4, 5]	general	unreviewed		[]
側|侧|ce4~2	側|侧|ce4	2	defined	["動"]	["动"]	[]	[]	[]	身體或東西向一邊歪	身体或东西向一边歪				[1, 2, 3]	general	unreviewed		[]
側|侧|zhai1~1	側|侧|zhai1	1	defined	["動"]	["动"]	[]	["coll"]	[]	歪向一邊，不再是正的	歪向一边，不再是正的				[0]	general	unreviewed		[]
偵探|侦探|zhen1 tan4~1	偵探|侦探|zhen1 tan4	1	defined	["名"]	["名"]	[]	[]	[]	暗中調查案件、尋找證據的人	暗中调查案件、寻找证据的人				[0, 1]	general	unreviewed		[]
偶像|偶像|ou3 xiang4~1	偶像|偶像|ou3 xiang4	1	defined	["名"]	["名"]	[]	[]	[]	受到很多人喜愛，被當成學習對象的人	受到很多人喜爱，被当成学习对象的人	現在多用來指受年輕人喜愛的歌手或演員。	现在多用来指受年轻人喜爱的歌手或演员。		[0]	general	unreviewed		[]
傳|传|chuan2~1	傳|传|chuan2	1	defined	["動"]	["动"]	[]	[]	[]	把東西或話交給另一個人	把东西或话交给另一个人				[0, 2, 4]	general	unreviewed		[]
傳|传|chuan2~2	傳|传|chuan2	2	defined	["動"]	["动"]	[]	[]	[]	消息、故事等讓越來越多的人知道	消息、故事等让越来越多的人知道				[1, 5]	general	unreviewed		[]
傳|传|chuan2~3	傳|传|chuan2	3	defined	["動"]	["动"]	[]	[]	[]	病從一個人到了另一個人身上	病从一个人到了另一个人身上				[3]	general	unreviewed		[]
傳|传|chuan2~4	傳|传|chuan2	4	defined	["動"]	["动"]	[]	[]	[]	讓熱或電通過某種東西	让热或电通过某种东西				[6]	general	unreviewed		[]
傳|传|zhuan4~1	傳|传|zhuan4	1	defined	["名"]	["名"]	["bound-form"]	[]	[]	寫人物一生經歷的文字或作品	写人物一生经历的文字或作品				[0, 1]	general	unreviewed		[]
傳|传|zhuan4~2	傳|传|zhuan4	2	defined	["名"]	["名"]	["bound-form"]	["lit"]	[]	舊時解釋古代經書的作品	旧时解释古代经书的作品				[2]	general	unreviewed		[]
傳|传|zhuan4~3	傳|传|zhuan4	3	defined	["名"]	["名"]	[]	[]	[]	舊時送信的人路上換馬的地方	旧时送信的人路上换马的地方			archaic-form	[3]	general	unreviewed		[]
傳統|传统|chuan2 tong3~1	傳統|传统|chuan2 tong3	1	defined	["名", "形"]	["名", "形"]	[]	[]	[]	一代一代傳下來的做法和想法	一代一代传下来的做法和想法	「習慣」多指個人常做的事，「傳統」指一群人長久傳下來的做法。	「习惯」多指个人常做的事，「传统」指一群人长久传下来的做法。		[0]	general	unreviewed		[]
傳說|传说|chuan2 shuo1~1	傳說|传说|chuan2 shuo1	1	defined	["名"]	["名"]	[]	[]	[]	從古時候一直講到今天、不一定真實的故事	从古时候一直讲到今天、不一定真实的故事				[0]	general	unreviewed		[]
傳說|传说|chuan2 shuo1~2	傳說|传说|chuan2 shuo1	2	defined	["動"]	["动"]	[]	[]	[]	人們互相告訴，事情不一定真實	人们互相告诉，事情不一定真实	說這件事的人不知道是誰，常用在句子開頭。	说这件事的人不知道是谁，常用在句子开头。		[1]	general	unreviewed		[]
傷|伤|shang1~1	傷|伤|shang1	1	defined	["動"]	["动"]	[]	[]	[]	使人或動物的身體受到破壞	使人或动物的身体受到破坏	也可以說「傷了心」「傷感情」，指讓人心裡很痛苦。	也可以说「伤了心」「伤感情」，指让人心里很痛苦。		[0]	general	unreviewed		[]
傷|伤|shang1~2	傷|伤|shang1	2	defined	["名"]	["名"]	[]	[]	[]	身體上被打破或切開的地方	身体上被打破或切开的地方				[1, 2]	general	unreviewed		[]
傷害|伤害|shang1 hai4~1	傷害|伤害|shang1 hai4	1	defined	["動"]	["动"]	[]	[]	[]	使人的身體受傷或心裡痛苦	使人的身体受伤或心里痛苦				[0]	general	unreviewed		[]
僅|仅|jin3~1	僅|仅|jin3	1	defined	["副"]	["副"]	["function-word"]	["lit"]	[]	用在動詞或數量前面，表示只有這麼多，沒有更多	用在动词或数量前面，表示只有这么多，没有更多	「僅」和「只」意思相近，「只」常用在說話，「僅」多用在書面。	「仅」和「只」意思相近，「只」常用在说话，「仅」多用在书面。		[0, 1, 2]	function-word	unreviewed		[]
像|像|xiang4~1	像|像|xiang4	1	defined	["動"]	["动"]	[]	[]	[]	跟另一個人或東西有相同的地方	跟另一个人或东西有相同的地方	「一樣」表示完全相同，「像」只表示有相同的地方。	「一样」表示完全相同，「像」只表示有相同的地方。		[0, 1]	general	unreviewed		[]
像|像|xiang4~2	像|像|xiang4	2	defined	["動"]	["动"]	[]	[]	[]	表示從外表看，可能是這樣	表示从外表看，可能是这样				[2]	general	unreviewed		[]
像|像|xiang4~3	像|像|xiang4	3	defined	["動"]	["动"]	[]	[]	[]	用來舉例，後面接同類事物	用来举例，后面接同类事物				[3]	general	unreviewed		[]
像|像|xiang4~4	像|像|xiang4	4	defined	["名"]	["名"]	["bound-form"]	[]	[]	照著人或東西的樣子畫成或做成的形象	照着人或东西的样子画成或做成的形象				[4, 5, 6, 7]	general	unreviewed		[]
價值|价值|jia4 zhi2~1	價值|价值|jia4 zhi2	1	defined	["名"]	["名"]	[]	[]	[]	事物的用處或重要的程度	事物的用处或重要的程度	「價格」指賣多少錢，「價值」指有多大用處。	「价格」指卖多少钱，「价值」指有多大用处。		[0]	general	unreviewed		[]
價值|价值|jia4 zhi2~2	價值|价值|jia4 zhi2	2	defined	["名"]	["名"]	[]	[]	[]	社會上大家共同看重的原則	社会上大家共同看重的原则				[1]	general	unreviewed		[]
價格|价格|jia4 ge2~1	價格|价格|jia4 ge2	1	defined	["名"]	["名"]	[]	[]	[]	買賣商品時要付出的錢數	买卖商品时要付出的钱数				[0]	general	unreviewed		[]
儀式|仪式|yi2 shi4~1	儀式|仪式|yi2 shi4	1	defined	["名"]	["名"]	[]	[]	[]	按一定程序舉行的正式活動	按一定程序举行的正式活动	「典禮」多指盛大的公開活動，「儀式」大小場合都可以說。	「典礼」多指盛大的公开活动，「仪式」大小场合都可以说。		[0]	general	unreviewed		[]
億|亿|yi4~1	億|亿|yi4	1	defined	["數"]	["数"]	[]	[]	[]	數目，等於一萬個一萬	数目，等于一万个一万				[0]	general	unreviewed		[]
儘管|尽管|jin3 guan3~1	儘管|尽管|jin3 guan3	1	defined	["連"]	["连"]	["function-word"]	[]	[]	用在前一句開頭，先承認事實，後一句說出相反結果	用在前一句开头，先承认事实，后一句说出相反结果	「儘管」跟「雖然」用法差不多，後一句常接「還是」或「但是」。	「尽管」跟「虽然」用法差不多，后一句常接「还是」或「但是」。		[0, 1, 2, 3]	function-word	unreviewed		[]
儘管|尽管|jin3 guan3~2	儘管|尽管|jin3 guan3	2	defined	["副"]	["副"]	["function-word"]	[]	[]	用在動詞前面，表示不用擔心，放心去做	用在动词前面，表示不用担心，放心去做	後面直接接動詞，前面常有「有事」、「有問題」這樣的話。	后面直接接动词，前面常有「有事」、「有问题」这样的话。		[4, 5, 6]	function-word	unreviewed		[]
優勢|优势|you1 shi4~1	優勢|优势|you1 shi4	1	defined	["名"]	["名"]	[]	[]	[]	比對方強、對自己有利的地位或條件	比对方强、对自己有利的地位或条件	「優點」說的是本身的好處，「優勢」是跟別人比較以後的有利地位。	「优点」说的是本身的好处，「优势」是跟别人比较以后的有利地位。		[0, 1, 2]	general	unreviewed		[]
優秀|优秀|you1 xiu4~1	優秀|优秀|you1 xiu4	1	defined	["形"]	["形"]	[]	[]	[]	成績或表現特別好，高過一般的	成绩或表现特别好，高过一般的	多用來說人、成績和作品，不用來說天氣、心情這類事。	多用来说人、成绩和作品，不用来说天气、心情这类事。		[0]	general	unreviewed		[]
允許|允许|yun3 xu3~1	允許|允许|yun3 xu3	1	defined	["動"]	["动"]	[]	[]	[]	表示同意，不阻止別人做某件事	表示同意，不阻止别人做某件事	「讓」多用在日常說話，「允許」多用在規定和正式的場合。	「让」多用在日常说话，「允许」多用在规定和正式的场合。		[0, 1]	general	unreviewed		[]
元|元|yuan2~1	元|元|yuan2	1	defined	["量"]	["量"]	[]	[]	[]	錢的單位，用在數字後面	钱的单位，用在数字后面	「元」多用在正式的說法裡，說話時常說「塊」。	「元」多用在正式的说法里，说话时常说「块」。		[0]	general	unreviewed		[]
元|元|yuan2~2	元|元|yuan2	2	defined	["形"]	["形"]	["bound-form"]	[]	[]	開始的、排在第一的	开始的、排在第一的				[1]	bound-form	unreviewed		[]
元|元|yuan2~3	元|元|yuan2	3	defined	["名"]	["名"]	["bound-form"]	[]	[]	構成整體的基本部分；數學上指未知數	构成整体的基本部分；数学上指未知数				[2, 3, 5]	bound-form	unreviewed		[]
元|元|yuan2~4	元|元|yuan2	4	defined	["名"]	["名"]	["bound-form"]	[]	[]	從某一年開始算起的年代	从某一年开始算起的年代				[6, 7]	bound-form	unreviewed		[]
元|元|yuan2~5	元|元|yuan2	5	defined	["綴"]	["缀"]	["bound-form", "function-word"]	[]	[]	加在名詞前面，表示更高一層或關於事物本身	加在名词前面，表示更高一层或关于事物本身	這個用法多見於學術和科技的新詞。	这个用法多见于学术和科技的新词。		[4]	function-word	unreviewed		[]
元素|元素|yuan2 su4~1	元素|元素|yuan2 su4	1	defined	["名"]	["名"]	[]	[]	[]	構成事物的重要部分	构成事物的重要部分				[0]	general	unreviewed		[]
元素|元素|yuan2 su4~2	元素|元素|yuan2 su4	2	defined	["名"]	["名"]	[]	[]	["chem"]	組成一切物質的基本成分	组成一切物质的基本成分				[1]	general	unreviewed		[]
元素|元素|yuan2 su4~3	元素|元素|yuan2 su4	3	defined	["名"]	["名"]	[]	[]	["math"]	集合中的每一個成員	集合中的每一个成员				[2]	general	unreviewed		[]
兄弟|兄弟|xiong1 di4~1	兄弟|兄弟|xiong1 di4	1	defined	["名"]	["名"]	[]	[]	[]	哥哥和弟弟的總稱	哥哥和弟弟的总称				[0, 2]	general	unreviewed		[]
兄弟|兄弟|xiong1 di4~2	兄弟|兄弟|xiong1 di4	2	defined	["名"]	["名"]	[]	["coll"]	[]	同父母而比自己小的男子	同父母而比自己小的男子				[1]	general	unreviewed		[]
兄弟|兄弟|xiong1 di4~3	兄弟|兄弟|xiong1 di4	3	defined	["形"]	["形"]	[]	[]	[]	關係親近，像一家人的	关系亲近，像一家人的				[4, 5]	general	unreviewed		[]
兄弟|兄弟|xiong1 di4~4	兄弟|兄弟|xiong1 di4	4	defined	["代"]	["代"]	[]	["coll"]	[]	男子在人前稱自己的客氣說法	男子在人前称自己的客气说法				[3]	general	unreviewed		[]
充滿|充满|chong1 man3~1	充滿|充满|chong1 man3	1	defined	["動"]	["动"]	[]	[]	[]	到處都是某種東西或感覺	到处都是某种东西或感觉	「充滿」的對象可以是希望、力量這類看不見的事物。	「充满」的对象可以是希望、力量这类看不见的事物。		[0, 1, 2, 3]	general	unreviewed		[]
先|先|xian1~1	先|先|xian1	1	defined	["副"]	["副"]	[]	[]	[]	表示動作在別的動作之前發生	表示动作在别的动作之前发生	後面常跟「再」或「然後」，說明做事的前後。	后面常跟「再」或「然后」，说明做事的前后。		[0]	general	unreviewed		[]
先|先|xian1~2	先|先|xian1	2	defined	["副"]	["副"]	[]	[]	[]	表示只是臨時這樣做，以後再說	表示只是临时这样做，以后再说				[2]	general	unreviewed		[]
先|先|xian1~3	先|先|xian1	3	defined	["副"]	["副"]	[]	[]	[]	指開始的時候，跟後來不同	指开始的时候，跟后来不同				[1]	general	unreviewed		[]
先|先|xian1~4	先|先|xian1	4	defined	["綴"]	["缀"]	["function-word", "bound-form"]	["lit"]	[]	加在稱呼前，表示這個人已經去世	加在称呼前，表示这个人已经去世				[3]	function-word	unreviewed		[]
先生|先生|xian1 sheng5~1	先生|先生|xian1 sheng5	1	defined	["名"]	["名"]	[]	[]	[]	對男子的客氣稱呼	对男子的客气称呼	常跟在姓後面，如「王先生」。不認識的男子也可以這樣稱呼。	常跟在姓后面，如「王先生」。不认识的男子也可以这样称呼。		[1, 4]	general	unreviewed		[]
先生|先生|xian1 sheng5~2	先生|先生|xian1 sheng5	2	defined	["名"]	["名"]	[]	[]	[]	稱自己或別人的丈夫	称自己或别人的丈夫	前面要說明是誰的，如「我先生」。	前面要说明是谁的，如「我先生」。		[2]	general	unreviewed		[]
先生|先生|xian1 sheng5~3	先生|先生|xian1 sheng5	3	defined	["名"]	["名"]	[]	[]	[]	對老師或讀書人的客氣稱呼	对老师或读书人的客气称呼				[0]	general	unreviewed		[]
先生|先生|xian1 sheng5~4	先生|先生|xian1 sheng5	4	defined	["名"]	["名"]	[]	["dialect"]	[]	給人看病的人	给人看病的人				[3]	general	unreviewed	edited	["E-xian1sheng5-4"]
光|光|guang1~1	光|光|guang1	1	defined	["名"]	["名"]	[]	[]	[]	太陽等發出的，能使人看見東西的能量	太阳等发出的，能使人看见东西的能量				[0]	general	unreviewed		[]
光|光|guang1~2	光|光|guang1	2	defined	["形"]	["形"]	["bound-form"]	[]	[]	很亮，能讓人看清楚東西的	很亮，能让人看清楚东西的				[1]	general	unreviewed		[]
光|光|guang1~3	光|光|guang1	3	defined	["副"]	["副"]	[]	["coll"]	[]	表示只是這樣，沒有別的	表示只是这样，没有别的				[2]	general	unreviewed		[]
光|光|guang1~4	光|光|guang1	4	defined	["形"]	["形"]	[]	[]	[]	一點也不剩，完全沒有了的	一点也不剩，完全没有了的				[3]	general	unreviewed		[]
光|光|guang1~5	光|光|guang1	5	defined	["形"]	["形"]	[]	[]	[]	身體的一部分沒有衣服蓋著的	身体的一部分没有衣服盖着的				[4]	general	unreviewed		[]
克|克|ke4~1	克|克|ke4	1	defined	["量"]	["量"]	[]	[]	[]	重量的單位，一公斤的千分之一	重量的单位，一公斤的千分之一				[4]	general	unreviewed		[]
克|克|ke4~2	克|克|ke4	2	defined	["動"]	["动"]	["bound-form"]	[]	[]	戰勝困難或壓住感情	战胜困难或压住感情				[1, 2, 3]	general	unreviewed		[]
克|克|ke4~3	克|克|ke4	3	defined	["動"]	["动"]	["bound-form"]	["lit"]	[]	有能力做到某事	有能力做到某事				[0]	general	unreviewed		[]
克|克|ke4~4	克|克|ke4	4	defined	["量"]	["量"]	[]	[]	[]	西藏計算土地大小的單位	西藏计算土地大小的单位				[5]	general	unreviewed		[]
免費|免费|mian3 fei4~1	免費|免费|mian3 fei4	1	defined	["形"]	["形"]	[]	[]	[]	得到東西或服務時不用付錢的	得到东西或服务时不用付钱的				[0]	general	unreviewed		[]
兒|儿|er2~1	兒|儿|er2	1	defined	["名"]	["名"]	["bound-form"]	[]	[]	父母所生的男性子女	父母所生的男性子女				[1]	general	unreviewed		[]
兒|儿|er2~2	兒|儿|er2	2	defined	["名"]	["名"]	["bound-form"]	[]	[]	還沒有長大的人	还没有长大的人				[0]	general	unreviewed		[]
兒子|儿子|er2 zi5~1	兒子|儿子|er2 zi5	1	defined	["名"]	["名"]	[]	[]	[]	父母所生的男孩子	父母所生的男孩子				[0]	general	unreviewed		[]
兒童|儿童|er2 tong2~1	兒童|儿童|er2 tong2	1	defined	["名"]	["名"]	[]	[]	[]	年齡還小的人，多指上小學的階段	年龄还小的人，多指上小学的阶段	「兒童」多用在書面和正式的場合，說話時常說「孩子」。	「儿童」多用在书面和正式的场合，说话时常说「孩子」。		[0]	general	unreviewed		[]
入|入|ru4~1	入|入|ru4	1	defined	["動"]	["动"]	["bound-form"]	[]	[]	從外面進到裡面	从外面进到里面				[0]	bound-form	unreviewed		[]
入|入|ru4~2	入|入|ru4	2	defined	["動"]	["动"]	["bound-form"]	[]	[]	成為團體中的一員	成为团体中的一员				[1]	bound-form	unreviewed		[]
入|入|ru4~3	入|入|ru4	3	defined	["動"]	["动"]	["bound-form"]	[]	[]	符合某種要求或標準	符合某种要求或标准				[2]	bound-form	unreviewed		[]
入|入|ru4~4	入|入|ru4	4	defined	["綴"]	["缀"]	[]	[]	[]	用在數量後面，表示包裝裡的件數	用在数量后面，表示包装里的件数				[4]	general	unreviewed		[]
入|入|ru4~5	入|入|ru4	5	defined	["名"]	["名"]	["abbr"]	[]	[]	入聲的簡稱	入声的简称	入聲是古代漢語的一種聲調，現代標準漢語裡已經沒有了。	入声是古代汉语的一种声调，现代标准汉语里已经没有了。		[3]	abbreviation	unreviewed		[]
入侵|入侵|ru4 qin1~1	入侵|入侵|ru4 qin1	1	defined	["動"]	["动"]	[]	[]	[]	用武力進入別國或別人的地方	用武力进入别国或别人的地方	常跟「敵人」、「軍隊」連用，現在也說「病毒入侵電腦」。	常跟「敌人」、「军队」连用，现在也说「病毒入侵电脑」。		[0]	general	unreviewed		[]
內|内|nei4~1	內|内|nei4	1	defined	["名"]	["名"]	[]	[]	[]	一定範圍的裡面，跟「外」相對	一定范围的里面，跟「外」相对	「內」多用在名詞後面，如「三天內」。口語裡常說「裡面」。	「内」多用在名词后面，如「三天内」。口语里常说「里面」。		[0, 1, 2, 3, 4]	general	unreviewed		[]
內容|内容|nei4 rong2~1	內容|内容|nei4 rong2	1	defined	["名"]	["名"]	[]	[]	[]	說話、文章等所表達的意思和事情	说话、文章等所表达的意思和事情	「內容」說的是說了什麼，「形式」說的是怎麼說、什麼樣子。	「内容」说的是说了什么，「形式」说的是怎么说、什么样子。		[0, 1]	general	unreviewed		[]
內部|内部|nei4 bu4~1	內部|内部|nei4 bu4	1	defined	["名"]	["名"]	[]	[]	[]	某個東西或組織的裡面	某个东西或组织的里面	多指組織裡不對外公開的一面，如「內部消息」。	多指组织里不对外公开的一面，如「内部消息」。		[0, 1, 2]	general	unreviewed		[]
全|全|quan2~1	全|全|quan2	1	defined	["形"]	["形"]	[]	[]	[]	整個的，包括每一部分	整个的，包括每一部分				[1, 2, 3]	general	unreviewed		[]
全|全|quan2~2	全|全|quan2	2	defined	["副"]	["副"]	[]	[]	[]	用在動詞前，表示所有的都這樣	用在动词前，表示所有的都这样	「全」和「都」常可以換用，「全」更強調一個不剩。	「全」和「都」常可以换用，「全」更强调一个不剩。		[0]	general	unreviewed		[]
全|全|quan2~3	全|全|quan2	3	defined	["形"]	["形"]	[]	[]	[]	該有的都有，內容完整	该有的都有，内容完整				[4]	general	unreviewed		[]
全世界|全世界|quan2 shi4 jie4~1	全世界|全世界|quan2 shi4 jie4	1	defined	["名"]	["名"]	[]	[]	[]	地球上所有的地方和所有的人	地球上所有的地方和所有的人				[0, 1]	general	unreviewed		[]
全國|全国|quan2 guo2~1	全國|全国|quan2 guo2	1	defined	["名"]	["名"]	[]	[]	[]	一個國家的全部地方和人民	一个国家的全部地方和人民	「全國」常直接放在名詞前面，如全國比賽、全國人民。	「全国」常直接放在名词前面，如全国比赛、全国人民。		[0, 1, 2, 3]	general	unreviewed		[]
全球|全球|quan2 qiu2~1	全球|全球|quan2 qiu2	1	defined	["名"]	["名"]	[]	[]	[]	整個地球，包括所有國家和地區	整个地球，包括所有国家和地区	「全球」常放在名詞前面，如「全球市場」、「全球經濟」。	「全球」常放在名词前面，如「全球市场」、「全球经济」。		[0, 1]	general	unreviewed		[]
全部|全部|quan2 bu4~1	全部|全部|quan2 bu4	1	defined	["名"]	["名"]	[]	[]	[]	所有的人或東西合起來的整體	所有的人或东西合起来的整体	也常直接用在動詞前面，例如「東西全部搬走了」。	也常直接用在动词前面，例如「东西全部搬走了」。		[0]	general	unreviewed		[]
全面|全面|quan2 mian4~1	全面|全面|quan2 mian4	1	defined	["形"]	["形"]	[]	[]	[]	各個方面都包括在內的	各个方面都包括在内的				[0, 1, 2, 3]	general	unreviewed		[]
八|八|ba1~1	八|八|ba1	1	defined	["數"]	["数"]	[]	[]	[]	數目，等於七加一	数目，等于七加一				[0]	general	unreviewed		[]
公|公|gong1~1	公|公|gong1	1	defined	["形"]	["形"]	["bound-form"]	[]	[]	屬於國家或大家的，不是個人的	属于国家或大家的，不是个人的				[0, 1, 2]	general	unreviewed		[]
公|公|gong1~2	公|公|gong1	2	defined	["形"]	["形"]	["bound-form"]	[]	[]	不偏向任何一方的	不偏向任何一方的				[5, 6]	general	unreviewed		[]
公|公|gong1~3	公|公|gong1	3	defined	["動"]	["动"]	["bound-form"]	[]	[]	把事情讓大家知道	把事情让大家知道				[4]	general	unreviewed		[]
公|公|gong1~4	公|公|gong1	4	defined	["形"]	["形"]	["bound-form"]	[]	[]	國際上共同使用的，多用在數量單位前面	国际上共同使用的，多用在数量单位前面				[3]	general	unreviewed		[]
公|公|gong1~5	公|公|gong1	5	defined	["形"]	["形"]	[]	[]	[]	動物中相當於男性的，跟「母」相反	动物中相当于男性的，跟「母」相反				[10]	general	unreviewed		[]
公|公|gong1~6	公|公|gong1	6	defined	["名"]	["名"]	["bound-form"]	[]	[]	丈夫的父親	丈夫的父亲				[9]	general	unreviewed		[]
公|公|gong1~7	公|公|gong1	7	defined	["名"]	["名"]	["bound-form"]	[]	["hist"]	舊時五等爵位中最高的一等	旧时五等爵位中最高的一等				[7]	general	unreviewed		[]
公|公|gong1~8	公|公|gong1	8	defined	["名"]	["名"]	[]	["arch", "hon"]	[]	舊時對男子的客氣稱呼	旧时对男子的客气称呼			archaic-form	[8]	general	unreviewed		[]
公主|公主|gong1 zhu3~1	公主|公主|gong1 zhu3	1	defined	["名"]	["名"]	[]	[]	[]	國王或皇帝的女兒	国王或皇帝的女儿				[0]	general	unreviewed		[]
公共|公共|gong1 gong4~1	公共|公共|gong1 gong4	1	defined	["形"]	["形"]	[]	[]	[]	屬於大家的，大家都可以用的	属于大家的，大家都可以用的				[0]	general	unreviewed		[]
公園|公园|gong1 yuan2~1	公園|公园|gong1 yuan2	1	defined	["名"]	["名"]	[]	[]	[]	供大家休息、遊玩的公共場所	供大家休息、游玩的公共场所				[0, 1]	general	unreviewed		[]
公民|公民|gong1 min2~1	公民|公民|gong1 min2	1	defined	["名"]	["名"]	[]	[]	[]	在法律上屬於某個國家，有權利也有責任的人	在法律上属于某个国家，有权利也有责任的人	「公民」說的是法律上的身份，「人民」多指全國的人。	「公民」说的是法律上的身份，「人民」多指全国的人。		[0]	general	unreviewed		[]
公眾|公众|gong1 zhong4~1	公眾|公众|gong1 zhong4	1	defined	["名"]	["名"]	[]	[]	[]	泛指社會上的大多數人	泛指社会上的大多数人	「公眾」多用在新聞和報告裡，說話時常說「大家」。	「公众」多用在新闻和报告里，说话时常说「大家」。		[0]	general	unreviewed		[]
公路|公路|gong1 lu4~1	公路|公路|gong1 lu4	1	defined	["名"]	["名"]	[]	[]	[]	連接各地、可以走汽車的大路	连接各地、可以走汽车的大路	「公路」多在城市外面，城市裡的大路多叫「馬路」。	「公路」多在城市外面，城市里的大路多叫「马路」。		[0, 1, 2]	general	unreviewed		[]
公里|公里|gong1 li3~1	公里|公里|gong1 li3	1	defined	["量"]	["量"]	[]	[]	[]	計算長度的單位，等於一千米	计算长度的单位，等于一千米				[0]	general	unreviewed		[]
公開|公开|gong1 kai1~1	公開|公开|gong1 kai1	1	defined	["形", "動"]	["形", "动"]	[]	[]	[]	不再保密，讓大家都知道	不再保密，让大家都知道				[0, 1]	general	unreviewed		[]
六|六|liu4~1	六|六|liu4	1	defined	["數"]	["数"]	[]	[]	[]	數目，等於五加一	数目，等于五加一				[0, 1]	general	unreviewed		[]
共|共|gong4~1	共|共|gong4	1	defined	["副"]	["副"]	["bound-form"]	[]	[]	大家一起做，或大家都有	大家一起做，或大家都有				[0, 1, 2, 3]	general	unreviewed		[]
共|共|gong4~2	共|共|gong4	2	defined	["副"]	["副"]	[]	[]	[]	表示加起來的總數，多用在數目前面	表示加起来的总数，多用在数目前面	「共」多用在書面，說話時多說「一共」。	「共」多用在书面，说话时多说「一共」。		[4, 5]	general	unreviewed		[]
共|共|gong4~3	共|共|gong4	3	defined	["名"]	["名"]	["abbr", "bound-form"]	[]	[]	共產黨的簡稱	共产党的简称				[6]	abbreviation	unreviewed		[]
共同|共同|gong4 tong2~1	共同|共同|gong4 tong2	1	defined	["形", "副"]	["形", "副"]	[]	[]	[]	屬於大家的，或由大家一起做的	属于大家的，或由大家一起做的	「共同」可以直接放在名詞前面，「一起」多放在動詞前面。	「共同」可以直接放在名词前面，「一起」多放在动词前面。		[0, 1, 2, 3, 4]	general	unreviewed		[]
兵|兵|bing1~1	兵|兵|bing1	1	defined	["名"]	["名"]	[]	[]	[]	參加戰鬥的軍人，也指軍隊	参加战斗的军人，也指军队				[0, 1, 2, 7]	general	unreviewed		[]
兵|兵|bing1~2	兵|兵|bing1	2	defined	["名"]	["名"]	["bound-form"]	[]	[]	戰鬥時用的刀、槍等武器	战斗时用的刀、枪等武器				[3, 4]	general	unreviewed		[]
兵|兵|bing1~3	兵|兵|bing1	3	defined	["形"]	["形"]	["bound-form"]	[]	[]	跟軍隊或戰爭有關的	跟军队或战争有关的				[5, 6]	general	unreviewed		[]
其|其|qi2~1	其|其|qi2	1	defined	["代"]	["代"]	[]	["lit"]	[]	放在名詞前面，表示前面提到的人或事物的	放在名词前面，表示前面提到的人或事物的				[0, 1, 2, 3]	general	unreviewed		[]
其|其|qi2~2	其|其|qi2	2	defined	["代"]	["代"]	["bound-form"]	["lit"]	[]	指前面提到的人或事物	指前面提到的人或事物				[4, 5, 6]	general	unreviewed		[]
其中|其中|qi2 zhong1~1	其中|其中|qi2 zhong1	1	defined	["代"]	["代"]	[]	[]	[]	指前面說到的那些人或事物裡面	指前面说到的那些人或事物里面	用「其中」的時候，前面一定先說出一個整體。	用「其中」的时候，前面一定先说出一个整体。		[0, 1, 2]	general	unreviewed		[]
其他|其他|qi2 ta1~1	其他|其他|qi2 ta1	1	defined	["代"]	["代"]	[]	[]	[]	指已經提到的以外的人或東西	指已经提到的以外的人或东西	「其他」可以指人，也可以指東西；「其它」多指東西。	「其他」可以指人，也可以指东西；「其它」多指东西。		[0, 1, 2]	general	unreviewed		[]
其它|其它|qi2 ta1~1	其它|其它|qi2 ta1	1	defined	["代"]	["代"]	[]	[]	[]	指已經說到的以外的事物	指已经说到的以外的事物	「其他」人和事物都可以用，「其它」一般不用在人身上。	「其他」人和事物都可以用，「其它」一般不用在人身上。		[0]	general	unreviewed		[]
其實|其实|qi2 shi2~1	其實|其实|qi2 shi2	1	defined	["副"]	["副"]	[]	[]	[]	表示真實的情況，常跟人們原來想的不同	表示真实的情况，常跟人们原来想的不同				[0]	general	unreviewed		[]
具|具|ju4~1	具|具|ju4	1	defined	["名"]	["名"]	["bound-form"]	[]	[]	為了某種用處而做成的東西	为了某种用处而做成的东西				[0, 1, 2, 3, 4, 5, 6]	general	unreviewed		[]
具|具|ju4~2	具|具|ju4	2	defined	["動"]	["动"]	["bound-form"]	[]	[]	有某種能力、條件或作用	有某种能力、条件或作用				[7, 8, 9, 10, 11]	general	unreviewed		[]
具|具|ju4~3	具|具|ju4	3	defined	["量"]	["量"]	["classifier-is"]	[]	[]	用於計算屍體，也用於某些器物	用于计算尸体，也用于某些器物				[12]	classifier-is	unreviewed		[]
具有|具有|ju4 you3~1	具有|具有|ju4 you3	1	defined	["動"]	["动"]	[]	[]	[]	有某種性質、能力或作用	有某种性质、能力或作用	「具有」後面常接性質、意義等詞語，多用在書面。	「具有」后面常接性质、意义等词语，多用在书面。		[0]	general	unreviewed		[]
具體|具体|ju4 ti3~1	具體|具体|ju4 ti3	1	defined	["形"]	["形"]	[]	[]	[]	內容明確清楚，不抽象的	内容明确清楚，不抽象的				[0]	general	unreviewed		[]
再|再|zai4~1	再|再|zai4	1	defined	["副"]	["副"]	[]	[]	[]	表示同樣的動作又發生一次，或繼續下去	表示同样的动作又发生一次，或继续下去	「又」多用在已經發生的事，「再」多用在還沒發生的事。	「又」多用在已经发生的事，「再」多用在还没发生的事。		[0, 1, 5]	general	unreviewed		[]
再|再|zai4~2	再|再|zai4	2	defined	["副"]	["副"]	[]	[]	[]	用在形容詞前面，表示程度加深	用在形容词前面，表示程度加深	後面常加「一點」或「一些」，如「再快一點」。	后面常加「一点」或「一些」，如「再快一点」。		[2]	general	unreviewed		[]
再|再|zai4~3	再|再|zai4	3	defined	["副"]	["副"]	[]	[]	[]	表示一個動作在另一個動作完成以後才發生	表示一个动作在另一个动作完成以后才发生	常用在「先…，再…」的句子裡，表示動作的先後。	常用在「先…，再…」的句子里，表示动作的先后。		[3]	general	unreviewed		[]
再|再|zai4~4	再|再|zai4	4	defined	["副"]	["副"]	[]	[]	[]	表示無論程度多高，結果都不變	表示无论程度多高，结果都不变	多用在「再…也…」的說法裡，如「再忙也要休息」。	多用在「再…也…」的说法里，如「再忙也要休息」。		[4]	general	unreviewed		[]
再|再|zai4~5	再|再|zai4	5	defined	["動"]	["动"]	[]	["lit"]	[]	重新出現或發生	重新出现或发生				[6]	general	unreviewed		[]
再次|再次|zai4 ci4~1	再次|再次|zai4 ci4	1	defined	["副"]	["副"]	[]	[]	[]	表示同樣的動作或情況又發生一次	表示同样的动作或情况又发生一次				[0]	general	unreviewed		[]
冒險|冒险|mao4 xian3~1	冒險|冒险|mao4 xian3	1	defined	["動", "名"]	["动", "名"]	[]	[]	[]	明知有危險還去做某件事	明知有危险还去做某件事	「冒險」明知有危險，「探險」是到沒去過的地方。	「冒险」明知有危险，「探险」是到没去过的地方。		[0, 1, 2, 3]	general	unreviewed		[]
冠軍|冠军|guan4 jun1~1	冠軍|冠军|guan4 jun1	1	defined	["名"]	["名"]	[]	[]	[]	比賽中得第一名的人或隊	比赛中得第一名的人或队	第二名叫「亞軍」，第三名叫「季軍」。	第二名叫「亚军」，第三名叫「季军」。		[0]	general	unreviewed		[]
冰|冰|bing1~1	冰|冰|bing1	1	defined	["名"]	["名"]	["classifier-ref"]	[]	[]	水遇冷結成的固體	水遇冷结成的固体				[0, 1]	general	unreviewed		[]
冰|冰|bing1~2	冰|冰|bing1	2	defined	["形"]	["形"]	[]	[]	[]	摸起來非常冷的	摸起来非常冷的	也可以形容人不熱情，例如說「他的口氣很冰」。	也可以形容人不热情，例如说「他的口气很冰」。		[3, 4, 5]	general	unreviewed		[]
冰|冰|bing1~3	冰|冰|bing1	3	defined	["動"]	["动"]	[]	[]	[]	把東西放在冷的地方，使它變冷	把东西放在冷的地方，使它变冷				[2]	general	unreviewed		[]
冰|冰|bing1~4	冰|冰|bing1	4	defined	["名"]	["名"]	[]	["slang"]	[]	一種白色的毒品，樣子像小冰塊	一种白色的毒品，样子像小冰块				[6]	general	unreviewed		[]
冷|冷|leng3~1	冷|冷|leng3	1	defined	["形"]	["形"]	[]	[]	[]	溫度低的，跟熱相反	温度低的，跟热相反				[0]	general	unreviewed		[]
冷|冷|leng3~2	冷|冷|leng3	2	defined	["形"]	["形"]	[]	[]	[]	對人不熱情，不容易接近的	对人不热情，不容易接近的				[]	general	unreviewed		[]
准|准|zhun3~1	准|准|zhun3	1	defined	["動"]	["动"]	[]	[]	[]	同意別人的請求，讓他去做	同意别人的请求，让他去做				[0, 1]	general	unreviewed		[]
准|准|zhun3~2	准|准|zhun3	2	defined	["介"]	["介"]	[]	["arch"]	[]	按照已有的規定或做法	按照已有的规定或做法	舊時多用在公文裡，現在很少單用。	旧时多用在公文里，现在很少单用。	archaic-form	[2, 3]	general	unreviewed		[]
几|几|ji1~1	几|几|ji1	1	defined	["名"]	["名"]	["bound-form"]	[]	[]	一種小桌子，多放在座位旁邊	一种小桌子，多放在座位旁边				[0]	general	unreviewed		[]
凱|凯|kai3~1	凱|凯|kai3	1	defined	["名"]	["名"]	["bound-form"]	[]	[]	打了勝仗以後奏的樂曲	打了胜仗以后奏的乐曲	「凱旋」是打勝仗回來，不一定真的奏樂。	「凯旋」是打胜仗回来，不一定真的奏乐。		[0]	bound-form	unreviewed		[]
凱|凯|kai3~2	凱|凯|kai3	2	defined	["形"]	["形"]	[]	["coll"]	["tw"]	花錢很大方，不小氣的	花钱很大方，不小气的				[1]	general	unreviewed		[]
出來|出来|chu1 lai2~1	出來|出来|chu1 lai2	1	defined	["動"]	["动"]	[]	[]	[]	從裡面到外面來，向著說話的人	从里面到外面来，向着说话的人				[0]	general	unreviewed		[]
出來|出来|chu1 lai2~2	出來|出来|chu1 lai2	2	defined	["動"]	["动"]	[]	[]	[]	東西或事情出現，讓人知道	东西或事情出现，让人知道				[1, 2]	general	unreviewed		[]
出來|出来|chu5 lai5~1	出來|出来|chu5 lai5	1	defined	["動"]	["动"]	["function-word"]	[]	[]	用在動詞後面，表示動作是從裡面向外的	用在动词后面，表示动作是从里面向外的				[0]	general	unreviewed		[]
出來|出来|chu5 lai5~2	出來|出来|chu5 lai5	2	defined	["動"]	["动"]	["function-word"]	[]	[]	用在動詞後面，表示做成或看清	用在动词后面，表示做成或看清				[0]	general	unreviewed		[]
出口|出口|chu1 kou3~1	出口|出口|chu1 kou3	1	defined	["名"]	["名"]	[]	[]	[]	建築物或場地上供人走出去的門	建筑物或场地上供人走出去的门				[0, 1]	general	unreviewed		[]
出口|出口|chu1 kou3~2	出口|出口|chu1 kou3	2	defined	["動", "名"]	["动", "名"]	[]	[]	[]	把本國的產品賣到外國去	把本国的产品卖到外国去				[3]	general	unreviewed		[]
出口|出口|chu1 kou3~3	出口|出口|chu1 kou3	3	defined	["動"]	["动"]	[]	[]	[]	把心裡的話說出來	把心里的话说出来				[2]	general	unreviewed		[]
出口|出口|chu1 kou3~4	出口|出口|chu1 kou3	4	defined	["動"]	["动"]	[]	[]	[]	船從港口開出去	船从港口开出去				[4]	general	unreviewed		[]
出席|出席|chu1 xi2~1	出席|出席|chu1 xi2	1	defined	["動"]	["动"]	[]	[]	[]	到現場參加會議或活動	到现场参加会议或活动	「參加」用得很廣，「出席」多用在會議、典禮這類正式場合。	「参加」用得很广，「出席」多用在会议、典礼这类正式场合。		[0, 1, 2]	general	unreviewed		[]
出版|出版|chu1 ban3~1	出版|出版|chu1 ban3	1	defined	["動"]	["动"]	[]	[]	[]	把作品印成書或雜誌，公開賣給大家	把作品印成书或杂志，公开卖给大家				[0]	general	unreviewed		[]
出現|出现|chu1 xian4~1	出現|出现|chu1 xian4	1	defined	["動"]	["动"]	[]	[]	[]	本來沒有的人或事物開始讓人看到	本来没有的人或事物开始让人看到	「出現」是事物自己來到眼前，「發現」是人看到原來不知道的事。	「出现」是事物自己来到眼前，「发现」是人看到原来不知道的事。		[0, 1, 2, 3]	general	unreviewed		[]
出生|出生|chu1 sheng1~1	出生|出生|chu1 sheng1	1	defined	["動"]	["动"]	[]	[]	[]	人或動物剛從母親身體裡出來	人或动物刚从母亲身体里出来	常說「出生在」或「出生於」某地、某年。	常说「出生在」或「出生于」某地、某年。		[0]	general	unreviewed		[]
出發|出发|chu1 fa1~1	出發|出发|chu1 fa1	1	defined	["動"]	["动"]	[]	[]	[]	離開原來的地方，開始前往別處	离开原来的地方，开始前往别处				[0, 1]	general	unreviewed		[]
出發|出发|chu1 fa1~2	出發|出发|chu1 fa1	2	defined	["動"]	["动"]	[]	[]	[]	把某方面當作考慮問題的起點	把某方面当作考虑问题的起点	多用在「從…出發」的句子裡。	多用在「从…出发」的句子里。		[]	general	unreviewed		[]
刀|刀|dao1~1	刀|刀|dao1	1	defined	["名"]	["名"]	[]	[]	[]	用來切東西的工具，也可做武器	用来切东西的工具，也可做武器				[0]	general	unreviewed		[]
刀|刀|dao1~2	刀|刀|dao1	2	defined	["量"]	["量"]	["classifier-is"]	[]	[]	用於計算刀子切東西或傷人的次數	用于计算刀子切东西或伤人的次数				[3]	classifier-is	unreviewed		[]
刀|刀|dao1~3	刀|刀|dao1	3	defined	["量"]	["量"]	["loanword"]	["slang"]	[]	美國錢的單位，正式的說法是「美元」	美国钱的单位，正式的说法是「美元」				[1]	loanword	unreviewed		[]
刀|刀|dao1~4	刀|刀|dao1	6	defined	["量"]	["量"]	["classifier-is"]	[]	[]	用於計算紙，一百張為一個單位	用于计算纸，一百张为一个单位				[2]	classifier-is	unreviewed		[]
刀|刀|dao1~5	刀|刀|dao1	4	defined	["動"]	["动"]	[]	["slang"]	[]	買東西時請對方少算一些錢	买东西时请对方少算一些钱				[4]	general	unreviewed		[]
刀|刀|dao1~6	刀|刀|dao1	5	defined	["動"]	["动"]	[]	["slang"]	[]	殺死某人，多用來表示非常生氣	杀死某人，多用来表示非常生气				[5]	general	unreviewed		[]
分|分|fen1~1	分|分|fen1	1	defined	["動"]	["动"]	[]	[]	[]	把整體變成幾個部分	把整体变成几个部分				[0]	general	unreviewed		[]
分|分|fen1~2	分|分|fen1	2	defined	["動"]	["动"]	[]	[]	[]	把東西按份給不同的人	把东西按份给不同的人				[1]	general	unreviewed		[]
分|分|fen1~3	分|分|fen1	3	defined	["動"]	["动"]	[]	[]	[]	看出事物之間的不同	看出事物之间的不同				[2]	general	unreviewed		[]
分|分|fen1~4	分|分|fen1	4	defined	["量"]	["量"]	[]	[]	[]	時間單位，六十個等於一小時	时间单位，六十个等于一小时				[7]	general	unreviewed		[]
分|分|fen1~5	分|分|fen1	5	defined	["量"]	["量"]	[]	[]	[]	比賽或考試的成績單位	比赛或考试的成绩单位				[9]	general	unreviewed		[]
分|分|fen1~6	分|分|fen1	6	defined	["量"]	["量"]	[]	[]	[]	錢的最小單位，一百個等於一元	钱的最小单位，一百个等于一元	這個單位現在很少用到了。	这个单位现在很少用到了。		[10]	general	unreviewed		[]
分|分|fen1~7	分|分|fen1	7	defined	["量"]	["量"]	[]	[]	[]	用在數字之間，表示分數	用在数字之间，表示分数				[4]	general	unreviewed		[]
分|分|fen1~8	分|分|fen1	8	defined	["量"]	["量"]	[]	[]	[]	長度、角度等的小單位	长度、角度等的小单位				[5, 6, 8]	general	unreviewed		[]
分|分|fen1~9	分|分|fen1	9	defined	["形"]	["形"]	["bound-form"]	[]	[]	上級機構下面設立的	上级机构下面设立的				[3]	bound-form	unreviewed		[]
分|分|fen4~1	分|分|fen4	1	defined	["名"]	["名"]	["bound-form"]	[]	[]	東西裡面的某種物質	东西里面的某种物质				[2, 3]	general	unreviewed		[]
分|分|fen4~2	分|分|fen4	2	defined	["名"]	["名"]	["bound-form"]	[]	[]	屬於自己的那一部分	属于自己的那一部分				[0, 1]	general	unreviewed		[]
分別|分别|fen1 bie2~1	分別|分别|fen1 bie2	1	defined	["副"]	["副"]	[]	[]	[]	各自地，不放在一起	各自地，不放在一起	常和「跟、向、對」一起用，說明幾個對象各有各的處理。	常和「跟、向、对」一起用，说明几个对象各有各的处理。		[3, 4]	general	unreviewed		[]
分別|分别|fen1 bie2~2	分別|分别|fen1 bie2	2	defined	["動", "名"]	["动", "名"]	[]	[]	[]	看出兩者不一樣，也指這種不一樣	看出两者不一样，也指这种不一样				[1, 2]	general	unreviewed		[]
分別|分别|fen1 bie2~3	分別|分别|fen1 bie2	3	defined	["動"]	["动"]	[]	[]	[]	彼此離開，不再在一起	彼此离开，不再在一起				[0]	general	unreviewed		[]
分子|分子|fen1 zi3~1	分子|分子|fen1 zi3	1	defined	["名"]	["名"]	[]	[]	["chem"]	構成物質、能單獨存在的最小部分	构成物质、能单独存在的最小部分				[0]	general	unreviewed		[]
分子|分子|fen1 zi3~2	分子|分子|fen1 zi3	2	defined	["名"]	["名"]	[]	[]	["math"]	分數裡寫在上面的那個數	分数里写在上面的那个数	分數裡寫在下面的數叫「分母」。	分数里写在下面的数叫「分母」。		[1]	general	unreviewed		[]
分子|分子|fen4 zi3~1	分子|分子|fen4 zi3	1	defined	["名"]	["名"]	[]	[]	[]	屬於某一類、有某種特點的人	属于某一类、有某种特点的人	常跟在別的詞後面，組成「知識分子」這樣的說法。	常跟在别的词后面，组成「知识分子」这样的说法。		[0]	general	unreviewed		[]
分析|分析|fen1 xi1~1	分析|分析|fen1 xi1	1	defined	["動", "名"]	["动", "名"]	[]	[]	[]	把事物分成幾個部分，研究它們的關係	把事物分成几个部分，研究它们的关系				[0, 1, 2]	general	unreviewed		[]
分鐘|分钟|fen1 zhong1~1	分鐘|分钟|fen1 zhong1	1	defined	["名"]	["名"]	[]	[]	[]	計算時間的單位，等於六十秒	计算时间的单位，等于六十秒	「三點十分」是說幾點幾分，「十分鐘」是說時間有多長。	「三点十分」是说几点几分，「十分钟」是说时间有多长。		[0]	general	unreviewed		[]
切|切|qie1~1	切|切|qie1	1	defined	["動"]	["动"]	[]	[]	[]	用刀把東西分成幾塊或幾片	用刀把东西分成几块或几片				[0]	general	unreviewed		[]
切|切|qie1~2	切|切|qie1	2	defined	["動"]	["动"]	["bound-form"]	[]	["math"]	數學上指跟圓只在一個點上相連	数学上指跟圆只在一个点上相连				[1]	general	unreviewed		[]
切|切|qie4~1	切|切|qie4	1	defined	["形"]	["形"]	["bound-form"]	[]	[]	靠得很近的，關係很深的	靠得很近的，关系很深的				[3]	bound-form	unreviewed		[]
切|切|qie4~2	切|切|qie4	2	defined	["形"]	["形"]	["bound-form"]	[]	[]	心裡很急，非常希望的	心里很急，非常希望的				[4]	bound-form	unreviewed		[]
切|切|qie4~3	切|切|qie4	3	defined	["副"]	["副"]	["bound-form"]	[]	[]	一定要，多用在提醒別人的話裡	一定要，多用在提醒别人的话里				[0]	bound-form	unreviewed		[]
切|切|qie4~4	切|切|qie4	4	defined	["動"]	["动"]	["bound-form"]	[]	[]	跟實際情況相合	跟实际情况相合				[5]	bound-form	unreviewed		[]
切|切|qie4~5	切|切|qie4	5	defined	["嘆"]	["叹"]	[]	["coll"]	[]	表示不相信或看不起的語氣	表示不相信或看不起的语气				[1]	general	unreviewed		[]
切|切|qie4~6	切|切|qie4	6	defined	["動"]	["动"]	["bound-form"]	[]	[]	牙齒用力互相摩擦	牙齿用力互相摩擦				[2]	bound-form	unreviewed		[]
切|切|qie4~7	切|切|qie4	7	defined	["動"]	["动"]	[]	[]	["ling"]	舊時注音法中，把前兩個字合成一個音	旧时注音法中，把前两个字合成一个音	這種注音方法叫反切，多見於古代的字書。	这种注音方法叫反切，多见于古代的字书。	archaic-form	[6]	general	unreviewed		[]
划|划|hua2~1	划|划|hua2	1	defined	["動"]	["动"]	[]	[]	[]	用手或工具使船在水上前進	用手或工具使船在水上前进				[0, 1]	general	unreviewed		[]
划|划|hua2~2	划|划|hua2	2	defined	["形"]	["形"]	["bound-form"]	[]	[]	得到的比付出的多，值得做的	得到的比付出的多，值得做的				[2, 3, 4]	general	unreviewed		[]
列|列|lie4~1	列|列|lie4	1	defined	["動"]	["动"]	[]	[]	[]	把事物一個接一個地排開或寫出	把事物一个接一个地排开或写出				[0, 1]	general	unreviewed		[]
列|列|lie4~2	列|列|lie4	2	defined	["名"]	["名"]	["bound-form"]	[]	[]	排成一行的人或事物	排成一行的人或事物				[2, 3]	general	unreviewed		[]
列|列|lie4~3	列|列|lie4	3	defined	["量"]	["量"]	[]	[]	[]	用來計算成行的人或車	用来计算成行的人或车				[]	general	unreviewed		[]
列|列|lie4~4	列|列|lie4	4	defined	["名"]	["名"]	[]	[]	["cn"]	表格中上下排開的一行	表格中上下排开的一行				[4]	general	unreviewed		[]
列|列|lie4~5	列|列|lie4	5	defined	["名"]	["名"]	[]	[]	["tw"]	表格中左右排開的一行	表格中左右排开的一行				[5]	general	unreviewed		[]
列車|列车|lie4 che1~1	列車|列车|lie4 che1	1	defined	["名"]	["名"]	[]	[]	[]	鐵路上由多節車廂連成的交通工具	铁路上由多节车厢连成的交通工具				[0]	general	unreviewed		[]
初|初|chu1~1	初|初|chu1	1	defined	["名", "形"]	["名", "形"]	["bound-form"]	[]	[]	開始的時候；最早的	开始的时候；最早的				[0, 1]	bound-form	unreviewed		[]
初|初|chu1~2	初|初|chu1	2	defined	["綴"]	["缀"]	["bound-form"]	[]	["calendar"]	用在數目一到十前面，指農曆每月的頭十天	用在数目一到十前面，指农历每月的头十天				[2]	bound-form	unreviewed		[]
別|别|bie2~1	別|别|bie2	1	defined	["副"]	["副"]	["function-word"]	[]	[]	用在動詞前面，叫人不要做某事	用在动词前面，叫人不要做某事	「別」跟「不要」意思相同，說話時多用「別」。常用「別再」加動詞，表示要對方停下來。	「别」跟「不要」意思相同，说话时多用「别」。常用「别再」加动词，表示要对方停下来。		[4]	function-word	unreviewed		[]
別|别|bie2~2	別|别|bie2	2	defined	["形"]	["形"]	["bound-form"]	[]	[]	另外的，跟這個不同的	另外的，跟这个不同的				[3]	bound-form	unreviewed		[]
別|别|bie2~3	別|别|bie2	3	defined	["動"]	["动"]	["bound-form"]	[]	[]	看出人或事物之間的不同	看出人或事物之间的不同				[1]	bound-form	unreviewed		[]
別|别|bie2~4	別|别|bie2	4	defined	["動"]	["动"]	["bound-form"]	[]	[]	跟原來在一起的人分開	跟原来在一起的人分开				[0]	bound-form	unreviewed		[]
別|别|bie2~5	別|别|bie2	5	defined	["綴"]	["缀"]	["bound-form", "function-word"]	[]	[]	用在名詞後面，表示分成的種類	用在名词后面，表示分成的种类				[7]	bound-form	unreviewed		[]
別|别|bie2~6	別|别|bie2	6	defined	["動"]	["动"]	[]	[]	[]	把東西插進去，使它不掉下來或不能動	把东西插进去，使它不掉下来或不能动				[5, 6]	general	unreviewed		[]
別|别|bie2~7	別|别|bie2	7	defined	["動"]	["动"]	[]	["dialect"]	[]	把頭或臉轉開，不看對方	把头或脸转开，不看对方				[2]	general	unreviewed	edited	["E-bie2-7"]
別人|别人|bie2 ren5~1	別人|别人|bie2 ren5	1	defined	["代"]	["代"]	[]	[]	[]	自己以外的人	自己以外的人				[0]	general	unreviewed		[]
利|利|li4~1	利|利|li4	1	defined	["名", "動"]	["名", "动"]	["bound-form"]	[]	[]	事情帶來的好處和幫助	事情带来的好处和帮助				[1, 2, 3, 6, 7]	general	unreviewed		[]
利|利|li4~2	利|利|li4	2	defined	["名"]	["名"]	["bound-form"]	[]	[]	做生意或借錢得到的錢	做生意或借钱得到的钱				[4, 5]	general	unreviewed		[]
利|利|li4~3	利|利|li4	3	defined	["形"]	["形"]	["bound-form"]	[]	[]	很容易切開東西的	很容易切开东西的				[0]	general	unreviewed		[]
利用|利用|li4 yong4~1	利用|利用|li4 yong4	1	defined	["動"]	["动"]	[]	[]	[]	使東西或條件發生應有的作用	使东西或条件发生应有的作用				[1, 2, 4]	general	unreviewed		[]
利用|利用|li4 yong4~2	利用|利用|li4 yong4	2	defined	["動"]	["动"]	[]	[]	[]	用手段讓別人為自己做事	用手段让别人为自己做事	「利用」用在人身上時，常帶有不好的意思。	「利用」用在人身上时，常带有不好的意思。		[0, 3]	general	unreviewed		[]
利益|利益|li4 yi4~1	利益|利益|li4 yi4	1	defined	["名"]	["名"]	[]	[]	[]	對人或團體有好處的事物	对人或团体有好处的事物	「好處」多說日常小事，「利益」多說團體或長遠的得失。	「好处」多说日常小事，「利益」多说团体或长远的得失。		[0, 1, 2]	general	unreviewed		[]
到|到|dao4~1	到|到|dao4	1	defined	["動"]	["动"]	[]	[]	[]	到達某個地方；也指時間、日子已經來到	到达某个地方；也指时间、日子已经来到				[0]	general	unreviewed		[]
到|到|dao4~2	到|到|dao4	2	defined	["補"]	["补"]	["function-word"]	[]	[]	用在動詞後面，表示動作達到了地方、時間或有了結果	用在动词后面，表示动作达到了地方、时间或有了结果	中間可以加「得」「不」，如「買得到」「買不到」。	中间可以加「得」「不」，如「买得到」「买不到」。		[3]	general	unreviewed	edited	["R57B-002"]
到|到|dao4~3	到|到|dao4	3	defined	["動"]	["动"]	[]	[]	[]	往某個地方去	往某个地方去	「到」後面說出地方，常再接要做的事，例如「到公園跑步」。	「到」后面说出地方，常再接要做的事，例如「到公园跑步」。		[1]	general	unreviewed		[]
到|到|dao4~4	到|到|dao4	4	defined	["介"]	["介"]	["function-word"]	[]	[]	表示一段時間或範圍在哪裡結束，常跟「從」一起用	表示一段时间或范围在哪里结束，常跟「从」一起用				[2]	general	unreviewed		[]
到|到|dao4~5	到|到|dao4	5	defined	["形"]	["形"]	[]	["lit"]	[]	各方面都考慮得很完整的	各方面都考虑得很完整的	現在多說「周到」，單用的「到」多見於客氣話。	现在多说「周到」，单用的「到」多见于客气话。		[4]	general	unreviewed		[]
到達|到达|dao4 da2~1	到達|到达|dao4 da2	1	defined	["動"]	["动"]	[]	[]	[]	經過一段路，來到要去的地方	经过一段路，来到要去的地方	「到達」後面多接地點，「達到」後面多接目標或水平。	「到达」后面多接地点，「达到」后面多接目标或水平。		[0]	general	unreviewed		[]
制|制|zhi4~1	制|制|zhi4	1	defined	["名"]	["名"]	["bound-form"]	[]	[]	國家或團體定下來的辦法和規則	国家或团体定下来的办法和规则				[0]	general	unreviewed		[]
制|制|zhi4~2	制|制|zhi4	2	defined	["動"]	["动"]	["bound-form"]	[]	[]	管住人或事，不讓它自由發展	管住人或事，不让它自由发展				[1, 2]	general	unreviewed		[]
刺激|刺激|ci4 ji1~1	刺激|刺激|ci4 ji1	1	defined	["動"]	["动"]	[]	[]	[]	使身體或情緒產生強烈的反應	使身体或情绪产生强烈的反应				[0]	general	unreviewed		[]
刺激|刺激|ci4 ji1~2	刺激|刺激|ci4 ji1	2	defined	["形"]	["形"]	[]	[]	[]	讓人感到緊張又興奮的	让人感到紧张又兴奋的				[]	general	unreviewed		[]
刺激|刺激|ci4 ji1~3	刺激|刺激|ci4 ji1	3	defined	["名"]	["名"]	[]	[]	[]	引起身體或情緒反應的事物	引起身体或情绪反应的事物				[1]	general	unreviewed		[]
刻|刻|ke4~1	刻|刻|ke4	1	defined	["動"]	["动"]	[]	[]	[]	用刀在硬的東西上劃出字或圖形	用刀在硬的东西上划出字或图形				[2, 3, 4]	general	unreviewed		[]
刻|刻|ke4~2	刻|刻|ke4	2	defined	["名"]	["名"]	[]	[]	[]	很短的一段時間	很短的一段时间				[1]	general	unreviewed		[]
刻|刻|ke4~3	刻|刻|ke4	3	defined	["量"]	["量"]	["classifier-is"]	[]	[]	用於計算時間，一刻是十五分鐘	用于计算时间，一刻是十五分钟				[0, 6]	classifier-is	unreviewed		[]
刻|刻|ke4~4	刻|刻|ke4	4	defined	["形"]	["形"]	["bound-form"]	[]	[]	對人要求太嚴、不留情面的	对人要求太严、不留情面的				[5]	general	unreviewed		[]
則|则|ze2~1	則|则|ze2	1	defined	["連"]	["连"]	["function-word"]	["lit"]	[]	用在後一句開頭，引出結果或跟前面相反的意思	用在后一句开头，引出结果或跟前面相反的意思	「則」多用在書面，同樣的意思說話時常用「就」或「而」。	「则」多用在书面，同样的意思说话时常用「就」或「而」。		[0]	function-word	unreviewed		[]
則|则|ze2~2	則|则|ze2	2	defined	["名"]	["名"]	["bound-form"]	[]	[]	大家做事都要按照的標準	大家做事都要按照的标准				[1, 2]	bound-form	unreviewed		[]
則|则|ze2~3	則|则|ze2	3	defined	["量"]	["量"]	["classifier-is"]	[]	[]	用於計算新聞、故事等短篇文字	用于计算新闻、故事等短篇文字	新聞、消息也常用「條」計算，「則」的語氣比較正式。	新闻、消息也常用「条」计算，「则」的语气比较正式。		[4]	classifier-is	unreviewed		[]
則|则|ze2~4	則|则|ze2	4	defined	["動"]	["动"]	[]	["lit"]	[]	照著別人的樣子做	照着别人的样子做			archaic-form	[3]	general	unreviewed		[]
前|前|qian2~1	前|前|qian2	1	defined	["名"]	["名"]	[]	[]	[]	正面所對的方向或位置，跟「後」相反	正面所对的方向或位置，跟「后」相反				[0, 1, 2]	general	unreviewed		[]
前|前|qian2~2	前|前|qian2	2	defined	["名"]	["名"]	[]	[]	[]	較早的時間，也指過去	较早的时间，也指过去				[6, 7, 10]	general	unreviewed		[]
前|前|qian2~3	前|前|qian2	3	defined	["形"]	["形"]	[]	[]	[]	排在最先的，多用在數字前面	排在最先的，多用在数字前面				[3, 4]	general	unreviewed		[]
前|前|qian2~4	前|前|qian2	4	defined	["形"]	["形"]	[]	[]	[]	以前的，多用在身份或稱呼前面	以前的，多用在身份或称呼前面				[9]	general	unreviewed		[]
前|前|qian2~5	前|前|qian2	5	defined	["形"]	["形"]	["bound-form"]	[]	[]	未來的、將要到來的	未来的、将要到来的	「三年前」的「前」指過去，「前途」的「前」卻指未來。	「三年前」的「前」指过去，「前途」的「前」却指未来。		[5]	general	unreviewed		[]
前|前|qian2~6	前|前|qian2	6	defined	["名"]	["名"]	[]	[]	[]	「公元前」的簡稱，用在年份前面	「公元前」的简称，用在年份前面				[8]	general	unreviewed		[]
前往|前往|qian2 wang3~1	前往|前往|qian2 wang3	1	defined	["動"]	["动"]	[]	[]	[]	動身到某個地方去	动身到某个地方去	「前往」多用在書面上，口語常說「去」。	「前往」多用在书面上，口语常说「去」。		[0]	general	unreviewed		[]
剛|刚|gang1~1	剛|刚|gang1	1	defined	["副"]	["副"]	[]	[]	[]	表示動作發生在不久以前	表示动作发生在不久以前	「剛」放在動詞前面，「剛才」多放在句子開頭。	「刚」放在动词前面，「刚才」多放在句子开头。		[3]	general	unreviewed		[]
剛|刚|gang1~2	剛|刚|gang1	2	defined	["副"]	["副"]	[]	[]	[]	表示數量或時間不多不少	表示数量或时间不多不少	這個意思常說成「剛好」或「剛夠」。	这个意思常说成「刚好」或「刚够」。		[1, 2]	general	unreviewed		[]
剛|刚|gang1~3	剛|刚|gang1	3	defined	["形"]	["形"]	["bound-form"]	[]	[]	強而有力，不容易改變的	强而有力，不容易改变的				[0]	general	unreviewed	edited	["R57A-007"]
剩下|剩下|sheng4 xia4~1	剩下|剩下|sheng4 xia4	1	defined	["動"]	["动"]	[]	[]	[]	用去或拿走一部分以後還留著	用去或拿走一部分以后还留着				[0]	general	unreviewed		[]
副|副|fu4~1	副|副|fu4	1	defined	["形"]	["形"]	["bound-form"]	[]	[]	職位或等級排在第二的	职位或等级排在第二的	多用在職位名稱前面，如「副經理」、「副部長」。	多用在职位名称前面，如「副经理」、「副部长」。		[2, 3, 4]	general	unreviewed		[]
副|副|fu4~2	副|副|fu4	2	defined	["形"]	["形"]	["bound-form"]	[]	[]	不是主要的，在主要事物之外產生的	不是主要的，在主要事物之外产生的				[0, 1]	general	unreviewed		[]
副|副|fu4~3	副|副|fu4	3	defined	["量"]	["量"]	["classifier-is"]	[]	[]	用於計算成對或成套的東西，也用於臉上的表情	用于计算成对或成套的东西，也用于脸上的表情	「雙」多指左右各一的兩件，「副」多指合起來算一件的整套東西。	「双」多指左右各一的两件，「副」多指合起来算一件的整套东西。		[6]	classifier-is	unreviewed		[]
副|副|fu4~4	副|副|fu4	4	defined	["名"]	["名"]	["abbr"]	[]	[]	副詞的簡稱	副词的简称				[5]	abbreviation	unreviewed		[]
創作|创作|chuang4 zuo4~1	創作|创作|chuang4 zuo4	1	defined	["動", "名"]	["动", "名"]	[]	[]	[]	寫出或做出文學、藝術作品	写出或做出文学、艺术作品				[0, 1]	general	unreviewed		[]
創造|创造|chuang4 zao4~1	創造|创造|chuang4 zao4	1	defined	["動"]	["动"]	[]	[]	[]	做出或想出從來沒有過的事物	做出或想出从来没有过的事物	「創造」的對象多是新的事物，「製造」多指做出具體的東西。	「创造」的对象多是新的事物，「制造」多指做出具体的东西。		[0, 1, 2, 3]	general	unreviewed		[]
劃|划|hua2~1	劃|划|hua2	1	defined	["動"]	["动"]	[]	[]	[]	用尖的東西把物體表面弄破	用尖的东西把物体表面弄破				[0, 1, 2]	general	unreviewed		[]
劃|划|hua2~2	劃|划|hua2	2	defined	["動"]	["动"]	[]	[]	[]	用力擦火柴，使它燒起來	用力擦火柴，使它烧起来				[3]	general	unreviewed		[]
劃|划|hua4~1	劃|划|hua4	1	defined	["動"]	["动"]	[]	[]	[]	分出界限，把整體分成部分	分出界限，把整体分成部分				[0]	general	unreviewed		[]
劃|划|hua4~2	劃|划|hua4	2	defined	["動"]	["动"]	["bound-form"]	[]	[]	事先想好要怎麼做	事先想好要怎么做				[3]	general	unreviewed		[]
劃|划|hua4~3	劃|划|hua4	3	defined	["動", "名"]	["动", "名"]	[]	[]	[]	用筆做出線條，也指漢字的一筆	用笔做出线条，也指汉字的一笔				[4, 5]	general	unreviewed		[]
劃|划|hua4~4	劃|划|hua4	4	defined	["動"]	["动"]	[]	[]	[]	把錢或東西轉給另一方	把钱或东西转给另一方				[1, 2]	general	unreviewed		[]
劇|剧|ju4~1	劇|剧|ju4	1	defined	["名"]	["名"]	[]	[]	[]	在舞臺上或電視上演出的作品	在舞台上或电视上演出的作品				[0]	general	unreviewed		[]
劇|剧|ju4~2	劇|剧|ju4	2	defined	["形"]	["形"]	["bound-form"]	[]	[]	程度很深或變化很快的	程度很深或变化很快的				[1, 2, 3]	general	unreviewed		[]
劇本|剧本|ju4 ben3~1	劇本|剧本|ju4 ben3	1	defined	["名"]	["名"]	[]	[]	[]	寫明臺詞和動作、供演出用的本子	写明台词和动作、供演出用的本子				[0]	general	unreviewed		[]
劍|剑|jian4~1	劍|剑|jian4	1	defined	["名"]	["名"]	["classifier-ref"]	[]	[]	一種長而直的武器，兩邊都有刃	一种长而直的武器，两边都有刃				[0, 1]	general	unreviewed		[]
劍|剑|jian4~2	劍|剑|jian4	2	defined	["量"]	["量"]	["classifier-is"]	[]	[]	用於計算用劍刺、砍的次數	用于计算用剑刺、砍的次数				[2]	classifier-is	unreviewed		[]
力|力|li4~1	力|力|li4	1	defined	["名"]	["名"]	[]	[]	[]	使東西動起來或改變的作用	使东西动起来或改变的作用				[0, 1, 2]	general	unreviewed		[]
力|力|li4~2	力|力|li4	2	defined	["名"]	["名"]	["bound-form"]	[]	[]	做某件事的能力	做某件事的能力				[3]	general	unreviewed		[]
力|力|li4~3	力|力|li4	3	defined	["副"]	["副"]	["bound-form"]	["lit"]	[]	用最大的力氣去做	用最大的力气去做				[4]	general	unreviewed		[]
力量|力量|li4 liang5~1	力量|力量|li4 liang5	1	defined	["名"]	["名"]	[]	[]	[]	人或事物能起的作用和能力	人或事物能起的作用和能力	「力氣」只指身體上的，「力量」還可以指精神上的。	「力气」只指身体上的，「力量」还可以指精神上的。		[0]	general	unreviewed		[]
功能|功能|gong1 neng2~1	功能|功能|gong1 neng2	1	defined	["名"]	["名"]	[]	[]	[]	事物或身體部分所起的作用	事物或身体部分所起的作用				[0]	general	unreviewed		[]
加|加|jia1~1	加|加|jia1	1	defined	["動"]	["动"]	[]	[]	[]	使數量或程度比原來多	使数量或程度比原来多				[0, 2]	general	unreviewed		[]
加|加|jia1~2	加|加|jia1	2	defined	["動"]	["动"]	[]	[]	["math"]	把兩個以上的數合起來	把两个以上的数合起来				[1]	general	unreviewed		[]
加|加|jia1~3	加|加|jia1	3	defined	["動"]	["动"]	["function-word"]	[]	[]	用在兩個字的動詞前面，表示對說到的事做這個動作	用在两个字的动词前面，表示对说到的事做这个动作	意思跟「加以」相近，但「加」前面多有「稍」「不」「大」等字。	意思跟「加以」相近，但「加」前面多有「稍」「不」「大」等字。		[3]	function-word	unreviewed		[]
加上|加上|jia1 shang4~1	加上|加上|jia1 shang4	1	defined	["動"]	["动"]	[]	[]	[]	把別的東西或數目放進去，使原來的變多	把别的东西或数目放进去，使原来的变多				[0, 1, 2, 3, 4]	general	unreviewed		[]
加上|加上|jia1 shang4~2	加上|加上|jia1 shang4	2	defined	["連"]	["连"]	[]	[]	[]	用在句子中間，表示除了前面說的，還有另一個原因	用在句子中间，表示除了前面说的，还有另一个原因				[5, 6]	general	unreviewed		[]
加入|加入|jia1 ru4~1	加入|加入|jia1 ru4	1	defined	["動"]	["动"]	[]	[]	[]	成為團體或組織的一員	成为团体或组织的一员				[0, 1, 3]	general	unreviewed		[]
加入|加入|jia1 ru4~2	加入|加入|jia1 ru4	2	defined	["動"]	["动"]	[]	[]	[]	在原有的東西裡再放進別的東西	在原有的东西里再放进别的东西				[2, 4]	general	unreviewed		[]
努力|努力|nu3 li4~1	努力|努力|nu3 li4	1	defined	["動", "形"]	["动", "形"]	[]	[]	[]	認真去做，肯花力氣	认真去做，肯花力气				[0, 1]	general	unreviewed		[]
勒|勒|le4~1	勒|勒|le4	1	defined	["動"]	["动"]	["bound-form"]	[]	[]	用力量要別人服從	用力量要别人服从				[2]	general	unreviewed		[]
勒|勒|le4~2	勒|勒|le4	2	defined	["動"]	["动"]	["bound-form"]	[]	[]	拉住繩子讓馬停下來	拉住绳子让马停下来				[1]	general	unreviewed		[]
勒|勒|le4~3	勒|勒|le4	3	defined	["名"]	["名"]	[]	["lit"]	[]	套在馬頭上，用來控制馬的東西	套在马头上，用来控制马的东西			archaic-form	[0]	general	unreviewed		[]
勒|勒|le4~4	勒|勒|le4	4	defined	["動"]	["动"]	[]	["lit"]	[]	在石頭上刻字	在石头上刻字			archaic-form	[3]	general	unreviewed		[]
勒|勒|le4~5	勒|勒|le4	5	defined	["動"]	["动"]	[]	["lit"]	[]	帶領和指揮軍隊	带领和指挥军队			archaic-form	[4]	general	unreviewed		[]
勒|勒|le4~6	勒|勒|le4	6	defined	["名"]	["名"]	["abbr"]	[]	["phys"]	勒克斯的簡稱	勒克斯的简称				[5]	abbreviation	unreviewed		[]
勒|勒|lei1~1	勒|勒|lei1	1	defined	["動"]	["动"]	[]	[]	[]	用繩子等把東西捆住，再用力拉緊	用绳子等把东西捆住，再用力拉紧				[0, 1]	general	unreviewed		[]
動作|动作|dong4 zuo4~1	動作|动作|dong4 zuo4	1	defined	["名", "動"]	["名", "动"]	[]	[]	[]	身體的一部分或整個身體做出的活動	身体的一部分或整个身体做出的活动	「行動」多指有目的地做事，「動作」只說身體怎麼動。	「行动」多指有目的地做事，「动作」只说身体怎么动。		[0, 1]	general	unreviewed		[]
動物|动物|dong4 wu4~1	動物|动物|dong4 wu4	1	defined	["名"]	["名"]	[]	[]	[]	能自己活動、要吃東西的生物	能自己活动、要吃东西的生物				[0]	general	unreviewed		[]
勝|胜|sheng4~1	勝|胜|sheng4	1	defined	["動"]	["动"]	[]	[]	[]	在比賽或戰爭中贏，使對方失敗	在比赛或战争中赢，使对方失败	「贏」多用在口語，「勝」多用在書面。	「赢」多用在口语，「胜」多用在书面。		[0, 1, 2, 3, 5, 7]	general	unreviewed		[]
勝|胜|sheng4~2	勝|胜|sheng4	2	defined	["動"]	["动"]	["bound-form"]	[]	[]	比另一個好或強	比另一个好或强				[4, 6, 8, 9]	general	unreviewed		[]
勝|胜|sheng4~3	勝|胜|sheng4	3	defined	["動"]	["动"]	["bound-form"]	[]	[]	有能力做到，或受得了	有能力做到，或受得了				[13, 14]	general	unreviewed		[]
勝|胜|sheng4~4	勝|胜|sheng4	4	defined	["形"]	["形"]	["bound-form"]	[]	[]	風景很好看的	风景很好看的				[10, 11, 12]	general	unreviewed		[]
勝利|胜利|sheng4 li4~1	勝利|胜利|sheng4 li4	1	defined	["動", "名"]	["动", "名"]	[]	[]	[]	在戰爭或比賽中取得成功	在战争或比赛中取得成功	日常說話多用「贏」，「勝利」比較正式。	日常说话多用「赢」，「胜利」比较正式。		[0, 1]	general	unreviewed		[]
包|包|bao1~1	包|包|bao1	1	defined	["動"]	["动"]	[]	[]	[]	用紙、布等把東西整個蓋住	用纸、布等把东西整个盖住				[0, 1, 2, 10]	general	unreviewed		[]
包|包|bao1~2	包|包|bao1	2	defined	["名"]	["名"]	[]	[]	[]	用來裝東西的袋子	用来装东西的袋子				[6, 7, 8, 9, 11, 12, 13]	general	unreviewed		[]
包|包|bao1~3	包|包|bao1	3	defined	["動"]	["动"]	[]	[]	[]	把別的東西也算在裡面	把别的东西也算在里面				[3]	general	unreviewed		[]
包|包|bao1~4	包|包|bao1	4	defined	["動"]	["动"]	[]	[]	[]	把事情全部負責下來	把事情全部负责下来				[4, 5]	general	unreviewed		[]
包括|包括|bao1 kuo4~1	包括|包括|bao1 kuo4	1	defined	["動"]	["动"]	[]	[]	[]	把某些人或事物算在整體之內	把某些人或事物算在整体之内	常說「包括…在內」，例如「包括我在內一共十個人」。	常说「包括…在内」，例如「包括我在内一共十个人」。		[0, 1, 2, 3, 4]	general	unreviewed		[]
化學|化学|hua4 xue2~1	化學|化学|hua4 xue2	1	defined	["名"]	["名"]	[]	[]	[]	研究物質的組成和變化的科學	研究物质的组成和变化的科学	常放在名詞前面，像「化學反應」、「化學物質」。	常放在名词前面，像「化学反应」、「化学物质」。		[0, 1]	general	unreviewed		[]
北|北|bei3~1	北|北|bei3	1	defined	["名"]	["名"]	[]	[]	[]	四個主要方向之一，早上面對太陽時左手的一邊	四个主要方向之一，早上面对太阳时左手的一边				[0]	general	unreviewed		[]
北|北|bei3~2	北|北|bei3	2	defined	["動"]	["动"]	["bound-form"]	["lit"]	[]	在戰爭或比賽中輸給對方	在战争或比赛中输给对方				[1]	general	unreviewed		[]
區|区|qu1~1	區|区|qu1	1	defined	["名"]	["名"]	[]	[]	[]	從整體中分出來的一塊地方	从整体中分出来的一块地方				[0, 1, 5]	general	unreviewed	edited	["E-qu1-1"]
區|区|qu1~2	區|区|qu1	2	defined	["名"]	["名"]	[]	[]	[]	城市下面的一級管理單位	城市下面的一级管理单位				[2]	general	unreviewed		[]
區|区|qu1~3	區|区|qu1	3	defined	["動"]	["动"]	["bound-form"]	[]	[]	把不同的事物分開	把不同的事物分开				[4]	general	unreviewed		[]
區|区|qu1~4	區|区|qu1	4	defined	["形"]	["形"]	["bound-form"]	[]	[]	數量少、不值得一提的	数量少、不值得一提的				[3]	general	unreviewed		[]
區別|区别|qu1 bie2~1	區別|区别|qu1 bie2	1	defined	["名", "動"]	["名", "动"]	["classifier-ref"]	[]	[]	彼此不同的地方，也指找出這種不同	彼此不同的地方，也指找出这种不同				[0, 1, 2, 3, 4]	general	unreviewed		[]
區域|区域|qu1 yu4~1	區域|区域|qu1 yu4	1	defined	["名"]	["名"]	[]	[]	[]	按一定條件分出來的一片地方	按一定条件分出来的一片地方				[0, 1, 2]	general	unreviewed		[]
十|十|shi2~1	十|十|shi2	1	defined	["數"]	["数"]	[]	[]	[]	數目，等於九加一	数目，等于九加一				[0, 1]	general	unreviewed		[]
十|十|shi2~2	十|十|shi2	2	defined	["形"]	["形"]	["bound-form"]	[]	[]	完全的，達到最高程度的	完全的，达到最高程度的				[]	general	unreviewed		[]
十二|十二|shi2 er4~1	十二|十二|shi2 er4	1	defined	["數"]	["数"]	[]	[]	[]	數目，等於十加二	数目，等于十加二				[0, 1]	general	unreviewed		[]
十分|十分|shi2 fen1~1	十分|十分|shi2 fen1	1	defined	["副"]	["副"]	[]	[]	[]	用在形容詞等前面，表示程度很高	用在形容词等前面，表示程度很高	「十分」的語氣比「很」重，多用在正式的說法裡。	「十分」的语气比「很」重，多用在正式的说法里。		[0, 1, 2, 3, 4, 5]	general	unreviewed		[]
十分|十分|shi2 fen1~2	十分|十分|shi2 fen1	2	defined	["動"]	["动"]	[]	["lit"]	[]	把東西分成十個一樣大的部分	把东西分成十个一样大的部分	這個意思現在多說成「分成十份」。	这个意思现在多说成「分成十份」。	archaic-form	[6]	general	unreviewed		[]
千|千|qian1~1	千|千|qian1	1	defined	["數"]	["数"]	[]	[]	[]	數目，等於十個一百	数目，等于十个一百	前面一般要有數目，如「一千」「三千」。	前面一般要有数目，如「一千」「三千」。		[0]	general	unreviewed		[]
千萬|千万|qian1 wan4~1	千萬|千万|qian1 wan4	1	defined	["副"]	["副"]	[]	[]	[]	一定要，多用在提醒別人的話裡	一定要，多用在提醒别人的话里	後面常接「別」、「不要」、「記得」，語氣很重。	后面常接「别」、「不要」、「记得」，语气很重。		[3]	general	unreviewed		[]
千萬|千万|qian1 wan4~2	千萬|千万|qian1 wan4	2	defined	["數"]	["数"]	[]	[]	[]	數目，一萬的一千倍	数目，一万的一千倍				[0]	general	unreviewed		[]
千萬|千万|qian1 wan4~3	千萬|千万|qian1 wan4	3	defined	["數"]	["数"]	[]	["lit"]	[]	泛指很多，不指確定的數目	泛指很多，不指确定的数目				[1, 2]	general	unreviewed		[]
升|升|sheng1~1	升|升|sheng1	1	defined	["動"]	["动"]	[]	[]	[]	由低處往高處移動	由低处往高处移动				[0]	general	unreviewed		[]
升|升|sheng1~2	升|升|sheng1	2	defined	["動"]	["动"]	[]	[]	[]	職位、等級由低變高	职位、等级由低变高				[1]	general	unreviewed		[]
升|升|sheng1~3	升|升|sheng1	3	defined	["量"]	["量"]	[]	[]	[]	計算液體多少的單位	计算液体多少的单位				[2]	general	unreviewed		[]
升|升|sheng1~4	升|升|sheng1	4	defined	["量"]	["量"]	[]	["arch"]	[]	舊時計算米、麥等的單位，等於一斗的十分之一	旧时计算米、麦等的单位，等于一斗的十分之一			archaic-form	[3]	general	unreviewed		[]
半|半|ban4~1	半|半|ban4	1	defined	["數"]	["数"]	[]	[]	[]	數目，全部的二分之一	数目，全部的二分之一	「半」可以用在量詞前面，如「半個」；也可以用在數量後面，如「三年半」。	「半」可以用在量词前面，如「半个」；也可以用在数量后面，如「三年半」。		[0, 3]	general	unreviewed		[]
半|半|ban4~2	半|半|ban4	2	defined	["形"]	["形"]	["bound-form"]	[]	[]	不完全的，只有一部分的	不完全的，只有一部分的				[1, 2]	general	unreviewed		[]
協助|协助|xie2 zhu4~1	協助|协助|xie2 zhu4	1	defined	["動"]	["动"]	[]	[]	[]	從旁出力幫別人做事	从旁出力帮别人做事	多用在工作上，出力的一方不是主要負責的人。	多用在工作上，出力的一方不是主要负责的人。		[0]	general	unreviewed		[]
協會|协会|xie2 hui4~1	協會|协会|xie2 hui4	1	defined	["名"]	["名"]	[]	[]	[]	由興趣或工作相同的人組成的團體	由兴趣或工作相同的人组成的团体				[0, 1, 2]	general	unreviewed		[]
協議|协议|xie2 yi4~1	協議|协议|xie2 yi4	1	defined	["名"]	["名"]	["classifier-ref"]	[]	[]	各方經過商量後取得的一致意見	各方经过商量后取得的一致意见				[0, 1, 3]	general	unreviewed		[]
協議|协议|xie2 yi4~2	協議|协议|xie2 yi4	2	defined	["名"]	["名"]	[]	[]	["tech"]	電腦之間傳送資料時共同使用的規則	电脑之间传送资料时共同使用的规则				[2]	general	unreviewed		[]
南|南|nan2~1	南|南|nan2	1	defined	["名"]	["名"]	[]	[]	[]	四個主要方向之一，跟北相反	四个主要方向之一，跟北相反				[0]	general	unreviewed		[]
南方|南方|nan2 fang1~1	南方|南方|nan2 fang1	1	defined	["名"]	["名"]	[]	[]	[]	四個主要方向之一，跟北方相反	四个主要方向之一，跟北方相反				[0]	general	unreviewed		[]
南方|南方|nan2 fang1~2	南方|南方|nan2 fang1	2	defined	["名"]	["名"]	[]	[]	[]	中國南部的地區，多指長江以南	中国南部的地区，多指长江以南				[1]	general	unreviewed		[]
博|博|bo2~1	博|博|bo2	1	defined	["形"]	["形"]	["bound-form"]	[]	[]	數量多、範圍廣的	数量多、范围广的				[0]	bound-form	unreviewed		[]
博|博|bo2~2	博|博|bo2	2	defined	["形"]	["形"]	["bound-form"]	[]	[]	學問廣、知道的事情多的	学问广、知道的事情多的				[3]	bound-form	unreviewed		[]
博|博|bo2~3	博|博|bo2	3	defined	["動"]	["动"]	["bound-form"]	[]	[]	用錢或東西比輸贏	用钱或东西比输赢				[2]	bound-form	unreviewed		[]
博|博|bo2~4	博|博|bo2	4	defined	["動"]	["动"]	["bound-form"]	[]	[]	用做法或表現換得別人的好感	用做法或表现换得别人的好感				[1]	bound-form	unreviewed		[]
博|博|bo2~5	博|博|bo2	5	defined	["名"]	["名"]	["abbr"]	[]	["cn"]	博士的簡稱	博士的简称				[4]	abbreviation	unreviewed		[]
博|博|bo2~6	博|博|bo2	6	defined	["名"]	["名"]	["abbr", "bound-form"]	[]	["cn"]	博客的簡稱	博客的简称				[5]	abbreviation	unreviewed		[]
博士|博士|bo2 shi4~1	博士|博士|bo2 shi4	1	defined	["名"]	["名"]	[]	[]	[]	大學最高的一級學位，也指有這種學位的人	大学最高的一级学位，也指有这种学位的人				[0]	general	unreviewed		[]
博士|博士|bo2 shi4~2	博士|博士|bo2 shi4	2	defined	["名"]	["名"]	[]	["arch"]	[]	舊時指很懂某種學問或技術的人，也指一種官名	旧时指很懂某种学问或技术的人，也指一种官名			archaic-form	[1, 2]	general	unreviewed	edited	["E-bo2shi4-2"]
博物館|博物馆|bo2 wu4 guan3~1	博物館|博物馆|bo2 wu4 guan3	1	defined	["名"]	["名"]	[]	[]	[]	收藏和展示歷史、藝術等物品的地方	收藏和展示历史、艺术等物品的地方				[0]	general	unreviewed		[]
占|占|zhan1~1	占|占|zhan1	1	defined	["動"]	["动"]	["bound-form"]	[]	[]	用傳統的方法觀察現象，預測未來	用传统的方法观察现象，预测未来				[0, 1]	general	unreviewed		[]
占|占|zhan4~1	占|占|zhan4	1	defined	["動"]	["动"]	[]	[]	[]	取得地方或東西，使別人不能用	取得地方或东西，使别人不能用				[0, 1, 2]	general	unreviewed		[]
占|占|zhan4~2	占|占|zhan4	2	defined	["動"]	["动"]	[]	[]	[]	在全部之中有一定的數量或地位	在全部之中有一定的数量或地位	常說「占多數」、「占一半」、「占第一位」。	常说「占多数」、「占一半」、「占第一位」。		[]	general	unreviewed		[]
卡|卡|qia3~1	卡|卡|qia3	1	defined	["動"]	["动"]	[]	[]	[]	夾在中間，不能動或不能通過	夹在中间，不能动或不能通过				[0, 1, 2]	general	unreviewed		[]
卡|卡|qia3~2	卡|卡|qia3	2	defined	["名"]	["名"]	["bound-form"]	[]	[]	設在路上檢查來往車輛的地方	设在路上检查来往车辆的地方				[3, 6]	general	unreviewed		[]
卡|卡|qia3~3	卡|卡|qia3	3	defined	["名"]	["名"]	["bound-form"]	[]	[]	一種用來夾住頭髮或紙的小東西	一种用来夹住头发或纸的小东西				[4, 5]	general	unreviewed		[]
印|印|yin4~1	印|印|yin4	1	defined	["動"]	["动"]	[]	[]	[]	把文字或圖畫壓在紙或別的東西上	把文字或图画压在纸或别的东西上				[0, 1, 2]	general	unreviewed		[]
印|印|yin4~2	印|印|yin4	2	defined	["名"]	["名"]	["bound-form"]	[]	[]	東西壓過後在表面留下的樣子	东西压过后在表面留下的样子	「印象」指事情在心裡留下的樣子。	「印象」指事情在心里留下的样子。		[4, 6, 7, 8]	general	unreviewed		[]
印|印|yin4~3	印|印|yin4	3	defined	["名"]	["名"]	[]	[]	[]	蓋在文件上表示身分的東西	盖在文件上表示身分的东西				[3, 5]	general	unreviewed		[]
危機|危机|wei1 ji1~1	危機|危机|wei1 ji1	1	defined	["名"]	["名"]	[]	[]	[]	可能造成嚴重損失的緊急情況	可能造成严重损失的紧急情况				[0]	general	unreviewed		[]
危險|危险|wei1 xian3~1	危險|危险|wei1 xian3	1	defined	["形", "名"]	["形", "名"]	[]	[]	[]	可能受到傷害或損失的情況	可能受到伤害或损失的情况				[0, 1]	general	unreviewed		[]
即|即|ji2~1	即|即|ji2	1	defined	["副"]	["副"]	[]	["lit"]	[]	表示前後兩者其實相同	表示前后两者其实相同				[0, 1, 2]	general	unreviewed		[]
即|即|ji2~2	即|即|ji2	2	defined	["副"]	["副"]	[]	["lit"]	[]	表示動作馬上發生，相當於「就」	表示动作马上发生，相当于「就」				[3, 4, 5, 7]	general	unreviewed		[]
即|即|ji2~3	即|即|ji2	3	defined	["連"]	["连"]	["function-word"]	["lit"]	[]	用在前半句，表示就算那樣，結果也不變	用在前半句，表示就算那样，结果也不变				[6]	general	unreviewed		[]
即|即|ji2~4	即|即|ji2	4	defined	["動"]	["动"]	["bound-form"]	["lit"]	[]	走近或到達某個位置	走近或到达某个位置				[8, 9, 10, 11]	general	unreviewed		[]
即使|即使|ji2 shi3~1	即使|即使|ji2 shi3	1	defined	["連"]	["连"]	["function-word"]	[]	[]	用在前一句，表示某種情況不改變後面的結果	用在前一句，表示某种情况不改变后面的结果	「雖然」說的是確定的事，「即使」說的事不一定會發生。	「虽然」说的是确定的事，「即使」说的事不一定会发生。		[0]	function-word	unreviewed		[]
卷|卷|juan3~3	卷|卷|juan3	2	defined	["動"]	["动"]	[]	[]	[]	風、水等的力量把人或東西帶走	风、水等的力量把人或东西带走				[1]	general	unreviewed		[]
卷|卷|juan3~4	卷|卷|juan3	5	defined	["動", "形"]	["动", "形"]	[]	["slang"]	[]	競爭過分，大家不斷加大付出	竞争过分，大家不断加大付出	多用在工作、學習的競爭上，也說「內卷」。	多用在工作、学习的竞争上，也说「内卷」。		[2]	general	unreviewed		[]
卷|卷|juan3~5	卷|卷|juan3	1	defined	["動"]	["动"]	[]	[]	[]	把紙、布等一層層彎成圓形	把纸、布等一层层弯成圆形				[0]	general	unreviewed		[]
卷|卷|juan3~6	卷|卷|juan3	3	defined	["動"]	["动"]	[]	[]	[]	把人帶進不想參與的事情裡	把人带进不想参与的事情里	常說「被卷入」，後面接案件、戰爭這類事情。	常说「被卷入」，后面接案件、战争这类事情。		[1]	general	unreviewed		[]
卷|卷|juan3~7	卷|卷|juan3	4	defined	["量"]	["量"]	["classifier-is"]	[]	[]	用於計算紙、線等彎成圓形的東西	用于计算纸、线等弯成圆形的东西				[3, 4]	classifier-is	unreviewed		[]
卷|卷|juan4~1	卷|卷|juan4	1	defined	["名"]	["名"]	[]	[]	[]	考試時發給學生寫的紙	考试时发给学生写的纸				[4]	general	unreviewed		[]
卷|卷|juan4~2	卷|卷|juan4	2	defined	["名"]	["名"]	[]	[]	[]	一本書分成的幾個部分之一	一本书分成的几个部分之一				[0, 1, 2, 3]	general	unreviewed		[]
卷|卷|juan4~3	卷|卷|juan4	3	defined	["量"]	["量"]	["classifier-is"]	[]	[]	用於計算書、字畫等	用于计算书、字画等	現在說書多用「本」，「卷」多用在成套的舊書或字畫上。	现在说书多用「本」，「卷」多用在成套的旧书或字画上。		[5]	classifier-is	unreviewed		[]
卻|却|que4~1	卻|却|que4	1	defined	["副"]	["副"]	[]	[]	[]	用在動詞前面，表示跟前面說的不一樣	用在动词前面，表示跟前面说的不一样	「但是」放在後一句的開頭，「卻」要放在動詞前面。	「但是」放在后一句的开头，「却」要放在动词前面。		[0, 1, 2, 3, 7, 8]	general	unreviewed		[]
卻|却|que4~2	卻|却|que4	2	defined	["動"]	["动"]	["bound-form"]	[]	[]	向後退，不再向前	向后退，不再向前				[4, 6]	general	unreviewed		[]
卻|却|que4~3	卻|却|que4	3	defined	["動"]	["动"]	["bound-form"]	[]	[]	不接受別人給的東西	不接受别人给的东西				[5]	general	unreviewed		[]
卻|却|que4~4	卻|却|que4	4	defined	["綴"]	["缀"]	["bound-form"]	["lit"]	[]	用在動詞後面，表示動作完成或去掉	用在动词后面，表示动作完成或去掉				[]	general	unreviewed		[]
原|原|yuan2~1	原|原|yuan2	1	defined	["形", "副"]	["形", "副"]	[]	[]	[]	最初的，還沒有經過改變的	最初的，还没有经过改变的				[0, 1, 2, 3]	general	unreviewed		[]
原|原|yuan2~2	原|原|yuan2	2	defined	["名"]	["名"]	["bound-form"]	[]	[]	事情發生的來源或起點	事情发生的来源或起点				[5, 6]	general	unreviewed		[]
原|原|yuan2~3	原|原|yuan2	3	defined	["名"]	["名"]	["bound-form"]	[]	[]	又平又大的一片土地	又平又大的一片土地				[4]	general	unreviewed		[]
原來|原来|yuan2 lai2~1	原來|原来|yuan2 lai2	1	defined	["形", "副"]	["形", "副"]	[]	[]	[]	以前的，沒有經過改變的	以前的，没有经过改变的				[0, 1]	general	unreviewed		[]
原來|原来|yuan2 lai2~2	原來|原来|yuan2 lai2	2	defined	["副"]	["副"]	[]	[]	[]	多用在句子開頭，表示發現了本來不知道的事	多用在句子开头，表示发现了本来不知道的事	常和「難怪」、「怪不得」一起用。	常和「难怪」、「怪不得」一起用。		[2]	general	unreviewed		[]
原則|原则|yuan2 ze2~1	原則|原则|yuan2 ze2	1	defined	["名"]	["名"]	["classifier-ref"]	[]	[]	說話做事時所根據的基本標準	说话做事时所根据的基本标准				[0, 1, 2]	general	unreviewed		[]
原因|原因|yuan2 yin1~1	原因|原因|yuan2 yin1	1	defined	["名"]	["名"]	["classifier-ref"]	[]	[]	造成某種結果的事情或條件	造成某种结果的事情或条件	「原因」說明事情為什麼發生，「理由」是做事時給出的說法。	「原因」说明事情为什么发生，「理由」是做事时给出的说法。		[0, 1, 2, 3, 4]	general	unreviewed		[]
原本|原本|yuan2 ben3~1	原本|原本|yuan2 ben3	1	defined	["副"]	["副"]	[]	[]	[]	表示起初的情況，多用來跟後來的變化對比	表示起初的情况，多用来跟后来的变化对比	常跟「後來」「可是」一起說出前後的不同。	常跟「后来」「可是」一起说出前后的不同。		[0]	general	unreviewed	edited	["R57A-012"]
原本|原本|yuan2 ben3~2	原本|原本|yuan2 ben3	2	defined	["名"]	["名"]	[]	[]	[]	書籍或文件最早的那一份	书籍或文件最早的那一份				[1]	general	unreviewed		[]
去|去|qu4~1	去|去|qu4	1	defined	["動"]	["动"]	[]	[]	[]	離開這裡，到別的地方	离开这里，到别的地方	「去」是離開說話的人，「來」是走向說話的人。	「去」是离开说话的人，「来」是走向说话的人。		[0, 1, 4, 10, 11]	general	unreviewed		[]
去|去|qu4~2	去|去|qu4	2	defined	["形"]	["形"]	["bound-form"]	[]	[]	剛過去的那一個	刚过去的那一个				[2, 3]	general	unreviewed		[]
去|去|qu4~3	去|去|qu4	3	defined	["動"]	["动"]	[]	[]	[]	把不需要的部分除掉	把不需要的部分除掉				[5, 6, 7]	general	unreviewed		[]
去|去|qu4~4	去|去|qu4	4	defined	["動"]	["动"]	["function-word"]	[]	[]	用在動詞後面，表示離開這裡或不再有	用在动词后面，表示离开这里或不再有	「拿去」是東西離開自己，「拿來」是東西到自己這裡。	「拿去」是东西离开自己，「拿来」是东西到自己这里。		[12, 13]	function-word	unreviewed		[]
去|去|qu4~5	去|去|qu4	5	defined	["動"]	["动"]	["bound-form"]	[]	[]	指人死，說起來比較客氣	指人死，说起来比较客气				[9]	general	unreviewed		[]
去|去|qu4~6	去|去|qu4	6	defined	["動"]	["动"]	[]	["lit"]	[]	兩個地方或時間之間相差	两个地方或时间之间相差			archaic-form	[8]	general	unreviewed		[]
去世|去世|qu4 shi4~1	去世|去世|qu4 shi4	1	defined	["動"]	["动"]	[]	[]	[]	人的生命結束	人的生命结束	「去世」比「死」聽起來客氣，多用在成年人身上。	「去世」比「死」听起来客气，多用在成年人身上。		[0, 1]	general	unreviewed		[]
參加|参加|can1 jia1~1	參加|参加|can1 jia1	1	defined	["動"]	["动"]	[]	[]	[]	加入某個活動或團體，一起做事	加入某个活动或团体，一起做事				[0, 1, 2]	general	unreviewed		[]
參與|参与|can1 yu4~1	參與|参与|can1 yu4	1	defined	["動"]	["动"]	[]	[]	[]	加入某件事，出一份力	加入某件事，出一份力	「參加」多指加入活動或組織，「參與」多指投入某件事的過程。	「参加」多指加入活动或组织，「参与」多指投入某件事的过程。		[0]	general	unreviewed		[]
又|又|you4~1	又|又|you4	1	defined	["副"]	["副"]	[]	[]	[]	表示同樣的動作或情況再次發生	表示同样的动作或情况再次发生	「又」多用在已經發生的事，「再」用在還沒發生的事。	「又」多用在已经发生的事，「再」用在还没发生的事。		[0]	general	unreviewed		[]
又|又|you4~2	又|又|you4	2	defined	["副"]	["副"]	[]	[]	[]	表示同時還有另一種情況	表示同时还有另一种情况	「又…又…」是最常見的說法，例如「又快又好」。	「又…又…」是最常见的说法，例如「又快又好」。		[1, 2]	general	unreviewed		[]
又|又|you4~3	又|又|you4	3	defined	["副"]	["副"]	[]	[]	[]	用在後一句，表示跟前面的意思相反	用在后一句，表示跟前面的意思相反				[3]	general	unreviewed		[]
又|又|you4~4	又|又|you4	4	defined	["副"]	["副"]	[]	[]	[]	用在否定句或反問句裡，加強語氣	用在否定句或反问句里，加强语气	多用在說話裡，表示不同意對方的看法。	多用在说话里，表示不同意对方的看法。		[4]	general	unreviewed		[]
及|及|ji2~1	及|及|ji2	1	defined	["連"]	["连"]	[]	["lit"]	[]	用來連接名詞，表示前後都包括在內	用来连接名词，表示前后都包括在内	「及」多用在書面，前後多是名詞；口語一般用「和」。	「及」多用在书面，前后多是名词；口语一般用「和」。		[0]	general	unreviewed		[]
及|及|ji2~2	及|及|ji2	2	defined	["動"]	["动"]	["bound-form"]	[]	[]	到達某個時間、地點或程度	到达某个时间、地点或程度				[1, 2, 3]	general	unreviewed		[]
反|反|fan3~1	反|反|fan3	1	defined	["形", "動"]	["形", "动"]	[]	[]	[]	跟正面或原來的方向相對的	跟正面或原来的方向相对的				[0, 1, 2, 3, 6]	general	unreviewed		[]
反|反|fan3~2	反|反|fan3	2	defined	["動"]	["动"]	["bound-form"]	[]	[]	不同意，並用言語或行動去阻止	不同意，并用言语或行动去阻止				[5, 7, 8]	general	unreviewed		[]
反|反|fan3~3	反|反|fan3	3	defined	["動"]	["动"]	["bound-form"]	[]	[]	回過來，對著原來的一方	回过来，对着原来的一方				[4, 10]	general	unreviewed		[]
反|反|fan3~4	反|反|fan3	4	defined	["副"]	["副"]	["bound-form"]	[]	[]	表示結果跟原來想的正好相對	表示结果跟原来想的正好相对				[11]	general	unreviewed		[]
反|反|fan3~5	反|反|fan3	5	defined	["動"]	["动"]	["bound-form"]	[]	[]	用武力起來對付政府	用武力起来对付政府				[9]	general	unreviewed		[]
反|反|fan3~6	反|反|fan3	6	defined	["名"]	["名"]	["abbr"]	[]	["ling"]	反切的簡稱	反切的简称	舊時用兩個字給一個字注音的方法。	旧时用两个字给一个字注音的方法。		[12]	abbreviation	unreviewed		[]
反對|反对|fan3 dui4~1	反對|反对|fan3 dui4	1	defined	["動"]	["动"]	[]	[]	[]	認為不對，表示不同意或不接受	认为不对，表示不同意或不接受				[0]	general	unreviewed		[]
反應|反应|fan3 ying4~1	反應|反应|fan3 ying4	1	defined	["名", "動"]	["名", "动"]	["classifier-ref"]	[]	[]	受到影響後做出的動作或態度	受到影响后做出的动作或态度				[0, 1, 2, 3, 4, 6]	general	unreviewed		[]
反應|反应|fan3 ying4~2	反應|反应|fan3 ying4	2	defined	["名"]	["名"]	[]	[]	["chem"]	兩種物質作用後產生新的物質	两种物质作用后产生新的物质				[5]	general	unreviewed		[]
取|取|qu3~1	取|取|qu3	1	defined	["動"]	["动"]	[]	[]	[]	把存放在別處的東西拿回來	把存放在别处的东西拿回来				[0, 1, 3]	general	unreviewed		[]
取|取|qu3~2	取|取|qu3	2	defined	["動"]	["动"]	[]	[]	[]	從許多當中選出要用的一個	从许多当中选出要用的一个				[2]	general	unreviewed		[]
取得|取得|qu3 de2~1	取得|取得|qu3 de2	1	defined	["動"]	["动"]	[]	[]	[]	經過努力或一定的過程而得到	经过努力或一定的过程而得到	「取得」多用於成績、地位等正式的事，小事一般說「得到」。	「取得」多用于成绩、地位等正式的事，小事一般说「得到」。		[0]	general	unreviewed		[]
取消|取消|qu3 xiao1~1	取消|取消|qu3 xiao1	1	defined	["動"]	["动"]	[]	[]	[]	使原來定下的事情或資格不再有效	使原来定下的事情或资格不再有效				[0]	general	unreviewed		[]
受|受|shou4~1	受|受|shou4	1	defined	["動"]	["动"]	[]	[]	[]	得到別人給的東西或對待	得到别人给的东西或对待	「受」後面常跟「歡迎」「重視」等詞，表示被別人這樣對待。	「受」后面常跟「欢迎」「重视」等词，表示被别人这样对待。		[0, 1, 7]	general	unreviewed		[]
受|受|shou4~2	受|受|shou4	2	defined	["動"]	["动"]	[]	[]	[]	遇到傷害、損失等不好的事	遇到伤害、损失等不好的事				[2, 3]	general	unreviewed		[]
受|受|shou4~3	受|受|shou4	3	defined	["動"]	["动"]	[]	[]	[]	經得起痛苦或困難	经得起痛苦或困难	「受不了」表示沒辦法堅持，「難受」表示不舒服。	「受不了」表示没办法坚持，「难受」表示不舒服。		[4, 5, 6]	general	unreviewed		[]
受|受|shou4~4	受|受|shou4	4	defined	["名"]	["名"]	[]	["slang"]	[]	男同性戀關係中被動的一方	男同性恋关系中被动的一方				[8]	general	unreviewed		[]
受傷|受伤|shou4 shang1~1	受傷|受伤|shou4 shang1	1	defined	["動"]	["动"]	[]	[]	[]	身體受到外力的傷害	身体受到外力的伤害	中間可以加別的詞，像「受了傷」「受重傷」。	中间可以加别的词，像「受了伤」「受重伤」。		[0, 1, 2]	general	unreviewed		[]
受到|受到|shou4 dao4~1	受到|受到|shou4 dao4	1	defined	["動"]	["动"]	[]	[]	[]	得到或遭到外界給的對待或影響	得到或遭到外界给的对待或影响	後面多接「歡迎」、「教育」這類詞，很少接具體的東西。	后面多接「欢迎」、「教育」这类词，很少接具体的东西。		[0]	general	unreviewed		[]
口|口|kou3~1	口|口|kou3	1	defined	["名"]	["名"]	[]	[]	[]	人和動物吃東西、發出聲音的器官	人和动物吃东西、发出声音的器官	日常說話多用「嘴」，「口」多用在詞語裡，如「開口」「口紅」。	日常说话多用「嘴」，「口」多用在词语里，如「开口」「口红」。		[0]	general	unreviewed		[]
口|口|kou3~2	口|口|kou3	2	defined	["名"]	["名"]	[]	[]	[]	物體上通向外面的地方	物体上通向外面的地方				[]	general	unreviewed		[]
口|口|kou3~3	口|口|kou3	3	defined	["量"]	["量"]	["classifier-is"]	[]	[]	用於計算家庭人數，也用於豬、井等	用于计算家庭人数，也用于猪、井等				[1]	classifier-is	unreviewed		[]
口|口|kou3~4	口|口|kou3	4	defined	["量"]	["量"]	["classifier-is"]	[]	[]	用於計算吃或喝的次數	用于计算吃或喝的次数				[2]	classifier-is	unreviewed		[]
古|古|gu3~1	古|古|gu3	1	defined	["形"]	["形"]	["bound-form"]	[]	[]	很久以前的，不是現在的	很久以前的，不是现在的	「古」指年代久遠，「舊」指用過的、不新的。	「古」指年代久远，「旧」指用过的、不新的。		[0, 1, 2]	general	unreviewed		[]
句|句|ju4~1	句|句|ju4	1	defined	["名"]	["名"]	["bound-form"]	[]	[]	說話或寫作時表達一個完整意思的單位	说话或写作时表达一个完整意思的单位				[0, 1, 2]	general	unreviewed		[]
句|句|ju4~2	句|句|ju4	2	defined	["量"]	["量"]	["classifier-is"]	[]	[]	用於計算一段完整的話或一行詩文	用于计算一段完整的话或一行诗文	「段」比「句」長，一段話裡常常有好幾句。	「段」比「句」长，一段话里常常有好几句。		[3]	classifier-is	unreviewed		[]
另|另|ling4~1	另|另|ling4	1	defined	["代"]	["代"]	[]	[]	[]	指前面說到的以外的人或事物	指前面说到的以外的人或事物	「另」後面多接「一」和量詞，「另外」可以單用。	「另」后面多接「一」和量词，「另外」可以单用。		[0, 1]	general	unreviewed		[]
另|另|ling4~2	另|另|ling4	2	defined	["副"]	["副"]	[]	[]	[]	用在動詞前面，表示不是原來的那個	用在动词前面，表示不是原来的那个				[2, 3]	general	unreviewed		[]
另外|另外|ling4 wai4~1	另外|另外|ling4 wai4	1	defined	["代"]	["代"]	[]	[]	[]	指前面說到的以外的人或事物	指前面说到的以外的人或事物	「另外」後面常帶「一」和量詞，「其他」直接放在名詞前面。	「另外」后面常带「一」和量词，「其他」直接放在名词前面。		[0, 3, 4]	general	unreviewed		[]
另外|另外|ling4 wai4~2	另外|另外|ling4 wai4	2	defined	["副"]	["副"]	[]	[]	[]	多用在句子前面，表示除了說到的還有	多用在句子前面，表示除了说到的还有				[1, 2, 5, 6]	general	unreviewed		[]
只|只|zhi3~1	只|只|zhi3	1	defined	["副"]	["副"]	[]	[]	[]	表示不超過某個範圍或數量，沒有別的	表示不超过某个范围或数量，没有别的	「只」多用在動詞前面，直接跟名詞時常說「只有」，如「只有他知道」。	「只」多用在动词前面，直接跟名词时常说「只有」，如「只有他知道」。		[0]	general	unreviewed		[]
只是|只是|zhi3 shi4~1	只是|只是|zhi3 shi4	1	defined	["副"]	["副"]	[]	[]	[]	表示除此以外沒有別的	表示除此以外没有别的				[0, 1]	general	unreviewed		[]
只是|只是|zhi3 shi4~2	只是|只是|zhi3 shi4	2	defined	["連"]	["连"]	[]	[]	[]	連接兩句話，引出跟前面不同的情況	连接两句话，引出跟前面不同的情况				[2]	general	unreviewed		[]
只有|只有|zhi3 you3~1	只有|只有|zhi3 you3	1	defined	["動"]	["动"]	[]	[]	[]	表示除了說到的以外沒有別的	表示除了说到的以外没有别的				[0]	general	unreviewed		[]
只有|只有|zhi3 you3~2	只有|只有|zhi3 you3	2	defined	["連"]	["连"]	[]	[]	[]	表示唯一的條件，後面多用「才」	表示唯一的条件，后面多用「才」	「只有…才…」說明條件唯一，「只要…就…」說明條件足夠。	「只有…才…」说明条件唯一，「只要…就…」说明条件足够。		[1, 2]	general	unreviewed		[]
只有|只有|zhi3 you3~3	只有|只有|zhi3 you3	3	defined	["副"]	["副"]	[]	[]	[]	表示沒有別的辦法，不得不這樣做	表示没有别的办法，不得不这样做				[3]	general	unreviewed		[]
只能|只能|zhi3 neng2~1	只能|只能|zhi3 neng2	1	defined	["副"]	["副"]	[]	[]	[]	沒有別的辦法，不得不這樣做	没有别的办法，不得不这样做	跟「只好」意思相近，「只能」更強調沒有第二個辦法。	跟「只好」意思相近，「只能」更强调没有第二个办法。		[0, 1, 2]	general	unreviewed		[]
只要|只要|zhi3 yao4~1	只要|只要|zhi3 yao4	1	defined	["連"]	["连"]	["function-word"]	[]	[]	用在前一句，表示有這個條件就夠了	用在前一句，表示有这个条件就够了	「只要」表示條件夠了，「只有」表示這是唯一的條件。後面常用「就」來接下一句。	「只要」表示条件够了，「只有」表示这是唯一的条件。后面常用「就」来接下一句。		[0]	general	unreviewed		[]
叫|叫|jiao4~1	叫|叫|jiao4	1	defined	["動"]	["动"]	[]	[]	[]	用某個名字稱呼人或事物	用某个名字称呼人或事物	「他叫小明」說的是自己的名字，「大家叫他小明」說的是別人怎麼稱呼。	「他叫小明」说的是自己的名字，「大家叫他小明」说的是别人怎么称呼。		[4]	general	unreviewed		[]
叫|叫|jiao4~2	叫|叫|jiao4	2	defined	["動"]	["动"]	[]	[]	[]	人或動物發出比較大的聲音	人或动物发出比较大的声音				[0]	general	unreviewed		[]
叫|叫|jiao4~3	叫|叫|jiao4	3	defined	["動"]	["动"]	[]	[]	[]	出聲讓人過來，也指請人送來東西	出声让人过来，也指请人送来东西				[1, 2]	general	unreviewed		[]
叫|叫|jiao4~4	叫|叫|jiao4	4	defined	["動"]	["动"]	[]	[]	[]	使別人去做某件事	使别人去做某件事	「叫」多表示要別人做某事，「讓」多表示不阻止或給機會。	「叫」多表示要别人做某事，「让」多表示不阻止或给机会。		[3]	general	unreviewed		[]
叫|叫|jiao4~5	叫|叫|jiao4	5	defined	["介"]	["介"]	["function-word"]	["coll"]	[]	用在做動作的人前面，表示受到這個動作	用在做动作的人前面，表示受到这个动作	「叫」後面一定要有做動作的人，「被」可以不說出這個人。	「叫」后面一定要有做动作的人，「被」可以不说出这个人。		[5]	general	unreviewed		[]
叫做|叫做|jiao4 zuo4~1	叫做|叫做|jiao4 zuo4	1	defined	["動"]	["动"]	[]	[]	[]	表示某人或某事物的名字是什麼	表示某人或某事物的名字是什么	「叫做」後面接名字，「稱為」的說法比較正式。	「叫做」后面接名字，「称为」的说法比较正式。		[0]	general	unreviewed		[]
可以|可以|ke3 yi3~1	可以|可以|ke3 yi3	1	defined	["動"]	["动"]	["function-word"]	[]	[]	用在動詞前，表示有能力或有條件做某事	用在动词前，表示有能力或有条件做某事	「能」多指本身的能力，「可以」多指條件允許。	「能」多指本身的能力，「可以」多指条件允许。		[0, 2, 3]	general	unreviewed		[]
可以|可以|ke3 yi3~2	可以|可以|ke3 yi3	2	defined	["動"]	["动"]	["function-word"]	[]	[]	用在動詞前，表示允許做某事	用在动词前，表示允许做某事	請求別人同意時，常說「可以嗎」；回答不同意時，多說「不行」。	请求别人同意时，常说「可以吗」；回答不同意时，多说「不行」。		[1]	general	unreviewed		[]
可以|可以|ke3 yi3~3	可以|可以|ke3 yi3	3	defined	["形"]	["形"]	[]	[]	[]	不算很好，但還能讓人接受的	不算很好，但还能让人接受的	多跟「還」連用，說成「還可以」。	多跟「还」连用，说成「还可以」。		[4, 5]	general	unreviewed		[]
可是|可是|ke3 shi4~1	可是|可是|ke3 shi4	1	defined	["連"]	["连"]	["function-word"]	[]	[]	用在後一句的開頭，表示跟前面的意思相反	用在后一句的开头，表示跟前面的意思相反	「可是」多用在口語，「但是」口語和書面都常用。	「可是」多用在口语，「但是」口语和书面都常用。		[0]	function-word	unreviewed		[]
可是|可是|ke3 shi4~2	可是|可是|ke3 shi4	2	defined	["副"]	["副"]	["function-word"]	["coll"]	[]	用在說的事情前面，加強肯定的語氣	用在说的事情前面，加强肯定的语气				[1]	function-word	unreviewed		[]
可能|可能|ke3 neng2~1	可能|可能|ke3 neng2	1	defined	["副"]	["副"]	[]	[]	[]	表示也許會這樣，不能確定	表示也许会这样，不能确定	「能」多表示有能力或有條件，「可能」表示說話的人不能確定。	「能」多表示有能力或有条件，「可能」表示说话的人不能确定。		[0, 5, 6]	general	unreviewed		[]
可能|可能|ke3 neng2~2	可能|可能|ke3 neng2	2	defined	["形", "名"]	["形", "名"]	[]	[]	[]	能夠成為事實的；也指這樣的情況	能够成为事实的；也指这样的情况				[1, 2, 3, 4, 7]	general	unreviewed		[]
史|史|shi3~1	史|史|shi3	1	defined	["名"]	["名"]	["bound-form"]	[]	[]	過去發生的重要事情	过去发生的重要事情				[0, 1]	general	unreviewed		[]
史|史|shi3~2	史|史|shi3	2	defined	["名"]	["名"]	[]	[]	[]	舊時負責記錄大事的官	旧时负责记录大事的官			archaic-form	[2]	general	unreviewed		[]
右|右|you4~1	右|右|you4	1	defined	["名"]	["名"]	["bound-form"]	[]	[]	面向南時靠西的一邊	面向南时靠西的一边				[0]	bound-form	unreviewed		[]
右|右|you4~2	右|右|you4	2	defined	["形"]	["形"]	["bound-form"]	[]	[]	政治上支持傳統，反對社會大變化的	政治上支持传统，反对社会大变化的				[1]	bound-form	unreviewed		[]
右|右|you4~3	右|右|you4	3	defined	["名"]	["名"]	["bound-form"]	["lit"]	[]	地位較高的一方	地位较高的一方	舊時認為右邊比左邊地位高，這個用法保留在成語裡。	旧时认为右边比左边地位高，这个用法保留在成语里。		[3]	bound-form	unreviewed		[]
右|右|you4~4	右|右|you4	4	defined	["名"]	["名"]	[]	["arch"]	[]	舊時指西邊	旧时指西边	舊時面向南方，右手的一邊就是西邊。	旧时面向南方，右手的一边就是西边。	archaic-form	[2]	general	unreviewed	edited	["E-you4-4"]
叶|叶|xie2~1	叶|叶|xie2	1	defined	["動"]	["动"]	["bound-form"]	["arch"]	[]	彼此一致，配合得好	彼此一致，配合得好				[0]	general	unreviewed		[]
司|司|si1~1	司|司|si1	1	defined	["動"]	["动"]	["bound-form"]	[]	[]	負責管理某一方面的事	负责管理某一方面的事				[0, 1]	general	unreviewed		[]
司|司|si1~2	司|司|si1	2	defined	["名"]	["名"]	[]	[]	[]	政府部門下面分設的單位	政府部门下面分设的单位				[2]	general	unreviewed		[]
吃|吃|chi1~1	吃|吃|chi1	1	defined	["動"]	["动"]	[]	[]	[]	把食物放進嘴裡，讓它進入身體	把食物放进嘴里，让它进入身体	「吃」後面也可以接地方，如「吃食堂」。	「吃」后面也可以接地方，如「吃食堂」。		[0, 1]	general	unreviewed		[]
吃|吃|chi1~2	吃|吃|chi1	2	defined	["動"]	["动"]	[]	[]	[]	受到損失或傷害等不好的事	受到损失或伤害等不好的事				[4]	general	unreviewed		[]
吃|吃|chi1~3	吃|吃|chi1	3	defined	["動"]	["动"]	[]	[]	[]	在下棋等活動中除去對方的棋子	在下棋等活动中除去对方的棋子				[2]	general	unreviewed		[]
吃|吃|chi1~4	吃|吃|chi1	4	defined	["動"]	["动"]	[]	[]	[]	東西把水、油等留在裡面	东西把水、油等留在里面				[3]	general	unreviewed		[]
各|各|ge4~1	各|各|ge4	1	defined	["代"]	["代"]	["function-word"]	[]	[]	用在名詞或動詞前面，分開指每一個	用在名词或动词前面，分开指每一个	「每」多強調全部一樣，「各」多強調彼此不同。	「每」多强调全部一样，「各」多强调彼此不同。		[0, 1]	general	unreviewed		[]
各地|各地|ge4 di4~1	各地|各地|ge4 di4	1	defined	["名"]	["名"]	[]	[]	[]	一個國家或地區內的所有地方	一个国家或地区内的所有地方	常說「全國各地」、「世界各地」。	常说「全国各地」、「世界各地」。		[0, 1]	general	unreviewed		[]
各種|各种|ge4 zhong3~1	各種|各种|ge4 zhong3	1	defined	["代"]	["代"]	[]	[]	[]	許多不同種類的，用在名詞前面	许多不同种类的，用在名词前面	「各種」強調種類多，「所有」強調全部都包括。	「各种」强调种类多，「所有」强调全部都包括。		[0]	general	unreviewed		[]
合|合|ge3~1	合|合|ge3	1	defined	["量"]	["量"]	[]	[]	[]	舊時計算糧食的單位，等於一升的十分之一	旧时计算粮食的单位，等于一升的十分之一			archaic-form	[0, 1, 2]	general	unreviewed		[]
合作|合作|he2 zuo4~1	合作|合作|he2 zuo4	1	defined	["動"]	["动"]	[]	[]	[]	為了共同的目標，跟別人一起做事	为了共同的目标，跟别人一起做事				[0]	general	unreviewed		[]
合併|合并|he2 bing4~1	合併|合并|he2 bing4	1	defined	["動"]	["动"]	[]	[]	[]	把兩個以上的事物合成一個	把两个以上的事物合成一个	多用在公司、學校、部門等單位上。	多用在公司、学校、部门等单位上。		[0, 1]	general	unreviewed		[]
合法|合法|he2 fa3~1	合法|合法|he2 fa3	1	defined	["形"]	["形"]	[]	[]	[]	符合法律規定的	符合法律规定的	「合理」指符合道理，跟「合法」不同，做法合理不一定合法。	「合理」指符合道理，跟「合法」不同，做法合理不一定合法。		[0, 1, 2]	general	unreviewed		[]
吉|吉|ji2~1	吉|吉|ji2	1	defined	["形"]	["形"]	["bound-form"]	[]	[]	順利、幸運，沒有壞事發生的	顺利、幸运，没有坏事发生的				[0]	general	unreviewed		[]
吉|吉|ji2~2	吉|吉|ji2	2	defined	["綴"]	["缀"]	["bound-form"]	[]	[]	用在單位前面，表示十億倍	用在单位前面，表示十亿倍	這是外來單位的說法，跟幸運的意思沒有關係。	这是外来单位的说法，跟幸运的意思没有关系。		[1]	general	unreviewed		[]
同|同|tong2~1	同|同|tong2	1	defined	["形"]	["形"]	[]	[]	[]	彼此一樣、沒有差別的	彼此一样、没有差别的				[0, 1, 2, 4]	general	unreviewed		[]
同|同|tong2~2	同|同|tong2	2	defined	["副"]	["副"]	["bound-form"]	[]	[]	表示幾個人一起做某事	表示几个人一起做某事				[3]	general	unreviewed		[]
同|同|tong2~3	同|同|tong2	3	defined	["介"]	["介"]	[]	[]	[]	用在名詞前，引出一起做事或比較的對象	用在名词前，引出一起做事或比较的对象	「同」和「跟」用法差不多，口語裡多說「跟」。	「同」和「跟」用法差不多，口语里多说「跟」。		[5]	general	unreviewed		[]
同志|同志|tong2 zhi4~1	同志|同志|tong2 zhi4	1	defined	["名"]	["名"]	[]	[]	[]	有共同目標、一起為它努力的人	有共同目标、一起为它努力的人	也可以放在姓的後面稱呼人，如「王同志」。	也可以放在姓的后面称呼人，如「王同志」。		[0, 2]	general	unreviewed		[]
同志|同志|tong2 zhi4~2	同志|同志|tong2 zhi4	2	defined	["名"]	["名"]	[]	["slang"]	[]	在感情上喜歡同性的人	在感情上喜欢同性的人				[1]	general	unreviewed		[]
同性戀|同性恋|tong2 xing4 lian4~1	同性戀|同性恋|tong2 xing4 lian4	1	defined	["名"]	["名"]	[]	[]	[]	對同性產生愛情的現象	对同性产生爱情的现象				[0, 2]	general	unreviewed		[]
同性戀|同性恋|tong2 xing4 lian4~2	同性戀|同性恋|tong2 xing4 lian4	2	defined	["名"]	["名"]	[]	[]	[]	愛情對象是同性的人	爱情对象是同性的人	指人的時候也常說「同性戀者」，意思一樣。	指人的时候也常说「同性恋者」，意思一样。		[1]	general	unreviewed		[]
同意|同意|tong2 yi4~1	同意|同意|tong2 yi4	1	defined	["動"]	["动"]	[]	[]	[]	認為別人的想法對，願意接受	认为别人的想法对，愿意接受	「同意」多指想法相同，「答應」指接受請求去做某事。	「同意」多指想法相同，「答应」指接受请求去做某事。		[0, 1, 2]	general	unreviewed		[]
同時|同时|tong2 shi2~1	同時|同时|tong2 shi2	1	defined	["副", "名"]	["副", "名"]	[]	[]	[]	兩件事發生在一個時候	两件事发生在一个时候				[0]	general	unreviewed		[]
同時|同时|tong2 shi2~2	同時|同时|tong2 shi2	2	defined	["連"]	["连"]	["function-word"]	[]	[]	用在後一句前面，表示還有另一方面	用在后一句前面，表示还有另一方面	常跟「也」「還」一起用。	常跟「也」「还」一起用。		[]	general	unreviewed		[]
同樣|同样|tong2 yang4~1	同樣|同样|tong2 yang4	1	defined	["形", "副"]	["形", "副"]	[]	[]	[]	兩者之間沒有不同的	两者之间没有不同的	「同樣」可以放在名詞前面，也可以放在句子中間表示情況相同。	「同样」可以放在名词前面，也可以放在句子中间表示情况相同。		[0, 1]	general	unreviewed		[]
名|名|ming2~1	名|名|ming2	1	defined	["名"]	["名"]	["bound-form"]	[]	[]	用來稱呼人或東西的詞	用来称呼人或东西的词				[0]	general	unreviewed		[]
名|名|ming2~2	名|名|ming2	2	defined	["形"]	["形"]	["bound-form"]	[]	[]	很多人都知道的	很多人都知道的				[3]	general	unreviewed		[]
名|名|ming2~3	名|名|ming2	3	defined	["量"]	["量"]	["classifier-is"]	[]	[]	用於比賽或考試中的位置，跟在「第」和數字後面	用于比赛或考试中的位置，跟在「第」和数字后面				[2]	classifier-is	unreviewed		[]
名|名|ming2~4	名|名|ming2	4	defined	["量"]	["量"]	["classifier-is"]	[]	[]	用於計算人，如學生、選手等	用于计算人，如学生、选手等	「名」比較正式，多用在新聞和報告裡。說話的時候多用「個」或「位」。	「名」比较正式，多用在新闻和报告里。说话的时候多用「个」或「位」。		[4]	classifier-is	unreviewed		[]
名|名|ming2~5	名|名|ming2	5	defined	["名"]	["名"]	[]	[]	["ling"]	「名詞」的簡稱	「名词」的简称				[1]	general	unreviewed		[]
名人|名人|ming2 ren2~1	名人|名人|ming2 ren2	1	defined	["名"]	["名"]	[]	[]	[]	在某方面有成績、大家都知道的人	在某方面有成绩、大家都知道的人	「明星」多指演員和歌手，「名人」的範圍更大。	「明星」多指演员和歌手，「名人」的范围更大。		[0, 1]	general	unreviewed		[]
名單|名单|ming2 dan1~1	名單|名单|ming2 dan1	1	defined	["名"]	["名"]	[]	[]	[]	為某個目的記下一群人姓名的表	为某个目的记下一群人姓名的表				[0]	general	unreviewed		[]
名字|名字|ming2 zi5~1	名字|名字|ming2 zi5	1	defined	["名"]	["名"]	[]	[]	[]	用來稱呼一個人或一樣東西的詞	用来称呼一个人或一样东西的词	「名字」可以只指姓以外的部分，也可以指整個稱呼。	「名字」可以只指姓以外的部分，也可以指整个称呼。		[0]	general	unreviewed		[]
后|后|hou4~1	后|后|hou4	1	defined	["名"]	["名"]	["bound-form"]	[]	[]	國王或皇帝的妻子	国王或皇帝的妻子	現代也用在「影后」「歌后」等詞中，指某方面最好的女性。	现代也用在「影后」「歌后」等词中，指某方面最好的女性。		[0, 1]	general	unreviewed		[]
后|后|hou4~2	后|后|hou4	2	defined	["名"]	["名"]	[]	["arch"]	[]	一國最高的統治者	一国最高的统治者			archaic-form	[2, 3]	general	unreviewed		[]
向|向|xiang4~1	向|向|xiang4	1	defined	["介"]	["介"]	["function-word"]	[]	[]	用在名詞前，引出動作的方向或對象	用在名词前，引出动作的方向或对象	「往」只用在方向或地方前面，「向」還可以用在人的前面。例如說「向他學習」，不說「往他學習」。	「往」只用在方向或地方前面，「向」还可以用在人的前面。例如说「向他学习」，不说「往他学习」。		[0]	function-word	unreviewed		[]
向|向|xiang4~2	向|向|xiang4	2	defined	["動"]	["动"]	[]	[]	[]	對著某個方向	对着某个方向				[1, 2]	general	unreviewed		[]
向|向|xiang4~3	向|向|xiang4	3	defined	["名"]	["名"]	["bound-form"]	[]	[]	對著或移動的方向	对着或移动的方向				[3]	general	unreviewed		[]
向|向|xiang4~4	向|向|xiang4	4	defined	["動"]	["动"]	[]	["coll"]	[]	不公平地只幫其中一邊	不公平地只帮其中一边				[4, 5]	general	unreviewed		[]
向|向|xiang4~5	向|向|xiang4	5	defined	["副"]	["副"]	["bound-form"]	[]	[]	表示從過去到現在一直如此	表示从过去到现在一直如此				[8, 9]	general	unreviewed		[]
向|向|xiang4~6	向|向|xiang4	6	defined	["綴"]	["缀"]	["function-word"]	["coll"]	[]	用在名詞後面，表示以某一類人為對象	用在名词后面，表示以某一类人为对象	這是比較新的用法，多用在說動畫、遊戲的時候。	这是比较新的用法，多用在说动画、游戏的时候。		[10, 11]	function-word	unreviewed		[]
向|向|xiang4~7	向|向|xiang4	7	defined	["副"]	["副"]	[]	["lit"]	[]	表示在過去或不久以前	表示在过去或不久以前			archaic-form	[6, 7]	general	unreviewed		[]
君|君|jun1~1	君|君|jun1	1	defined	["名"]	["名"]	[]	["arch"]	[]	國家的最高統治者	国家的最高统治者	舊時的說法，現在多用在「君主」等詞裡。	旧时的说法，现在多用在「君主」等词里。		[0, 1, 3]	general	unreviewed		[]
君|君|jun1~2	君|君|jun1	2	defined	["名"]	["名"]	[]	["lit"]	[]	對男子的客氣稱呼	对男子的客气称呼	多跟在姓的後面，現在很少這樣說。	多跟在姓的后面，现在很少这样说。		[2]	general	unreviewed		[]
否則|否则|fou3 ze2~1	否則|否则|fou3 ze2	1	defined	["連"]	["连"]	["function-word"]	[]	[]	用在後一句開頭，引出相反情況下的結果	用在后一句开头，引出相反情况下的结果	「否則」多用在書面，口語常說「不然」。	「否则」多用在书面，口语常说「不然」。		[0]	general	unreviewed		[]
听|听|yin3~1	听|听|yin3	1	defined	["形"]	["形"]	[]	["arch"]	[]	形容笑的樣子	形容笑的样子	舊時的用法，今天這個字多用來寫「聽」。	旧时的用法，今天这个字多用来写「听」。	archaic-form	[0]	general	unreviewed	edited	["E-yin3-1"]
吸引|吸引|xi1 yin3~1	吸引|吸引|xi1 yin3	1	defined	["動"]	["动"]	[]	[]	[]	引起別人的注意，使人願意接近	引起别人的注意，使人愿意接近				[0]	general	unreviewed		[]
告訴|告诉|gao4 su4~1	告訴|告诉|gao4 su4	1	defined	["動"]	["动"]	[]	[]	["law"]	向法院或警方報告犯罪，請求處理	向法院或警方报告犯罪，请求处理	多用在法律文件裡，日常說話很少用到。	多用在法律文件里，日常说话很少用到。		[0]	general	unreviewed		[]
告訴|告诉|gao4 su5~1	告訴|告诉|gao4 su5	1	defined	["動"]	["动"]	[]	[]	[]	把事情說給別人聽，讓他知道	把事情说给别人听，让他知道	「告訴」後面直接說人，「說」要用「跟」引出人。	「告诉」后面直接说人，「说」要用「跟」引出人。		[0]	general	unreviewed		[]
呢|呢|ne5~1	呢|呢|ne5	1	defined	["助"]	["助"]	["particle", "function-word"]	[]	[]	用在句子最後，就前面說到的事情提問	用在句子最后，就前面说到的事情提问	「嗎」問是不是，「呢」多就前面說過的事再問。	「吗」问是不是，「呢」多就前面说过的事再问。		[0]	function-word	unreviewed		[]
呢|呢|ne5~2	呢|呢|ne5	2	defined	["助"]	["助"]	["particle", "function-word"]	[]	[]	用在句子最後，表示情況還在繼續	用在句子最后，表示情况还在继续	這個用法常跟「正在」「還」一起出現。	这个用法常跟「正在」「还」一起出现。		[1]	function-word	unreviewed		[]
呢|呢|ne5~3	呢|呢|ne5	3	defined	["助"]	["助"]	["particle", "function-word"]	["coll"]	[]	用在句子中間，表示停頓，引出下面的話	用在句子中间，表示停顿，引出下面的话	說話時用它停一下，讓聽的人注意下面的話。	说话时用它停一下，让听的人注意下面的话。		[2]	function-word	unreviewed		[]
呢|呢|ni2~1	呢|呢|ni2	1	defined	["名"]	["名"]	["bound-form"]	[]	["textile"]	用羊毛做成的厚布，多用來做大衣	用羊毛做成的厚布，多用来做大衣				[0]	general	unreviewed		[]
周|周|zhou1~1	周|周|zhou1	1	defined	["名"]	["名"]	[]	[]	[]	繞著中心轉的一整圈	绕着中心转的一整圈				[0, 1, 2, 3, 4, 5]	general	unreviewed		[]
周|周|zhou1~2	周|周|zhou1	2	defined	["形"]	["形"]	["bound-form"]	[]	[]	各方面都想到、做到的	各方面都想到、做到的				[6, 7, 8, 9]	general	unreviewed		[]
周|周|zhou1~3	周|周|zhou1	3	defined	["動"]	["动"]	["bound-form"]	[]	[]	拿錢或東西幫助有困難的人	拿钱或东西帮助有困难的人				[10]	general	unreviewed		[]
周圍|周围|zhou1 wei2~1	周圍|周围|zhou1 wei2	1	defined	["名"]	["名"]	[]	[]	[]	在某個人或事物四面的地方	在某个人或事物四面的地方	「周圍」指四面的地方，「附近」指離得不遠的地方。	「周围」指四面的地方，「附近」指离得不远的地方。		[0]	general	unreviewed		[]
味|味|wei4~1	味|味|wei4	1	defined	["名"]	["名"]	[]	[]	[]	舌頭嘗到或鼻子聞到的感覺	舌头尝到或鼻子闻到的感觉				[0, 1]	general	unreviewed		[]
味|味|wei4~2	味|味|wei4	2	defined	["綴"]	["缀"]	["function-word"]	[]	[]	用在別的詞後面，表示事物給人的感受	用在别的词后面，表示事物给人的感受				[2, 3, 4]	function-word	unreviewed		[]
味|味|wei4~3	味|味|wei4	3	defined	["量"]	["量"]	["classifier-is"]	[]	["med"]	用於計算藥方裡的藥物	用于计算药方里的药物				[5]	classifier-is	unreviewed		[]
命|命|ming4~1	命|命|ming4	1	defined	["名"]	["名"]	[]	[]	[]	人或動物活著的狀態	人或动物活着的状态				[0]	general	unreviewed		[]
命|命|ming4~2	命|命|ming4	2	defined	["名"]	["名"]	[]	[]	[]	人一生中遇到的、自己不能決定的事	人一生中遇到的、自己不能决定的事				[1]	general	unreviewed		[]
命|命|ming4~3	命|命|ming4	3	defined	["名"]	["名"]	["bound-form"]	[]	[]	上級要求下級去做的事	上级要求下级去做的事				[2]	general	unreviewed		[]
命|命|ming4~4	命|命|ming4	4	defined	["動"]	["动"]	["bound-form"]	[]	[]	給人或事物取名字	给人或事物取名字				[3]	general	unreviewed		[]
命令|命令|ming4 ling4~1	命令|命令|ming4 ling4	1	defined	["動", "名"]	["动", "名"]	[]	[]	[]	上級叫下級一定要做某事，也指這樣的要求	上级叫下级一定要做某事，也指这样的要求	「命令」一定要照做，「要求」常常還可以再談。	「命令」一定要照做，「要求」常常还可以再谈。		[0, 1, 2]	general	unreviewed		[]
命名|命名|ming4 ming2~1	命名|命名|ming4 ming2	1	defined	["動"]	["动"]	[]	[]	[]	給人或事物取名字	给人或事物取名字	常說「以某人的名字命名」，表示用那個人的名字。	常说「以某人的名字命名」，表示用那个人的名字。		[0, 1, 2, 3, 4, 5]	general	unreviewed		[]
和平|和平|he2 ping2~1	和平|和平|he2 ping2	1	defined	["名", "形"]	["名", "形"]	[]	[]	[]	國家或人們之間沒有戰爭的狀態	国家或人们之间没有战争的状态				[0, 1]	general	unreviewed		[]
咖啡|咖啡|ka1 fei1~1	咖啡|咖啡|ka1 fei1	1	defined	["名"]	["名"]	["loanword"]	[]	[]	一種味道苦的飲料，喝了不容易想睡	一种味道苦的饮料，喝了不容易想睡				[0, 1]	loanword	unreviewed		[]
品|品|pin3~1	品|品|pin3	1	defined	["名"]	["名"]	["bound-form"]	[]	[]	人做出來的各種東西	人做出来的各种东西				[0]	bound-form	unreviewed		[]
品|品|pin3~2	品|品|pin3	2	defined	["名"]	["名"]	["bound-form"]	[]	[]	人的性格和行為的好壞	人的性格和行为的好坏				[3]	bound-form	unreviewed		[]
品|品|pin3~3	品|品|pin3	3	defined	["名"]	["名"]	["bound-form"]	[]	[]	東西好壞的等級	东西好坏的等级				[1]	bound-form	unreviewed		[]
品|品|pin3~4	品|品|pin3	4	defined	["名"]	["名"]	["bound-form"]	[]	[]	東西分成的種類	东西分成的种类				[2]	bound-form	unreviewed		[]
品|品|pin3~5	品|品|pin3	5	defined	["動"]	["动"]	[]	[]	[]	用心感覺人或東西的好壞	用心感觉人或东西的好坏	常和茶、酒一起用，如「品茶」「品酒」。	常和茶、酒一起用，如「品茶」「品酒」。		[4, 5]	general	unreviewed		[]
品|品|pin3~6	品|品|pin3	6	defined	["名"]	["名"]	[]	[]	["music"]	樂器上用來分出不同聲音的小條	乐器上用来分出不同声音的小条				[6]	general	unreviewed		[]
哈|哈|ha1~1	哈|哈|ha1	1	defined	["擬"]	["拟"]	["onom"]	[]	[]	形容笑的聲音	形容笑的声音				[1]	general	unreviewed		[]
哈|哈|ha1~2	哈|哈|ha1	2	defined	["嘆"]	["叹"]	[]	[]	[]	表示突然明白或感到高興	表示突然明白或感到高兴				[0]	general	unreviewed		[]
哈|哈|ha1~3	哈|哈|ha1	3	defined	["動"]	["动"]	[]	["slang"]	[]	非常喜歡，想要得到	非常喜欢，想要得到				[2]	general	unreviewed		[]
哈|哈|ha1~4	哈|哈|ha1	4	defined	["名"]	["名"]	["abbr", "bound-form"]	[]	[]	哈士奇的簡稱	哈士奇的简称				[3]	abbreviation	unreviewed		[]
哈|哈|ha3~1	哈|哈|ha3	1	defined	["名"]	["名"]	["bound-form"]	[]	[]	一種腿短、臉扁的小狗	一种腿短、脸扁的小狗				[0]	general	unreviewed		[]
哈|哈|ha3~2	哈|哈|ha3	2	defined	["動"]	["动"]	[]	["dialect"]	[]	大聲說別人做得不對	大声说别人做得不对				[1]	general	unreviewed	edited	["E-ha3-2"]
員|员|yuan2~1	員|员|yuan2	1	defined	["名"]	["名"]	["bound-form"]	[]	[]	做某種工作或活動的人	做某种工作或活动的人				[0]	bound-form	unreviewed		[]
員|员|yuan2~2	員|员|yuan2	2	defined	["名"]	["名"]	["bound-form"]	[]	[]	屬於某個團體的人	属于某个团体的人				[1]	bound-form	unreviewed		[]
員|员|yuan2~3	員|员|yuan2	3	defined	["量"]	["量"]	["classifier-is"]	["lit"]	[]	用於計算將軍等人物	用于计算将军等人物				[2]	classifier-is	unreviewed		[]
員工|员工|yuan2 gong1~1	員工|员工|yuan2 gong1	1	defined	["名"]	["名"]	[]	[]	[]	在公司或機構裡工作的人	在公司或机构里工作的人				[0]	general	unreviewed		[]
哥|哥|ge1~1	哥|哥|ge1	1	defined	["名"]	["名"]	[]	[]	[]	同一父母所生、年齡比自己大的男子	同一父母所生、年龄比自己大的男子	「哥」也可以跟在姓後面，用來稱呼別人，如「張哥」。	「哥」也可以跟在姓后面，用来称呼别人，如「张哥」。		[0]	general	unreviewed		[]
唯一|唯一|wei2 yi1~1	唯一|唯一|wei2 yi1	1	defined	["形"]	["形"]	[]	[]	[]	只有一個而沒有第二個的	只有一个而没有第二个的	「唯一」多作修飾語，後面常帶「的」，如「唯一的辦法」。	「唯一」多作修饰语，后面常带「的」，如「唯一的办法」。		[0]	general	unreviewed		[]
唱|唱|chang4~1	唱|唱|chang4	1	defined	["動"]	["动"]	[]	[]	[]	照著樂曲發出歌聲	照着乐曲发出歌声				[0]	general	unreviewed		[]
唱|唱|chang4~2	唱|唱|chang4	2	defined	["動"]	["动"]	["bound-form"]	[]	[]	大聲念出名字或數目	大声念出名字或数目				[1, 2]	general	unreviewed		[]
唱片|唱片|chang4 pian4~1	唱片|唱片|chang4 pian4	1	defined	["名"]	["名"]	[]	[]	["music"]	錄有音樂或聲音的圓形薄片	录有音乐或声音的圆形薄片	歌手發表新作品時，常說「出唱片」。	歌手发表新作品时，常说「出唱片」。		[0, 1, 2, 3, 4]	general	unreviewed		[]
商|商|shang1~1	商|商|shang1	1	defined	["名"]	["名"]	["bound-form"]	[]	[]	買賣東西的活動	买卖东西的活动				[0]	general	unreviewed		[]
商|商|shang1~2	商|商|shang1	2	defined	["名"]	["名"]	["bound-form"]	[]	[]	靠買賣東西過日子的人	靠买卖东西过日子的人				[1, 2]	general	unreviewed		[]
商|商|shang1~3	商|商|shang1	3	defined	["動"]	["动"]	["bound-form"]	[]	[]	為了解決問題交換意見	为了解决问题交换意见				[3]	general	unreviewed		[]
商|商|shang1~4	商|商|shang1	4	defined	["名"]	["名"]	[]	[]	["math"]	除法算出來的結果	除法算出来的结果				[5]	general	unreviewed		[]
商|商|shang1~5	商|商|shang1	5	defined	["名"]	["名"]	[]	[]	["music"]	傳統音樂五個音中的第二個	传统音乐五个音中的第二个			archaic-form	[4]	general	unreviewed		[]
商業|商业|shang1 ye4~1	商業|商业|shang1 ye4	1	defined	["名"]	["名"]	[]	[]	[]	以買賣東西為主的經濟活動	以买卖东西为主的经济活动				[0, 1, 2]	general	unreviewed		[]
問|问|wen4~1	問|问|wen4	1	defined	["動"]	["动"]	[]	[]	[]	向別人提出問題，請他回答	向别人提出问题，请他回答				[0]	general	unreviewed		[]
問|问|wen4~2	問|问|wen4	2	defined	["介"]	["介"]	["function-word"]	[]	[]	用在「要」「借」等動詞前面，引出對象	用在「要」「借」等动词前面，引出对象	跟「向」差不多，「問他借」也可以說「向他借」。	跟「向」差不多，「问他借」也可以说「向他借」。		[]	general	unreviewed		[]
問題|问题|wen4 ti2~1	問題|问题|wen4 ti2	1	defined	["名"]	["名"]	[]	[]	[]	提出來要求回答的內容	提出来要求回答的内容				[0, 4]	general	unreviewed		[]
問題|问题|wen4 ti2~2	問題|问题|wen4 ti2	2	defined	["名"]	["名"]	[]	[]	[]	需要研究、討論或解決的事情	需要研究、讨论或解决的事情				[1, 2, 3]	general	unreviewed		[]
問題|问题|wen4 ti2~3	問題|问题|wen4 ti2	3	defined	["名"]	["名"]	[]	[]	[]	機器、身體等出現的不正常情況	机器、身体等出现的不正常情况	多用在「出問題」「有問題」這樣的說法裡。「沒問題」的意思是可以或同意。	多用在「出问题」「有问题」这样的说法里。「没问题」的意思是可以或同意。		[1]	general	unreviewed		[]
啟動|启动|qi3 dong4~1	啟動|启动|qi3 dong4	1	defined	["動"]	["动"]	[]	[]	[]	使機器開始運轉，或使計劃開始進行	使机器开始运转，或使计划开始进行	多用在機器、系統和計劃上；說人開始做事，一般用「開始」。	多用在机器、系统和计划上；说人开始做事，一般用「开始」。		[0, 1, 2, 3]	general	unreviewed		[]
善|善|shan4~1	善|善|shan4	1	defined	["形"]	["形"]	["bound-form"]	[]	[]	對別人好，願意幫助人的	对别人好，愿意帮助人的				[0, 1, 2]	general	unreviewed		[]
善|善|shan4~2	善|善|shan4	2	defined	["動"]	["动"]	[]	["lit"]	[]	在某方面做得很好，很有能力	在某方面做得很好，很有能力				[3]	general	unreviewed		[]
善|善|shan4~3	善|善|shan4	3	defined	["動"]	["动"]	["bound-form"]	[]	[]	使事情變得更好、更完整	使事情变得更好、更完整				[4]	general	unreviewed		[]
喜|喜|xi3~1	喜|喜|xi3	1	defined	["動"]	["动"]	[]	["lit"]	[]	對人或事物有好感，願意接近	对人或事物有好感，愿意接近	現在多說「喜歡」，單用的「喜」常見於成語和書面。	现在多说「喜欢」，单用的「喜」常见于成语和书面。		[0, 1, 2]	general	unreviewed		[]
喜|喜|xi3~2	喜|喜|xi3	2	defined	["形"]	["形"]	[]	[]	[]	遇到好事而覺得高興的	遇到好事而觉得高兴的				[3, 4, 7]	general	unreviewed		[]
喜|喜|xi3~3	喜|喜|xi3	3	defined	["名"]	["名"]	[]	[]	[]	讓人高興的事，多指結婚、生孩子一類	让人高兴的事，多指结婚、生孩子一类				[5, 6]	general	unreviewed		[]
喜歡|喜欢|xi3 huan5~1	喜歡|喜欢|xi3 huan5	1	defined	["動"]	["动"]	[]	[]	[]	覺得人或事物好，願意接近	觉得人或事物好，愿意接近	「喜歡」後面可以接名詞，也可以接動詞。	「喜欢」后面可以接名词，也可以接动词。		[0]	general	unreviewed		[]
喬|乔|qiao2~1	喬|乔|qiao2	1	defined	["形"]	["形"]	["bound-form"]	[]	[]	高大的，多用來形容樹木	高大的，多用来形容树木				[0]	general	unreviewed		[]
喬|乔|qiao2~2	喬|乔|qiao2	2	defined	["動"]	["动"]	["bound-form"]	[]	[]	假裝成別的樣子	假装成别的样子				[]	general	unreviewed		[]
單|单|dan1~1	單|单|dan1	1	defined	["形"]	["形"]	["bound-form"]	[]	[]	只有一個的，不成雙的	只有一个的，不成双的				[3, 5]	general	unreviewed		[]
單|单|dan1~2	單|单|dan1	2	defined	["名"]	["名"]	["bound-form"]	[]	[]	列出項目或數目的紙片	列出项目或数目的纸片				[0, 1, 2, 7]	general	unreviewed	edited	["E-dan1-2"]
單|单|dan1~3	單|单|dan1	3	defined	["形"]	["形"]	["bound-form"]	[]	[]	數目不能分成相等兩份的，如三、五	数目不能分成相等两份的，如三、五				[6]	general	unreviewed		[]
單|单|dan1~4	單|单|dan1	4	defined	["副"]	["副"]	[]	[]	[]	表示除了這個沒有別的	表示除了这个没有别的	「單」和「只」意思相近，「單」多用在「單是」、「單靠」等說法裡。	「单」和「只」意思相近，「单」多用在「单是」、「单靠」等说法里。		[4]	general	unreviewed		[]
單位|单位|dan1 wei4~1	單位|单位|dan1 wei4	1	defined	["名"]	["名"]	[]	[]	[]	計算數量時作為標準的量	计算数量时作为标准的量				[0]	general	unreviewed		[]
單位|单位|dan1 wei4~2	單位|单位|dan1 wei4	2	defined	["名"]	["名"]	[]	[]	[]	人們工作的機構或團體	人们工作的机构或团体	「公司」是做生意的單位，「單位」也包括學校、醫院等。	「公司」是做生意的单位，「单位」也包括学校、医院等。		[1, 2, 3]	general	unreviewed		[]
單獨|单独|dan1 du2~1	單獨|单独|dan1 du2	1	defined	["副"]	["副"]	[]	[]	[]	只有一個，不跟別的在一起	只有一个，不跟别的在一起				[0, 1, 2]	general	unreviewed		[]
嗎|吗|ma2~1	嗎|吗|ma2	1	defined	["代"]	["代"]	["bound-form"]	["coll"]	[]	問事情的內容，相當於「什麼」	问事情的内容，相当于「什么」				[0]	general	unreviewed		[]
嗎|吗|ma5~1	嗎|吗|ma5	1	defined	["助"]	["助"]	["particle", "function-word"]	[]	[]	用在句末，表示問話，要求回答是或不是	用在句末，表示问话，要求回答是或不是	「嗎」是直接提問，「吧」表示問的人已經有了猜測。句子裡已經有疑問詞時不用「嗎」。	「吗」是直接提问，「吧」表示问的人已经有了猜测。句子里已经有疑问词时不用「吗」。		[0]	function-word	unreviewed		[]
嘗試|尝试|chang2 shi4~1	嘗試|尝试|chang2 shi4	1	defined	["動"]	["动"]	[]	[]	[]	為了知道能不能做到而先做做看	为了知道能不能做到而先做做看				[0]	general	unreviewed		[]
嘴|嘴|zui3~1	嘴|嘴|zui3	1	defined	["名"]	["名"]	[]	[]	[]	人或動物頭上吃東西、發出聲音的部分	人或动物头上吃东西、发出声音的部分				[0, 1, 4]	general	unreviewed		[]
嘴|嘴|zui3~2	嘴|嘴|zui3	2	defined	["名"]	["名"]	[]	[]	[]	東西上伸出來、讓水流出的部分	东西上伸出来、让水流出的部分				[2, 3]	general	unreviewed		[]
器|器|qi4~1	器|器|qi4	1	defined	["名"]	["名"]	["bound-form"]	[]	[]	有專門用處的東西，如機器、工具	有专门用处的东西，如机器、工具				[0, 1, 2, 3]	general	unreviewed		[]
嚴格|严格|yan2 ge2~1	嚴格|严格|yan2 ge2	1	defined	["形"]	["形"]	[]	[]	[]	對人或事要求很高，不放鬆的	对人或事要求很高，不放松的	常說「對…嚴格」、「嚴格要求」、「嚴格執行」。	常说「对…严格」、「严格要求」、「严格执行」。		[0]	general	unreviewed		[]
嚴重|严重|yan2 zhong4~1	嚴重|严重|yan2 zhong4	1	defined	["形"]	["形"]	[]	[]	[]	情況很壞，影響很大的	情况很坏，影响很大的	「嚴重」多用在不好的事情上，如問題、錯誤、病。	「严重」多用在不好的事情上，如问题、错误、病。		[0]	general	unreviewed		[]
四|四|si4~1	四|四|si4	1	defined	["數"]	["数"]	[]	[]	[]	數目，比三多一，比五少一	数目，比三多一，比五少一	民間說法認為「四」跟「死」的聲音相近，因此不吉利。	民间说法认为「四」跟「死」的声音相近，因此不吉利。		[0, 1]	general	unreviewed		[]
回|回|hui2~1	回|回|hui2	1	defined	["動"]	["动"]	[]	[]	[]	往原來的地方或原來的方向去	往原来的地方或原来的方向去				[0]	general	unreviewed		[]
回|回|hui2~2	回|回|hui2	2	defined	["動"]	["动"]	[]	[]	[]	對別人的問題或來信說出意見	对别人的问题或来信说出意见				[1]	general	unreviewed		[]
回|回|hui2~3	回|回|hui2	3	defined	["量"]	["量"]	["classifier-is"]	["coll"]	[]	用於計算事情發生的次數	用于计算事情发生的次数				[3]	classifier-is	unreviewed		[]
回|回|hui2~4	回|回|hui2	4	defined	["量"]	["量"]	["classifier-is"]	[]	[]	用於計算舊小說的章節	用于计算旧小说的章节				[2]	classifier-is	unreviewed		[]
回到|回到|hui2 dao4~1	回到|回到|hui2 dao4	1	defined	["動"]	["动"]	[]	[]	[]	回去或回來，又到了原來的地方或情況	回去或回来，又到了原来的地方或情况	後面要說出回去的地方，如「回到家」「回到學校」。	后面要说出回去的地方，如「回到家」「回到学校」。		[0]	general	unreviewed		[]
回憶|回忆|hui2 yi4~1	回憶|回忆|hui2 yi4	1	defined	["動", "名"]	["动", "名"]	["classifier-ref"]	[]	[]	想起過去經歷過的事情	想起过去经历过的事情	「回憶」多指想起過去的事，「記憶」多指記住的能力和內容。	「回忆」多指想起过去的事，「记忆」多指记住的能力和内容。		[0, 1, 2]	general	unreviewed		[]
回答|回答|hui2 da2~1	回答|回答|hui2 da2	1	defined	["動", "名"]	["动", "名"]	[]	[]	[]	對別人的問題說出自己的意思	对别人的问题说出自己的意思				[0, 1]	general	unreviewed		[]
因|因|yin1~1	因|因|yin1	1	defined	["名"]	["名"]	["bound-form"]	[]	[]	事情發生的原因	事情发生的原因				[0, 1]	general	unreviewed		[]
因|因|yin1~2	因|因|yin1	2	defined	["介", "連"]	["介", "连"]	["function-word"]	["lit"]	[]	用在句子前面，引出事情的原因	用在句子前面，引出事情的原因	「因」多用在文章裡，說話時一般說「因為」。	「因」多用在文章里，说话时一般说「因为」。		[2]	general	unreviewed		[]
因此|因此|yin1 ci3~1	因此|因此|yin1 ci3	1	defined	["連"]	["连"]	["function-word"]	[]	[]	用在後一句開頭，表示前面是原因，後面是結果	用在后一句开头，表示前面是原因，后面是结果	「所以」多用在口語，「因此」多用在書面。	「所以」多用在口语，「因此」多用在书面。		[0]	general	unreviewed		[]
因為|因为|yin1 wei4~1	因為|因为|yin1 wei4	1	defined	["連", "介"]	["连", "介"]	["function-word"]	[]	[]	用在句子或名詞前面，引出原因	用在句子或名词前面，引出原因	常和「所以」一起用，構成「因為…所以…」。原因放在後面時，多說「是因為」。	常和「所以」一起用，构成「因为…所以…」。原因放在后面时，多说「是因为」。		[0]	general	unreviewed		[]
困難|困难|kun4 nan5~1	困難|困难|kun4 nan5	1	defined	["形", "名"]	["形", "名"]	[]	[]	[]	做起來不容易，要花很多力氣和時間	做起来不容易，要花很多力气和时间				[0, 1, 3]	general	unreviewed		[]
困難|困难|kun4 nan5~2	困難|困难|kun4 nan5	2	defined	["形"]	["形"]	[]	[]	[]	錢不夠用，生活過得不好的	钱不够用，生活过得不好的				[2]	general	unreviewed		[]
圈|圈|juan1~1	圈|圈|juan1	1	defined	["動"]	["动"]	[]	[]	[]	把動物關在一定的地方，不讓出來	把动物关在一定的地方，不让出来				[0, 1, 2]	general	unreviewed		[]
圈|圈|juan4~1	圈|圈|juan4	1	defined	["名"]	["名"]	[]	[]	[]	用來關豬、牛等動物的地方	用来关猪、牛等动物的地方				[0]	general	unreviewed		[]
圈|圈|quan1~1	圈|圈|quan1	1	defined	["名"]	["名"]	[]	[]	[]	圓形的線或圓形的東西	圆形的线或圆形的东西				[0]	general	unreviewed		[]
圈|圈|quan1~2	圈|圈|quan1	2	defined	["名"]	["名"]	[]	[]	[]	因為工作或興趣而在一起的一群人	因为工作或兴趣而在一起的一群人	常跟行業名連用，例如「娛樂圈」、「文化圈」。	常跟行业名连用，例如「娱乐圈」、「文化圈」。		[1]	general	unreviewed		[]
圈|圈|quan1~3	圈|圈|quan1	3	defined	["量"]	["量"]	["classifier-is"]	[]	[]	用於計算繞著走或跑的次數	用于计算绕着走或跑的次数				[2]	classifier-is	unreviewed		[]
圈|圈|quan1~4	圈|圈|quan1	4	defined	["動"]	["动"]	[]	[]	[]	在字或詞上畫圓形做記號	在字或词上画圆形做记号				[4]	general	unreviewed		[]
圈|圈|quan1~5	圈|圈|quan1	5	defined	["動"]	["动"]	[]	[]	[]	用東西把一塊地方圍起來	用东西把一块地方围起来				[3]	general	unreviewed		[]
國家|国家|guo2 jia1~1	國家|国家|guo2 jia1	1	defined	["名"]	["名"]	[]	[]	[]	由土地、人民和政府構成的政治單位	由土地、人民和政府构成的政治单位				[0]	general	unreviewed		[]
國王|国王|guo2 wang2~1	國王|国王|guo2 wang2	1	defined	["名"]	["名"]	[]	[]	[]	一個國家的男性最高統治者	一个国家的男性最高统治者				[0]	general	unreviewed		[]
國際|国际|guo2 ji4~1	國際|国际|guo2 ji4	1	defined	["形"]	["形"]	[]	[]	[]	國家跟國家之間的，或各國共同參與的	国家跟国家之间的，或各国共同参与的				[0]	general	unreviewed		[]
圍|围|wei2~1	圍|围|wei2	1	defined	["動"]	["动"]	[]	[]	[]	從四面把人或東西包在中間	从四面把人或东西包在中间	常說「圍著桌子坐」、「圍成一個圈」。	常说「围着桌子坐」、「围成一个圈」。		[0, 1, 2]	general	unreviewed		[]
圍|围|wei2~2	圍|围|wei2	2	defined	["動"]	["动"]	[]	[]	[]	把長條的東西包在脖子或腰上	把长条的东西包在脖子或腰上				[3]	general	unreviewed		[]
圓|圆|yuan2~1	圓|圆|yuan2	1	defined	["形"]	["形"]	[]	[]	[]	像球或環那樣，沒有角的	像球或环那样，没有角的				[1, 2, 3, 4]	general	unreviewed		[]
圓|圆|yuan2~2	圓|圆|yuan2	2	defined	["名"]	["名"]	[]	[]	[]	每一點到中心的距離都相等的圖形	每一点到中心的距离都相等的图形				[0]	general	unreviewed		[]
圓|圆|yuan2~3	圓|圆|yuan2	3	defined	["量"]	["量"]	["bound-form"]	[]	[]	計算錢的單位，一般寫作「元」	计算钱的单位，一般写作「元」				[5]	general	unreviewed		[]
圓|圆|yuan2~4	圓|圆|yuan2	4	defined	["形"]	["形"]	["bound-form"]	[]	[]	說話做事考慮得很全面，不容易得罪人的	说话做事考虑得很全面，不容易得罪人的	說人「圓滑」有時不是好話，說「圓融」則是好話。	说人「圆滑」有时不是好话，说「圆融」则是好话。		[6]	general	unreviewed		[]
圓|圆|yuan2~5	圓|圆|yuan2	5	defined	["動"]	["动"]	[]	[]	[]	想辦法讓說法沒有問題	想办法让说法没有问题				[7]	general	unreviewed		[]
圖|图|tu2~1	圖|图|tu2	1	defined	["名"]	["名"]	[]	[]	[]	畫出來表示事物樣子的東西	画出来表示事物样子的东西				[0, 1, 2, 3, 4, 5]	general	unreviewed		[]
圖|图|tu2~2	圖|图|tu2	2	defined	["動"]	["动"]	[]	[]	[]	打算得到或做到某件事	打算得到或做到某件事	單用時多說「圖方便」「圖便宜」，指只想得到這樣的好處。	单用时多说「图方便」「图便宜」，指只想得到这样的好处。		[6, 7, 8, 9, 10]	general	unreviewed		[]
圖書館|图书馆|tu2 shu1 guan3~1	圖書館|图书馆|tu2 shu1 guan3	1	defined	["名"]	["名"]	["classifier-ref"]	[]	[]	收藏大量圖書、供人閱讀或借用的機構	收藏大量图书、供人阅读或借用的机构				[0, 1]	general	unreviewed		[]
團|团|tuan2~1	團|团|tuan2	1	defined	["名"]	["名"]	["bound-form"]	[]	[]	許多人為共同目的組成的集體	许多人为共同目的组成的集体				[6, 7]	general	unreviewed		[]
團|团|tuan2~2	團|团|tuan2	2	defined	["動"]	["动"]	["bound-form"]	[]	[]	許多人或東西合在一起，成為一體	许多人或东西合在一起，成为一体				[4]	general	unreviewed		[]
團|团|tuan2~3	團|团|tuan2	3	defined	["名"]	["名"]	["bound-form"]	[]	[]	成球形的一塊東西	成球形的一块东西				[0, 1, 2]	general	unreviewed		[]
團|团|tuan2~4	團|团|tuan2	4	defined	["量"]	["量"]	["classifier-is"]	[]	[]	用於計算毛線、紙等成球形的東西	用于计算毛线、纸等成球形的东西	「團」多用在軟的東西，「塊」多用在有一定樣子的東西。	「团」多用在软的东西，「块」多用在有一定样子的东西。		[8]	classifier-is	unreviewed		[]
團|团|tuan2~5	團|团|tuan2	5	defined	["動"]	["动"]	[]	[]	[]	用手把東西弄成球形	用手把东西弄成球形				[3]	general	unreviewed		[]
團|团|tuan2~6	團|团|tuan2	6	defined	["名"]	["名"]	["bound-form"]	[]	[]	軍隊中的一級組織單位	军队中的一级组织单位				[5]	general	unreviewed		[]
團隊|团队|tuan2 dui4~1	團隊|团队|tuan2 dui4	1	defined	["名"]	["名"]	[]	[]	[]	為了共同的目標一起工作的一群人	为了共同的目标一起工作的一群人				[0]	general	unreviewed		[]
團體|团体|tuan2 ti3~1	團體|团体|tuan2 ti3	1	defined	["名"]	["名"]	[]	[]	[]	為了共同的目標組成的一群人	为了共同的目标组成的一群人	常和「學生」「宗教」等詞連用；指一起工作的人多說「團隊」。	常和「学生」「宗教」等词连用；指一起工作的人多说「团队」。		[0, 1, 2, 3]	general	unreviewed		[]
土|土|tu3~1	土|土|tu3	1	defined	["名"]	["名"]	[]	[]	[]	地面上能長出植物的物質，也指灰塵、泥	地面上能长出植物的物质，也指灰尘、泥				[0, 1, 2]	general	unreviewed	edited	["E-tu3-1"]
土|土|tu3~2	土|土|tu3	2	defined	["形"]	["形"]	[]	[]	[]	屬於當地的，不是外來的	属于当地的，不是外来的				[3, 4]	general	unreviewed		[]
土|土|tu3~3	土|土|tu3	3	defined	["形"]	["形"]	[]	["coll"]	[]	不合流行的，顯得老舊	不合流行的，显得老旧				[6]	general	unreviewed		[]
土|土|tu3~4	土|土|tu3	4	defined	["名"]	["名"]	[]	["arch"]	[]	舊時指沒有加工過的鴉片	旧时指没有加工过的鸦片			archaic-form	[5]	general	unreviewed		[]
土|土|tu3~5	土|土|tu3	5	defined	["名"]	["名"]	[]	["arch"]	["music"]	舊時八音之一，指用泥土燒成的樂器	旧时八音之一，指用泥土烧成的乐器			archaic-form	[7]	general	unreviewed	edited	["E-tu3-5"]
土地|土地|tu3 di4~1	土地|土地|tu3 di4	1	defined	["名"]	["名"]	[]	[]	[]	可以種東西或蓋房子的地面	可以种东西或盖房子的地面				[0, 1, 3]	general	unreviewed		[]
土地|土地|tu3 di4~2	土地|土地|tu3 di4	2	defined	["名"]	["名"]	[]	[]	[]	屬於一個國家的地方	属于一个国家的地方				[2]	general	unreviewed		[]
土地|土地|tu3 di5~1	土地|土地|tu3 di5	1	defined	["名"]	["名"]	[]	[]	["rel"]	民間信仰中管理一個地方的神	民间信仰中管理一个地方的神	在民間，人們多叫「土地公」。	在民间，人们多叫「土地公」。		[0, 1]	general	unreviewed		[]
圣|圣|ku1~1	圣|圣|ku1	1	defined	["動"]	["动"]	[]	["lit"]	[]	不停地用力挖土	不停地用力挖土	這個字現在很少用，多見於古書。	这个字现在很少用，多见于古书。	archaic-form	[0]	general	unreviewed		[]
在|在|zai4~1	在|在|zai4	1	defined	["動"]	["动"]	[]	[]	[]	人或東西位於某個地方	人或东西位于某个地方				[1]	general	unreviewed		[]
在|在|zai4~2	在|在|zai4	2	defined	["介"]	["介"]	["function-word"]	[]	[]	用於名詞之前，引出動作發生的地點或時間	用于名词之前，引出动作发生的地点或时间	「在」和地點多放在動詞前，例如說「在家工作」，不說「工作在家」。	「在」和地点多放在动词前，例如说「在家工作」，不说「工作在家」。		[]	function-word	unreviewed		[]
在|在|zai4~3	在|在|zai4	3	defined	["副"]	["副"]	["function-word"]	[]	[]	用於動詞之前，表示動作正在進行	用于动词之前，表示动作正在进行	「在穿衣服」是動作還沒完成，「穿著衣服」是穿好了的狀態。	「在穿衣服」是动作还没完成，「穿着衣服」是穿好了的状态。		[2]	function-word	unreviewed		[]
在|在|zai4~4	在|在|zai4	4	defined	["動"]	["动"]	[]	[]	[]	人活著或東西存在	人活着或东西存在	說人「不在了」，多是指已經去世。	说人「不在了」，多是指已经去世。		[0]	general	unreviewed		[]
在於|在于|zai4 yu2~1	在於|在于|zai4 yu2	1	defined	["動"]	["动"]	[]	[]	[]	指出事情的關鍵或原因是什麼	指出事情的关键或原因是什么	常說「問題在於…」、「關鍵在於…」。	常说「问题在于…」、「关键在于…」。		[0]	general	unreviewed		[]
在於|在于|zai4 yu2~2	在於|在于|zai4 yu2	2	defined	["動"]	["动"]	[]	[]	[]	由某人或某方面決定	由某人或某方面决定				[1]	general	unreviewed	edited	["E-zai4yu2-2"]
地|地|di4~1	地|地|di4	1	defined	["名"]	["名"]	[]	[]	[]	人腳下的表面，可以在上面走或坐	人脚下的表面，可以在上面走或坐				[0, 1]	general	unreviewed		[]
地|地|di4~2	地|地|di4	2	defined	["名"]	["名"]	["bound-form"]	[]	[]	人或東西所在的地方	人或东西所在的地方				[3]	general	unreviewed		[]
地|地|di4~3	地|地|di4	3	defined	["名"]	["名"]	[]	[]	[]	用來種東西的土地	用来种东西的土地				[2, 4, 5]	general	unreviewed		[]
地下|地下|di4 xia4~1	地下|地下|di4 xia4	1	defined	["名"]	["名"]	[]	[]	[]	地面以下的部分	地面以下的部分				[0, 1]	general	unreviewed		[]
地下|地下|di4 xia4~2	地下|地下|di4 xia4	2	defined	["形"]	["形"]	[]	[]	[]	不公開的，秘密進行的	不公开的，秘密进行的				[2]	general	unreviewed		[]
地位|地位|di4 wei4~1	地位|地位|di4 wei4	1	defined	["名"]	["名"]	[]	[]	[]	人或事物在社會中所處的位置	人或事物在社会中所处的位置	「地位」多指人在社會上的高低，「位置」多指東西所在的地方。	「地位」多指人在社会上的高低，「位置」多指东西所在的地方。		[0, 1, 2, 3]	general	unreviewed		[]
地區|地区|di4 qu1~1	地區|地区|di4 qu1	1	defined	["名"]	["名"]	[]	[]	[]	範圍比較大的一片地方	范围比较大的一片地方				[0]	general	unreviewed		[]
地區|地区|di4 qu1~2	地區|地区|di4 qu1	2	defined	["名"]	["名"]	[]	[]	[]	中國省以下的一級地方單位	中国省以下的一级地方单位				[1]	general	unreviewed		[]
地圖|地图|di4 tu2~1	地圖|地图|di4 tu2	1	defined	["名"]	["名"]	[]	[]	[]	按比例畫出地面上道路、山河等位置的圖	按比例画出地面上道路、山河等位置的图				[0, 1]	general	unreviewed		[]
地址|地址|di4 zhi3~1	地址|地址|di4 zhi3	1	defined	["名"]	["名"]	[]	[]	[]	說明人或機構所在地點的文字	说明人或机构所在地点的文字				[0, 1]	general	unreviewed		[]
地方|地方|di4 fang1~1	地方|地方|di4 fang1	1	defined	["名"]	["名"]	[]	[]	[]	一個國家裡中央以外的地區	一个国家里中央以外的地区	常用的說法有「地方政府」、「地方新聞」和「地方特色」。	常用的说法有「地方政府」、「地方新闻」和「地方特色」。		[0, 1, 2]	general	unreviewed		[]
地方|地方|di4 fang5~1	地方|地方|di4 fang5	1	defined	["名"]	["名"]	[]	[]	[]	人或東西所在的一處空間	人或东西所在的一处空间	「沒地方」表示空間不夠，「什麼地方」是問位置。	「没地方」表示空间不够，「什么地方」是问位置。		[0, 2]	general	unreviewed	edited	["E-di4fang5-1"]
地方|地方|di4 fang5~2	地方|地方|di4 fang5	2	defined	["名"]	["名"]	[]	[]	[]	事情或話裡的某一部分	事情或话里的某一部分				[1]	general	unreviewed		[]
地球|地球|di4 qiu2~1	地球|地球|di4 qiu2	1	defined	["名"]	["名"]	[]	[]	[]	太陽系中人類生活的行星	太阳系中人类生活的行星				[0]	general	unreviewed		[]
地鐵|地铁|di4 tie3~1	地鐵|地铁|di4 tie3	1	defined	["名"]	["名"]	[]	[]	[]	城市裡在地下行駛的鐵路，也指這種車	城市里在地下行驶的铁路，也指这种车				[0, 1]	general	unreviewed		[]
地點|地点|di4 dian3~1	地點|地点|di4 dian3	1	defined	["名"]	["名"]	[]	[]	[]	事情發生或活動舉行的地方	事情发生或活动举行的地方	「地方」泛指空間，「地點」多指某件事發生的位置。	「地方」泛指空间，「地点」多指某件事发生的位置。		[0, 1, 2, 3, 4]	general	unreviewed		[]
均|均|jun1~1	均|均|jun1	1	defined	["形"]	["形"]	["bound-form"]	[]	[]	各部分數量相同的	各部分数量相同的				[0]	bound-form	unreviewed		[]
均|均|jun1~2	均|均|jun1	2	defined	["副"]	["副"]	[]	["lit"]	[]	表示全部，相當於口語的「都」	表示全部，相当于口语的「都」				[1]	general	unreviewed		[]
坐|坐|zuo4~1	坐|坐|zuo4	1	defined	["動"]	["动"]	[]	[]	[]	把身體的下部放在椅子等東西上	把身体的下部放在椅子等东西上				[0, 1]	general	unreviewed		[]
坐|坐|zuo4~2	坐|坐|zuo4	2	defined	["動"]	["动"]	[]	[]	[]	利用車、船或飛機到別的地方去	利用车、船或飞机到别的地方去				[2]	general	unreviewed		[]
坐|坐|zuo4~3	坐|坐|zuo4	3	defined	["動"]	["动"]	["bound-form"]	[]	[]	開花以後長出果實	开花以后长出果实				[3]	general	unreviewed		[]
型|型|xing2~1	型|型|xing2	1	defined	["名"]	["名"]	["bound-form"]	[]	[]	事物的樣子或種類	事物的样子或种类				[0, 1, 2, 3]	general	unreviewed		[]
城|城|cheng2~1	城|城|cheng2	1	defined	["名"]	["名"]	[]	[]	[]	人口集中、房屋和街道很多的地方	人口集中、房屋和街道很多的地方	現在多說「城市」，「城」常用在「進城」、「城裡」這類說法中。	现在多说「城市」，「城」常用在「进城」、「城里」这类说法中。		[1, 2, 3]	general	unreviewed		[]
城|城|cheng2~2	城|城|cheng2	2	defined	["名"]	["名"]	["bound-form"]	[]	[]	舊時圍在城市四周的高牆	旧时围在城市四周的高墙				[0]	general	unreviewed		[]
城市|城市|cheng2 shi4~1	城市|城市|cheng2 shi4	1	defined	["名"]	["名"]	[]	[]	[]	人口多、工商業集中的地方	人口多、工商业集中的地方				[0, 1]	general	unreviewed	edited	["E-cheng2shi4-1"]
執行|执行|zhi2 xing2~1	執行|执行|zhi2 xing2	1	defined	["動"]	["动"]	[]	[]	[]	按照規定或計劃去做	按照规定或计划去做	「執行」是照別人定好的去做，「進行」只表示事情正在做。	「执行」是照别人定好的去做，「进行」只表示事情正在做。		[0, 1, 2, 3]	general	unreviewed		[]
基|基|ji1~1	基|基|ji1	1	defined	["名"]	["名"]	["bound-form"]	[]	[]	事物最下面或最根本的部分	事物最下面或最根本的部分				[0]	bound-form	unreviewed		[]
基|基|ji1~2	基|基|ji1	2	defined	["名"]	["名"]	["bound-form"]	[]	["chem"]	分子中一起參加反應的一組原子	分子中一起参加反应的一组原子				[1]	bound-form	unreviewed		[]
基|基|ji1~3	基|基|ji1	3	defined	["名"]	["名"]	["bound-form"]	["slang"]	[]	男性間的同性戀	男性间的同性恋	「基佬」帶有看不起的意思，說話時要小心。	「基佬」带有看不起的意思，说话时要小心。		[2]	bound-form	unreviewed		[]
基因|基因|ji1 yin1~1	基因|基因|ji1 yin1	1	defined	["名"]	["名"]	["loanword"]	[]	["bio"]	生物體內決定各種特點、能傳給下一代的物質	生物体内决定各种特点、能传给下一代的物质				[0]	loanword	unreviewed		[]
基地|基地|ji1 di4~1	基地|基地|ji1 di4	1	defined	["名"]	["名"]	[]	[]	[]	長期進行某種活動的中心場所	长期进行某种活动的中心场所				[0]	general	unreviewed		[]
基於|基于|ji1 yu2~1	基於|基于|ji1 yu2	1	defined	["介"]	["介"]	["function-word"]	[]	[]	用在名詞前面，引出做事的原因或根據	用在名词前面，引出做事的原因或根据	「基於」多用在書面，後面常接考慮、原因、事實一類的詞。口語裡多說「因為」。	「基于」多用在书面，后面常接考虑、原因、事实一类的词。口语里多说「因为」。		[0, 1, 2, 3]	function-word	unreviewed		[]
基本|基本|ji1 ben3~1	基本|基本|ji1 ben3	1	defined	["形"]	["形"]	[]	[]	[]	最重要的，是其他部分的基礎	最重要的，是其他部分的基础				[0, 1, 2, 3]	general	unreviewed		[]
基本|基本|ji1 ben3~2	基本|基本|ji1 ben3	2	defined	["副"]	["副"]	[]	[]	[]	表示差不多完全，但還差一點	表示差不多完全，但还差一点	這個用法也常說成「基本上」，意思相同。	这个用法也常说成「基本上」，意思相同。		[]	general	unreviewed		[]
基礎|基础|ji1 chu3~1	基礎|基础|ji1 chu3	1	defined	["名"]	["名"]	[]	[]	[]	建築物最下面的部分，也指事物的根本	建筑物最下面的部分，也指事物的根本	「基礎」是名詞，常說「打好基礎」；「基本」多用作形容詞。	「基础」是名词，常说「打好基础」；「基本」多用作形容词。		[0, 1]	general	unreviewed		[]
堂|堂|tang2~1	堂|堂|tang2	1	defined	["名"]	["名"]	["bound-form"]	[]	[]	專門做某件事用的大房間	专门做某件事用的大房间				[0, 1, 2]	general	unreviewed		[]
堂|堂|tang2~2	堂|堂|tang2	2	defined	["形"]	["形"]	["bound-form"]	[]	[]	屬於父親一方同一家族的	属于父亲一方同一家族的	「堂」用於父親的兄弟的孩子，其他親屬多用「表」。	「堂」用于父亲的兄弟的孩子，其他亲属多用「表」。		[3, 4]	general	unreviewed		[]
堂|堂|tang2~3	堂|堂|tang2	3	defined	["量"]	["量"]	["classifier-is"]	[]	[]	用於計算課程的次數	用于计算课程的次数				[5]	classifier-is	unreviewed		[]
堂|堂|tang2~4	堂|堂|tang2	4	defined	["量"]	["量"]	["classifier-is"]	[]	[]	用於計算成套的家具	用于计算成套的家具				[6]	classifier-is	unreviewed		[]
堅持|坚持|jian1 chi2~1	堅持|坚持|jian1 chi2	1	defined	["動"]	["动"]	[]	[]	[]	遇到困難也繼續做下去或不改變看法	遇到困难也继续做下去或不改变看法	「繼續」只說事情沒有停，「堅持」多用在遇到困難的時候。	「继续」只说事情没有停，「坚持」多用在遇到困难的时候。		[0, 1, 2]	general	unreviewed		[]
堆|堆|dui1~1	堆|堆|dui1	1	defined	["動"]	["动"]	[]	[]	[]	把許多東西一層層放在一起	把许多东西一层层放在一起				[0, 1]	general	unreviewed		[]
堆|堆|dui1~2	堆|堆|dui1	2	defined	["量"]	["量"]	[]	[]	[]	計算許多放在一起的東西的量詞	计算许多放在一起的东西的量词	也可以說「一堆人」、「一堆事」，表示數量很多。	也可以说「一堆人」、「一堆事」，表示数量很多。		[6]	general	unreviewed		[]
堆|堆|dui1~3	堆|堆|dui1	3	defined	["名"]	["名"]	["bound-form"]	[]	[]	許多東西放在一起高起來的部分	许多东西放在一起高起来的部分				[2, 3, 4, 5]	general	unreviewed		[]
報|报|bao4~3	報|报|bao4	4	defined	["動"]	["动"]	["bound-form"]	[]	[]	用行動回答別人的幫助或傷害	用行动回答别人的帮助或伤害	受人幫助說「報答」，受人傷害說「報復」。	受人帮助说「报答」，受人伤害说「报复」。		[1, 3, 4]	general	unreviewed		[]
報|报|bao4~4	報|报|bao4	3	defined	["動"]	["动"]	["abbr"]	[]	[]	報名的簡稱	报名的简称				[2]	abbreviation	unreviewed		[]
報|报|bao4~5	報|报|bao4	1	defined	["動"]	["动"]	[]	[]	[]	把事情告訴大家或有關的人	把事情告诉大家或有关的人				[0]	general	unreviewed		[]
報|报|bao4~6	報|报|bao4	2	defined	["名"]	["名"]	[]	[]	[]	定期印出、上面有新聞和文章的出版物	定期印出、上面有新闻和文章的出版物				[5, 6]	general	unreviewed		[]
報|报|bao4~7	報|报|bao4	5	defined	["名"]	["名"]	["bound-form"]	[]	[]	用來通知消息的文字或信號	用来通知消息的文字或信号				[7, 8]	general	unreviewed		[]
報告|报告|bao4 gao4~1	報告|报告|bao4 gao4	1	defined	["名"]	["名"]	[]	[]	[]	正式說明情況的文章或講話	正式说明情况的文章或讲话	「作報告」指在大家面前正式講話。	「作报告」指在大家面前正式讲话。		[3, 4, 5, 6, 7]	general	unreviewed		[]
報告|报告|bao4 gao4~2	報告|报告|bao4 gao4	2	defined	["動"]	["动"]	[]	[]	[]	把情況正式告訴上級或大家	把情况正式告诉上级或大家				[0, 1, 2]	general	unreviewed		[]
報紙|报纸|bao4 zhi3~1	報紙|报纸|bao4 zhi3	1	defined	["名"]	["名"]	[]	[]	[]	定期出版、印有新聞和消息的紙	定期出版、印有新闻和消息的纸				[0, 1, 2]	general	unreviewed		[]
報道|报道|bao4 dao4~1	報道|报道|bao4 dao4	1	defined	["動"]	["动"]	[]	[]	[]	通過報紙、電視等把新聞告訴大家	通过报纸、电视等把新闻告诉大家				[0]	general	unreviewed		[]
報道|报道|bao4 dao4~2	報道|报道|bao4 dao4	2	defined	["名"]	["名"]	["classifier-ref"]	[]	[]	發表在報紙或電視上的新聞	发表在报纸或电视上的新闻	「據報道」是常見的說法，用來引出消息的來源。	「据报道」是常见的说法，用来引出消息的来源。		[1, 2]	general	unreviewed		[]
場|场|chang2~3	場|场|chang2	1	defined	["名"]	["名"]	[]	[]	[]	曬乾穀物用的空地	晒干谷物用的空地				[0]	general	unreviewed		[]
場|场|chang2~4	場|场|chang2	2	defined	["量"]	["量"]	["classifier-is"]	[]	[]	用於計算下雨、生病、做夢等事情的次數	用于计算下雨、生病、做梦等事情的次数				[1]	classifier-is	unreviewed		[]
場|场|chang3~1	場|场|chang3	1	defined	["名"]	["名"]	["bound-form"]	[]	[]	進行某種活動或演出的地方	进行某种活动或演出的地方				[0, 1]	general	unreviewed		[]
場|场|chang3~2	場|场|chang3	2	defined	["量"]	["量"]	["classifier-is"]	[]	[]	用於計算演出、比賽、考試等活動	用于计算演出、比赛、考试等活动				[2, 3, 4]	classifier-is	unreviewed		[]
塊|块|kuai4~1	塊|块|kuai4	1	defined	["名"]	["名"]	[]	[]	[]	成團或成片的東西	成团或成片的东西				[0]	general	unreviewed		[]
塊|块|kuai4~2	塊|块|kuai4	2	defined	["量"]	["量"]	["classifier-is"]	[]	[]	用於計算石頭、布、肉等成片成團的東西	用于计算石头、布、肉等成片成团的东西				[1]	classifier-is	unreviewed		[]
塊|块|kuai4~3	塊|块|kuai4	3	defined	["量"]	["量"]	["classifier-is"]	["coll"]	[]	用於計算錢，相當於「元」	用于计算钱，相当于「元」	「塊」多用在說話裡，寫文章時多用「元」。	「块」多用在说话里，写文章时多用「元」。		[2]	classifier-is	unreviewed		[]
塔|塔|ta3~1	塔|塔|ta3	1	defined	["名"]	["名"]	["loanword"]	[]	[]	又高又窄的建築物，有的分成好幾層	又高又窄的建筑物，有的分成好几层				[0]	loanword	unreviewed		[]
塔|塔|ta3~2	塔|塔|ta3	2	defined	["名"]	["名"]	["loanword", "bound-form"]	[]	[]	一種甜食，下面是麵皮，上面放蛋或水果	一种甜食，下面是面皮，上面放蛋或水果				[1]	loanword	unreviewed		[]
塞|塞|sai1~1	塞|塞|sai1	1	defined	["動"]	["动"]	[]	[]	[]	用力把東西放進小的空間	用力把东西放进小的空间				[0]	general	unreviewed		[]
塞|塞|sai1~2	塞|塞|sai1	2	defined	["名"]	["名"]	["bound-form"]	[]	[]	用來封住瓶口的小東西	用来封住瓶口的小东西				[1]	bound-form	unreviewed		[]
塞|塞|sai4~1	塞|塞|sai4	1	defined	["名"]	["名"]	["bound-form"]	[]	[]	邊界上派兵守著的重要地方	边界上派兵守着的重要地方				[0]	bound-form	unreviewed		[]
塞|塞|se4~1	塞|塞|se4	1	defined	["動"]	["动"]	["bound-form"]	[]	[]	使原本可以通過的地方不通	使原本可以通过的地方不通				[0]	bound-form	unreviewed		[]
增加|增加|zeng1 jia1~1	增加|增加|zeng1 jia1	1	defined	["動"]	["动"]	[]	[]	[]	在原有的數量上變得更多	在原有的数量上变得更多	「增加」多說數量，「提高」多說水平。	「增加」多说数量，「提高」多说水平。		[0]	general	unreviewed		[]
壓|压|ya1~1	壓|压|ya1	1	defined	["動"]	["动"]	[]	[]	[]	從上面用力往下按	从上面用力往下按				[0, 1]	general	unreviewed		[]
壓|压|ya1~2	壓|压|ya1	2	defined	["動"]	["动"]	[]	[]	[]	用力量使人不敢說話或行動	用力量使人不敢说话或行动				[2]	general	unreviewed		[]
壓|压|ya1~3	壓|压|ya1	3	defined	["名"]	["名"]	["bound-form"]	[]	[]	物體之間互相推的力量	物体之间互相推的力量				[3]	general	unreviewed		[]
壓力|压力|ya1 li4~1	壓力|压力|ya1 li4	1	defined	["名"]	["名"]	[]	[]	[]	事情難或要求高時，心裡感到的緊張	事情难或要求高时，心里感到的紧张				[0]	general	unreviewed		[]
壓力|压力|ya1 li4~2	壓力|压力|ya1 li4	2	defined	["名"]	["名"]	[]	[]	["phys"]	物體被壓時，表面所受到的力量	物体被压时，表面所受到的力量				[0]	general	unreviewed		[]
士|士|shi4~1	士|士|shi4	1	defined	["名"]	["名"]	["bound-form"]	[]	["mil"]	軍隊中地位較低的成員	军队中地位较低的成员				[4, 5]	general	unreviewed		[]
士|士|shi4~2	士|士|shi4	2	defined	["名"]	["名"]	["bound-form"]	[]	[]	受過專門訓練或有學位的人	受过专门训练或有学位的人	學士、碩士、博士是三級學位，一級比一級高。	学士、硕士、博士是三级学位，一级比一级高。		[2, 6]	general	unreviewed		[]
士|士|shi4~3	士|士|shi4	3	defined	["名"]	["名"]	["bound-form"]	["hon"]	[]	對某一類人的尊稱	对某一类人的尊称				[3]	general	unreviewed		[]
士|士|shi4~4	士|士|shi4	4	defined	["名"]	["名"]	["bound-form"]	["arch"]	[]	舊時指讀書人，也指做官的人	旧时指读书人，也指做官的人				[0, 1]	general	unreviewed		[]
士兵|士兵|shi4 bing1~1	士兵|士兵|shi4 bing1	1	defined	["名"]	["名"]	[]	[]	["mil"]	軍隊裡的普通成員，不是長官	军队里的普通成员，不是长官				[0, 1]	general	unreviewed		[]
夏|夏|xia4~1	夏|夏|xia4	1	defined	["名"]	["名"]	["bound-form"]	[]	[]	一年四季中的第二季，天氣最熱	一年四季中的第二季，天气最热				[0]	general	unreviewed		[]
外|外|wai4~1	外|外|wai4	1	defined	["名"]	["名"]	[]	[]	[]	不在裡面的部分或地方	不在里面的部分或地方				[0, 3]	general	unreviewed		[]
外|外|wai4~2	外|外|wai4	2	defined	["形"]	["形"]	["bound-form"]	[]	[]	不屬於本國、本地或自己這一方的	不属于本国、本地或自己这一方的				[2]	general	unreviewed		[]
外|外|wai4~3	外|外|wai4	3	defined	["副"]	["副"]	["bound-form"]	[]	[]	除了前面說的，還有別的	除了前面说的，还有别的				[1]	general	unreviewed		[]
多|多|duo1~1	多|多|duo1	1	defined	["形", "副"]	["形", "副"]	[]	[]	[]	數量大，跟「少」相反	数量大，跟「少」相反	名詞前面常用「很多」，一般不單獨用「多」。	名词前面常用「很多」，一般不单独用「多」。		[0]	general	unreviewed		[]
多|多|duo1~2	多|多|duo1	2	defined	["數"]	["数"]	[]	[]	[]	用在數字或量詞後面，表示比這個數量大一些	用在数字或量词后面，表示比这个数量大一些				[2]	general	unreviewed		[]
多|多|duo1~3	多|多|duo1	3	defined	["副"]	["副"]	[]	[]	[]	用在形容詞前面，問程度	用在形容词前面，问程度	也可以用來表示程度高，例如「多好啊」。問數量常用「多少」，不用「多」。	也可以用来表示程度高，例如「多好啊」。问数量常用「多少」，不用「多」。		[3]	general	unreviewed		[]
多|多|duo1~4	多|多|duo1	4	defined	["動"]	["动"]	[]	[]	[]	超過原來或應該有的數量	超过原来或应该有的数量				[1]	general	unreviewed		[]
多|多|duo1~5	多|多|duo1	5	defined	["形"]	["形"]	["bound-form"]	[]	[]	有許多個或許多種的	有许多个或许多种的				[4]	bound-form	unreviewed		[]
多少|多少|duo1 shao3~1	多少|多少|duo1 shao3	1	defined	["名"]	["名"]	[]	[]	[]	數量的大小	数量的大小				[0]	general	unreviewed		[]
多少|多少|duo1 shao3~2	多少|多少|duo1 shao3	2	defined	["副"]	["副"]	[]	[]	[]	表示程度不大，有一點	表示程度不大，有一点				[1]	general	unreviewed		[]
多少|多少|duo1 shao5~1	多少|多少|duo1 shao5	1	defined	["代"]	["代"]	["function-word"]	[]	[]	用在問句裡，問數量或號碼	用在问句里，问数量或号码				[0, 1]	general	unreviewed		[]
夜|夜|ye4~1	夜|夜|ye4	1	defined	["名"]	["名"]	[]	[]	[]	從天黑到天亮的一段時間	从天黑到天亮的一段时间	「夜」多見於「半夜」「深夜」等詞語中，口語常說「晚上」。	「夜」多见于「半夜」「深夜」等词语中，口语常说「晚上」。		[0]	general	unreviewed		[]
夢|梦|meng4~1	夢|梦|meng4	1	defined	["名"]	["名"]	[]	[]	[]	睡覺時腦子裡出現的事情，不是真的	睡觉时脑子里出现的事情，不是真的				[0]	general	unreviewed		[]
夢|梦|meng4~2	夢|梦|meng4	2	defined	["動"]	["动"]	["bound-form"]	[]	[]	在睡覺時看見或經歷	在睡觉时看见或经历				[1]	bound-form	unreviewed		[]
大事|大事|da4 shi4~1	大事|大事|da4 shi4	1	defined	["名"]	["名"]	[]	[]	[]	重要而影響大的事情	重要而影响大的事情				[0, 1, 2, 4]	general	unreviewed		[]
大事|大事|da4 shi4~2	大事|大事|da4 shi4	2	defined	["副"]	["副"]	[]	["lit"]	[]	大規模地進行，多用在動詞前面	大规模地进行，多用在动词前面				[3]	general	unreviewed		[]
大型|大型|da4 xing2~1	大型|大型|da4 xing2	1	defined	["形"]	["形"]	[]	[]	[]	體積或規模比同類的大的	体积或规模比同类的大的	「大型」放在名詞前面，不能說「很大型」。	「大型」放在名词前面，不能说「很大型」。		[0, 1]	general	unreviewed		[]
大多數|大多数|da4 duo1 shu4~1	大多數|大多数|da4 duo1 shu4	1	defined	["名"]	["名"]	[]	[]	[]	一群人或事物中超過一半的部分	一群人或事物中超过一半的部分				[0]	general	unreviewed		[]
大學|大学|da4 xue2~1	大學|大学|da4 xue2	1	defined	["名"]	["名"]	["classifier-ref"]	[]	[]	中學畢業以後進入的學校，教專業知識	中学毕业以后进入的学校，教专业知识				[0, 1]	general	unreviewed		[]
大家|大家|da4 jia1~1	大家|大家|da4 jia1	1	defined	["代"]	["代"]	[]	[]	[]	一定範圍內的所有人	一定范围内的所有人				[0]	general	unreviewed		[]
大家|大家|da4 jia1~2	大家|大家|da4 jia1	2	defined	["名"]	["名"]	[]	[]	[]	學問或技術特別高，很有名的人	学问或技术特别高，很有名的人				[2]	general	unreviewed		[]
大家|大家|da4 jia1~3	大家|大家|da4 jia1	3	defined	["名"]	["名"]	[]	["arch"]	[]	舊時指有錢有地位的家族	旧时指有钱有地位的家族			archaic-form	[1]	general	unreviewed		[]
大會|大会|da4 hui4~1	大會|大会|da4 hui4	1	defined	["名"]	["名"]	["classifier-ref"]	[]	[]	由全體成員參加的正式會議	由全体成员参加的正式会议				[0, 1, 2, 3]	general	unreviewed		[]
大樓|大楼|da4 lou2~1	大樓|大楼|da4 lou2	1	defined	["名"]	["名"]	[]	[]	[]	又高又大、分成很多層的房子	又高又大、分成很多层的房子				[0, 1]	general	unreviewed	edited	["E-da4lou2-1"]
大約|大约|da4 yue1~1	大約|大约|da4 yue1	1	defined	["副"]	["副"]	[]	[]	[]	用在數量前面，表示數目只是估計	用在数量前面，表示数目只是估计				[0]	general	unreviewed		[]
大約|大约|da4 yue1~2	大約|大约|da4 yue1	2	defined	["副"]	["副"]	[]	[]	[]	表示說話的人認為很可能是這樣	表示说话的人认为很可能是这样				[1]	general	unreviewed		[]
大道|大道|da4 dao4~1	大道|大道|da4 dao4	1	defined	["名"]	["名"]	[]	[]	[]	城市裡又寬又直的主要道路	城市里又宽又直的主要道路				[0, 1]	general	unreviewed		[]
大部分|大部分|da4 bu4 fen5~1	大部分|大部分|da4 bu4 fen5	1	defined	["名"]	["名"]	[]	[]	[]	全部裡面超過一半的部分	全部里面超过一半的部分	「大部分」可以直接放在名詞前面，加不加「的」都可以。	「大部分」可以直接放在名词前面，加不加「的」都可以。		[0]	general	unreviewed		[]
大量|大量|da4 liang4~1	大量|大量|da4 liang4	1	defined	["形"]	["形"]	[]	[]	[]	數目很多，遠遠超過平常	数目很多，远远超过平常	「大量」後面接名詞時常加「的」，也可以直接放在動詞前面。	「大量」后面接名词时常加「的」，也可以直接放在动词前面。		[0, 1, 2, 3]	general	unreviewed		[]
大量|大量|da4 liang4~2	大量|大量|da4 liang4	2	defined	["形"]	["形"]	["bound-form"]	[]	[]	能原諒別人，不記小事的	能原谅别人，不记小事的				[4, 5]	general	unreviewed		[]
天|天|tian1~1	天|天|tian1	1	defined	["名"]	["名"]	[]	[]	[]	時間的單位，等於二十四小時	时间的单位，等于二十四小时	數字後面直接用「天」，不加量詞，例如「三天」。	数字后面直接用「天」，不加量词，例如「三天」。		[0]	general	unreviewed		[]
天|天|tian1~2	天|天|tian1	2	defined	["名"]	["名"]	[]	[]	[]	頭上很高、能看到太陽和星星的地方	头上很高、能看到太阳和星星的地方				[1]	general	unreviewed		[]
天|天|tian1~3	天|天|tian1	3	defined	["名"]	["名"]	[]	[]	[]	冷熱、風雨等自然的情況	冷热、风雨等自然的情况				[]	general	unreviewed		[]
天|天|tian1~4	天|天|tian1	4	defined	["名"]	["名"]	[]	[]	[]	傳統上指能決定一切的力量或神	传统上指能决定一切的力量或神	常用在「天啊」這樣的說法裡，表示意外。	常用在「天啊」这样的说法里，表示意外。		[2]	general	unreviewed		[]
天氣|天气|tian1 qi4~1	天氣|天气|tian1 qi4	1	defined	["名"]	["名"]	[]	[]	[]	一個地方在某段時間裡的冷熱、風雨等情況	一个地方在某段时间里的冷热、风雨等情况	「天氣」說的是這幾天的情況，「氣候」說的是一個地方長時間的情況。	「天气」说的是这几天的情况，「气候」说的是一个地方长时间的情况。		[0]	general	unreviewed		[]
太|太|tai4~1	太|太|tai4	1	defined	["副"]	["副"]	[]	[]	[]	表示程度超過一般，常帶不滿的意思	表示程度超过一般，常带不满的意思	「很」只說程度高，「太」多表示超過了能接受的程度。	「很」只说程度高，「太」多表示超过了能接受的程度。		[2]	general	unreviewed		[]
太|太|tai4~2	太|太|tai4	2	defined	["副"]	["副"]	[]	[]	[]	表示程度極高，帶有強烈的感情	表示程度极高，带有强烈的感情	多用「太…了」的說法，很少單說「太」。	多用「太…了」的说法，很少单说「太」。		[3, 4]	general	unreviewed		[]
太|太|tai4~3	太|太|tai4	3	defined	["副"]	["副"]	["bound-form"]	[]	[]	達到最高或最早的程度	达到最高或最早的程度				[0, 1]	general	unreviewed		[]
太空|太空|tai4 kong1~1	太空|太空|tai4 kong1	1	defined	["名"]	["名"]	[]	[]	[]	地球以外的廣大空間	地球以外的广大空间	「天空」是從地面看到的上方，「太空」在地球以外。	「天空」是从地面看到的上方，「太空」在地球以外。		[0]	general	unreviewed		[]
太陽|太阳|tai4 yang5~1	太陽|太阳|tai4 yang5	1	defined	["名"]	["名"]	[]	[]	[]	白天在天空中發出光和熱的星	白天在天空中发出光和热的星				[0, 1]	general	unreviewed		[]
太陽|太阳|tai4 yang5~2	太陽|太阳|tai4 yang5	2	defined	["名"]	["名"]	["abbr"]	[]	[]	太陽穴的簡稱	太阳穴的简称				[2]	abbreviation	unreviewed		[]
夫|夫|fu1~1	夫|夫|fu1	1	defined	["名"]	["名"]	["bound-form"]	[]	[]	跟妻子結成婚姻的男人	跟妻子结成婚姻的男人				[0]	general	unreviewed		[]
夫|夫|fu1~2	夫|夫|fu1	2	defined	["名"]	["名"]	["bound-form"]	[]	[]	做某種體力工作的人	做某种体力工作的人				[1, 2, 3]	general	unreviewed		[]
夫|夫|fu2~1	夫|夫|fu2	1	defined	["代"]	["代"]	["function-word"]	["lit"]	[]	用在名詞前面，指較遠的人或事物	用在名词前面，指较远的人或事物	「夫」多指較遠的人或事物，「此」指眼前近的。	「夫」多指较远的人或事物，「此」指眼前近的。	archaic-form	[0, 1]	function-word	unreviewed		[]
夫|夫|fu2~2	夫|夫|fu2	2	defined	["助"]	["助"]	["particle", "function-word"]	["lit"]	[]	用在句子開頭，引出下面要說的意見	用在句子开头，引出下面要说的意见	「夫」在句首語氣很輕，多見於古書中發表看法的地方。	「夫」在句首语气很轻，多见于古书中发表看法的地方。	archaic-form	[3]	function-word	unreviewed		[]
夫|夫|fu2~3	夫|夫|fu2	3	defined	["助"]	["助"]	["particle", "function-word"]	["lit"]	[]	用在句子最後，加強感情的語氣	用在句子最后，加强感情的语气	句子最後的「夫」，語氣跟現代的「啊」差不多。	句子最后的「夫」，语气跟现代的「啊」差不多。	archaic-form	[2]	function-word	unreviewed		[]
夫人|夫人|fu1 ren5~1	夫人|夫人|fu1 ren5	1	defined	["名"]	["名"]	[]	[]	[]	對別人妻子的客氣稱呼	对别人妻子的客气称呼	說自己的妻子不用「夫人」，多用「太太」。	说自己的妻子不用「夫人」，多用「太太」。		[0, 1, 2, 3]	general	unreviewed		[]
失去|失去|shi1 qu4~1	失去|失去|shi1 qu4	1	defined	["動"]	["动"]	[]	[]	[]	不再擁有本來有的東西	不再拥有本来有的东西	「失去」多用在機會、信心一類的事物上，「丟」多用在小東西上。	「失去」多用在机会、信心一类的事物上，「丢」多用在小东西上。		[0]	general	unreviewed		[]
失敗|失败|shi1 bai4~1	失敗|失败|shi1 bai4	1	defined	["動", "名"]	["动", "名"]	[]	[]	[]	沒有達到目的，或在競爭中輸給對方	没有达到目的，或在竞争中输给对方	「輸」多用在比賽上，「失敗」還可以說事情沒做成。	「输」多用在比赛上，「失败」还可以说事情没做成。		[0, 1, 2, 3, 4, 5]	general	unreviewed		[]
奇|奇|ji1~1	奇|奇|ji1	1	defined	["形"]	["形"]	["bound-form"]	[]	[]	不能分成相等兩份的，如一、三、五	不能分成相等两份的，如一、三、五	跟「偶數」相對，二、四、六是偶數。	跟「偶数」相对，二、四、六是偶数。		[0]	general	unreviewed		[]
奇|奇|qi2~1	奇|奇|qi2	1	defined	["形"]	["形"]	["bound-form"]	[]	[]	跟一般的不一樣，很少見到的	跟一般的不一样，很少见到的				[0, 1, 2]	general	unreviewed		[]
奇|奇|qi2~2	奇|奇|qi2	2	defined	["形"]	["形"]	["bound-form"]	[]	[]	讓人想不到而且特別好的	让人想不到而且特别好的				[3]	general	unreviewed		[]
奇|奇|qi2~3	奇|奇|qi2	3	defined	["副"]	["副"]	[]	[]	[]	表示程度很高，相當於「非常」	表示程度很高，相当于「非常」	多用在單音節形容詞前面，如「奇冷」、「奇高」。	多用在单音节形容词前面，如「奇冷」、「奇高」。		[4, 5]	general	unreviewed		[]
套|套|tao4~1	套|套|tao4	1	defined	["動"]	["动"]	[]	[]	[]	把東西從外面罩上或穿上	把东西从外面罩上或穿上				[0, 1, 4, 5]	general	unreviewed		[]
套|套|tao4~2	套|套|tao4	2	defined	["名"]	["名"]	["bound-form"]	[]	[]	罩在外面用來保護的東西	罩在外面用来保护的东西				[2, 3]	general	unreviewed		[]
套|套|tao4~3	套|套|tao4	3	defined	["量"]	["量"]	["classifier-is"]	[]	[]	用於計算配成一組的東西，如衣服、房子	用于计算配成一组的东西，如衣服、房子				[13]	classifier-is	unreviewed		[]
套|套|tao4~4	套|套|tao4	4	defined	["動"]	["动"]	[]	[]	[]	照著現成的樣子或格式做	照着现成的样子或格式做				[6, 7]	general	unreviewed		[]
套|套|tao4~5	套|套|tao4	5	defined	["名"]	["名"]	["bound-form"]	[]	[]	現成的、常用的說法或做法	现成的、常用的说法或做法				[8]	general	unreviewed		[]
套|套|tao4~6	套|套|tao4	6	defined	["名"]	["名"]	["bound-form"]	[]	[]	用繩子等做成的圈	用绳子等做成的圈	「圈套」現在多指騙人的辦法。	「圈套」现在多指骗人的办法。		[9, 10]	general	unreviewed		[]
套|套|tao4~7	套|套|tao4	7	defined	["動"]	["动"]	[]	[]	[]	用話引出別人不想說的事	用话引出别人不想说的事				[11, 12]	general	unreviewed		[]
套|套|tao4~8	套|套|tao4	8	defined	["名"]	["名"]	[]	[]	["geog"]	河流彎曲的地方	河流弯曲的地方	多用在地名裡，如河套。	多用在地名里，如河套。	proper-name	[14]	general	unreviewed		[]
奧|奥|ao4~1	奧|奥|ao4	1	defined	["形"]	["形"]	["bound-form"]	[]	[]	意思很深，不容易理解的	意思很深，不容易理解的				[0, 1]	general	unreviewed		[]
奪|夺|duo2~1	奪|夺|duo2	1	defined	["動"]	["动"]	[]	[]	[]	用強力把別人的東西拿過來	用强力把别人的东西拿过来				[0, 1, 2]	general	unreviewed		[]
奪|夺|duo2~2	奪|夺|duo2	2	defined	["動"]	["动"]	[]	[]	[]	努力爭取，想比別人先得到	努力争取，想比别人先得到				[3]	general	unreviewed		[]
奪|夺|duo2~3	奪|夺|duo2	3	defined	["動"]	["动"]	[]	["lit"]	[]	用力衝開阻擋，強行通過	用力冲开阻挡，强行通过				[4]	general	unreviewed		[]
奪|夺|duo2~4	奪|夺|duo2	4	defined	["動"]	["动"]	[]	["arch"]	[]	失去，或指文字漏掉	失去，或指文字漏掉	這個用法多見於文言和舊時的校書，現在幾乎不單用。	这个用法多见于文言和旧时的校书，现在几乎不单用。	archaic-form	[5, 6]	general	unreviewed	edited	["E-duo2-4"]
女|女|nu:3~1	女|女|nu:3	1	defined	["名", "形"]	["名", "形"]	[]	[]	[]	人或動物中的女性，跟男性不同	人或动物中的女性，跟男性不同				[0, 1]	general	unreviewed		[]
女|女|nu:3~2	女|女|nu:3	2	defined	["名"]	["名"]	["bound-form"]	[]	[]	父母所生的女性孩子	父母所生的女性孩子				[2]	general	unreviewed		[]
女人|女人|nu:3 ren2~1	女人|女人|nu:3 ren2	1	defined	["名"]	["名"]	[]	[]	[]	成年的女性	成年的女性	說話時常用「女人」，正式的名稱裡多用「女子」。	说话时常用「女人」，正式的名称里多用「女子」。		[0]	general	unreviewed		[]
女人|女人|nu:3 ren5~1	女人|女人|nu:3 ren5	1	defined	["名"]	["名"]	[]	["coll"]	[]	跟男人結婚的女性	跟男人结婚的女性	多說「我女人」，意思跟「老婆」差不多。	多说「我女人」，意思跟「老婆」差不多。		[0]	general	unreviewed		[]
女兒|女儿|nu:3 er2~1	女兒|女儿|nu:3 er2	1	defined	["名"]	["名"]	[]	[]	[]	對父母來說，女性的孩子	对父母来说，女性的孩子	「女孩」說的是年齡小的女性，「女兒」說的是跟父母的關係。	「女孩」说的是年龄小的女性，「女儿」说的是跟父母的关系。		[0]	general	unreviewed		[]
女子|女子|nu:3 zi3~1	女子|女子|nu:3 zi3	1	defined	["名"]	["名"]	[]	["lit"]	[]	女性，多指已經長大的	女性，多指已经长大的	「女子」常用在「女子組」這類名稱前面，平常說人多說「女人」。	「女子」常用在「女子组」这类名称前面，平常说人多说「女人」。		[0, 1]	general	unreviewed		[]
女孩|女孩|nu:3 hai2~1	女孩|女孩|nu:3 hai2	1	defined	["名"]	["名"]	[]	[]	[]	年紀還小、沒有長大的女性	年纪还小、没有长大的女性				[0]	general	unreviewed		[]
女性|女性|nu:3 xing4~1	女性|女性|nu:3 xing4	1	defined	["名"]	["名"]	[]	[]	[]	性別為女的人，跟男性相對	性别为女的人，跟男性相对	「女性」多用在正式或書面的場合，日常說話多說「女人」。	「女性」多用在正式或书面的场合，日常说话多说「女人」。		[0, 1]	general	unreviewed		[]
女王|女王|nu:3 wang2~1	女王|女王|nu:3 wang2	1	defined	["名"]	["名"]	[]	[]	[]	一國地位最高的統治者，由女子擔任	一国地位最高的统治者，由女子担任				[0]	general	unreviewed		[]
她|她|ta1~1	她|她|ta1	1	defined	["代"]	["代"]	[]	[]	[]	稱自己和對方以外的某個女性	称自己和对方以外的某个女性	「她」和「他」、「它」讀音相同，只在寫法上不同。	「她」和「他」、「它」读音相同，只在写法上不同。		[0]	general	unreviewed		[]
她們|她们|ta1 men5~1	她們|她们|ta1 men5	1	defined	["代"]	["代"]	[]	[]	[]	指說話人和聽話人以外的兩個以上女性	指说话人和听话人以外的两个以上女性	「他們」可以指男女都有的一群人，「她們」只指女性。	「他们」可以指男女都有的一群人，「她们」只指女性。		[0]	general	unreviewed		[]
好|好|hao3~1	好|好|hao3	1	defined	["形"]	["形"]	[]	[]	[]	讓人滿意的，符合要求的	让人满意的，符合要求的				[0, 1]	general	unreviewed		[]
好|好|hao3~2	好|好|hao3	2	defined	["形"]	["形"]	["bound-form"]	[]	[]	做起來容易的，或讓人喜歡的	做起来容易的，或让人喜欢的	「好」用在動詞前面，跟「難」相反，例如「好走」和「難走」。	「好」用在动词前面，跟「难」相反，例如「好走」和「难走」。		[3, 4]	general	unreviewed		[]
好|好|hao3~3	好|好|hao3	3	defined	["副"]	["副"]	[]	[]	[]	用在形容詞前面，表示程度很高	用在形容词前面，表示程度很高	「好」比「很」語氣更強，多用在說話裡。	「好」比「很」语气更强，多用在说话里。		[5]	general	unreviewed		[]
好|好|hao3~4	好|好|hao3	4	defined	["補"]	["补"]	["function-word"]	[]	[]	用在動詞後面，表示事情做完了	用在动词后面，表示事情做完了				[6]	general	unreviewed	edited	["R57B-004"]
好|好|hao3~5	好|好|hao3	5	defined	["嘆"]	["叹"]	[]	[]	[]	表示同意、答應對方的說法	表示同意、答应对方的说法				[2]	general	unreviewed		[]
好|好|hao3~6	好|好|hao3	6	defined	["嘆"]	["叹"]	["bound-form"]	[]	[]	用在稱呼後面，見面時說的客氣話	用在称呼后面，见面时说的客气话				[8]	general	unreviewed		[]
好|好|hao3~7	好|好|hao3	7	defined	["形"]	["形"]	[]	[]	[]	兩個人感情深、關係親近的	两个人感情深、关系亲近的				[7]	general	unreviewed		[]
好|好|hao4~1	好|好|hao4	1	defined	["動"]	["动"]	["bound-form"]	[]	[]	對某種事情特別喜歡，常常去做	对某种事情特别喜欢，常常去做	同一個字讀第三聲時，是「不錯」的意思。	同一个字读第三声时，是「不错」的意思。		[0]	general	unreviewed		[]
如|如|ru2~1	如|如|ru2	1	defined	["動"]	["动"]	[]	["lit"]	[]	跟另一個事物一樣或差不多	跟另一个事物一样或差不多				[0, 1]	general	unreviewed		[]
如|如|ru2~2	如|如|ru2	2	defined	["連"]	["连"]	[]	["lit"]	[]	用在前一句，表示假設的條件	用在前一句，表示假设的条件	說話時多用「如果」，「如」多用在文字裡。	说话时多用「如果」，「如」多用在文字里。		[]	general	unreviewed		[]
如|如|ru2~3	如|如|ru2	3	defined	["動"]	["动"]	[]	["lit"]	[]	用來引出下面舉的例子	用来引出下面举的例子				[2]	general	unreviewed		[]
如何|如何|ru2 he2~1	如何|如何|ru2 he2	1	defined	["代"]	["代"]	[]	[]	[]	用來問方式、情況或意見	用来问方式、情况或意见	「如何」多用在書面上，說話時常用「怎麼樣」。	「如何」多用在书面上，说话时常用「怎么样」。		[0, 1, 2]	general	unreviewed		[]
如果|如果|ru2 guo3~1	如果|如果|ru2 guo3	1	defined	["連"]	["连"]	["function-word"]	[]	[]	用在前一個分句，提出假設的情況，後面說出結果	用在前一个分句，提出假设的情况，后面说出结果	「要是」意思相同，多用在說話裡。	「要是」意思相同，多用在说话里。		[0]	general	unreviewed		[]
如此|如此|ru2 ci3~1	如此|如此|ru2 ci3	1	defined	["代"]	["代"]	[]	[]	[]	指前面提到的情況或程度	指前面提到的情况或程度	常說「原來如此」，表示明白了對方的話。	常说「原来如此」，表示明白了对方的话。		[0]	general	unreviewed		[]
妮|妮|ni1~1	妮|妮|ni1	1	defined	["名"]	["名"]	["bound-form"]	["dialect"]	[]	還沒長大的女孩	还没长大的女孩				[0]	general	unreviewed		[]
妮|妮|ni1~2	妮|妮|ni1	2	defined	["名"]	["名"]	[]	[]	[]	用在女子名字裡的字，多見於外國人名	用在女子名字里的字，多见于外国人名			proper-name	[1]	general	unreviewed		[]
妳|你|ni3~1	妳|你|ni3	1	defined	["代"]	["代"]	[]	[]	[]	稱呼對方，只用於女性	称呼对方，只用于女性	讀音和「你」相同，臺灣的書面多用「妳」稱女性。大陸一般只寫「你」，不分男女。	读音和「你」相同，台湾的书面多用「你」称女性。大陆一般只写「你」，不分男女。		[0]	general	unreviewed		[]
妹妹|妹妹|mei4 mei5~1	妹妹|妹妹|mei4 mei5	1	defined	["名"]	["名"]	[]	[]	[]	同一個父母所生、年齡比自己小的女子	同一个父母所生、年龄比自己小的女子				[0, 2]	general	unreviewed		[]
妹妹|妹妹|mei4 mei5~2	妹妹|妹妹|mei4 mei5	2	defined	["名"]	["名"]	[]	["coll"]	[]	用來稱呼不認識的年輕女子	用来称呼不认识的年轻女子				[1]	general	unreviewed		[]
妻子|妻子|qi1 zi3~1	妻子|妻子|qi1 zi3	1	defined	["名"]	["名"]	[]	["lit"]	[]	一個人的太太和兒女	一个人的太太和儿女	這是舊時的說法，今天多見於古書。	这是旧时的说法，今天多见于古书。	archaic-form	[0]	general	unreviewed		[]
妻子|妻子|qi1 zi5~1	妻子|妻子|qi1 zi5	1	defined	["名"]	["名"]	[]	[]	[]	跟某個男人結婚的女人	跟某个男人结婚的女人	「妻子」是一般的說法，「老婆」多用在口語。	「妻子」是一般的说法，「老婆」多用在口语。		[0]	general	unreviewed		[]
姓|姓|xing4~1	姓|姓|xing4	1	defined	["名", "動"]	["名", "动"]	[]	[]	[]	表示家族的字，放在人名的最前面	表示家族的字，放在人名的最前面	問對方的姓常說「您貴姓」，回答時只說姓，不加「貴」。	问对方的姓常说「您贵姓」，回答时只说姓，不加「贵」。		[0, 1]	general	unreviewed		[]
委員會|委员会|wei3 yuan2 hui4~1	委員會|委员会|wei3 yuan2 hui4	1	defined	["名"]	["名"]	[]	[]	[]	由幾個人組成、共同負責某方面工作的機構	由几个人组成、共同负责某方面工作的机构				[0]	general	unreviewed		[]
威|威|wei1~1	威|威|wei1	1	defined	["名"]	["名"]	["bound-form"]	[]	[]	使人害怕、不敢反對的力量	使人害怕、不敢反对的力量				[0, 1, 2]	general	unreviewed		[]
威脅|威胁|wei1 xie2~1	威脅|威胁|wei1 xie2	1	defined	["動", "名"]	["动", "名"]	[]	[]	[]	用可怕的結果讓人害怕、不敢反對	用可怕的结果让人害怕、不敢反对	也說「對…造成威脅」，表示讓人或事物有危險。	也说「对…造成威胁」，表示让人或事物有危险。		[0]	general	unreviewed		[]
娛樂|娱乐|yu2 le4~1	娛樂|娱乐|yu2 le4	1	defined	["名", "動"]	["名", "动"]	[]	[]	[]	讓人放鬆、感到快樂；也指這樣的活動	让人放松、感到快乐；也指这样的活动	「娛樂」常用在「娛樂節目」「娛樂活動」這樣的說法裡。	「娱乐」常用在「娱乐节目」「娱乐活动」这样的说法里。		[0, 1, 2, 3, 4, 5, 6, 7]	general	unreviewed		[]
婚姻|婚姻|hun1 yin1~1	婚姻|婚姻|hun1 yin1	1	defined	["名"]	["名"]	["classifier-ref"]	[]	[]	兩個人結婚後成為夫妻的關係	两个人结婚后成为夫妻的关系	「結婚」是動作，「婚姻」是狀態，不能說「他們婚姻了」。	「结婚」是动作，「婚姻」是状态，不能说「他们婚姻了」。		[0, 1]	general	unreviewed		[]
婦女|妇女|fu4 nu:3~1	婦女|妇女|fu4 nu:3	1	defined	["名"]	["名"]	[]	[]	[]	成年女子的總稱	成年女子的总称	多用在正式的說法裡，平常說話用「女人」。	多用在正式的说法里，平常说话用「女人」。		[0]	general	unreviewed		[]
媒體|媒体|mei2 ti3~1	媒體|媒体|mei2 ti3	1	defined	["名"]	["名"]	[]	[]	[]	報紙、電視等向大家報道消息的工具	报纸、电视等向大家报道消息的工具				[0]	general	unreviewed		[]
嫁|嫁|jia4~1	嫁|嫁|jia4	1	defined	["動"]	["动"]	[]	[]	[]	女子結婚，成為別人的妻子	女子结婚，成为别人的妻子	說女子用「嫁」，說男子用「娶」。	说女子用「嫁」，说男子用「娶」。		[0]	general	unreviewed		[]
嫁|嫁|jia4~2	嫁|嫁|jia4	2	defined	["動"]	["动"]	[]	[]	[]	父母讓女兒出嫁	父母让女儿出嫁				[1]	general	unreviewed		[]
嫁|嫁|jia4~3	嫁|嫁|jia4	3	defined	["動"]	["动"]	["bound-form"]	[]	[]	把責任或損失推給別人	把责任或损失推给别人				[2]	general	unreviewed		[]
子|子|zi5~1	子|子|zi5	1	defined	["綴"]	["缀"]	["function-word", "bound-form"]	[]	[]	加在別的詞後面，構成名詞	加在别的词后面，构成名词	讀輕聲，本身不表示「兒子」的意思。	读轻声，本身不表示「儿子」的意思。		[0]	function-word	unreviewed		[]
字|字|zi4~1	字|字|zi4	1	defined	["名"]	["名"]	[]	[]	[]	寫出來記錄語言的單位	写出来记录语言的单位	「字」是一個一個寫的，「詞」可能由幾個字組成。	「字」是一个一个写的，「词」可能由几个字组成。		[0, 1, 2, 3, 4]	general	unreviewed	edited	["E-zi4-1"]
字|字|zi4~2	字|字|zi4	2	defined	["名"]	["名"]	[]	[]	[]	舊時男子成年後另取的名	旧时男子成年后另取的名				[5]	general	unreviewed		[]
字母|字母|zi4 mu3~1	字母|字母|zi4 mu3	1	defined	["名"]	["名"]	[]	[]	["ling"]	英語等語言中用來寫出聲音的字	英语等语言中用来写出声音的字				[0, 1]	general	unreviewed		[]
存|存|cun2~1	存|存|cun2	1	defined	["動"]	["动"]	[]	[]	[]	把錢或東西放在某個地方，以後再用	把钱或东西放在某个地方，以后再用				[1, 2, 3]	general	unreviewed		[]
存|存|cun2~2	存|存|cun2	2	defined	["動"]	["动"]	["bound-form"]	[]	[]	繼續存在，沒有消失或死去	继续存在，没有消失或死去				[0, 4]	general	unreviewed		[]
存在|存在|cun2 zai4~1	存在|存在|cun2 zai4	1	defined	["動", "名"]	["动", "名"]	[]	[]	[]	事物實際上有，不是想出來的	事物实际上有，不是想出来的	「有」用在日常說話，「存在」多用在書面和正式的場合。	「有」用在日常说话，「存在」多用在书面和正式的场合。		[0, 1, 2]	general	unreviewed		[]
季|季|ji4~1	季|季|ji4	1	defined	["名"]	["名"]	["bound-form"]	[]	[]	一年分成的四段時間中的一段	一年分成的四段时间中的一段				[0]	general	unreviewed		[]
季|季|ji4~2	季|季|ji4	2	defined	["量"]	["量"]	["classifier-is"]	[]	[]	用於計算一年裡分成幾段的時間或收成	用于计算一年里分成几段的时间或收成				[3]	classifier-is	unreviewed		[]
季|季|ji4~3	季|季|ji4	3	defined	["名"]	["名"]	[]	["lit"]	[]	舊時指一個季節裡的最後一個月	旧时指一个季节里的最后一个月			archaic-form	[1]	general	unreviewed		[]
季|季|ji4~4	季|季|ji4	4	defined	["名"]	["名"]	[]	["lit"]	[]	舊時指兄弟中最小的一個	旧时指兄弟中最小的一个			archaic-form	[2]	general	unreviewed		[]
孩子|孩子|hai2 zi5~1	孩子|孩子|hai2 zi5	1	defined	["名"]	["名"]	[]	[]	[]	還沒有長大的人	还没有长大的人				[0]	general	unreviewed		[]
孩子|孩子|hai2 zi5~2	孩子|孩子|hai2 zi5	2	defined	["名"]	["名"]	[]	[]	[]	父母生的兒子或女兒	父母生的儿子或女儿	說「我的孩子」時，年齡多大都可以。	说「我的孩子」时，年龄多大都可以。		[0]	general	unreviewed		[]
學會|学会|xue2 hui4~1	學會|学会|xue2 hui4	1	defined	["動"]	["动"]	[]	[]	[]	通過學習得到做某件事的能力	通过学习得到做某件事的能力				[0]	general	unreviewed		[]
學會|学会|xue2 hui4~2	學會|学会|xue2 hui4	2	defined	["名"]	["名"]	[]	[]	[]	研究同一門學問的人組成的團體	研究同一门学问的人组成的团体				[1]	general	unreviewed		[]
學校|学校|xue2 xiao4~1	學校|学校|xue2 xiao4	1	defined	["名"]	["名"]	[]	[]	[]	按照計劃教學生知識的機構	按照计划教学生知识的机构				[0, 1]	general	unreviewed	edited	["E-xue2xiao4-1"]
學生|学生|xue2 sheng5~1	學生|学生|xue2 sheng5	1	defined	["名"]	["名"]	[]	[]	[]	在學校裡跟老師學習的人	在学校里跟老师学习的人				[0, 1]	general	unreviewed		[]
學習|学习|xue2 xi2~1	學習|学习|xue2 xi2	1	defined	["動"]	["动"]	[]	[]	[]	從書本或別人那裡得到知識和本領	从书本或别人那里得到知识和本领				[0]	general	unreviewed		[]
學院|学院|xue2 yuan4~1	學院|学院|xue2 yuan4	1	defined	["名"]	["名"]	[]	[]	[]	以某類專業為主的高等學校	以某类专业为主的高等学校				[0, 1, 2, 4]	general	unreviewed		[]
學院|学院|xue2 yuan4~2	學院|学院|xue2 yuan4	2	defined	["名"]	["名"]	[]	[]	[]	大學裡按專業分成的部分	大学里按专业分成的部分				[3]	general	unreviewed		[]
它|它|ta1~1	它|它|ta1	1	defined	["代"]	["代"]	[]	[]	[]	指人以外的東西	指人以外的东西	「他」指人，「她」指女性，「它」指人以外的東西，三個字讀音相同。	「他」指人，「她」指女性，「它」指人以外的东西，三个字读音相同。		[0]	general	unreviewed		[]
它們|它们|ta1 men5~1	它們|它们|ta1 men5	1	defined	["代"]	["代"]	[]	[]	[]	用來指前面說過的幾個東西或動物	用来指前面说过的几个东西或动物	「它們」只用來指東西和動物，指人要用「他們」。	「它们」只用来指东西和动物，指人要用「他们」。		[0]	general	unreviewed		[]
宇宙|宇宙|yu3 zhou4~1	宇宙|宇宙|yu3 zhou4	1	defined	["名"]	["名"]	[]	[]	[]	包括地球、星星和空間在內的一切事物	包括地球、星星和空间在内的一切事物	「太空」指地球以外的空間，「宇宙」說的範圍比它更大。	「太空」指地球以外的空间，「宇宙」说的范围比它更大。		[0]	general	unreviewed		[]
守|守|shou3~1	守|守|shou3	1	defined	["動"]	["动"]	[]	[]	[]	看著某個地方，不讓別人進入或拿走	看着某个地方，不让别人进入或拿走				[0, 1, 2]	general	unreviewed		[]
守|守|shou3~2	守|守|shou3	2	defined	["動"]	["动"]	[]	[]	[]	按照規定或約定去做	按照规定或约定去做				[3, 4]	general	unreviewed		[]
守|守|shou3~3	守|守|shou3	3	defined	["動"]	["动"]	[]	["coll"]	[]	待在人或東西旁邊，不離開	待在人或东西旁边，不离开				[5, 6]	general	unreviewed		[]
安|安|an1~1	安|安|an1	1	defined	["形"]	["形"]	["bound-form"]	[]	[]	沒有危險、不會出事的	没有危险、不会出事的				[2]	bound-form	unreviewed		[]
安|安|an1~2	安|安|an1	2	defined	["動"]	["动"]	[]	[]	[]	把東西裝好或把人放到一定的位置	把东西装好或把人放到一定的位置				[4, 5]	general	unreviewed		[]
安|安|an1~3	安|安|an1	3	defined	["形"]	["形"]	["bound-form"]	[]	[]	心裡放鬆、不擔心的	心里放松、不担心的				[0, 3]	bound-form	unreviewed		[]
安|安|an1~4	安|安|an1	4	defined	["動"]	["动"]	["bound-form"]	[]	[]	使人不再擔心或害怕	使人不再担心或害怕				[1]	bound-form	unreviewed		[]
安|安|an1~5	安|安|an1	5	defined	["動"]	["动"]	[]	[]	[]	存著壞念頭，或給人加上罪名	存着坏念头，或给人加上罪名				[6, 7]	general	unreviewed		[]
安|安|an1~6	安|安|an1	6	defined	["名"]	["名"]	["abbr"]	[]	["phys"]	安培的簡稱	安培的简称				[8]	abbreviation	unreviewed	edited	["E-an1-6"]
安排|安排|an1 pai2~1	安排|安排|an1 pai2	1	defined	["動", "名"]	["动", "名"]	[]	[]	[]	有計劃地決定事情怎麼做、什麼時候做	有计划地决定事情怎么做、什么时候做				[0, 1, 2, 3, 4]	general	unreviewed		[]
完|完|wan2~1	完|完|wan2	1	defined	["動"]	["动"]	[]	[]	[]	進行到最後結束，沒有剩下的	进行到最后结束，没有剩下的	常放在動詞後面，表示動作結束，如「吃完」「說完」。	常放在动词后面，表示动作结束，如「吃完」「说完」。		[0, 1]	general	unreviewed		[]
完|完|wan2~2	完|完|wan2	2	defined	["形"]	["形"]	["bound-form"]	[]	[]	應該有的都有，沒有壞的	应该有的都有，没有坏的				[2, 3, 4]	general	unreviewed	edited	["E-wan2-2"]
完全|完全|wan2 quan2~1	完全|完全|wan2 quan2	1	defined	["形", "副"]	["形", "副"]	[]	[]	[]	整個的，一點也沒有少	整个的，一点也没有少	常放在動詞或形容詞前面，如「完全不同」「完全正確」。	常放在动词或形容词前面，如「完全不同」「完全正确」。		[0, 1]	general	unreviewed		[]
完成|完成|wan2 cheng2~1	完成|完成|wan2 cheng2	1	defined	["動"]	["动"]	[]	[]	[]	把事情做完，達到原來的目的	把事情做完，达到原来的目的	「結束」只表示事情停了，「完成」還表示做到了原來要做的。	「结束」只表示事情停了，「完成」还表示做到了原来要做的。		[0]	general	unreviewed		[]
完整|完整|wan2 zheng3~1	完整|完整|wan2 zheng3	1	defined	["形"]	["形"]	[]	[]	[]	該有的部分都在，沒有缺少或破壞的	该有的部分都在，没有缺少或破坏的	「完整」說的是整體沒有缺少，「完全」說的是程度上到了頭。	「完整」说的是整体没有缺少，「完全」说的是程度上到了头。		[0, 1]	general	unreviewed		[]
完美|完美|wan2 mei3~1	完美|完美|wan2 mei3	1	defined	["形"]	["形"]	[]	[]	[]	非常好，沒有一點不好的地方	非常好，没有一点不好的地方				[0]	general	unreviewed		[]
宗|宗|zong1~1	宗|宗|zong1	1	defined	["名"]	["名"]	["bound-form"]	[]	[]	同一祖先傳下來的家族	同一祖先传下来的家族				[4, 5]	general	unreviewed		[]
宗|宗|zong1~2	宗|宗|zong1	2	defined	["名"]	["名"]	["bound-form"]	[]	[]	宗教或學術上的派別	宗教或学术上的派别				[0, 1]	general	unreviewed		[]
宗|宗|zong1~3	宗|宗|zong1	3	defined	["名"]	["名"]	["bound-form"]	[]	[]	做事最主要的目的	做事最主要的目的				[2]	general	unreviewed		[]
宗|宗|zong1~4	宗|宗|zong1	4	defined	["名"]	["名"]	["bound-form"]	["lit"]	[]	學術或藝術上值得學習的榜樣	学术或艺术上值得学习的榜样				[3, 6]	general	unreviewed		[]
宗|宗|zong1~5	宗|宗|zong1	5	defined	["量"]	["量"]	["classifier-is"]	[]	[]	用於計算事情、買賣或案件	用于计算事情、买卖或案件				[7]	classifier-is	unreviewed		[]
宗教|宗教|zong1 jiao4~1	宗教|宗教|zong1 jiao4	1	defined	["名"]	["名"]	[]	[]	[]	對神或某種力量的信仰和活動	对神或某种力量的信仰和活动				[0]	general	unreviewed		[]
官|官|guan1~1	官|官|guan1	1	defined	["名"]	["名"]	[]	[]	[]	在政府或軍隊裡有職位的人	在政府或军队里有职位的人				[0, 5]	general	unreviewed		[]
官|官|guan1~2	官|官|guan1	2	defined	["形"]	["形"]	["bound-form"]	[]	[]	屬於政府的，不是私人的	属于政府的，不是私人的				[1, 2, 3]	general	unreviewed		[]
官|官|guan1~3	官|官|guan1	3	defined	["名"]	["名"]	["bound-form"]	[]	[]	身體上有一定作用的部分	身体上有一定作用的部分				[4]	general	unreviewed		[]
官員|官员|guan1 yuan2~1	官員|官员|guan1 yuan2	1	defined	["名"]	["名"]	[]	[]	[]	在政府或組織中負責管理的人員	在政府或组织中负责管理的人员				[0, 1]	general	unreviewed		[]
官方|官方|guan1 fang1~1	官方|官方|guan1 fang1	1	defined	["名"]	["名"]	[]	[]	[]	政府或有關機構的一方	政府或有关机构的一方	「官方」跟「民間」相對，常用在消息、網站、說法等詞的前面。	「官方」跟「民间」相对，常用在消息、网站、说法等词的前面。		[0, 1]	general	unreviewed		[]
定|定|ding4~1	定|定|ding4	1	defined	["動"]	["动"]	[]	[]	[]	決定下來，使不再改變	决定下来，使不再改变				[0]	general	unreviewed		[]
定|定|ding4~2	定|定|ding4	2	defined	["動"]	["动"]	[]	[]	[]	事先約好要買或要用	事先约好要买或要用				[1]	general	unreviewed		[]
定|定|ding4~3	定|定|ding4	3	defined	["動"]	["动"]	[]	[]	[]	液體變得不再流動	液体变得不再流动				[2]	general	unreviewed		[]
定|定|ding4~4	定|定|ding4	4	defined	["副"]	["副"]	[]	["lit"]	[]	表示肯定會這樣，多用在動詞前	表示肯定会这样，多用在动词前				[3]	general	unreviewed		[]
定義|定义|ding4 yi4~1	定義|定义|ding4 yi4	1	defined	["名", "動"]	["名", "动"]	[]	[]	[]	用簡單的話說明一個詞或事物的意思	用简单的话说明一个词或事物的意思				[0, 1]	general	unreviewed		[]
客|客|ke4~1	客|客|ke4	1	defined	["名"]	["名"]	[]	[]	[]	前來拜訪或買東西的人	前来拜访或买东西的人	單獨使用不多，常說「客人」或「顧客」。	单独使用不多，常说「客人」或「顾客」。		[0]	general	unreviewed		[]
客|客|ke4~2	客|客|ke4	2	defined	["量"]	["量"]	["classifier-is"]	[]	[]	用於計算一份一份賣的飯菜	用于计算一份一份卖的饭菜				[1]	classifier-is	unreviewed		[]
宣傳|宣传|xuan1 chuan2~1	宣傳|宣传|xuan1 chuan2	1	defined	["動", "名"]	["动", "名"]	[]	[]	[]	向大家說明介紹，使人了解並接受	向大家说明介绍，使人了解并接受				[0, 1, 2, 3]	general	unreviewed		[]
宣布|宣布|xuan1 bu4~1	宣布|宣布|xuan1 bu4	1	defined	["動"]	["动"]	[]	[]	[]	正式、公開地把決定或消息告訴大家	正式、公开地把决定或消息告诉大家				[0, 1, 2]	general	unreviewed		[]
室|室|shi4~1	室|室|shi4	1	defined	["名"]	["名"]	["bound-form"]	[]	[]	房子裡有專門用處的房間	房子里有专门用处的房间				[0, 1]	general	unreviewed		[]
室|室|shi4~2	室|室|shi4	2	defined	["名"]	["名"]	["bound-form"]	[]	[]	國王等統治者的家族	国王等统治者的家族				[4]	general	unreviewed		[]
室|室|shi4~3	室|室|shi4	3	defined	["名"]	["名"]	[]	["lit"]	[]	舊時指埋葬死人的地方	旧时指埋葬死人的地方			archaic-form	[2]	general	unreviewed		[]
室|室|shi4~4	室|室|shi4	4	defined	["名"]	["名"]	[]	["lit"]	[]	舊時指裝刀劍的套子	旧时指装刀剑的套子			archaic-form	[3]	general	unreviewed		[]
室|室|shi4~5	室|室|shi4	5	defined	["名"]	["名"]	[]	[]	[]	二十八星宿之一	二十八星宿之一	傳統上把天上的星分成二十八組，用來記錄日月的位置。	传统上把天上的星分成二十八组，用来记录日月的位置。	proper-name	[5]	general	unreviewed		[]
宮|宫|gong1~1	宮|宫|gong1	1	defined	["名"]	["名"]	["bound-form"]	[]	[]	皇帝和家人住的大型建築	皇帝和家人住的大型建筑				[0]	general	unreviewed		[]
宮|宫|gong1~2	宮|宫|gong1	2	defined	["名"]	["名"]	[]	[]	["rel"]	供人拜神的建築，多見於道教	供人拜神的建筑，多见于道教	這類廟的名字裡常帶「宮」字。	这类庙的名字里常带「宫」字。		[1]	general	unreviewed		[]
宮|宫|gong1~3	宮|宫|gong1	3	defined	["名"]	["名"]	["bound-form"]	[]	["hist"]	舊時的一種刑罰，使人不能生孩子	旧时的一种刑罚，使人不能生孩子				[2]	general	unreviewed		[]
宮|宫|gong1~4	宮|宫|gong1	4	defined	["名"]	["名"]	[]	[]	["music"]	傳統音樂五個基本音中的第一個	传统音乐五个基本音中的第一个				[3]	general	unreviewed		[]
家人|家人|jia1 ren2~1	家人|家人|jia1 ren2	1	defined	["名"]	["名"]	[]	[]	[]	同一家庭中的父母、子女等	同一家庭中的父母、子女等				[0]	general	unreviewed		[]
家人|家人|jia1 ren2~2	家人|家人|jia1 ren2	2	defined	["名"]	["名"]	[]	["arch"]	[]	舊時指家裡幫忙做事的人	旧时指家里帮忙做事的人			archaic-form	[1]	general	unreviewed		[]
家庭|家庭|jia1 ting2~1	家庭|家庭|jia1 ting2	1	defined	["名"]	["名"]	[]	[]	[]	由父母、子女等親人組成，一起生活的群體	由父母、子女等亲人组成，一起生活的群体	「家」既可以指住的地方，也可以指家庭；「家庭」不指房子。	「家」既可以指住的地方，也可以指家庭；「家庭」不指房子。		[0, 1]	general	unreviewed		[]
家族|家族|jia1 zu2~1	家族|家族|jia1 zu2	1	defined	["名"]	["名"]	[]	[]	[]	同一個祖先傳下來的許多家庭	同一个祖先传下来的许多家庭	「家庭」指一起生活的父母和孩子，「家族」包括同姓的許多家庭。	「家庭」指一起生活的父母和孩子，「家族」包括同姓的许多家庭。		[0, 1]	general	unreviewed		[]
容易|容易|rong2 yi4~1	容易|容易|rong2 yi4	1	defined	["形"]	["形"]	[]	[]	[]	不費力就能做到的	不费力就能做到的				[0]	general	unreviewed		[]
容易|容易|rong2 yi4~2	容易|容易|rong2 yi4	2	defined	["形"]	["形"]	[]	[]	[]	某種情況很可能發生的	某种情况很可能发生的	這個用法後面多接不好的事，如生病、出錯。	这个用法后面多接不好的事，如生病、出错。		[1]	general	unreviewed		[]
密|密|mi4~1	密|密|mi4	1	defined	["形"]	["形"]	[]	[]	[]	東西之間離得很近，數量又多的	东西之间离得很近，数量又多的				[0]	general	unreviewed		[]
密|密|mi4~2	密|密|mi4	2	defined	["形"]	["形"]	["bound-form"]	[]	[]	不讓別人知道的	不让别人知道的				[2]	bound-form	unreviewed		[]
密|密|mi4~3	密|密|mi4	3	defined	["形"]	["形"]	["bound-form"]	[]	[]	感情好、關係很近的	感情好、关系很近的				[1]	bound-form	unreviewed		[]
密|密|mi4~4	密|密|mi4	4	defined	["動"]	["动"]	[]	["slang"]	[]	在網上私下發消息給某人	在网上私下发消息给某人				[3]	general	unreviewed		[]
富|富|fu4~1	富|富|fu4	1	defined	["形"]	["形"]	[]	[]	[]	錢多，生活過得好的	钱多，生活过得好的				[0, 2]	general	unreviewed		[]
富|富|fu4~2	富|富|fu4	2	defined	["形"]	["形"]	["bound-form"]	[]	[]	某種東西特別多的	某种东西特别多的				[1]	general	unreviewed		[]
實施|实施|shi2 shi1~1	實施|实施|shi2 shi1	1	defined	["動"]	["动"]	[]	[]	[]	把計劃、法律等正式用到實際中	把计划、法律等正式用到实际中	「執行」多指按命令去做，「實施」多指把計劃、法律用起來。	「执行」多指按命令去做，「实施」多指把计划、法律用起来。		[0, 1]	general	unreviewed		[]
實現|实现|shi2 xian4~1	實現|实现|shi2 xian4	1	defined	["動"]	["动"]	[]	[]	[]	使原來想的事或計劃成為事實	使原来想的事或计划成为事实	「完成」用在具體的工作上，「實現」多用在理想、計劃上。	「完成」用在具体的工作上，「实现」多用在理想、计划上。		[0]	general	unreviewed		[]
實際|实际|shi2 ji4~1	實際|实际|shi2 ji4	1	defined	["名", "形"]	["名", "形"]	[]	[]	[]	真實存在的事物或情況	真实存在的事物或情况	「實際上」是常用的說法，表示事情真正的情況。	「实际上」是常用的说法，表示事情真正的情况。		[0, 1, 4, 5]	general	unreviewed		[]
實際|实际|shi2 ji4~2	實際|实际|shi2 ji4	2	defined	["形"]	["形"]	[]	[]	[]	符合事實，做得到的	符合事实，做得到的				[2, 3]	general	unreviewed		[]
實際上|实际上|shi2 ji4 shang4~1	實際上|实际上|shi2 ji4 shang4	1	defined	["副"]	["副"]	[]	[]	[]	用來說出真正的情況，常和表面相反	用来说出真正的情况，常和表面相反	「其實」多用在口語，「實際上」比較正式。	「其实」多用在口语，「实际上」比较正式。		[0, 1, 2, 3]	general	unreviewed		[]
實驗|实验|shi2 yan4~1	實驗|实验|shi2 yan4	1	defined	["名", "動"]	["名", "动"]	[]	[]	[]	為了檢查想法是否正確而做的活動	为了检查想法是否正确而做的活动	「實驗」多指科學上的研究，「試驗」多指試用看效果。	「实验」多指科学上的研究，「试验」多指试用看效果。		[0, 1, 2, 3, 4]	general	unreviewed		[]
實驗室|实验室|shi2 yan4 shi4~1	實驗室|实验室|shi2 yan4 shi4	1	defined	["名"]	["名"]	[]	[]	[]	有專門設備、供人做實驗和研究的房間	有专门设备、供人做实验和研究的房间				[0, 1]	general	unreviewed		[]
審判|审判|shen3 pan4~1	審判|审判|shen3 pan4	1	defined	["動", "名"]	["动", "名"]	[]	[]	["law"]	法庭依照法律查明案件，作出決定	法庭依照法律查明案件，作出决定				[0, 1]	general	unreviewed		[]
寫|写|xie3~1	寫|写|xie3	1	defined	["動"]	["动"]	[]	[]	[]	用筆在紙上做出字	用笔在纸上做出字				[0]	general	unreviewed		[]
寫|写|xie3~2	寫|写|xie3	2	defined	["動"]	["动"]	[]	[]	[]	用文字作出文章、書等作品	用文字作出文章、书等作品				[]	general	unreviewed		[]
寶|宝|bao3~1	寶|宝|bao3	1	defined	["名"]	["名"]	["bound-form"]	[]	[]	很有價值、人們十分看重的東西	很有价值、人们十分看重的东西				[0, 1, 2]	general	unreviewed		[]
寶|宝|bao3~2	寶|宝|bao3	2	defined	["形"]	["形"]	["bound-form"]	[]	[]	十分貴重而少有的	十分贵重而少有的				[3]	general	unreviewed		[]
封|封|feng1~1	封|封|feng1	1	defined	["動"]	["动"]	[]	[]	[]	合上開口的地方，使打不開或過不去	合上开口的地方，使打不开或过不去				[3]	general	unreviewed		[]
封|封|feng1~2	封|封|feng1	2	defined	["動"]	["动"]	[]	[]	[]	舊時君主給人土地或稱號	旧时君主给人土地或称号	現在也說「被封為」，指大家給某人一個稱號。	现在也说「被封为」，指大家给某人一个称号。		[0, 1, 2]	general	unreviewed		[]
封|封|feng1~3	封|封|feng1	3	defined	["量"]	["量"]	["classifier-is"]	[]	[]	用於計算信件等包起來的東西	用于计算信件等包起来的东西				[4]	classifier-is	unreviewed		[]
射|射|she4~1	射|射|she4	1	defined	["動"]	["动"]	[]	[]	[]	用力使箭或子彈向目標飛出去	用力使箭或子弹向目标飞出去				[0, 1]	general	unreviewed		[]
射|射|she4~2	射|射|she4	2	defined	["動"]	["动"]	[]	[]	[]	光、水等從一處向外快速放出	光、水等从一处向外快速放出				[3]	general	unreviewed		[]
射|射|she4~3	射|射|she4	3	defined	["動"]	["动"]	["bound-form"]	[]	[]	表面說這件事，實際指另一件事	表面说这件事，实际指另一件事				[2]	general	unreviewed		[]
將|将|jiang1~1	將|将|jiang1	1	defined	["副"]	["副"]	[]	["lit"]	[]	用在動詞前，表示事情以後發生	用在动词前，表示事情以后发生				[0, 1]	general	unreviewed		[]
將|将|jiang1~2	將|将|jiang1	2	defined	["介"]	["介"]	[]	["lit"]	[]	引出動作的對象，用在動詞前面	引出动作的对象，用在动词前面	說話時一般用「把」，「將」多用在文章裡。	说话时一般用「把」，「将」多用在文章里。		[2, 3, 6]	general	unreviewed		[]
將|将|jiang1~3	將|将|jiang1	3	defined	["動"]	["动"]	[]	[]	[]	下棋時直接進攻對方最重要的棋子	下棋时直接进攻对方最重要的棋子				[4]	general	unreviewed		[]
將|将|jiang1~4	將|将|jiang1	4	defined	["副"]	["副"]	[]	["lit"]	[]	表示事情剛剛發生	表示事情刚刚发生	舊時的說法，現在多說「剛」或「剛才」。	旧时的说法，现在多说「刚」或「刚才」。	archaic-form	[5]	general	unreviewed		[]
將|将|jiang4~1	將|将|jiang4	1	defined	["名"]	["名"]	["bound-form"]	[]	[]	軍隊中帶兵的高級長官	军队中带兵的高级长官				[0]	bound-form	unreviewed		[]
將|将|jiang4~2	將|将|jiang4	2	defined	["名"]	["名"]	[]	[]	[]	中國象棋裡黑方的主將	中国象棋里黑方的主将				[2]	general	unreviewed		[]
將|将|jiang4~3	將|将|jiang4	3	defined	["動"]	["动"]	[]	["lit"]	[]	帶領軍隊作戰	带领军队作战	這個用法多見於古書，現在一般說「率領」。	这个用法多见于古书，现在一般说「率领」。	archaic-form	[1]	general	unreviewed		[]
將|将|qiang1~1	將|将|qiang1	1	defined	["動"]	["动"]	[]	["lit"]	[]	表示請求或希望對方做某事	表示请求或希望对方做某事	只見於古代的詩文，現代表示請求用「請」。	只见于古代的诗文，现代表示请求用「请」。	archaic-form	[0, 1, 2]	general	unreviewed		[]
將軍|将军|jiang1 jun1~1	將軍|将军|jiang1 jun1	1	defined	["名"]	["名"]	[]	[]	[]	軍隊中職位很高的軍官	军队中职位很高的军官				[0, 1]	general	unreviewed		[]
將軍|将军|jiang1 jun1~2	將軍|将军|jiang1 jun1	2	defined	["動"]	["动"]	[]	[]	[]	下棋時攻擊對方最重要的棋子	下棋时攻击对方最重要的棋子				[2]	general	unreviewed		[]
將軍|将军|jiang1 jun1~3	將軍|将军|jiang1 jun1	3	defined	["動"]	["动"]	[]	[]	[]	說話讓對方不好回答，感到為難	说话让对方不好回答，感到为难	多說成「將某人一軍」。	多说成「将某人一军」。		[3, 4, 5]	general	unreviewed		[]
專家|专家|zhuan1 jia1~1	專家|专家|zhuan1 jia1	1	defined	["名"]	["名"]	[]	[]	[]	對某一方面特別有研究、技術很好的人	对某一方面特别有研究、技术很好的人				[0]	general	unreviewed		[]
專業|专业|zhuan1 ye4~1	專業|专业|zhuan1 ye4	1	defined	["名"]	["名"]	["classifier-ref"]	[]	[]	大學裡按內容分成的學習方向	大学里按内容分成的学习方向	「專業」多指學習的方面，「職業」指靠它生活的工作。	「专业」多指学习的方面，「职业」指靠它生活的工作。		[0, 1, 2, 3, 4]	general	unreviewed		[]
專業|专业|zhuan1 ye4~2	專業|专业|zhuan1 ye4	2	defined	["形"]	["形"]	[]	[]	[]	受過專門訓練、水平很高的	受过专门训练、水平很高的				[5]	general	unreviewed		[]
專輯|专辑|zhuan1 ji2~1	專輯|专辑|zhuan1 ji2	1	defined	["名"]	["名"]	[]	[]	[]	把多首歌曲收在一起出版的作品	把多首歌曲收在一起出版的作品				[0, 1]	general	unreviewed		[]
專輯|专辑|zhuan1 ji2~2	專輯|专辑|zhuan1 ji2	2	defined	["名"]	["名"]	[]	[]	[]	就一個主題特別編成的一集節目或書	就一个主题特别编成的一集节目或书				[2]	general	unreviewed		[]
專門|专门|zhuan1 men2~1	專門|专门|zhuan1 men2	1	defined	["形"]	["形"]	[]	[]	[]	只在某一方面的，不是一般的	只在某一方面的，不是一般的				[0, 2]	general	unreviewed		[]
專門|专门|zhuan1 men2~2	專門|专门|zhuan1 men2	2	defined	["副"]	["副"]	[]	[]	[]	表示只為某一件事，不為別的	表示只为某一件事，不为别的	「專門」跟「特地」意思相近，都表示只為一件事。	「专门」跟「特地」意思相近，都表示只为一件事。		[1]	general	unreviewed		[]
尊重|尊重|zun1 zhong4~1	尊重|尊重|zun1 zhong4	1	defined	["動"]	["动"]	[]	[]	[]	認真看待別人，不隨便看輕	认真看待别人，不随便看轻	「尊敬」多用在長輩或地位高的人身上，「尊重」也可以用在別人的想法和選擇上。	「尊敬」多用在长辈或地位高的人身上，「尊重」也可以用在别人的想法和选择上。		[0, 1, 2, 3, 4, 5, 6]	general	unreviewed		[]
尋找|寻找|xun2 zhao3~1	尋找|寻找|xun2 zhao3	1	defined	["動"]	["动"]	[]	[]	[]	為了得到人或東西而到處查看	为了得到人或东西而到处查看	「尋找」多用在書面，口語裡常說「找」。	「寻找」多用在书面，口语里常说「找」。		[0]	general	unreviewed		[]
對|对|dui4~1	對|对|dui4	1	defined	["形"]	["形"]	[]	[]	[]	沒有錯誤，符合事實或標準的	没有错误，符合事实或标准的				[0]	general	unreviewed		[]
對|对|dui4~2	對|对|dui4	2	defined	["介"]	["介"]	["function-word"]	[]	[]	用在名詞前面，引出動作或態度的對象	用在名词前面，引出动作或态度的对象	「對於」多用於事情，比較正式；「對」還可以指人，例如「對他很好」。	「对于」多用于事情，比较正式；「对」还可以指人，例如「对他很好」。		[1, 2, 3]	general	unreviewed		[]
對|对|dui4~3	對|对|dui4	3	defined	["動"]	["动"]	[]	[]	[]	正面朝著某個方向或目標	正面朝着某个方向或目标				[4]	general	unreviewed		[]
對|对|dui4~4	對|对|dui4	4	defined	["形"]	["形"]	["bound-form"]	[]	[]	在另一邊，跟這邊正好相對的	在另一边，跟这边正好相对的				[5]	bound-form	unreviewed		[]
對|对|dui4~5	對|对|dui4	5	defined	["動"]	["动"]	[]	[]	[]	把兩個東西放在一起比較，看是否符合	把两个东西放在一起比较，看是否符合				[6, 10]	general	unreviewed		[]
對|对|dui4~6	對|对|dui4	6	defined	["量"]	["量"]	["classifier-is"]	[]	[]	用於計算兩個相配的人或東西，如夫妻、耳環	用于计算两个相配的人或东西，如夫妻、耳环	手、鞋等成雙的東西多用「雙」，不用「對」。	手、鞋等成双的东西多用「双」，不用「对」。		[11]	classifier-is	unreviewed		[]
對|对|dui4~7	對|对|dui4	7	defined	["動"]	["动"]	[]	[]	[]	符合心意，使人覺得滿意	符合心意，使人觉得满意	多用在「對胃口」、「對心思」這樣的說法裡。	多用在「对胃口」、「对心思」这样的说法里。		[7]	general	unreviewed		[]
對|对|dui4~8	對|对|dui4	8	defined	["動"]	["动"]	[]	[]	[]	把水或別的東西加到茶、酒等裡面	把水或别的东西加到茶、酒等里面				[9]	general	unreviewed		[]
對|对|dui4~9	對|对|dui4	9	defined	["動"]	["动"]	["bound-form"]	[]	[]	回答別人的話	回答别人的话				[8]	bound-form	unreviewed		[]
對手|对手|dui4 shou3~1	對手|对手|dui4 shou3	1	defined	["名"]	["名"]	[]	[]	[]	比賽或競爭中跟自己相對的一方	比赛或竞争中跟自己相对的一方	說「不是…的對手」，表示本領比不上對方。	说「不是…的对手」，表示本领比不上对方。		[0, 1, 2, 3, 4]	general	unreviewed		[]
對抗|对抗|dui4 kang4~1	對抗|对抗|dui4 kang4	1	defined	["動", "名"]	["动", "名"]	[]	[]	[]	用力量跟對方相對，不肯讓步	用力量跟对方相对，不肯让步				[0, 1, 2, 3, 4]	general	unreviewed		[]
對方|对方|dui4 fang1~1	對方|对方|dui4 fang1	1	defined	["名"]	["名"]	[]	[]	[]	交談或比賽中跟自己相對的一方	交谈或比赛中跟自己相对的一方				[0]	general	unreviewed		[]
對於|对于|dui4 yu2~1	對於|对于|dui4 yu2	1	defined	["介"]	["介"]	["function-word"]	[]	[]	用在名詞前面，引出動作或態度針對的人或事	用在名词前面，引出动作或态度针对的人或事	「對於」跟「對」意思接近，但「對於」比較正式，也常放在句子開頭。	「对于」跟「对」意思接近，但「对于」比较正式，也常放在句子开头。		[0]	general	unreviewed		[]
對象|对象|dui4 xiang4~1	對象|对象|dui4 xiang4	1	defined	["名"]	["名"]	[]	[]	[]	行動或研究所針對的人或事物	行动或研究所针对的人或事物				[0, 2]	general	unreviewed		[]
對象|对象|dui4 xiang4~2	對象|对象|dui4 xiang4	2	defined	["名"]	["名"]	[]	[]	[]	打算結婚的男朋友或女朋友	打算结婚的男朋友或女朋友				[1]	general	unreviewed		[]
導致|导致|dao3 zhi4~1	導致|导致|dao3 zhi4	1	defined	["動"]	["动"]	[]	[]	[]	引起某種結果，多指不好的	引起某种结果，多指不好的				[0]	general	unreviewed		[]
小時|小时|xiao3 shi2~1	小時|小时|xiao3 shi2	1	defined	["名"]	["名"]	[]	[]	[]	時間單位，等於六十分鐘	时间单位，等于六十分钟	「三點」說的是時候，「三個小時」說的是長短。	「三点」说的是时候，「三个小时」说的是长短。		[0, 1]	general	unreviewed		[]
小組|小组|xiao3 zu3~1	小組|小组|xiao3 zu3	1	defined	["名"]	["名"]	[]	[]	[]	為了完成工作或學習而分成的小單位	为了完成工作或学习而分成的小单位				[0]	general	unreviewed		[]
小說|小说|xiao3 shuo1~1	小說|小说|xiao3 shuo1	1	defined	["名"]	["名"]	[]	[]	[]	用故事和人物寫成的文學作品	用故事和人物写成的文学作品				[0, 1, 2]	general	unreviewed		[]
少|少|shao3~1	少|少|shao3	1	defined	["形"]	["形"]	[]	[]	[]	數量在一般水平以下的	数量在一般水平以下的				[0, 1]	general	unreviewed		[]
少|少|shao3~2	少|少|shao3	2	defined	["動"]	["动"]	[]	[]	[]	應該有的東西沒有了或不夠	应该有的东西没有了或不够				[2, 3]	general	unreviewed		[]
少|少|shao3~3	少|少|shao3	3	defined	["副"]	["副"]	[]	[]	[]	用在動詞前面，表示做得不多	用在动词前面，表示做得不多				[4, 5]	general	unreviewed		[]
少|少|shao4~1	少|少|shao4	1	defined	["形"]	["形"]	["bound-form"]	[]	[]	年齡小、還沒長大的	年龄小、还没长大的				[0]	general	unreviewed		[]
尤其|尤其|you2 qi2~1	尤其|尤其|you2 qi2	1	defined	["副"]	["副"]	[]	[]	[]	表示某一方面比其他的更特別	表示某一方面比其他的更特别	常說「尤其是」，後面提出最特別的那一個。	常说「尤其是」，后面提出最特别的那一个。		[0]	general	unreviewed		[]
就是|就是|jiu4 shi4~1	就是|就是|jiu4 shi4	1	defined	["副"]	["副"]	["function-word"]	[]	[]	用在人或事前面，表示正是這個，不是別的	用在人或事前面，表示正是这个，不是别的				[0]	general	unreviewed		[]
就是|就是|jiu4 shi4~2	就是|就是|jiu4 shi4	2	defined	["副"]	["副"]	["function-word"]	[]	[]	用在動詞前面，表示只是這樣，沒有別的	用在动词前面，表示只是这样，没有别的				[1]	general	unreviewed		[]
就是|就是|jiu4 shi4~3	就是|就是|jiu4 shi4	3	defined	["連"]	["连"]	["function-word"]	[]	[]	用在前一句，表示先退一步，後面常用「也」	用在前一句，表示先退一步，后面常用「也」	「就是…也…」跟「即使…也…」意思差不多，「就是」更常用在說話裡。	「就是…也…」跟「即使…也…」意思差不多，「就是」更常用在说话里。		[2]	general	unreviewed		[]
尼|尼|ni2~1	尼|尼|ni2	1	defined	["名"]	["名"]	["bound-form"]	[]	[]	佛教中出家的女子	佛教中出家的女子				[0]	general	unreviewed		[]
尼|尼|ni2~2	尼|尼|ni2	2	defined	["名"]	["名"]	["bound-form"]	[]	[]	音譯外來詞時用來表示聲音的字	音译外来词时用来表示声音的字				[1]	general	unreviewed		[]
尾|尾|wei3~1	尾|尾|wei3	1	defined	["名"]	["名"]	["bound-form"]	[]	[]	動物身體後面伸出來的部分	动物身体后面伸出来的部分				[0]	general	unreviewed		[]
尾|尾|wei3~2	尾|尾|wei3	2	defined	["名"]	["名"]	["bound-form"]	[]	[]	事物的最後部分	事物的最后部分				[1, 2, 3]	general	unreviewed		[]
尾|尾|wei3~3	尾|尾|wei3	3	defined	["量"]	["量"]	["classifier-is"]	[]	[]	用於計算魚	用于计算鱼				[5]	classifier-is	unreviewed		[]
尾|尾|wei3~4	尾|尾|wei3	4	defined	["名"]	["名"]	[]	["arch"]	["astro"]	傳統天文中二十八星宿的第六個	传统天文中二十八星宿的第六个			archaic-form	[4]	general	unreviewed		[]
尾|尾|yi3~1	尾|尾|yi3	1	defined	["名"]	["名"]	[]	["coll"]	[]	馬或蝗蟲等身體末端細長的部分	马或蝗虫等身体末端细长的部分			archaic-form	[0, 1]	general	unreviewed	edited	["E-wei-yi3-1"]
局|局|ju2~1	局|局|ju2	1	defined	["名"]	["名"]	["bound-form"]	[]	[]	辦理某類事情的機構	办理某类事情的机构				[0]	general	unreviewed		[]
局|局|ju2~2	局|局|ju2	2	defined	["名"]	["名"]	["bound-form"]	[]	[]	事情發展的情況	事情发展的情况				[1]	general	unreviewed		[]
局|局|ju2~3	局|局|ju2	3	defined	["量"]	["量"]	["classifier-is"]	[]	[]	用於計算下棋、打球等比賽	用于计算下棋、打球等比赛				[2]	classifier-is	unreviewed		[]
居民|居民|ju1 min2~1	居民|居民|ju1 min2	1	defined	["名"]	["名"]	[]	[]	[]	在某個地方長期住著的人	在某个地方长期住着的人				[0]	general	unreviewed		[]
屆|届|jie4~1	屆|届|jie4	1	defined	["量"]	["量"]	["classifier-is"]	[]	[]	用於計算定期舉行的會議、比賽等活動	用于计算定期举行的会议、比赛等活动				[1, 3]	classifier-is	unreviewed		[]
屆|届|jie4~2	屆|届|jie4	2	defined	["動"]	["动"]	["bound-form"]	["lit"]	[]	到了一定的時間或期限	到了一定的时间或期限				[0, 2]	general	unreviewed		[]
屋|屋|wu1~1	屋|屋|wu1	1	defined	["名"]	["名"]	["bound-form"]	[]	[]	供人住的建築物	供人住的建筑物				[0]	bound-form	unreviewed		[]
屋|屋|wu1~2	屋|屋|wu1	2	defined	["名"]	["名"]	["bound-form"]	[]	[]	房子裡供人住或活動的空間	房子里供人住或活动的空间				[1]	bound-form	unreviewed		[]
屍體|尸体|shi1 ti3~1	屍體|尸体|shi1 ti3	1	defined	["名"]	["名"]	[]	[]	[]	人或動物死後留下的身體	人或动物死后留下的身体	說到人時，「遺體」是比較尊重的說法。	说到人时，「遗体」是比较尊重的说法。		[0]	general	unreviewed		[]
展示|展示|zhan3 shi4~1	展示|展示|zhan3 shi4	1	defined	["動"]	["动"]	[]	[]	[]	清楚地表現出來，讓大家看見	清楚地表现出来，让大家看见				[0]	general	unreviewed		[]
展開|展开|zhan3 kai1~1	展開|展开|zhan3 kai1	1	defined	["動"]	["动"]	[]	[]	[]	把捲著的東西打開來，使變平	把卷着的东西打开来，使变平				[0]	general	unreviewed		[]
展開|展开|zhan3 kai1~2	展開|展开|zhan3 kai1	2	defined	["動"]	["动"]	[]	[]	[]	大範圍地開始進行某種活動	大范围地开始进行某种活动				[1]	general	unreviewed		[]
層|层|ceng2~1	層|层|ceng2	1	defined	["名"]	["名"]	["bound-form"]	[]	[]	東西上下分開的每一部分	东西上下分开的每一部分				[0, 1, 3]	general	unreviewed		[]
層|层|ceng2~2	層|层|ceng2	2	defined	["量"]	["量"]	["classifier-is"]	[]	[]	用於計算樓房，也用於蓋在表面的東西	用于计算楼房，也用于盖在表面的东西	「三樓」指第三層，「三層樓」指有三層的房子。	「三楼」指第三层，「三层楼」指有三层的房子。		[2, 4]	classifier-is	unreviewed		[]
屬|属|shu3~1	屬|属|shu3	1	defined	["動"]	["动"]	[]	["lit"]	[]	歸某個人或組織所有或管理	归某个人或组织所有或管理				[4, 5, 6]	general	unreviewed		[]
屬|属|shu3~2	屬|属|shu3	2	defined	["動"]	["动"]	[]	[]	[]	出生在以某種動物代表的那一年	出生在以某种动物代表的那一年	傳統上每一年由一種動物代表，十二年一輪。	传统上每一年由一种动物代表，十二年一轮。		[7]	general	unreviewed		[]
屬|属|shu3~3	屬|属|shu3	3	defined	["名"]	["名"]	["bound-form"]	[]	[]	一個人的家人和親人	一个人的家人和亲人				[2, 3]	general	unreviewed		[]
屬|属|shu3~4	屬|属|shu3	4	defined	["名"]	["名"]	[]	[]	[]	事物的類型；生物分類上指「科」以下的一級	事物的类型；生物分类上指「科」以下的一级				[0, 1]	general	unreviewed		[]
屬|属|shu3~5	屬|属|shu3	5	defined	["動"]	["动"]	["bound-form"]	["lit"]	[]	表示事情確實是某種情況	表示事情确实是某种情况				[8, 9, 10]	general	unreviewed		[]
屬|属|zhu3~1	屬|属|zhu3	1	defined	["動"]	["动"]	[]	["arch"]	[]	使兩者連接在一起	使两者连接在一起			archaic-form	[0]	general	unreviewed		[]
屬|属|zhu3~2	屬|属|zhu3	2	defined	["動"]	["动"]	[]	["arch"]	[]	把注意力放在某人或某事上	把注意力放在某人或某事上			archaic-form	[1, 2]	general	unreviewed		[]
屬於|属于|shu3 yu2~1	屬於|属于|shu3 yu2	1	defined	["動"]	["动"]	[]	[]	[]	歸某一類，或歸某人所有	归某一类，或归某人所有	「屬於」後面多接類別或人，不接動作。	「属于」后面多接类别或人，不接动作。		[0]	general	unreviewed		[]
山|山|shan1~1	山|山|shan1	1	defined	["名"]	["名"]	[]	[]	[]	地面上高出來的一大塊土石	地面上高出来的一大块土石				[0]	general	unreviewed		[]
山|山|shan1~2	山|山|shan1	2	defined	["名"]	["名"]	[]	["coll"]	[]	養蠶時用來讓蠶做繭的草把	养蚕时用来让蚕做茧的草把				[1]	general	unreviewed		[]
島|岛|dao3~1	島|岛|dao3	1	defined	["名"]	["名"]	["classifier-ref"]	[]	[]	四面都是水的一塊土地	四面都是水的一块土地				[0, 1]	general	unreviewed		[]
州|州|zhou1~1	州|州|zhou1	1	defined	["名"]	["名"]	[]	[]	[]	某些國家中相當於省的地方	某些国家中相当于省的地方				[3, 4, 5]	general	unreviewed		[]
州|州|zhou1~2	州|州|zhou1	2	defined	["名"]	["名"]	[]	[]	[]	一種地方區域，古代常設，現在多用於自治州	一种地方区域，古代常设，现在多用于自治州				[0, 1, 2]	general	unreviewed	edited	["E-zhou1-2"]
工|工|gong1~1	工|工|gong1	1	defined	["名"]	["名"]	["bound-form"]	[]	[]	為了生活而做的事	为了生活而做的事				[0, 6]	general	unreviewed		[]
工|工|gong1~2	工|工|gong1	2	defined	["名"]	["名"]	["bound-form"]	[]	[]	做某一種工作的人	做某一种工作的人				[1, 3, 4]	general	unreviewed		[]
工|工|gong1~3	工|工|gong1	3	defined	["名"]	["名"]	["bound-form"]	[]	[]	做東西的技術	做东西的技术				[2, 5]	general	unreviewed		[]
工人|工人|gong1 ren2~1	工人|工人|gong1 ren2	1	defined	["名"]	["名"]	[]	[]	[]	在工廠等地方靠做工生活的人	在工厂等地方靠做工生活的人				[0, 1]	general	unreviewed		[]
工作|工作|gong1 zuo4~1	工作|工作|gong1 zuo4	1	defined	["動", "名"]	["动", "名"]	[]	[]	[]	人為了生活或完成任務所做的事	人为了生活或完成任务所做的事				[0, 3, 4]	general	unreviewed		[]
工作|工作|gong1 zuo4~2	工作|工作|gong1 zuo4	2	defined	["名"]	["名"]	[]	[]	[]	用來取得錢、維持生活的職業	用来取得钱、维持生活的职业				[2, 5]	general	unreviewed		[]
工作|工作|gong1 zuo4~3	工作|工作|gong1 zuo4	3	defined	["動"]	["动"]	[]	[]	[]	機器等正常地動，起著作用	机器等正常地动，起着作用				[1]	general	unreviewed		[]
工具|工具|gong1 ju4~1	工具|工具|gong1 ju4	1	defined	["名"]	["名"]	[]	[]	[]	人做事時用來幫助完成工作的東西	人做事时用来帮助完成工作的东西				[0, 1, 2]	general	unreviewed		[]
工具|工具|gong1 ju4~2	工具|工具|gong1 ju4	2	defined	["名"]	["名"]	[]	[]	[]	為了達到目的而利用的人或事物	为了达到目的而利用的人或事物				[3]	general	unreviewed		[]
工廠|工厂|gong1 chang3~1	工廠|工厂|gong1 chang3	1	defined	["名"]	["名"]	[]	[]	[]	用機器大量製造產品的地方	用机器大量制造产品的地方				[0, 1]	general	unreviewed		[]
工程|工程|gong1 cheng2~1	工程|工程|gong1 cheng2	1	defined	["名"]	["名"]	[]	[]	[]	需要許多人力和技術完成的建設工作	需要许多人力和技术完成的建设工作				[1, 2, 3, 4]	general	unreviewed		[]
工程|工程|gong1 cheng2~2	工程|工程|gong1 cheng2	2	defined	["名"]	["名"]	[]	[]	["tech"]	研究建造和製造技術的學問	研究建造和制造技术的学问				[0]	general	unreviewed		[]
左|左|zuo3~1	左|左|zuo3	1	defined	["名"]	["名"]	[]	[]	[]	面向南方時靠東的一邊，跟「右」相反	面向南方时靠东的一边，跟「右」相反				[0]	general	unreviewed		[]
左|左|zuo3~2	左|左|zuo3	2	defined	["形"]	["形"]	[]	[]	[]	政治上希望社會有較大改變的	政治上希望社会有较大改变的	相反的一方叫「右」，多希望保持原來的樣子。	相反的一方叫「右」，多希望保持原来的样子。		[1]	general	unreviewed		[]
左|左|zuo3~3	左|左|zuo3	3	defined	["形"]	["形"]	["bound-form"]	["lit"]	[]	兩者不一致，正好相反的	两者不一致，正好相反的				[6, 7]	general	unreviewed		[]
左|左|zuo3~4	左|左|zuo3	4	defined	["形"]	["形"]	["bound-form"]	[]	[]	不合傳統做法，不正經的	不合传统做法，不正经的				[3, 4]	general	unreviewed		[]
左|左|zuo3~5	左|左|zuo3	5	defined	["形"]	["形"]	[]	["coll"]	[]	想法或說法跟事實不合的	想法或说法跟事实不合的				[5]	general	unreviewed		[]
左|左|zuo3~6	左|左|zuo3	6	defined	["名"]	["名"]	[]	[]	[]	舊時指東邊	旧时指东边	這個用法只留在「山左」、「江左」等舊地名裡。	这个用法只留在「山左」、「江左」等旧地名里。	archaic-form	[2]	general	unreviewed		[]
左右|左右|zuo3 you4~1	左右|左右|zuo3 you4	1	defined	["名"]	["名"]	[]	[]	[]	左邊和右邊，也指身邊附近	左边和右边，也指身边附近				[0, 1]	general	unreviewed		[]
左右|左右|zuo3 you4~2	左右|左右|zuo3 you4	2	defined	["助"]	["助"]	["particle"]	[]	[]	用在數目後面，表示大約的數量	用在数目后面，表示大约的数量	「大約」用在數目前面，「左右」用在後面。	「大约」用在数目前面，「左右」用在后面。		[2]	general	unreviewed		[]
左右|左右|zuo3 you4~3	左右|左右|zuo3 you4	3	defined	["動"]	["动"]	[]	[]	[]	影響或決定人和事的發展方向	影响或决定人和事的发展方向				[4, 5]	general	unreviewed		[]
左右|左右|zuo3 you4~4	左右|左右|zuo3 you4	4	defined	["名"]	["名"]	[]	["arch"]	[]	舊時指跟在身邊做事的人	旧时指跟在身边做事的人			archaic-form	[3]	general	unreviewed		[]
巨大|巨大|ju4 da4~1	巨大|巨大|ju4 da4	1	defined	["形"]	["形"]	[]	[]	[]	大得遠遠超過一般的	大得远远超过一般的	常說「巨大的變化」、「巨大的影響」。	常说「巨大的变化」、「巨大的影响」。		[0]	general	unreviewed		[]
差|差|cha1~1	差|差|cha1	1	defined	["名"]	["名"]	["bound-form"]	[]	[]	兩個事物不相同的地方或程度	两个事物不相同的地方或程度				[0]	general	unreviewed		[]
差|差|cha1~2	差|差|cha1	2	defined	["名"]	["名"]	[]	[]	["math"]	兩個數相減得到的結果	两个数相减得到的结果				[1]	general	unreviewed		[]
差|差|cha1~3	差|差|cha1	3	defined	["副"]	["副"]	["bound-form"]	["lit"]	[]	用在動詞、形容詞前面，表示程度不高	用在动词、形容词前面，表示程度不高				[2]	general	unreviewed		[]
差|差|cha4~1	差|差|cha4	1	defined	["形"]	["形"]	[]	[]	[]	不好的，沒有達到標準的	不好的，没有达到标准的				[3]	general	unreviewed		[]
差|差|cha4~2	差|差|cha4	2	defined	["動"]	["动"]	[]	[]	[]	跟另一方或應有的還有距離	跟另一方或应有的还有距离				[0, 2]	general	unreviewed		[]
差|差|cha4~3	差|差|cha4	3	defined	["形"]	["形"]	[]	["coll"]	[]	不合事實的，弄錯的	不合事实的，弄错的	多用在動詞後面，如「說差了」「記差了」。	多用在动词后面，如「说差了」「记差了」。		[1]	general	unreviewed		[]
差|差|chai1~1	差|差|chai1	1	defined	["名"]	["名"]	["bound-form"]	[]	[]	被派去辦的事情或職位	被派去办的事情或职位				[2]	general	unreviewed		[]
差|差|chai1~2	差|差|chai1	2	defined	["名"]	["名"]	["bound-form"]	[]	[]	被派去送信或辦事的人	被派去送信或办事的人				[1]	general	unreviewed		[]
差|差|chai1~3	差|差|chai1	3	defined	["動"]	["动"]	[]	["lit"]	[]	派人去辦某件事情	派人去办某件事情				[0]	general	unreviewed		[]
已|已|yi3~1	已|已|yi3	1	defined	["副"]	["副"]	[]	["lit"]	[]	表示事情在此以前完成或發生	表示事情在此以前完成或发生	「已」多用於書面，口語一般說「已經」。	「已」多用于书面，口语一般说「已经」。		[0]	general	unreviewed		[]
已|已|yi3~2	已|已|yi3	2	defined	["動"]	["动"]	["bound-form"]	["lit"]	[]	停止，不再繼續	停止，不再继续				[1]	general	unreviewed		[]
已|已|yi3~3	已|已|yi3	3	defined	["副"]	["副"]	[]	["lit"]	[]	表示不久以後，接著	表示不久以后，接着	舊時的用法，現在只出現在古文裡。	旧时的用法，现在只出现在古文里。	archaic-form	[2, 3]	general	unreviewed		[]
已經|已经|yi3 jing1~1	已經|已经|yi3 jing1	1	defined	["副"]	["副"]	[]	[]	[]	表示動作或情況在說話以前完成或發生	表示动作或情况在说话以前完成或发生	常跟「了」一起用，例如「他已經走了」。	常跟「了」一起用，例如「他已经走了」。		[0]	general	unreviewed		[]
巴士|巴士|ba1 shi4~1	巴士|巴士|ba1 shi4	1	defined	["名"]	["名"]	["loanword"]	[]	[]	按一定路線載客的大型汽車	按一定路线载客的大型汽车	「公共汽車」是更常用的說法，意思相同。	「公共汽车」是更常用的说法，意思相同。		[0, 1]	loanword	unreviewed		[]
市場|市场|shi4 chang3~1	市場|市场|shi4 chang3	1	defined	["名"]	["名"]	[]	[]	[]	很多人集中在一起買賣東西的地方	很多人集中在一起买卖东西的地方				[0]	general	unreviewed		[]
市場|市场|shi4 chang3~2	市場|市场|shi4 chang3	2	defined	["名"]	["名"]	[]	[]	[]	產品能賣出去的範圍和需求	产品能卖出去的范围和需求				[1]	general	unreviewed		[]
市長|市长|shi4 zhang3~1	市長|市长|shi4 zhang3	1	defined	["名"]	["名"]	[]	[]	[]	負責管理一個城市的最高長官	负责管理一个城市的最高长官				[0]	general	unreviewed		[]
布|布|bu4~1	布|布|bu4	1	defined	["名"]	["名"]	[]	[]	[]	用棉、麻等做成的材料，多用來做衣服	用棉、麻等做成的材料，多用来做衣服				[0]	general	unreviewed		[]
布|布|bu4~2	布|布|bu4	2	defined	["動"]	["动"]	["bound-form"]	[]	[]	把消息、決定等公開告訴大家	把消息、决定等公开告诉大家				[1, 2, 4]	general	unreviewed		[]
布|布|bu4~3	布|布|bu4	3	defined	["動"]	["动"]	["bound-form"]	[]	[]	分開安排在各個地方	分开安排在各个地方				[3]	general	unreviewed		[]
希|希|xi1~1	希|希|xi1	1	defined	["動"]	["动"]	["bound-form"]	[]	[]	心裡盼著某件好事發生	心里盼着某件好事发生				[0, 1]	general	unreviewed		[]
希|希|xi1~2	希|希|xi1	2	defined	["形"]	["形"]	["bound-form"]	[]	[]	少見的，不常有的	少见的，不常有的				[2]	general	unreviewed		[]
希望|希望|xi1 wang4~1	希望|希望|xi1 wang4	1	defined	["動", "名"]	["动", "名"]	[]	[]	[]	心裡想著好的事情能夠實現	心里想着好的事情能够实现	「希望」後面可以直接跟一句話，例如「希望你早點回來」。	「希望」后面可以直接跟一句话，例如「希望你早点回来」。		[0, 1]	general	unreviewed		[]
帕|帕|pa4~1	帕|帕|pa4	1	defined	["名"]	["名"]	["bound-form"]	[]	[]	用來擦手擦臉或包頭的方形布	用来擦手擦脸或包头的方形布				[1, 2, 3]	general	unreviewed		[]
帕|帕|pa4~2	帕|帕|pa4	2	defined	["量"]	["量"]	["bound-form"]	[]	["phys"]	計算壓力大小的單位	计算压力大小的单位				[4]	general	unreviewed		[]
帕|帕|pa4~3	帕|帕|pa4	3	defined	["動"]	["动"]	[]	["arch"]	[]	用布把東西包起來	用布把东西包起来			archaic-form	[0]	general	unreviewed		[]
帝國|帝国|di4 guo2~1	帝國|帝国|di4 guo2	1	defined	["名"]	["名"]	[]	[]	[]	由皇帝統治，又控制許多其他地區的國家	由皇帝统治，又控制许多其他地区的国家				[0, 1]	general	unreviewed		[]
師|师|shi1~1	師|师|shi1	1	defined	["名"]	["名"]	["bound-form"]	[]	[]	教別人知識或技術的人，也指值得學習的榜樣	教别人知识或技术的人，也指值得学习的榜样				[0, 3]	general	unreviewed	edited	["E-shi1-1"]
師|师|shi1~2	師|师|shi1	2	defined	["名"]	["名"]	["bound-form"]	[]	[]	有某種專門技術的人	有某种专门技术的人	多用在職業名稱後面，如「律師」、「醫師」。	多用在职业名称后面，如「律师」、「医师」。		[1, 2]	general	unreviewed		[]
師|师|shi1~3	師|师|shi1	3	defined	["名"]	["名"]	[]	[]	[]	軍隊中比團大的一級單位	军队中比团大的一级单位				[4]	general	unreviewed		[]
師|师|shi1~4	師|师|shi1	4	defined	["名"]	["名"]	[]	["arch"]	[]	舊時指軍隊，也指帶兵出戰	旧时指军队，也指带兵出战			archaic-form	[5, 6]	general	unreviewed	edited	["E-shi1-4"]
帶|带|dai4~10	帶|带|dai4	4	defined	["動"]	["动"]	[]	[]	[]	有著某種樣子或成分	有着某种样子或成分				[12]	general	unreviewed		[]
帶|带|dai4~11	帶|带|dai4	5	defined	["名"]	["名"]	["bound-form"]	[]	[]	用皮、布等做成的長條東西	用皮、布等做成的长条东西				[0, 1, 2, 3, 4, 8]	general	unreviewed		[]
帶|带|dai4~12	帶|带|dai4	6	defined	["名"]	["名"]	["bound-form"]	[]	[]	一片地方，多指有某種特點的地區	一片地方，多指有某种特点的地区				[5, 6, 7]	general	unreviewed		[]
帶|带|dai4~7	帶|带|dai4	1	defined	["動"]	["动"]	[]	[]	[]	隨身拿著，或讓人跟自己一起去	随身拿着，或让人跟自己一起去	隨身拿著用「帶」，放在頭上、手上用「戴」。	随身拿着用「带」，放在头上、手上用「戴」。		[9, 10, 11, 14]	general	unreviewed		[]
帶|带|dai4~8	帶|带|dai4	2	defined	["動"]	["动"]	[]	[]	[]	在前面領著，讓別人跟著	在前面领着，让别人跟着				[13]	general	unreviewed		[]
帶|带|dai4~9	帶|带|dai4	3	defined	["動"]	["动"]	[]	[]	[]	照顧小孩子，把他養大	照顾小孩子，把他养大				[15, 16]	general	unreviewed		[]
帶來|带来|dai4 lai2~1	帶來|带来|dai4 lai2	1	defined	["動"]	["动"]	[]	[]	[]	讓東西或人跟自己一起到這裡	让东西或人跟自己一起到这里	「帶來」的東西到說話人這邊，反過來要說「帶去」。	「带来」的东西到说话人这边，反过来要说「带去」。		[0]	general	unreviewed		[]
帶來|带来|dai4 lai2~2	帶來|带来|dai4 lai2	2	defined	["動"]	["动"]	[]	[]	[]	使某種結果、影響或變化出現	使某种结果、影响或变化出现				[1]	general	unreviewed		[]
常|常|chang2~1	常|常|chang2	1	defined	["副"]	["副"]	[]	[]	[]	表示動作發生的次數很多	表示动作发生的次数很多	「常」和「常常」意思差不多，「常」多用在書面。	「常」和「常常」意思差不多，「常」多用在书面。		[0, 1, 2, 3]	general	unreviewed		[]
常|常|chang2~2	常|常|chang2	2	defined	["形"]	["形"]	["bound-form"]	[]	[]	一般的，長期不改變的	一般的，长期不改变的				[4, 5, 6]	general	unreviewed		[]
常常|常常|chang2 chang2~1	常常|常常|chang2 chang2	1	defined	["副"]	["副"]	[]	[]	[]	表示同樣的事情發生的次數很多	表示同样的事情发生的次数很多	「往往」多用在有條件的情況，「常常」只表示次數多。	「往往」多用在有条件的情况，「常常」只表示次数多。		[0]	general	unreviewed		[]
幅|幅|fu2~1	幅|幅|fu2	1	defined	["名"]	["名"]	["bound-form"]	[]	[]	布、紙等左右兩邊的距離，也指大小的範圍	布、纸等左右两边的距离，也指大小的范围				[0, 1]	general	unreviewed		[]
幅|幅|fu2~2	幅|幅|fu2	2	defined	["量"]	["量"]	["classifier-is"]	[]	[]	用於計算畫、地圖、布等	用于计算画、地图、布等	「幅」多用於畫和地圖，「張」多用於紙。	「幅」多用于画和地图，「张」多用于纸。		[2]	classifier-is	unreviewed		[]
幫|帮|bang1~1	幫|帮|bang1	1	defined	["動"]	["动"]	[]	[]	[]	替別人做事，使他的事更容易完成	替别人做事，使他的事更容易完成				[0, 1, 2, 3, 4]	general	unreviewed		[]
幫|帮|bang1~2	幫|帮|bang1	2	defined	["量"]	["量"]	[]	[]	[]	用來計算成群的人	用来计算成群的人				[8]	general	unreviewed		[]
幫|帮|bang1~3	幫|帮|bang1	3	defined	["名"]	["名"]	["bound-form"]	[]	[]	多做壞事的一群人所結成的團體	多做坏事的一群人所结成的团体				[9, 10, 11, 12]	general	unreviewed		[]
幫|帮|bang1~4	幫|帮|bang1	4	defined	["名"]	["名"]	["bound-form"]	[]	[]	東西外面或周圍的那一層	东西外面或周围的那一层				[5, 6, 7]	general	unreviewed		[]
幫助|帮助|bang1 zhu4~1	幫助|帮助|bang1 zhu4	1	defined	["動", "名"]	["动", "名"]	[]	[]	[]	為別人出力，使他的事情容易完成	为别人出力，使他的事情容易完成	「幫助」後面直接帶人或事，「幫忙」多說成「幫他的忙」。	「帮助」后面直接带人或事，「帮忙」多说成「帮他的忙」。		[0, 1]	general	unreviewed		[]
干|干|gan1~1	干|干|gan1	1	defined	["動"]	["动"]	["bound-form"]	[]	[]	跟某事有關，或去管別人的事	跟某事有关，或去管别人的事	「相干」多用在否定的說法裡，例如「不相干」。	「相干」多用在否定的说法里，例如「不相干」。		[0]	bound-form	unreviewed		[]
干|干|gan1~2	干|干|gan1	2	defined	["名"]	["名"]	["bound-form"]	[]	[]	傳統上用來記年月日的十個字	传统上用来记年月日的十个字	天干要和地支配合起來使用。	天干要和地支配合起来使用。		[1]	bound-form	unreviewed		[]
干|干|gan1~3	干|干|gan1	3	defined	["名"]	["名"]	["bound-form"]	["arch"]	[]	舊時戰爭中用來擋住敵人武器的東西	旧时战争中用来挡住敌人武器的东西				[2]	bound-form	unreviewed	edited	["E-gan1-3"]
年|年|nian2~1	年|年|nian2	1	defined	["名"]	["名"]	[]	[]	[]	時間的單位，等於十二個月	时间的单位，等于十二个月	「年」前面直接加數字，不用量詞：說「三年」，不說「三個年」。「三年」指時間有多長，「三歲」指人有多大。	「年」前面直接加数字，不用量词：说「三年」，不说「三个年」。「三年」指时间有多长，「三岁」指人有多大。		[0]	general	unreviewed		[]
年|年|nian2~2	年|年|nian2	2	defined	["名"]	["名"]	[]	[]	[]	中國傳統的新年，也就是春節	中国传统的新年，也就是春节				[1]	general	unreviewed		[]
年|年|nian2~3	年|年|nian2	3	defined	["名"]	["名"]	["bound-form"]	[]	[]	指人的歲數	指人的岁数				[]	general	unreviewed		[]
年代|年代|nian2 dai4~1	年代|年代|nian2 dai4	1	defined	["名"]	["名"]	[]	[]	[]	一個世紀裡每十年為一段的時期	一个世纪里每十年为一段的时期	常跟數字連用，如「五十年代」、「八十年代」。	常跟数字连用，如「五十年代」、「八十年代」。		[0]	general	unreviewed		[]
年代|年代|nian2 dai4~2	年代|年代|nian2 dai4	2	defined	["名"]	["名"]	["classifier-ref"]	[]	[]	指某一段時期，多用來說過去	指某一段时期，多用来说过去	「時代」多指整個社會的一個時期，「年代」常指其中比較短的一段。	「时代」多指整个社会的一个时期，「年代」常指其中比较短的一段。		[1, 2, 3, 4]	general	unreviewed		[]
年輕|年轻|nian2 qing1~1	年輕|年轻|nian2 qing1	1	defined	["形"]	["形"]	[]	[]	[]	年齡不大、還在人生前一段時期的	年龄不大、还在人生前一段时期的	小孩子不說「年輕」，這個詞多用在成年以後的人身上。	小孩子不说「年轻」，这个词多用在成年以后的人身上。		[0]	general	unreviewed		[]
年齡|年龄|nian2 ling2~1	年齡|年龄|nian2 ling2	1	defined	["名"]	["名"]	[]	[]	[]	人或動物出生以後生活的年數	人或动物出生以后生活的年数				[0, 1]	general	unreviewed		[]
幹|干|gan4~1	幹|干|gan4	1	defined	["動"]	["动"]	[]	[]	[]	做事情，特別是做工作	做事情，特别是做工作				[2, 3, 4]	general	unreviewed		[]
幹|干|gan4~2	幹|干|gan4	2	defined	["名"]	["名"]	["bound-form"]	[]	[]	樹木的主體，也指事物或組織的主要部分	树木的主体，也指事物或组织的主要部分				[0, 1, 6]	general	unreviewed		[]
幹|干|gan4~3	幹|干|gan4	3	defined	["形"]	["形"]	["bound-form"]	[]	[]	有能力，做事做得好的	有能力，做事做得好的				[5]	general	unreviewed		[]
幹|干|gan4~4	幹|干|gan4	4	defined	["動"]	["动"]	["bound-form"]	["slang"]	[]	用暴力把人殺死	用暴力把人杀死				[7]	general	unreviewed		[]
幹|干|gan4~5	幹|干|gan4	5	defined	["形"]	["形"]	[]	["vulg"]	[]	心裡非常生氣、不痛快的	心里非常生气、不痛快的				[9, 10]	general	unreviewed		[]
幹|干|gan4~6	幹|干|gan4	6	defined	["動"]	["动"]	[]	["vulg"]	[]	跟人發生性關係	跟人发生性关系			phenomenon	[8]	general	unreviewed		[]
幾|几|ji1~1	幾|几|ji1	1	defined	["副"]	["副"]	["bound-form"]	[]	[]	表示差不多達到某種程度	表示差不多达到某种程度	這個「幾」讀第一聲，跟問數目的「幾」不同。	这个「几」读第一声，跟问数目的「几」不同。		[0]	general	unreviewed		[]
幾|几|ji3~1	幾|几|ji3	1	defined	["數"]	["数"]	[]	[]	[]	用來問數目的多少，多用在量詞前面	用来问数目的多少，多用在量词前面	問小的數目多用「幾」，問大的或不清楚的數目用「多少」。	问小的数目多用「几」，问大的或不清楚的数目用「多少」。		[0]	general	unreviewed		[]
幾|几|ji3~2	幾|几|ji3	2	defined	["數"]	["数"]	[]	[]	[]	表示不多而且不確定的數目	表示不多而且不确定的数目				[1]	general	unreviewed		[]
幾乎|几乎|ji1 hu1~1	幾乎|几乎|ji1 hu1	1	defined	["副"]	["副"]	[]	[]	[]	表示十分接近某種情況或數量	表示十分接近某种情况或数量	「差不多」可以單用，「幾乎」後面一定要跟著別的詞語。	「差不多」可以单用，「几乎」后面一定要跟着别的词语。		[0]	general	unreviewed		[]
底|底|de5~1	底|底|de5	1	defined	["助"]	["助"]	["particle", "function-word"]	[]	[]	舊時用在名詞後面，表示所有關係，相當於「的」	旧时用在名词后面，表示所有关系，相当于「的」	現在都寫「的」，「底」只見於早期的白話作品。	现在都写「的」，「底」只见于早期的白话作品。	archaic-form	[0]	function-word	unreviewed		[]
底|底|di3~1	底|底|di3	1	defined	["名"]	["名"]	[]	[]	[]	物體最下面的部分	物体最下面的部分				[0]	general	unreviewed		[]
底|底|di3~2	底|底|di3	2	defined	["名"]	["名"]	["bound-form"]	[]	[]	某段時間的最後一部分	某段时间的最后一部分				[3]	general	unreviewed		[]
底|底|di3~3	底|底|di3	3	defined	["名"]	["名"]	[]	[]	[]	事物原來的情況或基礎	事物原来的情况或基础	常說「心裡有底」「心裡沒底」，說的是知道多少實際情況。	常说「心里有底」「心里没底」，说的是知道多少实际情况。		[1]	general	unreviewed		[]
底|底|di3~4	底|底|di3	4	defined	["名"]	["名"]	[]	[]	[]	圖案或字下面的那一層顏色	图案或字下面的那一层颜色				[1]	general	unreviewed		[]
底|底|di3~5	底|底|di3	5	defined	["名"]	["名"]	[]	[]	[]	寫好後留下來做記錄的那一份	写好后留下来做记录的那一份				[2]	general	unreviewed		[]
底|底|di3~6	底|底|di3	6	defined	["名"]	["名"]	["abbr"]	[]	["math"]	底數的簡稱	底数的简称				[4]	abbreviation	unreviewed		[]
店|店|dian4~1	店|店|dian4	1	defined	["名"]	["名"]	[]	[]	[]	賣東西或提供服務的地方	卖东西或提供服务的地方	前面加上賣的東西，就成了「書店」、「花店」。	前面加上卖的东西，就成了「书店」、「花店」。		[1]	general	unreviewed		[]
店|店|dian4~2	店|店|dian4	2	defined	["名"]	["名"]	["bound-form"]	[]	[]	給旅行的人住的地方	给旅行的人住的地方				[0]	bound-form	unreviewed		[]
度|度|du4~1	度|度|du4	1	defined	["名"]	["名"]	["bound-form"]	[]	[]	事物的程度或所能到達的範圍	事物的程度或所能到达的范围				[2, 3, 4, 5]	general	unreviewed		[]
度|度|du4~2	度|度|du4	2	defined	["量"]	["量"]	["classifier-is"]	[]	[]	用於計算角度、溫度和用電的數量	用于计算角度、温度和用电的数量				[6, 7]	classifier-is	unreviewed		[]
度|度|du4~3	度|度|du4	3	defined	["動"]	["动"]	["bound-form"]	[]	[]	使一段時間過去，多指過日子	使一段时间过去，多指过日子				[0, 1]	general	unreviewed		[]
度|度|du4~4	度|度|du4	4	defined	["量"]	["量"]	["classifier-is"]	[]	[]	用於計算事情發生的次數	用于计算事情发生的次数				[8]	classifier-is	unreviewed		[]
度|度|duo2~1	度|度|duo2	1	defined	["動"]	["动"]	["bound-form"]	["lit"]	[]	心裡估計事情或別人的想法	心里估计事情或别人的想法				[0]	general	unreviewed		[]
座|座|zuo4~1	座|座|zuo4	1	defined	["名"]	["名"]	["bound-form"]	[]	[]	車上、會場等供人坐的位置	车上、会场等供人坐的位置				[0]	bound-form	unreviewed		[]
座|座|zuo4~2	座|座|zuo4	2	defined	["名"]	["名"]	["bound-form"]	[]	[]	東西下面用來托住的部分	东西下面用来托住的部分				[1]	bound-form	unreviewed		[]
座|座|zuo4~3	座|座|zuo4	3	defined	["名"]	["名"]	["bound-form"]	[]	[]	天上位置相近的一群星	天上位置相近的一群星				[2]	bound-form	unreviewed		[]
座|座|zuo4~4	座|座|zuo4	4	defined	["量"]	["量"]	["classifier-is"]	[]	[]	用於計算建築、山、橋等大而不能移動的東西	用于计算建筑、山、桥等大而不能移动的东西				[4]	classifier-is	unreviewed		[]
座|座|zuo4~5	座|座|zuo4	5	defined	["綴"]	["缀"]	[]	["arch"]	[]	加在稱呼後面，表示對人的尊敬	加在称呼后面，表示对人的尊敬	舊時軍中稱長官的說法，現在已經很少使用。	旧时军中称长官的说法，现在已经很少使用。	archaic-form	[3]	general	unreviewed	edited	["E-zuo4-5"]
庫|库|ku4~1	庫|库|ku4	1	defined	["名"]	["名"]	["bound-form"]	[]	[]	存放大量東西的地方	存放大量东西的地方				[0, 1]	general	unreviewed		[]
庫|库|ku4~2	庫|库|ku4	2	defined	["名"]	["名"]	["bound-form"]	[]	["tech"]	電腦中存放大量資料的地方	电脑中存放大量资料的地方				[2]	general	unreviewed		[]
庭|庭|ting2~1	庭|庭|ting2	1	defined	["名"]	["名"]	["bound-form"]	[]	[]	房子前面的空地，四面常有牆	房子前面的空地，四面常有墙				[1]	general	unreviewed		[]
庭|庭|ting2~2	庭|庭|ting2	2	defined	["名"]	["名"]	["bound-form"]	[]	["law"]	按照法律處理案件的地方	按照法律处理案件的地方				[2]	general	unreviewed		[]
庭|庭|ting2~3	庭|庭|ting2	3	defined	["名"]	["名"]	["bound-form"]	["lit"]	[]	房子中間的大房間	房子中间的大房间	這個意思現在只用在「大庭廣眾」等少數詞語裡。	这个意思现在只用在「大庭广众」等少数词语里。		[0]	general	unreviewed		[]
康|康|kang1~1	康|康|kang1	1	defined	["形"]	["形"]	["bound-form"]	[]	[]	身體好、沒有病的	身体好、没有病的				[0]	general	unreviewed		[]
康|康|kang1~2	康|康|kang1	2	defined	["形"]	["形"]	["bound-form"]	[]	[]	生活安定、東西夠用的	生活安定、东西够用的				[1, 2]	general	unreviewed		[]
廣告|广告|guang3 gao4~1	廣告|广告|guang3 gao4	1	defined	["名"]	["名"]	[]	[]	[]	在媒體上介紹產品或服務的宣傳	在媒体上介绍产品或服务的宣传	常說「打廣告」，也說「登廣告」。	常说「打广告」，也说「登广告」。		[0, 1, 2, 3]	general	unreviewed		[]
廣場|广场|guang3 chang3~1	廣場|广场|guang3 chang3	1	defined	["名"]	["名"]	[]	[]	[]	城市裡供大家活動的大片空地	城市里供大家活动的大片空地				[0]	general	unreviewed		[]
廣播|广播|guang3 bo1~1	廣播|广播|guang3 bo1	1	defined	["動", "名"]	["动", "名"]	[]	[]	[]	通過電臺等把節目或消息傳給大家	通过电台等把节目或消息传给大家				[0, 1, 2, 3]	general	unreviewed		[]
廣播|广播|guang3 bo1~2	廣播|广播|guang3 bo1	2	defined	["動"]	["动"]	[]	["lit"]	[]	把事情傳開，使很多人知道	把事情传开，使很多人知道				[4, 5]	general	unreviewed		[]
廳|厅|ting1~1	廳|厅|ting1	1	defined	["名"]	["名"]	["bound-form"]	[]	[]	房子裡待客或聚會用的大房間	房子里待客或聚会用的大房间				[0, 1]	general	unreviewed		[]
廳|厅|ting1~2	廳|厅|ting1	2	defined	["名"]	["名"]	["bound-form"]	[]	[]	省一級政府中分管某方面工作的部門	省一级政府中分管某方面工作的部门				[2, 3]	general	unreviewed		[]
建|建|jian4~1	建|建|jian4	1	defined	["動"]	["动"]	[]	[]	[]	把房子、橋等造起來	把房子、桥等造起来				[3, 4]	general	unreviewed		[]
建|建|jian4~2	建|建|jian4	2	defined	["動"]	["动"]	[]	[]	[]	使國家、學校等成立起來	使国家、学校等成立起来				[0, 1, 2]	general	unreviewed		[]
建立|建立|jian4 li4~1	建立|建立|jian4 li4	1	defined	["動"]	["动"]	[]	[]	[]	使組織、關係等開始存在	使组织、关系等开始存在	後面常接「關係」、「制度」、「信心」這類詞。	后面常接「关系」、「制度」、「信心」这类词。		[0, 1, 2]	general	unreviewed		[]
建築|建筑|jian4 zhu4~1	建築|建筑|jian4 zhu4	1	defined	["名"]	["名"]	[]	[]	[]	人蓋成的房屋、橋、塔等	人盖成的房屋、桥、塔等				[1, 2]	general	unreviewed		[]
建築|建筑|jian4 zhu4~2	建築|建筑|jian4 zhu4	2	defined	["動"]	["动"]	[]	[]	[]	建造房屋、道路、橋等	建造房屋、道路、桥等				[0]	general	unreviewed		[]
建議|建议|jian4 yi4~1	建議|建议|jian4 yi4	1	defined	["動", "名"]	["动", "名"]	[]	[]	[]	告訴別人自己認為應該怎麼做	告诉别人自己认为应该怎么做	「建議」只是提出想法，別人可以不接受。「要求」則希望對方照著做。	「建议」只是提出想法，别人可以不接受。「要求」则希望对方照着做。		[0, 1]	general	unreviewed		[]
建造|建造|jian4 zao4~1	建造|建造|jian4 zao4	1	defined	["動"]	["动"]	[]	[]	[]	用材料把房屋、橋、船等蓋起來	用材料把房屋、桥、船等盖起来	多用在房屋、橋、船這類具體的東西；說國家、事業則用「建設」。	多用在房屋、桥、船这类具体的东西；说国家、事业则用「建设」。		[0]	general	unreviewed		[]
式|式|shi4~1	式|式|shi4	1	defined	["名"]	["名"]	["bound-form"]	[]	[]	事物表現出來的樣子或方法	事物表现出来的样子或方法				[0, 1, 2, 3]	general	unreviewed		[]
式|式|shi4~2	式|式|shi4	2	defined	["名"]	["名"]	["bound-form"]	[]	[]	按一定規則舉行的活動	按一定规则举行的活动				[]	general	unreviewed		[]
引|引|yin3~1	引|引|yin3	1	defined	["動"]	["动"]	[]	[]	[]	使某種情況或反應出現	使某种情况或反应出现	這個意思常說成「引起」「引來」，很少單用「引」。	这个意思常说成「引起」「引来」，很少单用「引」。		[5, 6]	general	unreviewed		[]
引|引|yin3~2	引|引|yin3	2	defined	["動"]	["动"]	[]	[]	[]	帶著別人往某個方向走	带着别人往某个方向走				[7, 8]	general	unreviewed		[]
引|引|yin3~3	引|引|yin3	3	defined	["動"]	["动"]	[]	[]	[]	用別人的話或文字做根據	用别人的话或文字做根据				[10]	general	unreviewed		[]
引|引|yin3~4	引|引|yin3	4	defined	["動"]	["动"]	["bound-form"]	[]	[]	拉，使東西變長或張開	拉，使东西变长或张开				[0, 1, 2, 3, 4]	general	unreviewed		[]
引|引|yin3~5	引|引|yin3	5	defined	["動"]	["动"]	["bound-form"]	["lit"]	[]	主動退出原來的職位	主动退出原来的职位				[9]	general	unreviewed		[]
引|引|yin3~6	引|引|yin3	6	defined	["量"]	["量"]	[]	["arch"]	[]	舊時的長度單位，等於十丈	旧时的长度单位，等于十丈			archaic-form	[11]	general	unreviewed		[]
引擎|引擎|yin3 qing2~1	引擎|引擎|yin3 qing2	1	defined	["名"]	["名"]	["loanword", "classifier-ref"]	[]	[]	使汽車、飛機等動起來的裝置	使汽车、飞机等动起来的装置	「發動機」跟「引擎」意思相同，兩者都很常用。	「发动机」跟「引擎」意思相同，两者都很常用。		[0, 1]	loanword	unreviewed		[]
引發|引发|yin3 fa1~1	引發|引发|yin3 fa1	1	defined	["動"]	["动"]	[]	[]	[]	使某種事情或感情跟著發生	使某种事情或感情跟着发生	多用在較大的事件或反應上，「引起」用得更廣。	多用在较大的事件或反应上，「引起」用得更广。		[0, 1, 2, 3, 4]	general	unreviewed		[]
引起|引起|yin3 qi3~1	引起|引起|yin3 qi3	1	defined	["動"]	["动"]	[]	[]	[]	某種事情使另一種情況或反應發生	某种事情使另一种情况或反应发生	後面常接「注意」、「興趣」、「討論」等表示反應的詞語。	后面常接「注意」、「兴趣」、「讨论」等表示反应的词语。		[0]	general	unreviewed		[]
弗|弗|fu2~1	弗|弗|fu2	1	defined	["副"]	["副"]	["bound-form"]	["lit"]	[]	放在動詞前面，表示「不」的意思	放在动词前面，表示「不」的意思				[0]	general	unreviewed		[]
弗|弗|fu2~2	弗|弗|fu2	2	defined	["名"]	["名"]	[]	[]	[]	用來寫外國名字的字，只取聲音	用来写外国名字的字，只取声音			proper-name	[1]	general	unreviewed		[]
弟弟|弟弟|di4 di5~1	弟弟|弟弟|di4 di5	1	defined	["名"]	["名"]	[]	[]	[]	同父母所生、年齡比自己小的男性	同父母所生、年龄比自己小的男性				[0, 1]	general	unreviewed		[]
張|张|zhang1~3	張|张|zhang1	1	defined	["動"]	["动"]	[]	[]	[]	使原來合著的東西打開	使原来合着的东西打开				[0, 1]	general	unreviewed		[]
張|张|zhang1~4	張|张|zhang1	2	defined	["量"]	["量"]	["classifier-is"]	[]	[]	用於計算紙、票、桌子等平的東西	用于计算纸、票、桌子等平的东西	平的東西用「張」，長條的東西用「條」。	平的东西用「张」，长条的东西用「条」。		[2, 3, 4]	classifier-is	unreviewed		[]
強|强|jiang4~1	強|强|jiang4	1	defined	["形"]	["形"]	["bound-form"]	[]	[]	堅持自己的想法、不聽別人意見的	坚持自己的想法、不听别人意见的				[0, 1]	general	unreviewed		[]
強|强|qiang2~1	強|强|qiang2	1	defined	["形"]	["形"]	[]	[]	[]	力量大、程度深的	力量大、程度深的				[0, 1, 4, 5, 6]	general	unreviewed		[]
強|强|qiang2~2	強|强|qiang2	2	defined	["形"]	["形"]	[]	[]	[]	勝過別的，比較起來更好的	胜过别的，比较起来更好的				[2]	general	unreviewed		[]
強|强|qiang2~3	強|强|qiang2	3	defined	["形"]	["形"]	[]	["lit"]	[]	比前面說的數目多一點的	比前面说的数目多一点的				[3]	general	unreviewed		[]
強|强|qiang3~1	強|强|qiang3	1	defined	["動"]	["动"]	["bound-form"]	[]	[]	不管願不願意，硬要做或硬要人做	不管愿不愿意，硬要做或硬要人做	「勉強」多指自己硬做，「強迫」多指要別人做。	「勉强」多指自己硬做，「强迫」多指要别人做。		[0, 1, 2, 3]	general	unreviewed		[]
強大|强大|qiang2 da4~1	強大|强大|qiang2 da4	1	defined	["形"]	["形"]	[]	[]	[]	力量很大，能勝過對方的	力量很大，能胜过对方的	「強大」多用來形容國家、軍隊等，不用來形容人的身體。	「强大」多用来形容国家、军队等，不用来形容人的身体。		[0]	general	unreviewed		[]
強烈|强烈|qiang2 lie4~1	強烈|强烈|qiang2 lie4	1	defined	["形"]	["形"]	[]	[]	[]	程度很深，讓人感覺明顯的	程度很深，让人感觉明显的				[0]	general	unreviewed		[]
彈|弹|dan4~1	彈|弹|dan4	1	defined	["名"]	["名"]	["bound-form"]	[]	[]	用武器發射出去、能打傷人的東西	用武器发射出去、能打伤人的东西				[1, 2, 3]	general	unreviewed		[]
彈|弹|dan4~2	彈|弹|dan4	2	defined	["名"]	["名"]	["bound-form"]	[]	[]	又小又圓、可以打出去的東西	又小又圆、可以打出去的东西				[0, 4]	general	unreviewed		[]
彈|弹|tan2~1	彈|弹|tan2	1	defined	["動"]	["动"]	[]	[]	[]	用手指按動樂器，使它發出聲音	用手指按动乐器，使它发出声音				[0, 1]	general	unreviewed		[]
彈|弹|tan2~2	彈|弹|tan2	2	defined	["動"]	["动"]	[]	[]	[]	用手指或工具把小東西快速打出去	用手指或工具把小东西快速打出去				[3, 5, 6]	general	unreviewed		[]
彈|弹|tan2~3	彈|弹|tan2	3	defined	["動"]	["动"]	[]	[]	[]	受到壓力後突然跳起來	受到压力后突然跳起来				[2]	general	unreviewed		[]
彈|弹|tan2~4	彈|弹|tan2	4	defined	["形"]	["形"]	["bound-form"]	[]	[]	受壓以後能回到原來樣子的	受压以后能回到原来样子的				[9]	general	unreviewed		[]
彈|弹|tan2~5	彈|弹|tan2	5	defined	["動"]	["动"]	["bound-form"]	[]	["law"]	公開指出官員的錯誤或罪行	公开指出官员的错误或罪行				[7, 8]	general	unreviewed		[]
彈|弹|tan2~6	彈|弹|tan2	6	defined	["動"]	["动"]	[]	[]	["textile"]	用工具把棉花打鬆	用工具把棉花打松				[4]	general	unreviewed		[]
形|形|xing2~1	形|形|xing2	1	defined	["名"]	["名"]	["bound-form"]	[]	[]	事物看得見的樣子	事物看得见的样子				[2, 3]	general	unreviewed		[]
形|形|xing2~2	形|形|xing2	2	defined	["動"]	["动"]	["bound-form"]	[]	[]	表現出來，讓人看得見	表现出来，让人看得见				[0, 1]	general	unreviewed		[]
形式|形式|xing2 shi4~1	形式|形式|xing2 shi4	1	defined	["名"]	["名"]	[]	[]	[]	事物表現在外面的樣子，不是內容本身	事物表现在外面的样子，不是内容本身	「形狀」只說東西的樣子，「形式」還包括做事的方法。	「形状」只说东西的样子，「形式」还包括做事的方法。		[0, 1, 2, 4]	general	unreviewed		[]
形式|形式|xing2 shi4~2	形式|形式|xing2 shi4	2	defined	["名"]	["名"]	[]	[]	[]	只做給人看、沒有實際內容的過程	只做给人看、没有实际内容的过程				[3]	general	unreviewed		[]
形成|形成|xing2 cheng2~1	形成|形成|xing2 cheng2	1	defined	["動"]	["动"]	[]	[]	[]	事物經過變化而產生，成為一定的樣子	事物经过变化而产生，成为一定的样子				[0]	general	unreviewed		[]
形象|形象|xing2 xiang4~1	形象|形象|xing2 xiang4	1	defined	["名"]	["名"]	[]	[]	[]	人或事物在人心裡的樣子，也指作品裡的人物	人或事物在人心里的样子，也指作品里的人物				[0, 1, 2, 3]	general	unreviewed		[]
形象|形象|xing2 xiang4~2	形象|形象|xing2 xiang4	2	defined	["形"]	["形"]	[]	[]	[]	說得具體，讓人容易想像的	说得具体，让人容易想像的				[4, 5]	general	unreviewed		[]
影|影|ying3~1	影|影|ying3	1	defined	["名"]	["名"]	["bound-form"]	[]	[]	光被物體擋住後出現的暗形	光被物体挡住后出现的暗形				[6]	general	unreviewed		[]
影|影|ying3~2	影|影|ying3	2	defined	["名"]	["名"]	["bound-form"]	[]	[]	放映給人看的活動畫面	放映给人看的活动画面				[2, 3]	general	unreviewed		[]
影|影|ying3~3	影|影|ying3	3	defined	["名"]	["名"]	["bound-form"]	[]	[]	拍下或映出的人和物的樣子	拍下或映出的人和物的样子				[0, 1, 4]	general	unreviewed		[]
影|影|ying3~4	影|影|ying3	4	defined	["名"]	["名"]	["bound-form"]	[]	[]	東西照在水面或鏡子裡的樣子	东西照在水面或镜子里的样子				[5]	general	unreviewed		[]
影|影|ying3~5	影|影|ying3	5	defined	["名"]	["名"]	["bound-form"]	[]	[]	人或東西存在過留下的一點樣子	人或东西存在过留下的一点样子				[7]	general	unreviewed		[]
影響|影响|ying3 xiang3~1	影響|影响|ying3 xiang3	1	defined	["動", "名"]	["动", "名"]	[]	[]	[]	一件事對別的事或人起的作用	一件事对别的事或人起的作用	用作動詞時，後面多是不好的結果，如「影響休息」。	用作动词时，后面多是不好的结果，如「影响休息」。		[0, 1, 2, 3, 4, 5]	general	unreviewed	edited	["E-ying3xiang3-1"]
彼此|彼此|bi3 ci3~1	彼此|彼此|bi3 ci3	1	defined	["代"]	["代"]	[]	[]	[]	雙方，指這一方和那一方	双方，指这一方和那一方	多用在書面和客氣的說法裡，口語常說「互相」。	多用在书面和客气的说法里，口语常说「互相」。		[0]	general	unreviewed		[]
往|往|wang3~1	往|往|wang3	1	defined	["介"]	["介"]	["function-word"]	[]	[]	用在動詞前後，引出動作去的方向	用在动词前后，引出动作去的方向	「往」多用在動詞後面說目的地，「向」還可以說對著誰。	「往」多用在动词后面说目的地，「向」还可以说对着谁。		[1, 2, 3]	general	unreviewed		[]
往|往|wang3~2	往|往|wang3	2	defined	["動"]	["动"]	["bound-form"]	[]	[]	向某個地方去	向某个地方去				[0]	general	unreviewed		[]
往|往|wang3~3	往|往|wang3	3	defined	["形"]	["形"]	["bound-form"]	[]	[]	過去的，不是現在的	过去的，不是现在的				[4, 5]	general	unreviewed		[]
待|待|dai1~1	待|待|dai1	1	defined	["動"]	["动"]	[]	[]	[]	在一個地方停留，不離開	在一个地方停留，不离开	這個意思也常寫成「呆」，如「呆在家裡」。	这个意思也常写成「呆」，如「呆在家里」。		[0]	general	unreviewed		[]
待|待|dai4~1	待|待|dai4	1	defined	["動"]	["动"]	["bound-form"]	[]	[]	等著事情發生或人到來	等着事情发生或人到来	「有待」表示事情還需要人去做。	「有待」表示事情还需要人去做。		[0, 3]	general	unreviewed		[]
待|待|dai4~2	待|待|dai4	2	defined	["動"]	["动"]	[]	[]	[]	用某種態度對人	用某种态度对人				[1, 2]	general	unreviewed		[]
待|待|dai4~3	待|待|dai4	3	defined	["動"]	["动"]	[]	["lit"]	[]	馬上就要做某件事，還沒開始	马上就要做某件事，还没开始				[4, 5, 6]	general	unreviewed		[]
很|很|hen3~1	很|很|hen3	1	defined	["副"]	["副"]	["function-word"]	[]	[]	用在形容詞或一些動詞前面，表示程度高	用在形容词或一些动词前面，表示程度高	形容詞前面常常要加「很」，但不一定真的表示程度高。「他很忙」有時只是說他忙，不是說特別忙。	形容词前面常常要加「很」，但不一定真的表示程度高。「他很忙」有时只是说他忙，不是说特别忙。		[0, 1]	function-word	unreviewed		[]
律師|律师|lu:4 shi1~1	律師|律师|lu:4 shi1	1	defined	["名"]	["名"]	[]	[]	[]	替別人打官司、處理法律問題的人	替别人打官司、处理法律问题的人				[0]	general	unreviewed		[]
後|后|hou4~1	後|后|hou4	1	defined	["名"]	["名"]	[]	[]	[]	跟前相反的方向或位置	跟前相反的方向或位置	單用時前面要有名詞，例如「門後」；說話時常說「後面」。	单用时前面要有名词，例如「门后」；说话时常说「后面」。		[0, 1, 2]	general	unreviewed		[]
後|后|hou4~2	後|后|hou4	2	defined	["名"]	["名"]	[]	[]	[]	比某個時候晚的那段時間	比某个时候晚的那段时间	「後」要跟在詞語的下面，「以後」可以單獨用在句子開頭。	「后」要跟在词语的下面，「以后」可以单独用在句子开头。		[3, 4, 5, 6]	general	unreviewed		[]
後來|后来|hou4 lai2~1	後來|后来|hou4 lai2	1	defined	["名"]	["名"]	[]	[]	[]	過去某個時候以後的時間	过去某个时候以后的时间	「後來」說的一定是過去的事；「以後」還可以說將來。	「后来」说的一定是过去的事；「以后」还可以说将来。		[0]	general	unreviewed		[]
後來|后来|hou4 lai2~2	後來|后来|hou4 lai2	2	defined	["形"]	["形"]	[]	[]	[]	比別人晚到或晚出現的	比别人晚到或晚出现的				[1]	general	unreviewed		[]
得|得|de2~1	得|得|de2	1	defined	["動"]	["动"]	[]	[]	[]	拿到原來沒有的東西	拿到原来没有的东西	「得」單用比較少，口語常說「得到」。	「得」单用比较少，口语常说「得到」。		[0, 1, 2]	general	unreviewed		[]
得|得|de2~2	得|得|de2	2	defined	["動"]	["动"]	[]	[]	[]	開始有某種病	开始有某种病				[3]	general	unreviewed		[]
得|得|de2~3	得|得|de2	3	defined	["形"]	["形"]	["bound-form"]	[]	[]	心裡滿意而高興	心里满意而高兴				[6, 7]	general	unreviewed		[]
得|得|de2~4	得|得|de2	4	defined	["形"]	["形"]	["bound-form"]	[]	[]	正合要求，不多不少	正合要求，不多不少				[4, 5]	general	unreviewed		[]
得|得|de2~5	得|得|de2	5	defined	["動"]	["动"]	["bound-form"]	["lit"]	[]	表示允許這樣做	表示允许这样做				[8, 9]	general	unreviewed		[]
得|得|de2~6	得|得|de2	6	defined	["動"]	["动"]	[]	["coll"]	[]	表示事情已經做完	表示事情已经做完				[10, 11]	general	unreviewed		[]
得|得|dei3~1	得|得|dei3	1	defined	["動"]	["动"]	[]	["coll"]	[]	表示一定要這樣，不能不做	表示一定要这样，不能不做	相反的意思不說「不得」，要說「不用」。	相反的意思不说「不得」，要说「不用」。		[0, 1, 2]	general	unreviewed		[]
得|得|dei3~2	得|得|dei3	2	defined	["動"]	["动"]	[]	["coll"]	[]	需要多少時間或錢	需要多少时间或钱				[3]	general	unreviewed		[]
得|得|dei3~3	得|得|dei3	3	defined	["動"]	["动"]	[]	["coll"]	[]	表示估計一定會這樣	表示估计一定会这样				[]	general	unreviewed		[]
得到|得到|de2 dao4~1	得到|得到|de2 dao4	1	defined	["動"]	["动"]	[]	[]	[]	原來沒有的東西或好處，現在有了	原来没有的东西或好处，现在有了	「得到」多說好的事物，「受到」好的壞的都可以說。	「得到」多说好的事物，「受到」好的坏的都可以说。		[0]	general	unreviewed		[]
得知|得知|de2 zhi1~1	得知|得知|de2 zhi1	1	defined	["動"]	["动"]	[]	["lit"]	[]	從別人那裡或別的地方知道某件事	从别人那里或别的地方知道某件事	「知道」可以指早就知道，「得知」多指剛剛聽到這個消息。	「知道」可以指早就知道，「得知」多指刚刚听到这个消息。		[0, 1]	general	unreviewed		[]
從未|从未|cong2 wei4~1	從未|从未|cong2 wei4	1	defined	["副"]	["副"]	["function-word"]	[]	[]	用在動詞前面，表示到現在為止一次也沒有	用在动词前面，表示到现在为止一次也没有	「從未」比「從來沒有」正式，後面直接接動詞。	「从未」比「从来没有」正式，后面直接接动词。		[0]	function-word	unreviewed		[]
徹底|彻底|che4 di3~1	徹底|彻底|che4 di3	1	defined	["形"]	["形"]	[]	[]	[]	做得完全，一點也沒有留下的	做得完全，一点也没有留下的	多用在「解決」、「改變」、「清理」等詞前面。	多用在「解决」、「改变」、「清理」等词前面。		[0, 1, 2]	general	unreviewed		[]
心理|心理|xin1 li3~1	心理|心理|xin1 li3	1	defined	["名"]	["名"]	[]	[]	[]	人心裡的想法和感覺等活動	人心里的想法和感觉等活动				[0]	general	unreviewed		[]
必|必|bi4~1	必|必|bi4	1	defined	["副"]	["副"]	[]	["lit"]	[]	用在動詞前面，表示一定會這樣或一定要這樣	用在动词前面，表示一定会这样或一定要这样	「必」多用在書面，口語裡常說「一定」。	「必」多用在书面，口语里常说「一定」。		[0, 1, 2, 3]	general	unreviewed		[]
必要|必要|bi4 yao4~1	必要|必要|bi4 yao4	1	defined	["形", "名"]	["形", "名"]	[]	[]	[]	一定要有的，少了就不行的	一定要有的，少了就不行的				[0, 1, 2, 3]	general	unreviewed		[]
必須|必须|bi4 xu1~1	必須|必须|bi4 xu1	1	defined	["副"]	["副"]	[]	[]	[]	表示一定要做，不能不做	表示一定要做，不能不做	「必須」用在動詞前面，「必需」多指少不了的東西。	「必须」用在动词前面，「必需」多指少不了的东西。		[0, 1, 2, 3]	general	unreviewed		[]
快|快|kuai4~1	快|快|kuai4	1	defined	["形"]	["形"]	[]	[]	[]	速度高，做事用的時間短	速度高，做事用的时间短				[0, 1, 2, 3, 7]	general	unreviewed		[]
快|快|kuai4~2	快|快|kuai4	2	defined	["副"]	["副"]	[]	[]	[]	表示事情很短的時間以後就會發生	表示事情很短的时间以后就会发生	常說「快…了」，也可以說「快要…了」。	常说「快…了」，也可以说「快要…了」。		[4, 5]	general	unreviewed		[]
快|快|kuai4~3	快|快|kuai4	3	defined	["副"]	["副"]	[]	[]	[]	用在動詞前面，要別人馬上去做	用在动词前面，要别人马上去做				[6]	general	unreviewed		[]
快|快|kuai4~4	快|快|kuai4	4	defined	["形"]	["形"]	["bound-form"]	[]	[]	心裡感到高興和滿足	心里感到高兴和满足				[11, 12, 13]	general	unreviewed		[]
快|快|kuai4~5	快|快|kuai4	5	defined	["形"]	["形"]	[]	[]	[]	刀等工具很利，容易切開東西	刀等工具很利，容易切开东西				[8]	general	unreviewed		[]
快|快|kuai4~6	快|快|kuai4	6	defined	["形"]	["形"]	["bound-form"]	[]	[]	說話直接，有什麼說什麼	说话直接，有什么说什么				[9, 10]	general	unreviewed		[]
快速|快速|kuai4 su4~1	快速|快速|kuai4 su4	1	defined	["形"]	["形"]	[]	[]	[]	動作或變化用的時間很短的	动作或变化用的时间很短的	「快」可以單用，「快速」多放在動作或名詞前面。	「快」可以单用，「快速」多放在动作或名词前面。		[0]	general	unreviewed		[]
念|念|nian4~1	念|念|nian4	1	defined	["動"]	["动"]	[]	[]	[]	把文字出聲讀出來	把文字出声读出来				[0, 3]	general	unreviewed		[]
念|念|nian4~2	念|念|nian4	2	defined	["動"]	["动"]	[]	[]	[]	在學校裡學習	在学校里学习	「念」後面常接學校或科目，例如「念中學」、「念法律」。	「念」后面常接学校或科目，例如「念中学」、「念法律」。		[1, 2]	general	unreviewed		[]
念|念|nian4~3	念|念|nian4	3	defined	["動"]	["动"]	[]	[]	[]	心裡想著不在身邊的人	心里想着不在身边的人				[5]	general	unreviewed		[]
念|念|nian4~4	念|念|nian4	4	defined	["名"]	["名"]	["bound-form"]	[]	[]	心裡產生的想法	心里产生的想法				[6, 7]	general	unreviewed		[]
念|念|nian4~5	念|念|nian4	5	defined	["動"]	["动"]	[]	["coll"]	[]	反覆說別人的不對	反复说别人的不对				[4]	general	unreviewed		[]
念|念|nian4~6	念|念|nian4	6	defined	["數"]	["数"]	[]	["arch"]	[]	數目，等於二十，舊時用在單據上	数目，等于二十，旧时用在单据上			archaic-form	[8]	general	unreviewed		[]
思|思|si1~1	思|思|si1	1	defined	["動"]	["动"]	["bound-form"]	[]	[]	動腦想事情，考慮問題	动脑想事情，考虑问题				[0, 1]	general	unreviewed		[]
思|思|si1~2	思|思|si1	2	defined	["動"]	["动"]	["bound-form"]	[]	[]	心裡想著離開的人或地方	心里想着离开的人或地方				[]	general	unreviewed		[]
思想|思想|si1 xiang3~1	思想|思想|si1 xiang3	1	defined	["名"]	["名"]	["classifier-ref"]	[]	[]	人對事物的認識和看法	人对事物的认识和看法	「想法」多指一時的念頭，「思想」指比較深、成系統的看法。	「想法」多指一时的念头，「思想」指比较深、成系统的看法。		[0, 1, 2, 3, 4]	general	unreviewed		[]
急|急|ji2~1	急|急|ji2	1	defined	["形"]	["形"]	[]	[]	[]	事情要馬上處理、不能再等的	事情要马上处理、不能再等的				[0, 1]	general	unreviewed		[]
急|急|ji2~2	急|急|ji2	2	defined	["形"]	["形"]	[]	[]	[]	速度快而猛的	速度快而猛的				[2, 3]	general	unreviewed		[]
急|急|ji2~3	急|急|ji2	3	defined	["形", "動"]	["形", "动"]	[]	[]	[]	心裡不安的，也指使人心裡不安	心里不安的，也指使人心里不安				[4, 5]	general	unreviewed		[]
怪|怪|guai4~1	怪|怪|guai4	1	defined	["形"]	["形"]	[]	[]	[]	跟一般情況不一樣，讓人覺得意外的	跟一般情况不一样，让人觉得意外的	「怪」多用在「很」、「太」後面，單說時多用「奇怪」。	「怪」多用在「很」、「太」后面，单说时多用「奇怪」。		[0]	general	unreviewed		[]
怪|怪|guai4~2	怪|怪|guai4	2	defined	["動"]	["动"]	[]	[]	[]	認為不好的結果是某人或某事造成的	认为不好的结果是某人或某事造成的				[3]	general	unreviewed		[]
怪|怪|guai4~3	怪|怪|guai4	3	defined	["副"]	["副"]	[]	["coll"]	[]	表示程度高，相當於「很」	表示程度高，相当于「很」	多說成「怪…的」，例如「怪可憐的」。	多说成「怪…的」，例如「怪可怜的」。		[4]	general	unreviewed		[]
怪|怪|guai4~4	怪|怪|guai4	4	defined	["名"]	["名"]	["bound-form"]	[]	[]	傳說中樣子奇怪、能傷害人的東西	传说中样子奇怪、能伤害人的东西				[1]	bound-form	unreviewed		[]
怪|怪|guai4~5	怪|怪|guai4	5	defined	["動"]	["动"]	["bound-form"]	[]	[]	覺得事情奇怪，感到意外	觉得事情奇怪，感到意外				[2]	bound-form	unreviewed		[]
恐怖|恐怖|kong3 bu4~1	恐怖|恐怖|kong3 bu4	1	defined	["形", "名"]	["形", "名"]	[]	[]	[]	讓人非常害怕的；也指這樣的情況	让人非常害怕的；也指这样的情况				[0, 1, 2, 3]	general	unreviewed		[]
恐怖|恐怖|kong3 bu4~2	恐怖|恐怖|kong3 bu4	2	defined	["形"]	["形"]	["bound-form"]	[]	[]	用暴力製造害怕以達到目的的	用暴力制造害怕以达到目的的				[4]	general	unreviewed		[]
恢復|恢复|hui1 fu4~1	恢復|恢复|hui1 fu4	1	defined	["動"]	["动"]	[]	[]	[]	回到或使回到原來的樣子	回到或使回到原来的样子				[0, 1, 2, 3, 4, 5]	general	unreviewed		[]
恩|恩|en1~1	恩|恩|en1	1	defined	["名"]	["名"]	[]	[]	[]	別人給的幫助，使人心裡感謝	别人给的帮助，使人心里感谢				[0]	general	unreviewed		[]
恩|恩|en1~2	恩|恩|en1	2	defined	["嘆"]	["叹"]	[]	["coll"]	[]	網路聊天時用來表示同意	网路聊天时用来表示同意				[1]	general	unreviewed		[]
情報|情报|qing2 bao4~1	情報|情报|qing2 bao4	1	defined	["名"]	["名"]	[]	[]	[]	關於敵人或對手情況的消息	关于敌人或对手情况的消息				[0]	general	unreviewed		[]
情況|情况|qing2 kuang4~1	情況|情况|qing2 kuang4	1	defined	["名"]	["名"]	["classifier-ref"]	[]	[]	事情在某個時候的狀態和變化	事情在某个时候的状态和变化	常跟「了解」「介紹」「報告」一起用，例如「了解一下情況」。	常跟「了解」「介绍」「报告」一起用，例如「了解一下情况」。		[0, 1]	general	unreviewed		[]
情緒|情绪|qing2 xu4~1	情緒|情绪|qing2 xu4	1	defined	["名"]	["名"]	[]	[]	[]	人一時的高興、生氣等心理狀態	人一时的高兴、生气等心理状态	常跟「控制」「穩定」等詞連用，如「控制自己的情緒」。	常跟「控制」「稳定」等词连用，如「控制自己的情绪」。		[0, 1, 3]	general	unreviewed		[]
情緒|情绪|qing2 xu4~2	情緒|情绪|qing2 xu4	2	defined	["名"]	["名"]	[]	["coll"]	[]	心裡不滿、不高興的感覺	心里不满、不高兴的感觉	多說「鬧情緒」「有情緒」。	多说「闹情绪」「有情绪」。		[2]	general	unreviewed		[]
想|想|xiang3~1	想|想|xiang3	1	defined	["動"]	["动"]	[]	[]	[]	在腦子裡考慮，或找出辦法	在脑子里考虑，或找出办法				[0, 1]	general	unreviewed		[]
想|想|xiang3~2	想|想|xiang3	2	defined	["動"]	["动"]	[]	[]	[]	打算或希望做某件事	打算或希望做某件事	「想」只是心裡希望，「要」的語氣更強。	「想」只是心里希望，「要」的语气更强。		[3]	general	unreviewed		[]
想|想|xiang3~3	想|想|xiang3	3	defined	["動"]	["动"]	[]	[]	[]	覺得，認為事情大概是這樣	觉得，认为事情大概是这样				[2]	general	unreviewed		[]
想|想|xiang3~4	想|想|xiang3	4	defined	["動"]	["动"]	[]	[]	[]	因為分開而希望見到某人	因为分开而希望见到某人				[4]	general	unreviewed		[]
想法|想法|xiang3 fa3~1	想法|想法|xiang3 fa3	1	defined	["名"]	["名"]	[]	[]	[]	對某件事的意見或打算	对某件事的意见或打算	「看法」多指對事情的評價，「想法」還可以指打算怎麼做。	「看法」多指对事情的评价，「想法」还可以指打算怎么做。		[0]	general	unreviewed		[]
想法|想法|xiang3 fa3~2	想法|想法|xiang3 fa3	2	defined	["動"]	["动"]	[]	["coll"]	[]	動腦筋找出解決的辦法	动脑筋找出解决的办法	口語裡多說「想法子」，很少單說「想法」。	口语里多说「想法子」，很少单说「想法」。		[1]	general	unreviewed		[]
意味著|意味着|yi4 wei4 zhe5~1	意味著|意味着|yi4 wei4 zhe5	1	defined	["動"]	["动"]	[]	[]	[]	表示含有某種意思或帶來某種結果	表示含有某种意思或带来某种结果	「意味著」後面常接一個句子，說明會帶來的結果。	「意味着」后面常接一个句子，说明会带来的结果。		[0, 1, 2]	general	unreviewed		[]
意外|意外|yi4 wai4~1	意外|意外|yi4 wai4	1	defined	["形"]	["形"]	[]	[]	[]	事先沒有想到的	事先没有想到的				[0]	general	unreviewed		[]
意外|意外|yi4 wai4~2	意外|意外|yi4 wai4	2	defined	["名"]	["名"]	[]	[]	[]	突然發生的、使人受傷或損失的事	突然发生的、使人受伤或损失的事	「意外」多指沒有人想到的不好的事，「事故」多指交通或工作上的。	「意外」多指没有人想到的不好的事，「事故」多指交通或工作上的。		[1, 2, 3]	general	unreviewed		[]
意思|意思|yi4 si5~1	意思|意思|yi4 si5	1	defined	["名"]	["名"]	[]	[]	[]	語言、文字或動作所表達的內容	语言、文字或动作所表达的内容				[2, 8]	general	unreviewed		[]
意思|意思|yi4 si5~2	意思|意思|yi4 si5	2	defined	["名"]	["名"]	[]	[]	[]	對事情的想法或希望怎麼做	对事情的想法或希望怎么做				[0, 1, 3, 4]	general	unreviewed		[]
意思|意思|yi4 si5~3	意思|意思|yi4 si5	3	defined	["名"]	["名"]	[]	[]	[]	讓人覺得有趣的地方	让人觉得有趣的地方				[5, 6]	general	unreviewed		[]
意思|意思|yi4 si5~4	意思|意思|yi4 si5	4	defined	["名", "動"]	["名", "动"]	[]	["coll"]	[]	為了表示心意送的小禮物或做的小事	为了表示心意送的小礼物或做的小事				[7, 9, 10]	general	unreviewed		[]
意義|意义|yi4 yi4~1	意義|意义|yi4 yi4	1	defined	["名"]	["名"]	[]	[]	[]	事情對人所產生的價值和作用	事情对人所产生的价值和作用				[2, 3]	general	unreviewed		[]
意義|意义|yi4 yi4~2	意義|意义|yi4 yi4	2	defined	["名"]	["名"]	[]	[]	[]	語言、文字所表示的內容	语言、文字所表示的内容	「意思」多用在口語，「意義」多用在書面和正式的場合。	「意思」多用在口语，「意义」多用在书面和正式的场合。		[0, 1, 4]	general	unreviewed	edited	["E-yi4yi4-2"]
意見|意见|yi4 jian4~1	意見|意见|yi4 jian4	1	defined	["名"]	["名"]	[]	[]	[]	對事情的看法或想法	对事情的看法或想法				[0, 1, 2, 5]	general	unreviewed		[]
意見|意见|yi4 jian4~2	意見|意见|yi4 jian4	2	defined	["名"]	["名"]	[]	[]	[]	對人或事情不高興、不同意的想法	对人或事情不高兴、不同意的想法	常說「對他有意見」，表示心裡不高興。	常说「对他有意见」，表示心里不高兴。		[3, 4]	general	unreviewed		[]
意識|意识|yi4 shi2~1	意識|意识|yi4 shi2	1	defined	["名"]	["名"]	[]	[]	[]	人對自己和周圍事物的感覺和認識	人对自己和周围事物的感觉和认识				[0]	general	unreviewed		[]
意識|意识|yi4 shi2~2	意識|意识|yi4 shi2	2	defined	["動"]	["动"]	[]	[]	[]	心裡感覺到或明白某件事	心里感觉到或明白某件事	常用「意識到」的形式，後面接一件事或一句話。	常用「意识到」的形式，后面接一件事或一句话。		[1]	general	unreviewed		[]
愛|爱|ai4~1	愛|爱|ai4	1	defined	["動", "名"]	["动", "名"]	[]	[]	[]	對人或事物有很深的感情	对人或事物有很深的感情	「愛」的感情比「喜歡」深，對人不隨便說。	「爱」的感情比「喜欢」深，对人不随便说。		[0, 1]	general	unreviewed		[]
愛|爱|ai4~2	愛|爱|ai4	2	defined	["動"]	["动"]	[]	[]	[]	喜歡某種事物或活動，常常去做	喜欢某种事物或活动，常常去做	「愛」後面可以直接接動詞，如「愛看書」。	「爱」后面可以直接接动词，如「爱看书」。		[0]	general	unreviewed		[]
愛|爱|ai4~3	愛|爱|ai4	3	defined	["動"]	["动"]	[]	[]	[]	容易發生某種情況	容易发生某种情况				[2]	general	unreviewed		[]
愛情|爱情|ai4 qing2~1	愛情|爱情|ai4 qing2	1	defined	["名"]	["名"]	[]	[]	[]	兩人互相喜歡、想長久在一起的感情	两人互相喜欢、想长久在一起的感情				[0, 1]	general	unreviewed		[]
感|感|gan3~1	感|感|gan3	1	defined	["動"]	["动"]	["bound-form"]	[]	[]	覺得，對事物產生某種心理反應	觉得，对事物产生某种心理反应				[0]	general	unreviewed		[]
感|感|gan3~2	感|感|gan3	2	defined	["動"]	["动"]	["bound-form"]	[]	[]	使人心裡受到很深的影響	使人心里受到很深的影响				[1, 2, 3]	general	unreviewed		[]
感|感|gan3~3	感|感|gan3	3	defined	["綴"]	["缀"]	["function-word", "bound-form"]	[]	[]	用在名詞或動詞後面，表示某種感覺或想法	用在名词或动词后面，表示某种感觉或想法	「安全感」說的是心裡的感覺，「安全性」說的是事物本身。	「安全感」说的是心里的感觉，「安全性」说的是事物本身。		[4, 5, 6]	function-word	unreviewed		[]
感到|感到|gan3 dao4~1	感到|感到|gan3 dao4	1	defined	["動"]	["动"]	[]	[]	[]	心裡產生某種感覺	心里产生某种感觉	後面常接「高興」、「奇怪」等形容感覺的詞語。	后面常接「高兴」、「奇怪」等形容感觉的词语。		[0]	general	unreviewed		[]
感情|感情|gan3 qing2~1	感情|感情|gan3 qing2	1	defined	["名"]	["名"]	[]	[]	[]	人心裡的喜歡、生氣、難過等反應	人心里的喜欢、生气、难过等反应	「感覺」多指一時的感受，「感情」則較深、較久。	「感觉」多指一时的感受，「感情」则较深、较久。		[0]	general	unreviewed		[]
感情|感情|gan3 qing2~2	感情|感情|gan3 qing2	2	defined	["名"]	["名"]	[]	[]	[]	人跟人長期來往產生的互相關心、喜歡的心情	人跟人长期来往产生的互相关心、喜欢的心情				[1]	general	unreviewed		[]
感染|感染|gan3 ran3~1	感染|感染|gan3 ran3	1	defined	["動", "名"]	["动", "名"]	[]	[]	["med"]	病毒等進入身體，引起疾病	病毒等进入身体，引起疾病				[0]	general	unreviewed		[]
感染|感染|gan3 ran3~2	感染|感染|gan3 ran3	2	defined	["動"]	["动"]	[]	[]	[]	讓別人也有同樣的感覺或想法	让别人也有同样的感觉或想法				[1]	general	unreviewed		[]
感覺|感觉|gan3 jue2~1	感覺|感觉|gan3 jue2	1	defined	["名", "動"]	["名", "动"]	[]	[]	[]	身體或心裡對外界事物的直接反應	身体或心里对外界事物的直接反应	「感覺」可以當名詞，也可以當動詞；「覺得」只能當動詞用。	「感觉」可以当名词，也可以当动词；「觉得」只能当动词用。		[0, 1]	general	unreviewed		[]
態度|态度|tai4 du5~1	態度|态度|tai4 du5	1	defined	["名"]	["名"]	[]	[]	[]	說話做事時表現出來的樣子	说话做事时表现出来的样子				[0, 1]	general	unreviewed		[]
態度|态度|tai4 du5~2	態度|态度|tai4 du5	2	defined	["名"]	["名"]	[]	[]	[]	對人或事的看法和做法	对人或事的看法和做法				[2, 3, 4]	general	unreviewed		[]
慢|慢|man4~1	慢|慢|man4	1	defined	["形"]	["形"]	[]	[]	[]	速度低的，做完要用很多時間	速度低的，做完要用很多时间				[0]	general	unreviewed		[]
慶祝|庆祝|qing4 zhu4~1	慶祝|庆祝|qing4 zhu4	1	defined	["動"]	["动"]	[]	[]	[]	為值得高興的事舉行活動表示快樂	为值得高兴的事举行活动表示快乐				[0]	general	unreviewed		[]
應|应|ying1~1	應|应|ying1	1	defined	["動"]	["动"]	[]	["lit"]	[]	表示按道理或規定必須這樣做	表示按道理或规定必须这样做	多用於書面語，口語裡多說「應該」。法律條文裡也常見這個用法。	多用于书面语，口语里多说「应该」。法律条文里也常见这个用法。		[1, 2, 3, 4]	general	unreviewed		[]
應|应|ying1~2	應|应|ying1	2	defined	["動"]	["动"]	["bound-form"]	[]	[]	同意別人的要求，答應去做	同意别人的要求，答应去做				[0]	general	unreviewed		[]
應|应|ying4~1	應|应|ying4	1	defined	["動"]	["动"]	[]	[]	[]	聽到叫聲或問話時出聲回答	听到叫声或问话时出声回答				[0, 1]	general	unreviewed		[]
應|应|ying4~2	應|应|ying4	2	defined	["動"]	["动"]	["bound-form"]	[]	[]	接受別人的要求或邀請	接受别人的要求或邀请				[2]	general	unreviewed		[]
應|应|ying4~3	應|应|ying4	3	defined	["動"]	["动"]	["bound-form"]	[]	[]	想辦法處理發生的事情或困難	想办法处理发生的事情或困难				[3]	general	unreviewed		[]
應該|应该|ying1 gai1~1	應該|应该|ying1 gai1	1	defined	["動"]	["动"]	[]	[]	[]	按道理必須這樣做	按道理必须这样做	「必須」表示非做不可，「應該」只表示按道理如此。	「必须」表示非做不可，「应该」只表示按道理如此。		[0]	general	unreviewed		[]
應該|应该|ying1 gai1~2	應該|应该|ying1 gai1	2	defined	["動"]	["动"]	[]	[]	[]	表示估計，事情很可能是這樣	表示估计，事情很可能是这样				[]	general	unreviewed		[]
懷|怀|huai2~1	懷|怀|huai2	1	defined	["名"]	["名"]	[]	[]	[]	胸前和兩隻手臂之間的地方	胸前和两只手臂之间的地方				[0]	general	unreviewed		[]
懷|怀|huai2~2	懷|怀|huai2	2	defined	["動"]	["动"]	[]	[]	[]	女子身體裡開始有了小孩	女子身体里开始有了小孩				[5]	general	unreviewed		[]
懷|怀|huai2~3	懷|怀|huai2	3	defined	["動"]	["动"]	["bound-form"]	[]	[]	心裡一直想著過去的人或事	心里一直想着过去的人或事				[3, 4]	general	unreviewed		[]
懷|怀|huai2~4	懷|怀|huai2	4	defined	["名"]	["名"]	["bound-form"]	[]	[]	心裡的想法和感情	心里的想法和感情				[1, 2]	general	unreviewed		[]
懷疑|怀疑|huai2 yi2~1	懷疑|怀疑|huai2 yi2	1	defined	["動"]	["动"]	[]	[]	[]	不很相信，覺得可能不是真的	不很相信，觉得可能不是真的				[0]	general	unreviewed		[]
懷疑|怀疑|huai2 yi2~2	懷疑|怀疑|huai2 yi2	2	defined	["動"]	["动"]	[]	[]	[]	猜想某人做了壞事，或某事可能發生	猜想某人做了坏事，或某事可能发生	表示猜想時，後面常接一個句子，說出猜想的內容。	表示猜想时，后面常接一个句子，说出猜想的内容。		[1]	general	unreviewed		[]
成|成|cheng2~1	成|成|cheng2	1	defined	["動"]	["动"]	[]	[]	[]	變為別的東西或樣子	变为别的东西或样子	常放在動詞後面，如「切成」「寫成」「變成」。	常放在动词后面，如「切成」「写成」「变成」。		[4, 5]	general	unreviewed		[]
成|成|cheng2~2	成|成|cheng2	2	defined	["動"]	["动"]	[]	[]	[]	事情做好，達到了想要的結果	事情做好，达到了想要的结果				[0, 1, 2, 3]	general	unreviewed		[]
成|成|cheng2~3	成|成|cheng2	3	defined	["動"]	["动"]	[]	["coll"]	[]	表示同意，覺得可以	表示同意，觉得可以	跟「行」意思相近，多單獨用在回答裡。	跟「行」意思相近，多单独用在回答里。		[6, 7]	general	unreviewed		[]
成|成|cheng2~4	成|成|cheng2	4	defined	["量"]	["量"]	[]	[]	[]	十分之一	十分之一	用在數字後面，例如「八成」就是百分之八十。	用在数字后面，例如「八成」就是百分之八十。		[8]	general	unreviewed		[]
成功|成功|cheng2 gong1~1	成功|成功|cheng2 gong1	1	defined	["動", "形", "名"]	["动", "形", "名"]	[]	[]	[]	達到原來想要的結果	达到原来想要的结果	「完成」只表示事情做完了，不一定有好結果。	「完成」只表示事情做完了，不一定有好结果。		[0, 1, 2]	general	unreviewed		[]
成員|成员|cheng2 yuan2~1	成員|成员|cheng2 yuan2	1	defined	["名"]	["名"]	[]	[]	[]	屬於一個組織或團體的人	属于一个组织或团体的人				[0]	general	unreviewed		[]
成就|成就|cheng2 jiu4~1	成就|成就|cheng2 jiu4	1	defined	["名"]	["名"]	[]	[]	[]	經過努力取得的較大成績	经过努力取得的较大成绩	「成功」說的是做成了事，「成就」多指做成後留下的成績。	「成功」说的是做成了事，「成就」多指做成后留下的成绩。		[0, 1, 2, 3]	general	unreviewed		[]
成就|成就|cheng2 jiu4~2	成就|成就|cheng2 jiu4	2	defined	["動"]	["动"]	[]	[]	[]	使人或事業獲得成功	使人或事业获得成功				[4, 5, 6]	general	unreviewed		[]
成為|成为|cheng2 wei2~1	成為|成为|cheng2 wei2	1	defined	["動"]	["动"]	[]	[]	[]	經過變化，開始具有新的身份、地位或狀態	经过变化，开始具有新的身份、地位或状态	「成為」後面常是表示身份、地位的名詞，「變成」多指樣子或狀態的改變。	「成为」后面常是表示身份、地位的名词，「变成」多指样子或状态的改变。		[0]	general	unreviewed		[]
成熟|成熟|cheng2 shu2~1	成熟|成熟|cheng2 shu2	1	defined	["形", "動"]	["形", "动"]	[]	[]	[]	長成或發展到完全的程度	长成或发展到完全的程度	說人「成熟」是指想法和做事的方式，不是年齡。	说人「成熟」是指想法和做事的方式，不是年龄。		[0, 1]	general	unreviewed		[]
成立|成立|cheng2 li4~1	成立|成立|cheng2 li4	1	defined	["動"]	["动"]	[]	[]	[]	組織、機構等正式建立起來	组织、机构等正式建立起来				[0, 1]	general	unreviewed		[]
成立|成立|cheng2 li4~2	成立|成立|cheng2 li4	2	defined	["動"]	["动"]	[]	[]	[]	說法有根據，能讓人相信	说法有根据，能让人相信				[2, 3]	general	unreviewed		[]
成績|成绩|cheng2 ji4~1	成績|成绩|cheng2 ji4	1	defined	["名"]	["名"]	["classifier-ref"]	[]	[]	工作或學習上取得的結果或分數	工作或学习上取得的结果或分数	「成績」多指學習和工作的結果，「成果」多指研究得到的東西。	「成绩」多指学习和工作的结果，「成果」多指研究得到的东西。		[0, 1, 2, 3]	general	unreviewed		[]
成長|成长|cheng2 zhang3~1	成長|成长|cheng2 zhang3	1	defined	["動", "名"]	["动", "名"]	[]	[]	[]	由小到大慢慢長大，變得成熟	由小到大慢慢长大，变得成熟				[0, 1, 2]	general	unreviewed		[]
我|我|wo3~1	我|我|wo3	1	defined	["代"]	["代"]	[]	[]	[]	說話的人稱呼自己	说话的人称呼自己	在「我國」「我軍」這樣的詞裡，「我」指自己這一方，可以包括很多人。	在「我国」「我军」这样的词里，「我」指自己这一方，可以包括很多人。		[0]	general	unreviewed		[]
我|我|wo3~2	我|我|wo3	2	defined	["代"]	["代"]	["bound-form"]	[]	[]	自己，不一定指說話的人	自己，不一定指说话的人				[]	general	unreviewed		[]
我們|我们|wo3 men5~1	我們|我们|wo3 men5	1	defined	["代"]	["代"]	[]	[]	[]	說話的人用來稱包括自己在內的幾個人	说话的人用来称包括自己在内的几个人	「咱們」一定包括聽話的人，「我們」不一定。	「咱们」一定包括听话的人，「我们」不一定。		[0]	general	unreviewed		[]
或|或|huo4~1	或|或|huo4	1	defined	["連"]	["连"]	["function-word"]	[]	[]	用在幾個項目之間，表示選擇其中一個	用在几个项目之间，表示选择其中一个	問句裡表示選擇多用「還是」。例如說「喝茶還是喝咖啡」，不說「喝茶或喝咖啡」。	问句里表示选择多用「还是」。例如说「喝茶还是喝咖啡」，不说「喝茶或喝咖啡」。		[4]	general	unreviewed		[]
或|或|huo4~2	或|或|huo4	2	defined	["副"]	["副"]	[]	["lit"]	[]	表示不十分肯定，事情有這種可能	表示不十分肯定，事情有这种可能	口語裡表示這個意思多說「也許」、「可能」。	口语里表示这个意思多说「也许」、「可能」。		[0, 1, 2, 3]	general	unreviewed		[]
或是|或是|huo4 shi4~1	或是|或是|huo4 shi4	1	defined	["連"]	["连"]	["function-word"]	[]	[]	用在詞語、句子之間，表示選擇其中一個	用在词语、句子之间，表示选择其中一个	「或是」只是把幾種可能都說出來；要對方選一個時，多用「還是」。	「或是」只是把几种可能都说出来；要对方选一个时，多用「还是」。		[0, 1]	function-word	unreviewed		[]
或者|或者|huo4 zhe3~1	或者|或者|huo4 zhe3	1	defined	["連"]	["连"]	[]	[]	[]	連接兩個以上的說法，表示選擇其中一個	连接两个以上的说法，表示选择其中一个	「或者」和「還是」都表示選擇，問句裡多用「還是」。	「或者」和「还是」都表示选择，问句里多用「还是」。		[0]	general	unreviewed		[]
或者|或者|huo4 zhe3~2	或者|或者|huo4 zhe3	2	defined	["副"]	["副"]	[]	[]	[]	表示不能肯定，事情可能是這樣	表示不能肯定，事情可能是这样				[1]	general	unreviewed		[]
戰|战|zhan4~1	戰|战|zhan4	1	defined	["動", "名"]	["动", "名"]	["bound-form"]	[]	[]	國家或軍隊之間用武器互相攻擊	国家或军队之间用武器互相攻击				[0, 1, 2, 3]	general	unreviewed		[]
戰士|战士|zhan4 shi4~1	戰士|战士|zhan4 shi4	1	defined	["名"]	["名"]	[]	[]	["mil"]	軍隊裡直接參加戰鬥的人	军队里直接参加战斗的人				[0, 1, 2, 3]	general	unreviewed		[]
戰爭|战争|zhan4 zheng1~1	戰爭|战争|zhan4 zheng1	1	defined	["名"]	["名"]	[]	[]	[]	國家或集團之間用軍隊互相攻擊的衝突	国家或集团之间用军队互相攻击的冲突				[0, 1]	general	unreviewed		[]
戰鬥|战斗|zhan4 dou4~1	戰鬥|战斗|zhan4 dou4	1	defined	["動", "名"]	["动", "名"]	[]	[]	[]	雙方用武器互相攻擊的行動	双方用武器互相攻击的行动	「戰爭」指整場的，「戰鬥」指其中一次具體的。	「战争」指整场的，「战斗」指其中一次具体的。		[0, 1, 2, 3, 4]	general	unreviewed		[]
戲|戏|xi4~1	戲|戏|xi4	1	defined	["名"]	["名"]	[]	[]	[]	演員在舞臺上表演的節目	演员在舞台上表演的节目				[1, 2, 3, 4]	general	unreviewed		[]
戲|戏|xi4~2	戲|戏|xi4	2	defined	["名"]	["名"]	["bound-form"]	[]	[]	玩笑，不認真的話或動作	玩笑，不认真的话或动作				[0]	general	unreviewed		[]
戴|戴|dai4~1	戴|戴|dai4	1	defined	["動"]	["动"]	[]	[]	[]	把帽子、眼鏡等東西放在頭上或身上	把帽子、眼镜等东西放在头上或身上	衣服和鞋子不用「戴」，要用「穿」。	衣服和鞋子不用「戴」，要用「穿」。		[0]	general	unreviewed		[]
戴|戴|dai4~2	戴|戴|dai4	2	defined	["動"]	["动"]	["bound-form"]	[]	[]	對人敬愛並且支持	对人敬爱并且支持				[1, 2, 3]	general	unreviewed		[]
戶|户|hu4~1	戶|户|hu4	1	defined	["量"]	["量"]	[]	[]	[]	計算住在一起的一家人的單位	计算住在一起的一家人的单位				[0, 2]	general	unreviewed		[]
戶|户|hu4~2	戶|户|hu4	2	defined	["名"]	["名"]	["bound-form"]	[]	[]	房屋讓人出入的門	房屋让人出入的门				[1]	general	unreviewed		[]
房|房|fang2~1	房|房|fang2	1	defined	["名"]	["名"]	[]	[]	[]	供人住的建築物	供人住的建筑物				[0]	general	unreviewed		[]
房|房|fang2~2	房|房|fang2	2	defined	["名"]	["名"]	[]	[]	[]	屋子裡用牆分開的部分	屋子里用墙分开的部分				[1, 2]	general	unreviewed		[]
房|房|fang2~3	房|房|fang2	3	defined	["名"]	["名"]	[]	[]	[]	家族中分出的一支	家族中分出的一支				[3]	general	unreviewed		[]
房|房|fang2~4	房|房|fang2	4	defined	["量"]	["量"]	["classifier-is"]	["arch"]	[]	舊時用於計算妻子或親人	旧时用于计算妻子或亲人				[4]	classifier-is	unreviewed		[]
所|所|suo3~1	所|所|suo3	1	defined	["名"]	["名"]	["bound-form"]	[]	[]	進行某種活動的地方	进行某种活动的地方				[1, 5]	general	unreviewed		[]
所|所|suo3~2	所|所|suo3	2	defined	["量"]	["量"]	["classifier-is"]	[]	[]	用於計算房子、學校、醫院等建築和機構	用于计算房子、学校、医院等建筑和机构	「所」多用在學校、醫院等；房間用「間」，公司、店用「家」。	「所」多用在学校、医院等；房间用「间」，公司、店用「家」。		[2]	classifier-is	unreviewed		[]
所|所|suo3~3	所|所|suo3	3	defined	["助"]	["助"]	["particle", "function-word"]	[]	[]	用在動詞前面，引出動作的對象	用在动词前面，引出动作的对象	「他所說的話」和「他說的話」意思相同，加「所」多用在書面。「為…所…」表示被動，是書面的說法。	「他所说的话」和「他说的话」意思相同，加「所」多用在书面。「为…所…」表示被动，是书面的说法。		[0, 3, 4]	function-word	unreviewed		[]
所以|所以|suo3 yi3~1	所以|所以|suo3 yi3	1	defined	["連"]	["连"]	["function-word"]	[]	[]	用在後一句前面，引出前面原因造成的結果	用在后一句前面，引出前面原因造成的结果				[0, 1, 2]	general	unreviewed		[]
所以|所以|suo3 yi3~2	所以|所以|suo3 yi3	2	defined	["連"]	["连"]	["function-word"]	["lit"]	[]	指某件事情的原因，多用在「之所以…是因為…」裡	指某件事情的原因，多用在「之所以…是因为…」里				[3]	general	unreviewed		[]
所在|所在|suo3 zai4~1	所在|所在|suo3 zai4	1	defined	["名"]	["名"]	[]	[]	[]	用在名詞後面，指事物存在的地方	用在名词后面，指事物存在的地方				[2]	general	unreviewed		[]
所在|所在|suo3 zai4~2	所在|所在|suo3 zai4	2	defined	["名"]	["名"]	[]	["lit"]	[]	人或事物所處的地方	人或事物所处的地方				[0, 1]	general	unreviewed		[]
所有|所有|suo3 you3~1	所有|所有|suo3 you3	1	defined	["形"]	["形"]	[]	[]	[]	全部的，範圍內的每一個都算在內的	全部的，范围内的每一个都算在内的	「所有」只用在名詞前面，常帶「的」。「全部」還能用在動詞前面。	「所有」只用在名词前面，常带「的」。「全部」还能用在动词前面。		[0]	general	unreviewed		[]
所有|所有|suo3 you3~2	所有|所有|suo3 you3	2	defined	["動"]	["动"]	[]	["lit"]	[]	歸某人或某方佔有	归某人或某方占有	常構成「為…所有」或「歸…所有」。	常构成「为…所有」或「归…所有」。		[1]	general	unreviewed		[]
所謂|所谓|suo3 wei4~1	所謂|所谓|suo3 wei4	1	defined	["形"]	["形"]	[]	[]	[]	所說的，用在要解釋的詞語前面	所说的，用在要解释的词语前面	常用「所謂……，就是……」的說法來解釋一個詞語。	常用「所谓……，就是……」的说法来解释一个词语。		[0]	general	unreviewed		[]
所謂|所谓|suo3 wei4~2	所謂|所谓|suo3 wei4	2	defined	["形"]	["形"]	[]	["derog"]	[]	只是別人這樣叫的，說話的人並不同意	只是别人这样叫的，说话的人并不同意				[1]	general	unreviewed		[]
手機|手机|shou3 ji1~1	手機|手机|shou3 ji1	1	defined	["名"]	["名"]	[]	[]	[]	能隨身帶著使用的無線電話	能随身带着使用的无线电话				[0, 1]	general	unreviewed		[]
手段|手段|shou3 duan4~1	手段|手段|shou3 duan4	1	defined	["名"]	["名"]	[]	[]	[]	為了達到目的而採用的方法	为了达到目的而采用的方法				[0]	general	unreviewed		[]
手段|手段|shou3 duan4~2	手段|手段|shou3 duan4	2	defined	["名"]	["名"]	[]	[]	[]	為了達到目的而用的不正當方法	为了达到目的而用的不正当方法				[2]	general	unreviewed		[]
手段|手段|shou3 duan4~3	手段|手段|shou3 duan4	3	defined	["名"]	["名"]	[]	[]	[]	辦成事情、應付各種情況的能力	办成事情、应付各种情况的能力				[1]	general	unreviewed		[]
手術|手术|shou3 shu4~1	手術|手术|shou3 shu4	1	defined	["名"]	["名"]	[]	[]	["med"]	醫生切開病人身體來治病的方法	医生切开病人身体来治病的方法				[0, 1, 2]	general	unreviewed		[]
扎|扎|zha1~1	扎|扎|zha1	1	defined	["動"]	["动"]	[]	[]	[]	用尖的東西刺進去	用尖的东西刺进去				[0, 1]	general	unreviewed		[]
扎|扎|zha1~2	扎|扎|zha1	2	defined	["名"]	["名"]	[]	["coll"]	[]	盛啤酒用的大杯子	盛啤酒用的大杯子				[2]	general	unreviewed		[]
打|打|da3~1	打|打|da3	1	defined	["動"]	["动"]	[]	[]	[]	用在名詞前面，表示做跟它有關的事	用在名词前面，表示做跟它有关的事	常見的說法有「打電話」、「打針」、「打傘」等。	常见的说法有「打电话」、「打针」、「打伞」等。		[0]	general	unreviewed		[]
打|打|da3~2	打|打|da3	2	defined	["動"]	["动"]	[]	[]	[]	用手或工具用力撞別人或東西	用手或工具用力撞别人或东西				[1]	general	unreviewed		[]
打|打|da3~3	打|打|da3	3	defined	["動"]	["动"]	[]	[]	[]	跟對方動手，互相攻擊	跟对方动手，互相攻击				[2]	general	unreviewed		[]
打|打|da3~4	打|打|da3	4	defined	["介"]	["介"]	["function-word"]	["coll"]	[]	用在時間或地方前面，表示起點	用在时间或地方前面，表示起点				[3]	general	unreviewed		[]
打擊|打击|da3 ji1~1	打擊|打击|da3 ji1	1	defined	["動"]	["动"]	[]	[]	[]	攻擊敵人或不好的事物，使受到傷害	攻击敌人或不好的事物，使受到伤害				[0, 1, 2, 3]	general	unreviewed		[]
打擊|打击|da3 ji1~2	打擊|打击|da3 ji1	2	defined	["名"]	["名"]	[]	[]	[]	不好的事情給人的精神傷害	不好的事情给人的精神伤害	常說「受到打擊」，也說「對他打擊很大」。	常说「受到打击」，也说「对他打击很大」。		[4, 5]	general	unreviewed		[]
打擊|打击|da3 ji1~3	打擊|打击|da3 ji1	3	defined	["形"]	["形"]	["bound-form"]	[]	["music"]	靠敲打發出聲音的	靠敲打发出声音的				[6]	general	unreviewed		[]
打算|打算|da3 suan4~1	打算|打算|da3 suan4	1	defined	["動", "名"]	["动", "名"]	[]	[]	[]	心裡想好以後要怎麼做	心里想好以后要怎么做	「打算」多用在口語，說的是心裡的想法。「計劃」比較正式，常指寫下來的安排。	「打算」多用在口语，说的是心里的想法。「计划」比较正式，常指写下来的安排。		[0, 1, 2, 3, 4, 5, 6]	general	unreviewed		[]
打開|打开|da3 kai1~1	打開|打开|da3 kai1	1	defined	["動"]	["动"]	[]	[]	[]	把關著或包著的東西弄成開的	把关着或包着的东西弄成开的				[0, 1]	general	unreviewed		[]
打開|打开|da3 kai1~2	打開|打开|da3 kai1	2	defined	["動"]	["动"]	[]	[]	[]	讓電器或機器開始工作	让电器或机器开始工作				[2, 3]	general	unreviewed		[]
托|托|tuo1~1	托|托|tuo1	1	defined	["動"]	["动"]	[]	[]	[]	手掌向上，從下面拿住或舉起東西	手掌向上，从下面拿住或举起东西				[0]	general	unreviewed		[]
托|托|tuo1~2	托|托|tuo1	2	defined	["動"]	["动"]	[]	[]	[]	請別人代自己辦事	请别人代自己办事	這個意思也常寫成「託」。	这个意思也常写成「托」。		[3]	general	unreviewed		[]
托|托|tuo1~3	托|托|tuo1	3	defined	["名"]	["名"]	["bound-form"]	[]	[]	在下面支持東西的部分	在下面支持东西的部分				[1]	bound-form	unreviewed		[]
托|托|tuo1~4	托|托|tuo1	4	defined	["名"]	["名"]	["bound-form"]	["coll"]	[]	假裝買東西、幫著騙人的人	假装买东西、帮着骗人的人				[2]	bound-form	unreviewed		[]
托|托|tuo1~5	托|托|tuo1	5	defined	["量"]	["量"]	[]	[]	[]	表示壓力的單位，多用在科學上	表示压力的单位，多用在科学上				[4]	general	unreviewed		[]
扮演|扮演|ban4 yan3~1	扮演|扮演|ban4 yan3	1	defined	["動"]	["动"]	[]	[]	[]	在戲劇或電影中裝成某個角色	在戏剧或电影中装成某个角色	也常說「扮演重要的角色」，指在事情裡起的作用。	也常说「扮演重要的角色」，指在事情里起的作用。		[0, 1]	general	unreviewed		[]
批|批|pi1~1	批|批|pi1	1	defined	["量"]	["量"]	["classifier-is"]	[]	[]	用於計算同時來到或送出的一群人或東西	用于计算同时来到或送出的一群人或东西				[4, 5]	classifier-is	unreviewed		[]
批|批|pi1~2	批|批|pi1	2	defined	["動"]	["动"]	[]	[]	[]	在文件上寫下意見或表示同意	在文件上写下意见或表示同意				[0, 1, 3]	general	unreviewed		[]
批|批|pi1~3	批|批|pi1	3	defined	["動"]	["动"]	["bound-form"]	[]	[]	指出錯誤，說不好的地方	指出错误，说不好的地方				[2]	general	unreviewed		[]
批准|批准|pi1 zhun3~1	批准|批准|pi1 zhun3	1	defined	["動"]	["动"]	[]	[]	[]	上級同意下級提出的請求或計劃	上级同意下级提出的请求或计划	「批准」用於上級對下級，「同意」沒有這樣的限制。	「批准」用于上级对下级，「同意」没有这样的限制。		[0]	general	unreviewed		[]
批評|批评|pi1 ping2~1	批評|批评|pi1 ping2	1	defined	["動", "名"]	["动", "名"]	[]	[]	[]	指出人或事的錯誤和缺點	指出人或事的错误和缺点				[0, 1]	general	unreviewed		[]
找|找|zhao3~1	找|找|zhao3	1	defined	["動"]	["动"]	[]	[]	[]	為了得到人或東西而到處尋找	为了得到人或东西而到处寻找	「找」說的是尋找的動作，有了結果要說「找到」。	「找」说的是寻找的动作，有了结果要说「找到」。		[0, 1, 3, 4]	general	unreviewed		[]
找|找|zhao3~2	找|找|zhao3	2	defined	["動"]	["动"]	[]	[]	[]	為了某件事去見某人	为了某件事去见某人				[2]	general	unreviewed		[]
找|找|zhao3~3	找|找|zhao3	3	defined	["動"]	["动"]	[]	[]	[]	把多收的錢退還給對方	把多收的钱退还给对方				[5, 6]	general	unreviewed		[]
找到|找到|zhao3 dao4~1	找到|找到|zhao3 dao4	1	defined	["動"]	["动"]	[]	[]	[]	尋找以後得到或見到	寻找以后得到或见到	「找」是動作，「找到」表示找的結果。	「找」是动作，「找到」表示找的结果。		[0]	general	unreviewed		[]
承認|承认|cheng2 ren4~1	承認|承认|cheng2 ren4	1	defined	["動", "名"]	["动", "名"]	[]	[]	[]	公開表示某件事是真的或對的	公开表示某件事是真的或对的	「承認」常用在自己本來不想說的事上。「同意」只是表示看法相同。	「承认」常用在自己本来不想说的事上。「同意」只是表示看法相同。		[0, 1, 2, 3, 4]	general	unreviewed		[]
承諾|承诺|cheng2 nuo4~1	承諾|承诺|cheng2 nuo4	1	defined	["動", "名"]	["动", "名"]	[]	[]	[]	答應別人一定把事情做到	答应别人一定把事情做到	「答應」可以是小事，「承諾」多用在重要或正式的事情上。	「答应」可以是小事，「承诺」多用在重要或正式的事情上。		[0, 1, 2]	general	unreviewed		[]
把|把|ba3~1	把|把|ba3	1	defined	["介"]	["介"]	["function-word"]	[]	[]	用在名詞前，引出動作處理的對象，動詞放在它後面	用在名词前，引出动作处理的对象，动词放在它后面	「把」後面的動詞不能單獨用，常帶「了」或別的字。例如說「把門關上」，不說「把門關」。	「把」后面的动词不能单独用，常带「了」或别的字。例如说「把门关上」，不说「把门关」。		[5]	general	unreviewed		[]
把|把|ba3~2	把|把|ba3	2	defined	["量"]	["量"]	["classifier-is"]	[]	[]	用於計算刀、劍、槍等有把手的東西	用于计算刀、剑、枪等有把手的东西				[4]	classifier-is	unreviewed		[]
把|把|ba3~3	把|把|ba3	3	defined	["量"]	["量"]	["classifier-is"]	[]	[]	用於計算一次用手抓起來的數量	用于计算一次用手抓起来的数量				[3]	classifier-is	unreviewed		[]
把|把|ba3~4	把|把|ba3	4	defined	["動"]	["动"]	[]	[]	[]	用手抓住不放	用手抓住不放				[0]	general	unreviewed		[]
把|把|ba3~5	把|把|ba3	5	defined	["名"]	["名"]	["bound-form"]	[]	[]	東西上讓人用手抓住的部分	东西上让人用手抓住的部分				[2]	general	unreviewed		[]
把|把|ba3~6	把|把|ba3	6	defined	["動"]	["动"]	[]	[]	[]	托著小孩，讓他大小便	托着小孩，让他大小便				[1]	general	unreviewed		[]
把|把|ba4~1	把|把|ba4	1	defined	["名"]	["名"]	[]	[]	[]	刀、杯子等東西上用手拿的部分	刀、杯子等东西上用手拿的部分	這個意思讀第四聲，當量詞用時讀第三聲。	这个意思读第四声，当量词用时读第三声。		[0]	general	unreviewed		[]
投|投|tou2~1	投|投|tou2	1	defined	["動"]	["动"]	[]	[]	[]	用手把東西扔向目標	用手把东西扔向目标				[0]	general	unreviewed		[]
投|投|tou2~2	投|投|tou2	2	defined	["動"]	["动"]	[]	[]	[]	把票或錢放進指定的地方	把票或钱放进指定的地方	選舉時說「投票」，把錢用在事業上說「投資」。	选举时说「投票」，把钱用在事业上说「投资」。		[1, 3]	general	unreviewed		[]
投|投|tou2~3	投|投|tou2	3	defined	["動"]	["动"]	[]	[]	[]	把信或文章送給對方	把信或文章送给对方	向報紙、雜誌送文章叫「投稿」。	向报纸、杂志送文章叫「投稿」。		[4]	general	unreviewed		[]
投|投|tou2~4	投|投|tou2	4	defined	["動"]	["动"]	[]	[]	[]	使目光、影子等落在某個地方	使目光、影子等落在某个地方				[2]	general	unreviewed		[]
投|投|tou2~5	投|投|tou2	5	defined	["動"]	["动"]	["bound-form"]	[]	[]	前去依靠別人	前去依靠别人				[6]	general	unreviewed		[]
投|投|tou2~6	投|投|tou2	6	defined	["動"]	["动"]	[]	[]	[]	跳進水裡自殺	跳进水里自杀				[5]	general	unreviewed		[]
投|投|tou2~7	投|投|tou2	7	defined	["動"]	["动"]	[]	["coll"]	[]	用清水把衣服再洗一次	用清水把衣服再洗一次				[7]	general	unreviewed		[]
投入|投入|tou2 ru4~1	投入|投入|tou2 ru4	1	defined	["動"]	["动"]	[]	[]	[]	把錢、東西或力量放進去使用	把钱、东西或力量放进去使用				[0, 1, 4]	general	unreviewed		[]
投入|投入|tou2 ru4~2	投入|投入|tou2 ru4	2	defined	["動"]	["动"]	[]	[]	[]	全力參加到某件事情裡	全力参加到某件事情里				[2, 3]	general	unreviewed		[]
投入|投入|tou2 ru4~3	投入|投入|tou2 ru4	3	defined	["形"]	["形"]	[]	[]	[]	做事時非常專心、完全被吸引住的	做事时非常专心、完全被吸引住的				[5, 6]	general	unreviewed		[]
投票|投票|tou2 piao4~1	投票|投票|tou2 piao4	1	defined	["動"]	["动"]	[]	[]	[]	選舉或決定事情時，用票來表示自己的意見	选举或决定事情时，用票来表示自己的意见	中間可以加別的詞，如「投他一票」、「投了一票」。	中间可以加别的词，如「投他一票」、「投了一票」。		[0]	general	unreviewed		[]
投資|投资|tou2 zi1~1	投資|投资|tou2 zi1	1	defined	["動", "名"]	["动", "名"]	[]	[]	[]	把錢投入事業，希望以後獲得更多的錢	把钱投入事业，希望以后获得更多的钱				[0, 1]	general	unreviewed		[]
投降|投降|tou2 xiang2~1	投降|投降|tou2 xiang2	1	defined	["動"]	["动"]	[]	[]	[]	停止戰鬥，向對方表示不再反抗	停止战斗，向对方表示不再反抗				[0]	general	unreviewed		[]
拉|拉|la1~1	拉|拉|la1	1	defined	["動"]	["动"]	[]	[]	[]	用力使東西向自己這邊移動	用力使东西向自己这边移动	「推」是向外用力，方向跟「拉」相反。	「推」是向外用力，方向跟「拉」相反。		[0, 2, 3]	general	unreviewed		[]
拉|拉|la1~2	拉|拉|la1	2	defined	["動"]	["动"]	[]	[]	[]	用弓演奏小提琴、二胡等樂器	用弓演奏小提琴、二胡等乐器	「彈」用於鋼琴、吉他，「拉」用於小提琴、二胡。	「弹」用于钢琴、吉他，「拉」用于小提琴、二胡。		[1]	general	unreviewed		[]
拉|拉|la1~3	拉|拉|la1	3	defined	["動"]	["动"]	[]	["coll"]	[]	把大便排出體外	把大便排出体外	「拉肚子」指因為生病而多次排便。	「拉肚子」指因为生病而多次排便。		[5]	general	unreviewed		[]
拉|拉|la1~4	拉|拉|la1	4	defined	["動"]	["动"]	["bound-form"]	["coll"]	[]	隨便談些平常的事	随便谈些平常的事				[4]	general	unreviewed		[]
拉|拉|la2~1	拉|拉|la2	1	defined	["動"]	["动"]	[]	["coll"]	[]	用刀在東西上劃開一道口子	用刀在东西上划开一道口子				[0]	general	unreviewed		[]
拍|拍|pai1~1	拍|拍|pai1	1	defined	["動"]	["动"]	[]	[]	[]	用手掌打，多是輕輕地打幾下	用手掌打，多是轻轻地打几下				[0, 1, 2, 3]	general	unreviewed		[]
拍|拍|pai1~2	拍|拍|pai1	2	defined	["動"]	["动"]	[]	[]	[]	用機器把人或事物的樣子記錄成照片或電影	用机器把人或事物的样子记录成照片或电影				[4, 5]	general	unreviewed		[]
拍|拍|pai1~3	拍|拍|pai1	3	defined	["名"]	["名"]	["bound-form"]	[]	["sport"]	打球時用來擊球的器具	打球时用来击球的器具				[6]	general	unreviewed		[]
拍|拍|pai1~4	拍|拍|pai1	4	defined	["量"]	["量"]	[]	[]	["music"]	音樂中計算時間長短的單位	音乐中计算时间长短的单位				[7]	general	unreviewed		[]
拍攝|拍摄|pai1 she4~1	拍攝|拍摄|pai1 she4	1	defined	["動"]	["动"]	[]	[]	[]	用相機把人或事物拍成照片或影片	用相机把人或事物拍成照片或影片	說電影、電視劇多用「拍攝」，平常照相多說「拍」。	说电影、电视剧多用「拍摄」，平常照相多说「拍」。		[0]	general	unreviewed		[]
拒絕|拒绝|ju4 jue2~1	拒絕|拒绝|ju4 jue2	1	defined	["動"]	["动"]	[]	[]	[]	不接受別人的要求或意見	不接受别人的要求或意见	後面可以直接接動詞，如「拒絕回答」「拒絕合作」。	后面可以直接接动词，如「拒绝回答」「拒绝合作」。		[0]	general	unreviewed		[]
拜|拜|bai4~1	拜|拜|bai4	1	defined	["動"]	["动"]	[]	[]	[]	向人或神行禮，表示尊敬	向人或神行礼，表示尊敬				[0]	general	unreviewed		[]
拜|拜|bai4~2	拜|拜|bai4	2	defined	["動"]	["动"]	["bound-form"]	[]	[]	到別人那裡行禮、問好	到别人那里行礼、问好				[1, 2]	bound-form	unreviewed		[]
拜|拜|bai4~3	拜|拜|bai4	3	defined	["綴"]	["缀"]	["function-word", "bound-form"]	["hon"]	[]	用在有些動詞前面，對人表示尊敬	用在有些动词前面，对人表示尊敬				[5]	function-word	unreviewed	edited	["R57A-011"]
拜|拜|bai4~4	拜|拜|bai4	4	defined	["動"]	["动"]	[]	[]	[]	用一定的禮節把某人當成老師	用一定的礼节把某人当成老师				[4]	general	unreviewed		[]
拜|拜|bai4~5	拜|拜|bai4	5	defined	["動"]	["动"]	[]	["arch"]	[]	舊時君主用儀式任命官員	旧时君主用仪式任命官员			archaic-form	[3]	general	unreviewed		[]
拳|拳|quan2~1	拳|拳|quan2	1	defined	["名"]	["名"]	[]	[]	[]	手指向內彎起來的手	手指向内弯起来的手				[0]	general	unreviewed		[]
拳|拳|quan2~2	拳|拳|quan2	2	defined	["名"]	["名"]	[]	[]	[]	一種不用武器、只用手腳的運動	一种不用武器、只用手脚的运动				[1]	general	unreviewed		[]
拳|拳|quan2~3	拳|拳|quan2	3	defined	["量"]	["量"]	[]	[]	[]	計算用拳頭打的次數	计算用拳头打的次数				[]	general	unreviewed		[]
拿|拿|na2~1	拿|拿|na2	1	defined	["動"]	["动"]	[]	[]	[]	用手把東西取來或帶走	用手把东西取来或带走				[0, 4]	general	unreviewed		[]
拿|拿|na2~2	拿|拿|na2	2	defined	["介"]	["介"]	["function-word"]	[]	[]	用在名詞前面，引出動作的對象	用在名词前面，引出动作的对象	這個用法常說成「拿…當…」、「拿…沒辦法」。	这个用法常说成「拿…当…」、「拿…没办法」。		[5]	general	unreviewed		[]
拿|拿|na2~3	拿|拿|na2	3	defined	["動"]	["动"]	[]	[]	[]	抓住犯罪的人，不讓他逃走	抓住犯罪的人，不让他逃走				[1, 2, 3]	general	unreviewed		[]
持續|持续|chi2 xu4~1	持續|持续|chi2 xu4	1	defined	["動"]	["动"]	[]	[]	[]	一直不斷地進行或存在	一直不断地进行或存在	「繼續」多指停了以後再做下去，「持續」指中間沒有停過。	「继续」多指停了以后再做下去，「持续」指中间没有停过。		[0]	general	unreviewed		[]
指|指|zhi3~1	指|指|zhi3	1	defined	["名"]	["名"]	["bound-form"]	[]	[]	手最前面分開的五個部分	手最前面分开的五个部分				[0]	general	unreviewed		[]
指|指|zhi3~2	指|指|zhi3	2	defined	["動"]	["动"]	[]	[]	[]	用手指對著人或東西，讓人知道是哪個	用手指对着人或东西，让人知道是哪个				[1]	general	unreviewed		[]
指|指|zhi3~3	指|指|zhi3	3	defined	["動"]	["动"]	[]	[]	[]	話裡說的是某個人或某件事	话里说的是某个人或某件事				[2]	general	unreviewed		[]
指|指|zhi3~4	指|指|zhi3	4	defined	["動"]	["动"]	[]	["coll"]	[]	生活上靠某個人或某種東西	生活上靠某个人或某种东西	常說成「指著」，後面接所靠的人或東西。	常说成「指着」，后面接所靠的人或东西。		[3, 4]	general	unreviewed		[]
指|指|zhi3~5	指|指|zhi3	5	defined	["動"]	["动"]	["bound-form"]	[]	[]	頭髮向上直立起來	头发向上直立起来	多見於「髮指」，形容非常生氣。	多见于「发指」，形容非常生气。		[5]	general	unreviewed		[]
指出|指出|zhi3 chu1~1	指出|指出|zhi3 chu1	1	defined	["動"]	["动"]	[]	[]	[]	把問題或事實明白地說出來	把问题或事实明白地说出来	後面常接一個句子，如「他指出，這種做法並不安全」。	后面常接一个句子，如「他指出，这种做法并不安全」。		[0, 1]	general	unreviewed		[]
指導|指导|zhi3 dao3~1	指導|指导|zhi3 dao3	1	defined	["動", "名"]	["动", "名"]	[]	[]	[]	從旁教別人怎麼做，使做得更好	从旁教别人怎么做，使做得更好				[0]	general	unreviewed		[]
指導|指导|zhi3 dao3~2	指導|指导|zhi3 dao3	2	defined	["名"]	["名"]	[]	[]	[]	負責教別人技術或方法的人	负责教别人技术或方法的人				[1]	general	unreviewed		[]
指控|指控|zhi3 kong4~1	指控|指控|zhi3 kong4	1	defined	["動", "名"]	["动", "名"]	[]	[]	[]	公開指出某人犯了罪或做了壞事	公开指出某人犯了罪或做了坏事				[0, 1, 2]	general	unreviewed		[]
指揮|指挥|zhi3 hui1~1	指揮|指挥|zhi3 hui1	1	defined	["動"]	["动"]	[]	[]	[]	發出命令，讓大家一起行動	发出命令，让大家一起行动				[0, 1, 2]	general	unreviewed		[]
指揮|指挥|zhi3 hui1~2	指揮|指挥|zhi3 hui1	2	defined	["名"]	["名"]	[]	[]	["music"]	用手勢帶樂隊一起演出的人	用手势带乐队一起演出的人				[3, 4]	general	unreviewed		[]
按|按|an4~1	按|按|an4	1	defined	["動"]	["动"]	[]	[]	[]	用手或手指往下壓	用手或手指往下压				[0, 1, 5]	general	unreviewed		[]
按|按|an4~2	按|按|an4	2	defined	["介"]	["介"]	["function-word"]	[]	[]	放在名詞前面，引出做事的標準	放在名词前面，引出做事的标准	「按」後面多接短的詞語，長的多用「按照」。	「按」后面多接短的词语，长的多用「按照」。		[7, 8]	general	unreviewed		[]
按|按|an4~3	按|按|an4	3	defined	["動"]	["动"]	[]	[]	[]	壓住，使不能動或不再進行	压住，使不能动或不再进行				[2, 3, 4]	general	unreviewed		[]
按|按|an4~4	按|按|an4	4	defined	["名"]	["名"]	["bound-form"]	[]	[]	作者或編者加在文章上的說明	作者或编者加在文章上的说明				[6, 9]	general	unreviewed		[]
按照|按照|an4 zhao4~1	按照|按照|an4 zhao4	1	defined	["介"]	["介"]	["function-word"]	[]	[]	用在名詞前面，引出做事的根據或標準	用在名词前面，引出做事的根据或标准	「根據」可以做名詞，「按照」只用在名詞前面。	「根据」可以做名词，「按照」只用在名词前面。		[0]	general	unreviewed		[]
挑戰|挑战|tiao3 zhan4~1	挑戰|挑战|tiao3 zhan4	1	defined	["動"]	["动"]	[]	[]	[]	要求跟對方比賽看誰更強，也指努力做很難的事	要求跟对方比赛看谁更强，也指努力做很难的事				[0]	general	unreviewed	edited	["E-tiao3zhan4-1"]
挑戰|挑战|tiao3 zhan4~2	挑戰|挑战|tiao3 zhan4	2	defined	["名"]	["名"]	[]	[]	[]	需要努力才能面對的困難事情	需要努力才能面对的困难事情				[0]	general	unreviewed		[]
捲|卷|juan3~1	捲|卷|juan3	1	defined	["動"]	["动"]	[]	[]	[]	把紙、布等從一頭轉成圓筒形	把纸、布等从一头转成圆筒形				[0]	general	unreviewed		[]
捲|卷|juan3~2	捲|卷|juan3	2	defined	["動"]	["动"]	[]	[]	[]	風、水等強大的力量把東西帶走	风、水等强大的力量把东西带走				[1]	general	unreviewed		[]
捲|卷|juan3~3	捲|卷|juan3	3	defined	["名"]	["名"]	[]	[]	[]	頭髮、紙等轉成圓筒形的東西	头发、纸等转成圆筒形的东西				[2]	general	unreviewed		[]
捲|卷|juan3~4	捲|卷|juan3	4	defined	["量"]	["量"]	["classifier-is"]	[]	[]	用於計算紙、線等一圈圈轉起來的東西	用于计算纸、线等一圈圈转起来的东西	同樣是紙，平的用「張」，轉起來的用「捲」。	同样是纸，平的用「张」，转起来的用「卷」。		[3]	classifier-is	unreviewed		[]
授權|授权|shou4 quan2~1	授權|授权|shou4 quan2	1	defined	["動"]	["动"]	[]	[]	[]	把權力交給別人去做某件事	把权力交给别人去做某件事	常說「授權某人做某事」，也可以說「得到授權」。	常说「授权某人做某事」，也可以说「得到授权」。		[0]	general	unreviewed		[]
掉|掉|diao4~1	掉|掉|diao4	1	defined	["動"]	["动"]	[]	[]	[]	從上面或原來的地方落下來	从上面或原来的地方落下来				[0, 1, 15]	general	unreviewed		[]
掉|掉|diao4~2	掉|掉|diao4	2	defined	["動"]	["动"]	[]	[]	[]	東西沒有了或找不到	东西没有了或找不到				[3, 4]	general	unreviewed		[]
掉|掉|diao4~3	掉|掉|diao4	3	defined	["補"]	["补"]	["function-word"]	[]	[]	用在動詞後面，表示動作完成或事物除去、消失	用在动词后面，表示动作完成或事物除去、消失	「掉」表示東西不見了或除去了，「完」只表示事情做完。	「掉」表示东西不见了或除去了，「完」只表示事情做完。		[16]	function-word	unreviewed	edited	["E-diao4-3"]
掉|掉|diao4~4	掉|掉|diao4	4	defined	["動"]	["动"]	[]	[]	[]	數量、價格等變少或下降	数量、价格等变少或下降				[5, 6, 7]	general	unreviewed		[]
掉|掉|diao4~5	掉|掉|diao4	5	defined	["動"]	["动"]	[]	[]	[]	轉過來，改變方向	转过来，改变方向				[8, 9, 10]	general	unreviewed		[]
掉|掉|diao4~6	掉|掉|diao4	6	defined	["動"]	["动"]	[]	[]	[]	兩者彼此換過來	两者彼此换过来				[11, 12, 13]	general	unreviewed		[]
掉|掉|diao4~7	掉|掉|diao4	7	defined	["動"]	["动"]	[]	[]	[]	落在別人後面，跟不上	落在别人后面，跟不上				[2]	general	unreviewed		[]
掌握|掌握|zhang3 wo4~1	掌握|掌握|zhang3 wo4	1	defined	["動"]	["动"]	[]	[]	[]	對知識或技術很了解，能自由運用	对知识或技术很了解，能自由运用				[3, 4, 5, 6]	general	unreviewed		[]
掌握|掌握|zhang3 wo4~2	掌握|掌握|zhang3 wo4	2	defined	["動"]	["动"]	[]	[]	[]	控制住，能決定事情怎麼發展	控制住，能决定事情怎么发展				[0, 1, 2]	general	unreviewed		[]
排|排|pai2~1	排|排|pai2	1	defined	["動"]	["动"]	[]	[]	[]	使人或東西按先後站好或放好	使人或东西按先后站好或放好				[0]	general	unreviewed		[]
排|排|pai2~2	排|排|pai2	2	defined	["動"]	["动"]	[]	[]	[]	使不要的東西出去或離開	使不要的东西出去或离开				[1]	general	unreviewed		[]
排|排|pai2~3	排|排|pai2	3	defined	["名"]	["名"]	[]	[]	[]	站成或放成一條線的人或東西	站成或放成一条线的人或东西				[4]	general	unreviewed		[]
排|排|pai2~4	排|排|pai2	4	defined	["量"]	["量"]	["classifier-is"]	[]	[]	用於計算成一條線的人、樹等	用于计算成一条线的人、树等	「行」多用來數文字，「排」多用來數左右站成一條線的人。	「行」多用来数文字，「排」多用来数左右站成一条线的人。		[8]	classifier-is	unreviewed		[]
排|排|pai2~5	排|排|pai2	5	defined	["名"]	["名"]	["bound-form"]	[]	[]	做菜時切成大塊的肉	做菜时切成大块的肉				[6]	bound-form	unreviewed		[]
排|排|pai2~6	排|排|pai2	6	defined	["動"]	["动"]	[]	[]	[]	演出前先試著演幾次	演出前先试着演几次				[3]	general	unreviewed	edited	["E-pai2-6"]
排|排|pai2~7	排|排|pai2	7	defined	["名"]	["名"]	[]	[]	["mil"]	軍隊中比班大、比連小的一級	军队中比班大、比连小的一级				[5]	general	unreviewed	edited	["E-pai2-7"]
排|排|pai2~8	排|排|pai2	8	defined	["動"]	["动"]	["bound-form"]	["lit"]	[]	用力推開前面的東西	用力推开前面的东西				[2]	bound-form	unreviewed		[]
排|排|pai2~9	排|排|pai2	9	defined	["名"]	["名"]	["bound-form"]	[]	[]	用木頭或竹子連成的水上交通工具	用木头或竹子连成的水上交通工具				[7]	bound-form	unreviewed		[]
掛|挂|gua4~1	掛|挂|gua4	1	defined	["動"]	["动"]	[]	[]	[]	使東西固定在高處，下面空著	使东西固定在高处，下面空着				[0]	general	unreviewed		[]
掛|挂|gua4~2	掛|挂|gua4	2	defined	["動"]	["动"]	[]	[]	[]	結束通話，把電話放下	结束通话，把电话放下				[1, 2]	general	unreviewed		[]
掛|挂|gua4~3	掛|挂|gua4	3	defined	["動"]	["动"]	[]	[]	[]	心裡一直想著，放不下	心里一直想着，放不下				[3]	general	unreviewed		[]
掛|挂|gua4~4	掛|挂|gua4	4	defined	["動"]	["动"]	[]	[]	[]	在醫院登記，準備看醫生	在医院登记，准备看医生				[5]	general	unreviewed		[]
掛|挂|gua4~5	掛|挂|gua4	5	defined	["動"]	["动"]	[]	["slang"]	[]	事情完全失敗，也指人死去	事情完全失败，也指人死去				[6]	general	unreviewed		[]
掛|挂|gua4~6	掛|挂|gua4	6	defined	["動"]	["动"]	[]	["dialect"]	[]	打電話給別人	打电话给别人				[4]	general	unreviewed		[]
掛|挂|gua4~7	掛|挂|gua4	7	defined	["量"]	["量"]	["classifier-is"]	[]	[]	用於計算成串或成套的東西	用于计算成串或成套的东西				[7]	classifier-is	unreviewed		[]
採取|采取|cai3 qu3~1	採取|采取|cai3 qu3	1	defined	["動"]	["动"]	[]	[]	[]	選擇並使用某種辦法或態度	选择并使用某种办法或态度	常跟「行動」「辦法」「態度」等詞連用。	常跟「行动」「办法」「态度」等词连用。		[0, 1]	general	unreviewed		[]
接|接|jie1~1	接|接|jie1	1	defined	["動"]	["动"]	[]	[]	[]	收下別人送來的東西或打來的電話	收下别人送来的东西或打来的电话				[0, 1]	general	unreviewed		[]
接|接|jie1~2	接|接|jie1	2	defined	["動"]	["动"]	[]	[]	[]	到車站等地方迎接要來的人	到车站等地方迎接要来的人				[2]	general	unreviewed		[]
接|接|jie1~3	接|接|jie1	3	defined	["動"]	["动"]	[]	[]	[]	用手拿住扔過來的東西	用手拿住扔过来的东西				[4]	general	unreviewed		[]
接|接|jie1~4	接|接|jie1	4	defined	["動"]	["动"]	[]	[]	[]	把兩樣東西連在一起	把两样东西连在一起				[3, 5, 6]	general	unreviewed		[]
接|接|jie1~5	接|接|jie1	5	defined	["動"]	["动"]	[]	[]	[]	輪到自己去做別人原來的工作	轮到自己去做别人原来的工作				[7, 8]	general	unreviewed		[]
接受|接受|jie1 shou4~1	接受|接受|jie1 shou4	1	defined	["動"]	["动"]	[]	[]	[]	願意收下或同意別人提出的事	愿意收下或同意别人提出的事	「接受」是心裡同意，「收到」只是拿到東西。	「接受」是心里同意，「收到」只是拿到东西。		[0]	general	unreviewed		[]
接著|接着|jie1 zhe5~1	接著|接着|jie1 zhe5	1	defined	["副"]	["副"]	[]	[]	[]	表示一件事之後馬上做另一件事	表示一件事之后马上做另一件事	「接著」表示中間沒有停下來，「然後」只說出先後。	「接着」表示中间没有停下来，「然后」只说出先后。		[1, 2, 3, 4, 5, 6, 7, 8, 9, 10, 11]	general	unreviewed		[]
接著|接着|jie1 zhe5~2	接著|接着|jie1 zhe5	2	defined	["動"]	["动"]	[]	[]	[]	用手接住扔過來的東西	用手接住扔过来的东西				[0]	general	unreviewed		[]
接觸|接触|jie1 chu4~1	接觸|接触|jie1 chu4	1	defined	["動"]	["动"]	[]	[]	[]	物體的表面互相碰到，中間沒有距離	物体的表面互相碰到，中间没有距离				[0]	general	unreviewed		[]
接觸|接触|jie1 chu4~2	接觸|接触|jie1 chu4	2	defined	["動"]	["动"]	[]	[]	[]	跟人或事物來往，開始認識、了解	跟人或事物来往，开始认识、了解	跟人「接觸」是見面來往，「聯繫」多指用電話或信件。	跟人「接触」是见面来往，「联系」多指用电话或信件。		[1, 2, 3]	general	unreviewed		[]
接近|接近|jie1 jin4~1	接近|接近|jie1 jin4	1	defined	["動"]	["动"]	[]	[]	[]	在距離、時間或程度上變得很近	在距离、时间或程度上变得很近	「靠近」多指位置，「接近」還可以指時間或程度。	「靠近」多指位置，「接近」还可以指时间或程度。		[0]	general	unreviewed		[]
控制|控制|kong4 zhi4~1	控制|控制|kong4 zhi4	1	defined	["動"]	["动"]	[]	[]	[]	使人或事物按照自己的要求活動或變化	使人或事物按照自己的要求活动或变化				[0]	general	unreviewed		[]
推|推|tui1~1	推|推|tui1	1	defined	["動"]	["动"]	[]	[]	[]	用力使東西向前或向外移動	用力使东西向前或向外移动				[0]	general	unreviewed		[]
推|推|tui1~2	推|推|tui1	2	defined	["動"]	["动"]	[]	[]	[]	找理由不接受或不負責	找理由不接受或不负责				[2, 3, 4, 5]	general	unreviewed		[]
推|推|tui1~3	推|推|tui1	3	defined	["動"]	["动"]	[]	[]	[]	把原來定好的時間往後移	把原来定好的时间往后移				[6, 7]	general	unreviewed		[]
推|推|tui1~4	推|推|tui1	4	defined	["動"]	["动"]	[]	[]	[]	大家一起選出某個人做某事	大家一起选出某个人做某事				[9, 10]	general	unreviewed		[]
推|推|tui1~5	推|推|tui1	5	defined	["動"]	["动"]	["bound-form"]	[]	[]	使事情向前發展	使事情向前发展				[8]	general	unreviewed		[]
推|推|tui1~6	推|推|tui1	6	defined	["名"]	["名"]	["bound-form"]	[]	["med"]	中醫用手按壓身體來治病的方法	中医用手按压身体来治病的方法				[11]	general	unreviewed		[]
推|推|tui1~7	推|推|tui1	7	defined	["動"]	["动"]	[]	["coll"]	[]	用工具把頭髮理短	用工具把头发理短				[1]	general	unreviewed		[]
措施|措施|cuo4 shi1~1	措施|措施|cuo4 shi1	1	defined	["名"]	["名"]	[]	[]	[]	為了解決問題而採取的具體辦法	为了解决问题而采取的具体办法	常說「採取措施」、「安全措施」。	常说「采取措施」、「安全措施」。		[0, 1, 2]	general	unreviewed		[]
描述|描述|miao2 shu4~1	描述|描述|miao2 shu4	1	defined	["動", "名"]	["动", "名"]	[]	[]	[]	用話或文字把事情的樣子說出來	用话或文字把事情的样子说出来	「描述」多說事情的經過，「描寫」多用在文學上。	「描述」多说事情的经过，「描写」多用在文学上。		[0, 1]	general	unreviewed		[]
提|提|ti2~1	提|提|ti2	1	defined	["動"]	["动"]	[]	[]	[]	用手拿住東西向上拿起或帶著走	用手拿住东西向上拿起或带着走	「提」多用在有把手的東西，像提包、提水桶。	「提」多用在有把手的东西，像提包、提水桶。		[0, 1]	general	unreviewed		[]
提|提|ti2~2	提|提|ti2	2	defined	["動"]	["动"]	[]	[]	[]	把意見、問題或事情說出來，讓別人知道	把意见、问题或事情说出来，让别人知道				[2, 3, 4]	general	unreviewed		[]
提|提|ti2~3	提|提|ti2	3	defined	["名"]	["名"]	[]	[]	[]	漢字中由左下向右上寫的一種筆畫	汉字中由左下向右上写的一种笔画				[5, 6]	general	unreviewed		[]
提|提|ti2~4	提|提|ti2	4	defined	["名"]	["名"]	[]	[]	[]	用來量取油、酒的工具，有長把	用来量取油、酒的工具，有长把				[7]	general	unreviewed		[]
提供|提供|ti2 gong1~1	提供|提供|ti2 gong1	1	defined	["動"]	["动"]	[]	[]	[]	拿出東西或條件給別人使用	拿出东西或条件给别人使用	常跟「幫助」「機會」「資料」一起用，多見於正式的說法。	常跟「帮助」「机会」「资料」一起用，多见于正式的说法。		[0, 1, 2, 3]	general	unreviewed		[]
提出|提出|ti2 chu1~1	提出|提出|ti2 chu1	1	defined	["動"]	["动"]	[]	[]	[]	把意見或問題正式說出來	把意见或问题正式说出来				[0, 1, 2, 3, 4]	general	unreviewed		[]
提出|提出|ti2 chu1~2	提出|提出|ti2 chu1	2	defined	["動"]	["动"]	[]	[]	[]	把存在銀行的錢取出來	把存在银行的钱取出来	日常說話多用「提款」或「領錢」。	日常说话多用「提款」或「领钱」。		[5]	general	unreviewed		[]
提到|提到|ti2 dao4~1	提到|提到|ti2 dao4	1	defined	["動"]	["动"]	[]	[]	[]	說話或寫文章時說起某人某事	说话或写文章时说起某人某事	「提到」只是簡單說起，「討論」是仔細地談。	「提到」只是简单说起，「讨论」是仔细地谈。		[0, 1, 2]	general	unreviewed		[]
提議|提议|ti2 yi4~1	提議|提议|ti2 yi4	1	defined	["動", "名"]	["动", "名"]	[]	[]	[]	把自己的想法說出來，讓大家討論	把自己的想法说出来，让大家讨论	「建議」多是給別人的意見，「提議」多是在會上提出來的辦法。	「建议」多是给别人的意见，「提议」多是在会上提出来的办法。		[0]	general	unreviewed		[]
提高|提高|ti2 gao1~1	提高|提高|ti2 gao1	1	defined	["動"]	["动"]	[]	[]	[]	使水平、能力等比原來高	使水平、能力等比原来高	「提高」多用在水平、能力上，「增加」多用在數量上。	「提高」多用在水平、能力上，「增加」多用在数量上。		[0, 1, 2]	general	unreviewed		[]
換|换|huan4~1	換|换|huan4	1	defined	["動"]	["动"]	[]	[]	[]	用另一個代替原來的人或東西	用另一个代替原来的人或东西				[1, 2, 3]	general	unreviewed		[]
換|换|huan4~2	換|换|huan4	2	defined	["動"]	["动"]	[]	[]	[]	把自己的東西給對方，同時得到對方的東西	把自己的东西给对方，同时得到对方的东西	錢也可以說「換」，例如「換美元」。	钱也可以说「换」，例如「换美元」。		[0, 4]	general	unreviewed		[]
損失|损失|sun3 shi1~1	損失|损失|sun3 shi1	1	defined	["動", "名"]	["动", "名"]	[]	[]	[]	因為意外或錯誤而失去人或東西	因为意外或错误而失去人或东西				[0, 1, 2, 3, 4]	general	unreviewed		[]
搬|搬|ban1~1	搬|搬|ban1	1	defined	["動"]	["动"]	[]	[]	[]	用力把較重的東西移到另一個地方	用力把较重的东西移到另一个地方				[1, 2]	general	unreviewed		[]
搬|搬|ban1~2	搬|搬|ban1	2	defined	["動"]	["动"]	[]	[]	[]	把住的地方換到別處	把住的地方换到别处				[0]	general	unreviewed		[]
搬|搬|ban1~3	搬|搬|ban1	3	defined	["動"]	["动"]	[]	[]	[]	不加改變地把別人的辦法拿來用	不加改变地把别人的办法拿来用				[3]	general	unreviewed		[]
摩|摩|mo2~1	摩|摩|mo2	1	defined	["動"]	["动"]	["bound-form"]	[]	[]	用手或東西在別的東西上來回移動	用手或东西在别的东西上来回移动				[0]	general	unreviewed		[]
播|播|bo1~1	播|播|bo1	1	defined	["動"]	["动"]	["bound-form"]	[]	[]	用電視、電臺把節目送到各處	用电视、电台把节目送到各处				[0]	bound-form	unreviewed		[]
播|播|bo1~2	播|播|bo1	2	defined	["動"]	["动"]	["bound-form"]	[]	[]	使消息或想法傳到各個地方	使消息或想法传到各个地方				[0]	bound-form	unreviewed		[]
播|播|bo1~3	播|播|bo1	3	defined	["動"]	["动"]	["bound-form"]	[]	[]	把種子撒在田地裡	把种子撒在田地里				[0]	bound-form	unreviewed		[]
擁有|拥有|yong1 you3~1	擁有|拥有|yong1 you3	1	defined	["動"]	["动"]	[]	[]	[]	有著數量多或很重要的事物	有着数量多或很重要的事物	「有」什麼都能說，「擁有」多用在土地、權利這類大的事物上。	「有」什么都能说，「拥有」多用在土地、权利这类大的事物上。		[0]	general	unreviewed		[]
擊|击|ji1~1	擊|击|ji1	1	defined	["動"]	["动"]	["bound-form"]	[]	[]	用力打或撞，使人受傷或東西壞掉	用力打或撞，使人受伤或东西坏掉				[0, 1, 2]	general	unreviewed		[]
擊敗|击败|ji1 bai4~1	擊敗|击败|ji1 bai4	1	defined	["動"]	["动"]	[]	[]	[]	在比賽或戰爭中打贏對方	在比赛或战争中打赢对方				[0, 1]	general	unreviewed		[]
擔心|担心|dan1 xin1~1	擔心|担心|dan1 xin1	1	defined	["動"]	["动"]	[]	[]	[]	因為怕出問題而心裡不安	因为怕出问题而心里不安	「害怕」是怕眼前的事，「擔心」是怕以後出問題。	「害怕」是怕眼前的事，「担心」是怕以后出问题。		[0, 1, 2, 3, 4]	general	unreviewed		[]
支|支|zhi1~1	支|支|zhi1	1	defined	["動"]	["动"]	[]	[]	[]	用東西從下面頂住，使不倒下	用东西从下面顶住，使不倒下				[0, 1, 2, 3]	general	unreviewed		[]
支|支|zhi1~2	支|支|zhi1	2	defined	["名"]	["名"]	["bound-form"]	[]	[]	從主體分出來的部分	从主体分出来的部分				[4, 5]	general	unreviewed		[]
支|支|zhi1~3	支|支|zhi1	3	defined	["動"]	["动"]	["bound-form"]	[]	[]	付出或領取金錢	付出或领取金钱				[6]	general	unreviewed		[]
支|支|zhi1~4	支|支|zhi1	4	defined	["量"]	["量"]	["classifier-is"]	[]	[]	用於計算長條的東西，也用於軍隊和歌曲	用于计算长条的东西，也用于军队和歌曲				[7]	classifier-is	unreviewed		[]
支持|支持|zhi1 chi2~1	支持|支持|zhi1 chi2	1	defined	["動", "名"]	["动", "名"]	["classifier-ref"]	[]	[]	同意別人的想法或做法，並且給他幫助	同意别人的想法或做法，并且给他帮助				[0, 1, 2, 3, 4, 5, 6]	general	unreviewed		[]
支援|支援|zhi1 yuan2~1	支援|支援|zhi1 yuan2	1	defined	["動"]	["动"]	[]	[]	[]	用人力或物力幫助有困難的一方	用人力或物力帮助有困难的一方	「支持」多指態度上贊成，「支援」是實際派出人力或送去東西。	「支持」多指态度上赞成，「支援」是实际派出人力或送去东西。		[0, 1, 2]	general	unreviewed		[]
收|收|shou1~1	收|收|shou1	1	defined	["動"]	["动"]	[]	[]	[]	接到或接受別人給的東西	接到或接受别人给的东西	寫信時把「收」放在收信人的名字後面。	写信时把「收」放在收信人的名字后面。		[0, 1, 6]	general	unreviewed		[]
收|收|shou1~2	收|收|shou1	2	defined	["動"]	["动"]	[]	[]	[]	把東西或錢從別人那裡取來	把东西或钱从别人那里取来				[2]	general	unreviewed		[]
收|收|shou1~3	收|收|shou1	3	defined	["動"]	["动"]	[]	[]	[]	把東西放到該放的地方	把东西放到该放的地方				[3]	general	unreviewed		[]
收|收|shou1~4	收|收|shou1	4	defined	["動"]	["动"]	[]	[]	[]	控制住，使停下來或結束	控制住，使停下来或结束				[4, 5]	general	unreviewed		[]
收入|收入|shou1 ru4~1	收入|收入|shou1 ru4	1	defined	["名"]	["名"]	[]	[]	[]	工作或經營得到的錢	工作或经营得到的钱				[1, 2, 3]	general	unreviewed		[]
收入|收入|shou1 ru4~2	收入|收入|shou1 ru4	2	defined	["動"]	["动"]	[]	[]	[]	把文章等收進書刊裡面	把文章等收进书刊里面				[0]	general	unreviewed		[]
收到|收到|shou1 dao4~1	收到|收到|shou1 dao4	1	defined	["動"]	["动"]	[]	[]	[]	得到別人送來或傳來的東西、消息	得到别人送来或传来的东西、消息	「收」是動作，「收到」表示已經得到了。	「收」是动作，「收到」表示已经得到了。		[0]	general	unreviewed		[]
收集|收集|shou1 ji2~1	收集|收集|shou1 ji2	1	defined	["動"]	["动"]	[]	[]	[]	把各處的東西找來，放在一起	把各处的东西找来，放在一起	常說「收集資料」、「收集意見」。	常说「收集资料」、「收集意见」。		[0, 1]	general	unreviewed		[]
改|改|gai3~1	改|改|gai3	1	defined	["動"]	["动"]	[]	[]	[]	使原來的樣子或內容變得不一樣	使原来的样子或内容变得不一样				[0, 1, 2]	general	unreviewed		[]
改|改|gai3~2	改|改|gai3	2	defined	["動"]	["动"]	[]	[]	[]	找出錯的地方，把它變成對的	找出错的地方，把它变成对的				[3]	general	unreviewed		[]
改變|改变|gai3 bian4~1	改變|改变|gai3 bian4	1	defined	["動"]	["动"]	[]	[]	[]	使事物跟原來不一樣	使事物跟原来不一样	「改變」多指人使事物不同，「變化」多指事物自己不同。	「改变」多指人使事物不同，「变化」多指事物自己不同。		[0, 1, 2]	general	unreviewed		[]
攻擊|攻击|gong1 ji1~1	攻擊|攻击|gong1 ji1	1	defined	["動", "名"]	["动", "名"]	[]	[]	[]	用武器或力量打擊敵人	用武器或力量打击敌人				[0, 2, 3]	general	unreviewed		[]
攻擊|攻击|gong1 ji1~2	攻擊|攻击|gong1 ji1	2	defined	["動"]	["动"]	[]	[]	[]	說別人的錯誤，傷害對方	说别人的错误，伤害对方	「批評」可以出於好意，「攻擊」是想傷害對方。	「批评」可以出于好意，「攻击」是想伤害对方。		[1]	general	unreviewed		[]
放|放|fang4~1	放|放|fang4	1	defined	["動"]	["动"]	[]	[]	[]	使東西處在一定的位置	使东西处在一定的位置				[0, 1]	general	unreviewed		[]
放|放|fang4~2	放|放|fang4	2	defined	["動"]	["动"]	[]	[]	[]	使人或動物自由，不再關著或抓著	使人或动物自由，不再关着或抓着				[2, 3, 4]	general	unreviewed		[]
放|放|fang4~3	放|放|fang4	3	defined	["動"]	["动"]	[]	[]	[]	用機器讓錄好的聲音或畫面出來	用机器让录好的声音或画面出来	說「放音樂」、「放電影」，跟「播放」的意思一樣。	说「放音乐」、「放电影」，跟「播放」的意思一样。		[]	general	unreviewed		[]
放|放|fang4~4	放|放|fang4	4	defined	["動"]	["动"]	[]	[]	[]	讓水或氣從裡面出來	让水或气从里面出来				[5]	general	unreviewed		[]
放|放|fang4~5	放|放|fang4	5	defined	["動"]	["动"]	[]	[]	[]	點著鞭炮，使發出很大的聲音	点着鞭炮，使发出很大的声音				[6]	general	unreviewed		[]
放棄|放弃|fang4 qi4~1	放棄|放弃|fang4 qi4	1	defined	["動"]	["动"]	[]	[]	[]	不再要，也不再繼續做原來想做的事	不再要，也不再继续做原来想做的事				[0]	general	unreviewed		[]
政府|政府|zheng4 fu3~1	政府|政府|zheng4 fu3	1	defined	["名"]	["名"]	[]	[]	[]	國家或地方負責管理事情的機構	国家或地方负责管理事情的机构				[0, 1]	general	unreviewed	edited	["E-zheng4fu3-1"]
政策|政策|zheng4 ce4~1	政策|政策|zheng4 ce4	1	defined	["名"]	["名"]	[]	[]	[]	國家或團體處理事情的原則和辦法	国家或团体处理事情的原则和办法				[0, 1]	general	unreviewed		[]
故事|故事|gu4 shi4~1	故事|故事|gu4 shi4	1	defined	["名"]	["名"]	[]	["lit"]	[]	過去傳下來的老規定或做法	过去传下来的老规定或做法				[0]	general	unreviewed		[]
故事|故事|gu4 shi5~1	故事|故事|gu4 shi5	1	defined	["名"]	["名"]	[]	[]	[]	講給人聽的事情，有人物和經過	讲给人听的事情，有人物和经过				[0]	general	unreviewed		[]
效果|效果|xiao4 guo3~1	效果|效果|xiao4 guo3	1	defined	["名"]	["名"]	[]	[]	[]	做某件事以後產生的作用	做某件事以后产生的作用	「效果」說的是做法帶來的作用，「結果」說的是最後的情況。	「效果」说的是做法带来的作用，「结果」说的是最后的情况。		[0, 1, 2]	general	unreviewed		[]
效果|效果|xiao4 guo3~2	效果|效果|xiao4 guo3	2	defined	["名"]	["名"]	[]	[]	[]	演出中做出來的聲音和畫面	演出中做出来的声音和画面				[3]	general	unreviewed		[]
救|救|jiu4~1	救|救|jiu4	1	defined	["動"]	["动"]	[]	[]	[]	幫助人或動物脫離危險	帮助人或动物脱离危险				[0, 1, 2]	general	unreviewed		[]
教|教|jiao1~1	教|教|jiao1	1	defined	["動"]	["动"]	[]	[]	[]	把知識或技術傳給別人	把知识或技术传给别人				[0]	general	unreviewed		[]
教|教|jiao4~1	教|教|jiao4	1	defined	["動"]	["动"]	["bound-form"]	[]	[]	把知識傳給別人，使人學會	把知识传给别人，使人学会				[0]	bound-form	unreviewed		[]
教|教|jiao4~2	教|教|jiao4	2	defined	["名"]	["名"]	["bound-form"]	[]	[]	相信神或某種力量的一套信仰	相信神或某种力量的一套信仰				[1]	bound-form	unreviewed		[]
教|教|jiao4~3	教|教|jiao4	3	defined	["動"]	["动"]	[]	["lit"]	[]	讓別人做某事或有某種感覺	让别人做某事或有某种感觉				[2]	general	unreviewed		[]
教堂|教堂|jiao4 tang2~1	教堂|教堂|jiao4 tang2	1	defined	["名"]	["名"]	[]	[]	[]	信基督教的人做禮拜的建築	信基督教的人做礼拜的建筑				[0, 1]	general	unreviewed		[]
教授|教授|jiao1 shou4~1	教授|教授|jiao1 shou4	1	defined	["動"]	["动"]	[]	[]	[]	把某一門學問或技術教給別人	把某一门学问或技术教给别人	後面多接課程或學問，如「教授數學」，很少直接接人。	后面多接课程或学问，如「教授数学」，很少直接接人。		[0]	general	unreviewed		[]
教授|教授|jiao4 shou4~1	教授|教授|jiao4 shou4	1	defined	["名"]	["名"]	[]	[]	[]	大學裡教學職位最高的老師	大学里教学职位最高的老师	中小學的老師不能叫「教授」。	中小学的老师不能叫「教授」。		[0]	general	unreviewed		[]
教會|教会|jiao1 hui4~1	教會|教会|jiao1 hui4	1	defined	["動"]	["动"]	[]	[]	[]	教別人做某件事，直到他學會	教别人做某件事，直到他学会				[0, 1]	general	unreviewed		[]
教會|教会|jiao4 hui4~1	教會|教会|jiao4 hui4	1	defined	["名"]	["名"]	[]	[]	["rel"]	信基督教的人組成的宗教團體	信基督教的人组成的宗教团体	「教堂」是做禮拜的建築，「教會」是信教的人組成的團體。	「教堂」是做礼拜的建筑，「教会」是信教的人组成的团体。		[0]	general	unreviewed		[]
教練|教练|jiao4 lian4~1	教練|教练|jiao4 lian4	1	defined	["名"]	["名"]	[]	[]	[]	訓練運動員技術和比賽方法的人	训练运动员技术和比赛方法的人				[1]	general	unreviewed		[]
教練|教练|jiao4 lian4~2	教練|教练|jiao4 lian4	2	defined	["動"]	["动"]	[]	[]	[]	訓練別人掌握某種技術	训练别人掌握某种技术				[0]	general	unreviewed		[]
教育|教育|jiao4 yu4~1	教育|教育|jiao4 yu4	1	defined	["動", "名"]	["动", "名"]	[]	[]	[]	有計劃地教人學習和做人的活動	有计划地教人学习和做人的活动				[0, 1, 2]	general	unreviewed		[]
敢|敢|gan3~1	敢|敢|gan3	1	defined	["動"]	["动"]	[]	[]	[]	不怕危險或困難，願意去做	不怕危险或困难，愿意去做	「敢」說的是有沒有勇氣，「能」說的是有沒有條件或能力。	「敢」说的是有没有勇气，「能」说的是有没有条件或能力。		[0, 1]	general	unreviewed		[]
敢|敢|gan3~2	敢|敢|gan3	2	defined	["副"]	["副"]	[]	["lit", "hon"]	[]	用在動詞前面，表示不好意思打擾對方	用在动词前面，表示不好意思打扰对方	多用在「問」的前面，是書面上的客氣說法。	多用在「问」的前面，是书面上的客气说法。		[2]	general	unreviewed		[]
敬|敬|jing4~1	敬|敬|jing4	1	defined	["動", "形"]	["动", "形"]	["bound-form"]	[]	[]	看重別人，說話做事有禮	看重别人，说话做事有礼				[0]	bound-form	unreviewed		[]
敬|敬|jing4~2	敬|敬|jing4	2	defined	["動"]	["动"]	[]	[]	[]	有禮地把酒或茶送給別人	有礼地把酒或茶送给别人				[1]	general	unreviewed		[]
整|整|zheng3~1	整|整|zheng3	1	defined	["形"]	["形"]	["bound-form"]	[]	[]	全部的，沒有分開或少掉的	全部的，没有分开或少掉的				[0]	bound-form	unreviewed		[]
整|整|zheng3~2	整|整|zheng3	2	defined	["形"]	["形"]	["bound-form"]	[]	[]	剛好是這個數目，不多也不少的	刚好是这个数目，不多也不少的	說時間時，可以在後面加「整」，例如「八點整」。	说时间时，可以在后面加「整」，例如「八点整」。		[0]	bound-form	unreviewed		[]
整|整|zheng3~3	整|整|zheng3	3	defined	["形"]	["形"]	["bound-form"]	[]	[]	有次序，看起來不亂的	有次序，看起来不乱的				[1]	bound-form	unreviewed		[]
整|整|zheng3~4	整|整|zheng3	4	defined	["動"]	["动"]	["bound-form"]	[]	[]	把亂的東西放好，使有次序	把乱的东西放好，使有次序				[2]	bound-form	unreviewed		[]
整|整|zheng3~5	整|整|zheng3	5	defined	["動"]	["动"]	["bound-form"]	[]	[]	把壞了的東西修好，使能再用	把坏了的东西修好，使能再用				[3]	bound-form	unreviewed		[]
整|整|zheng3~6	整|整|zheng3	6	defined	["動"]	["动"]	[]	["coll"]	[]	用手段對付人，使人痛苦	用手段对付人，使人痛苦				[4]	general	unreviewed		[]
整|整|zheng3~7	整|整|zheng3	7	defined	["動"]	["动"]	[]	["dialect"]	[]	泛指做某件事，相當於「弄」	泛指做某件事，相当于「弄」				[5]	general	unreviewed		[]
整個|整个|zheng3 ge4~1	整個|整个|zheng3 ge4	1	defined	["形"]	["形"]	[]	[]	[]	全部的，指一件事物的所有部分	全部的，指一件事物的所有部分	「整個」說的是一個東西的全部，「所有」說的是很多東西的每一個。	「整个」说的是一个东西的全部，「所有」说的是很多东西的每一个。		[0, 1, 2]	general	unreviewed		[]
敵人|敌人|di2 ren2~1	敵人|敌人|di2 ren2	1	defined	["名"]	["名"]	[]	[]	[]	跟自己對立、想要傷害自己的人	跟自己对立、想要伤害自己的人				[0, 1]	general	unreviewed		[]
數|数|shu3~1	數|数|shu3	1	defined	["動"]	["动"]	[]	[]	[]	一個一個地算或說出來	一个一个地算或说出来				[0, 2]	general	unreviewed		[]
數|数|shu3~2	數|数|shu3	2	defined	["動"]	["动"]	[]	[]	[]	比較之後指出程度最高的那個	比较之后指出程度最高的那个	常用「就數他最好」這一類說法，後面接形容詞。	常用「就数他最好」这一类说法，后面接形容词。		[1]	general	unreviewed		[]
數|数|shu4~1	數|数|shu4	1	defined	["名"]	["名"]	[]	[]	[]	表示事物多少的量	表示事物多少的量				[0]	general	unreviewed		[]
數|数|shu4~2	數|数|shu4	2	defined	["數"]	["数"]	[]	["lit"]	[]	幾，表示不確定的多少	几，表示不确定的多少				[1]	general	unreviewed		[]
數|数|shuo4~1	數|数|shuo4	1	defined	["副"]	["副"]	[]	["lit"]	[]	表示同樣的事發生很多次	表示同样的事发生很多次	舊時的用法，今天只出現在「數見不鮮」一類的說法裡。	旧时的用法，今天只出现在「数见不鲜」一类的说法里。	archaic-form	[0]	general	unreviewed		[]
數字|数字|shu4 zi4~1	數字|数字|shu4 zi4	1	defined	["名"]	["名"]	[]	[]	[]	表示數目的符號，如一、二、三	表示数目的符号，如一、二、三				[0, 1, 2, 6]	general	unreviewed		[]
數字|数字|shu4 zi4~2	數字|数字|shu4 zi4	2	defined	["名"]	["名"]	[]	[]	[]	說明情況的具體數量	说明情况的具体数量				[3, 4]	general	unreviewed		[]
數字|数字|shu4 zi4~3	數字|数字|shu4 zi4	3	defined	["形"]	["形"]	[]	[]	["tech", "cn"]	把信息變成數目來記錄和處理的	把信息变成数目来记录和处理的				[5]	general	unreviewed		[]
數學|数学|shu4 xue2~1	數學|数学|shu4 xue2	1	defined	["名"]	["名"]	[]	[]	[]	研究數目、圖形和它們變化的科學	研究数目、图形和它们变化的科学				[0]	general	unreviewed		[]
數據|数据|shu4 ju4~1	數據|数据|shu4 ju4	1	defined	["名"]	["名"]	[]	[]	[]	研究或分析時所根據的資料，多是數字	研究或分析时所根据的资料，多是数字	「數據」多指數字，「資料」的範圍更大，也包括文字和圖片。	「数据」多指数字，「资料」的范围更大，也包括文字和图片。		[0]	general	unreviewed		[]
數量|数量|shu4 liang4~1	數量|数量|shu4 liang4	1	defined	["名"]	["名"]	[]	[]	[]	事物的多少，用數目表示	事物的多少，用数目表示	「數量」說的是多少，「質量」說的是好壞。	「数量」说的是多少，「质量」说的是好坏。		[0, 1]	general	unreviewed		[]
數量|数量|shu4 liang4~2	數量|数量|shu4 liang4	2	defined	["名"]	["名"]	[]	[]	["math"]	數學上指只有大小、沒有方向的量	数学上指只有大小、没有方向的量				[2]	general	unreviewed		[]
文|文|wen2~1	文|文|wen2	1	defined	["名"]	["名"]	["bound-form"]	[]	[]	語言的書面形式，也指文章	语言的书面形式，也指文章				[0, 2, 4]	general	unreviewed		[]
文|文|wen2~2	文|文|wen2	2	defined	["名"]	["名"]	["bound-form"]	[]	[]	人類社會的藝術、思想和生活方式	人类社会的艺术、思想和生活方式				[1]	general	unreviewed		[]
文|文|wen2~3	文|文|wen2	3	defined	["形"]	["形"]	["bound-form"]	[]	[]	說話做事和氣有禮的	说话做事和气有礼的				[3, 5]	general	unreviewed		[]
文|文|wen2~4	文|文|wen2	4	defined	["量"]	["量"]	["classifier-is"]	["arch"]	[]	舊時計算銅錢的單位	旧时计算铜钱的单位				[6]	classifier-is	unreviewed	edited	["E-wen2-4"]
文件|文件|wen2 jian4~1	文件|文件|wen2 jian4	1	defined	["名"]	["名"]	[]	[]	[]	記錄公事或規定的文字材料	记录公事或规定的文字材料				[0, 2]	general	unreviewed		[]
文件|文件|wen2 jian4~2	文件|文件|wen2 jian4	2	defined	["名"]	["名"]	[]	[]	[]	電腦裡存起來的一份資料	电脑里存起来的一份资料				[1]	general	unreviewed		[]
文化|文化|wen2 hua4~1	文化|文化|wen2 hua4	1	defined	["名"]	["名"]	[]	[]	[]	一個社會共同的生活方式、想法和藝術	一个社会共同的生活方式、想法和艺术	「文明」多說社會發展的程度，「文化」多說生活的樣子。	「文明」多说社会发展的程度，「文化」多说生活的样子。		[0, 1, 2, 3]	general	unreviewed		[]
文化|文化|wen2 hua4~2	文化|文化|wen2 hua4	2	defined	["名"]	["名"]	[]	[]	[]	讀書寫字的能力和一般知識	读书写字的能力和一般知识				[]	general	unreviewed		[]
文章|文章|wen2 zhang1~1	文章|文章|wen2 zhang1	1	defined	["名"]	["名"]	[]	[]	[]	寫出來表達想法的一篇文字	写出来表达想法的一篇文字				[0, 1, 2, 3, 5]	general	unreviewed		[]
文章|文章|wen2 zhang1~2	文章|文章|wen2 zhang1	2	defined	["名"]	["名"]	[]	[]	[]	話或事情裡面藏著的意思	话或事情里面藏着的意思	常用在「大有文章」這個說法裡。	常用在「大有文章」这个说法里。		[4]	general	unreviewed		[]
斗|斗|dou3~1	斗|斗|dou3	1	defined	["量"]	["量"]	[]	[]	[]	舊時計算糧食的單位，等於十升	旧时计算粮食的单位，等于十升				[0, 1, 2]	general	unreviewed		[]
斗|斗|dou3~2	斗|斗|dou3	2	defined	["名"]	["名"]	["bound-form"]	[]	[]	形狀像小杯子的用具	形状像小杯子的用具				[3]	general	unreviewed		[]
斯|斯|si1~1	斯|斯|si1	1	defined	["綴"]	["缀"]	["bound-form"]	[]	[]	外國名字中用來記錄聲音的字，本身不表示意思	外国名字中用来记录声音的字，本身不表示意思				[0]	general	unreviewed		[]
斯|斯|si1~2	斯|斯|si1	2	defined	["代"]	["代"]	[]	["lit"]	[]	指說到的這個人、事或地方	指说到的这个人、事或地方				[1]	general	unreviewed		[]
新|新|xin1~1	新|新|xin1	1	defined	["形", "副"]	["形", "副"]	[]	[]	[]	剛出現、剛做好或還沒用過的	刚出现、刚做好或还没用过的	放在動詞前面時，表示不久以前才發生，例如「新來的」「新買的」。	放在动词前面时，表示不久以前才发生，例如「新来的」「新买的」。		[0, 1]	general	unreviewed		[]
新聞|新闻|xin1 wen2~1	新聞|新闻|xin1 wen2	1	defined	["名"]	["名"]	[]	[]	[]	報紙、電視等報道的最近發生的事	报纸、电视等报道的最近发生的事	「新聞」指媒體報道的事，「消息」還可以指個人得到的信息。	「新闻」指媒体报道的事，「消息」还可以指个人得到的信息。		[0, 1]	general	unreviewed	edited	["E-xin1wen2-1"]
斷|断|duan4~1	斷|断|duan4	1	defined	["動"]	["动"]	[]	[]	[]	長的東西分成兩段或幾段	长的东西分成两段或几段				[0, 1]	general	unreviewed		[]
斷|断|duan4~2	斷|断|duan4	2	defined	["動"]	["动"]	[]	[]	[]	使原來連著的東西或事情停下來	使原来连着的东西或事情停下来				[2, 3]	general	unreviewed		[]
斷|断|duan4~3	斷|断|duan4	3	defined	["動"]	["动"]	["bound-form"]	[]	[]	根據情況作出判斷或決定	根据情况作出判断或决定				[4]	general	unreviewed		[]
斷|断|duan4~4	斷|断|duan4	4	defined	["副"]	["副"]	[]	["lit"]	[]	表示絕對，多和「不」連用	表示绝对，多和「不」连用				[5, 6, 7]	general	unreviewed		[]
方|方|fang1~1	方|方|fang1	1	defined	["名"]	["名"]	["bound-form"]	[]	[]	人或事物所在的地點	人或事物所在的地点				[8]	general	unreviewed		[]
方|方|fang1~10	方|方|fang1	10	defined	["形"]	["形"]	["bound-form"]	[]	[]	為人正直、講原則的	为人正直、讲原则的				[2, 3, 4]	general	unreviewed		[]
方|方|fang1~11	方|方|fang1	11	defined	["副"]	["副"]	[]	["lit"]	[]	用在數量或動詞前面，表示正處在那個時候	用在数量或动词前面，表示正处在那个时候				[11]	general	unreviewed		[]
方|方|fang1~12	方|方|fang1	12	defined	["副"]	["副"]	[]	["lit"]	[]	用在動詞前面，表示到這時候才發生	用在动词前面，表示到这时候才发生	口語裡一般不用「方」，而說「才」。	口语里一般不用「方」，而说「才」。		[12]	general	unreviewed		[]
方|方|fang1~2	方|方|fang1	2	defined	["名"]	["名"]	["bound-form"]	[]	[]	為了達到目的而採取的做法	为了达到目的而采取的做法				[9]	general	unreviewed		[]
方|方|fang1~3	方|方|fang1	3	defined	["名"]	["名"]	["bound-form"]	[]	[]	東、南、西、北等方向	东、南、西、北等方向				[5]	general	unreviewed		[]
方|方|fang1~4	方|方|fang1	4	defined	["名"]	["名"]	["bound-form"]	[]	[]	事情中相對的人或團體	事情中相对的人或团体				[6, 7]	general	unreviewed		[]
方|方|fang1~5	方|方|fang1	5	defined	["形"]	["形"]	[]	[]	[]	四個角都是直角、四邊一樣長的	四个角都是直角、四边一样长的				[0]	general	unreviewed		[]
方|方|fang1~6	方|方|fang1	6	defined	["名"]	["名"]	["bound-form"]	[]	["math"]	數學上指一個數自己相乘的結果	数学上指一个数自己相乘的结果				[1]	general	unreviewed	edited	["E-fang1-6"]
方|方|fang1~7	方|方|fang1	7	defined	["名"]	["名"]	["bound-form"]	[]	["med"]	治病用的藥物和分量的說明	治病用的药物和分量的说明				[10]	general	unreviewed	edited	["E-fang1-7"]
方|方|fang1~8	方|方|fang1	8	defined	["量"]	["量"]	["classifier-is"]	[]	[]	用於計算方形的東西，如手帕、印章	用于计算方形的东西，如手帕、印章				[13]	classifier-is	unreviewed		[]
方|方|fang1~9	方|方|fang1	9	defined	["量"]	["量"]	["abbr"]	["coll"]	[]	平方米或立方米的簡稱	平方米或立方米的简称	正式的書面材料裡不用這個簡稱。	正式的书面材料里不用这个简称。		[14]	abbreviation	unreviewed		[]
方便|方便|fang1 bian4~1	方便|方便|fang1 bian4	1	defined	["形"]	["形"]	[]	[]	[]	做起來容易，不用花什麼力氣的	做起来容易，不用花什么力气的				[0]	general	unreviewed		[]
方便|方便|fang1 bian4~2	方便|方便|fang1 bian4	2	defined	["動"]	["动"]	[]	[]	[]	使別人做事變得容易	使别人做事变得容易				[1]	general	unreviewed		[]
方便|方便|fang1 bian4~3	方便|方便|fang1 bian4	3	defined	["動"]	["动"]	[]	["coll"]	[]	客氣地指上廁所	客气地指上厕所				[3]	general	unreviewed		[]
方便|方便|fang1 bian4~4	方便|方便|fang1 bian4	4	defined	["形"]	["形"]	[]	["coll"]	[]	手頭有多的錢，拿得出來的	手头有多的钱，拿得出来的				[2]	general	unreviewed		[]
方向|方向|fang1 xiang4~1	方向|方向|fang1 xiang4	1	defined	["名"]	["名"]	[]	[]	[]	人或事物面對、前進的那一邊	人或事物面对、前进的那一边	也可以指要達到的目標，如「努力的方向」。	也可以指要达到的目标，如「努力的方向」。		[0]	general	unreviewed		[]
方式|方式|fang1 shi4~1	方式|方式|fang1 shi4	1	defined	["名"]	["名"]	[]	[]	[]	說話、做事時所採取的方法和形式	说话、做事时所采取的方法和形式	「方法」多指具體怎麼做，「方式」多指做事的樣子和習慣。	「方法」多指具体怎么做，「方式」多指做事的样子和习惯。		[0, 1]	general	unreviewed	edited	["E-fang1shi4-1"]
方案|方案|fang1 an4~1	方案|方案|fang1 an4	1	defined	["名"]	["名"]	[]	[]	[]	為完成一件事定出的具體辦法	为完成一件事定出的具体办法	「計劃」說的是要做什麼，「方案」說的是怎麼做。	「计划」说的是要做什么，「方案」说的是怎么做。		[0, 1, 2, 3, 4]	general	unreviewed		[]
方法|方法|fang1 fa3~1	方法|方法|fang1 fa3	1	defined	["名"]	["名"]	[]	[]	[]	為了解決問題或達到目的所用的做法	为了解决问题或达到目的所用的做法	「辦法」多指解決困難的做法，「方法」還可以指做事的一套過程。	「办法」多指解决困难的做法，「方法」还可以指做事的一套过程。		[0]	general	unreviewed		[]
方面|方面|fang1 mian4~1	方面|方面|fang1 mian4	1	defined	["名"]	["名"]	[]	[]	[]	事物的某一部分或某個角度	事物的某一部分或某个角度	常說「在教育方面」、「在生活方面」這樣的話。	常说「在教育方面」、「在生活方面」这样的话。		[0, 1, 2, 3, 4]	general	unreviewed		[]
於|于|yu2~1	於|于|yu2	1	defined	["介"]	["介"]	["function-word"]	["lit"]	[]	引出動作發生的時間或地點，多用在動詞後面	引出动作发生的时间或地点，多用在动词后面	說話的時候一般用「在」，寫文章時常用「於」。	说话的时候一般用「在」，写文章时常用「于」。		[0]	general	unreviewed		[]
於|于|yu2~2	於|于|yu2	2	defined	["介"]	["介"]	["function-word"]	["lit"]	[]	引出跟動作有關的對象或方面	引出跟动作有关的对象或方面				[1]	general	unreviewed		[]
於|于|yu2~3	於|于|yu2	3	defined	["介"]	["介"]	["function-word"]	["lit"]	[]	用在形容詞後面，引出比較的對象	用在形容词后面，引出比较的对象	意思跟「比」差不多，「三大於二」就是三比二大。	意思跟「比」差不多，「三大于二」就是三比二大。		[3]	general	unreviewed		[]
於|于|yu2~4	於|于|yu2	4	defined	["介"]	["介"]	["function-word"]	["lit"]	[]	引出動作或事情的來源或原因	引出动作或事情的来源或原因				[2]	general	unreviewed		[]
於|于|yu2~5	於|于|yu2	5	defined	["介"]	["介"]	["function-word"]	["lit"]	[]	用在動詞後面，引出動作的發出者	用在动词后面，引出动作的发出者	跟「被」的意思差不多，前面的人是受到動作的一方。	跟「被」的意思差不多，前面的人是受到动作的一方。		[4]	general	unreviewed		[]
於|於|wu1~1	於|於|wu1	1	defined	["嘆"]	["叹"]	[]	["lit"]	[]	表示感嘆或讚美的聲音	表示感叹或赞美的声音	現代文章裡不用，只出現在古書的「於戲」「於乎」中，意思同「嗚呼」。	现代文章里不用，只出现在古书的「于戏」「于乎」中，意思同「呜呼」。	archaic-form	[0, 1]	general	unreviewed		[]
於是|于是|yu2 shi4~1	於是|于是|yu2 shi4	1	defined	["連"]	["连"]	["function-word"]	[]	[]	用在後一句開頭，引出接著發生的事	用在后一句开头，引出接着发生的事	「於是」說事情接著發生，「所以」說明原因。	「于是」说事情接着发生，「所以」说明原因。		[0]	general	unreviewed		[]
施|施|shi1~1	施|施|shi1	1	defined	["動"]	["动"]	["bound-form"]	[]	[]	把辦法、規定用到實際的事情上	把办法、规定用到实际的事情上				[0]	bound-form	unreviewed		[]
施|施|shi1~2	施|施|shi1	2	defined	["動"]	["动"]	["bound-form"]	[]	[]	把錢物給窮人或出家人	把钱物给穷人或出家人				[1]	bound-form	unreviewed		[]
施|施|shi1~3	施|施|shi1	3	defined	["動"]	["动"]	["bound-form"]	[]	[]	把肥料一類的東西加在作物上	把肥料一类的东西加在作物上				[2]	bound-form	unreviewed		[]
旁|旁|pang2~1	旁|旁|pang2	1	defined	["名"]	["名"]	[]	[]	[]	人或東西的左右附近	人或东西的左右附近				[0]	general	unreviewed		[]
旁|旁|pang2~2	旁|旁|pang2	2	defined	["形"]	["形"]	[]	[]	[]	所說的這個以外的	所说的这个以外的				[1, 2]	general	unreviewed		[]
旁|旁|pang2~3	旁|旁|pang2	3	defined	["名"]	["名"]	[]	[]	["ling"]	漢字左右兩邊的組成部分	汉字左右两边的组成部分				[3]	general	unreviewed		[]
旅|旅|lu:3~1	旅|旅|lu:3	1	defined	["動"]	["动"]	["bound-form"]	[]	[]	離開家到外地去，在外地走動	离开家到外地去，在外地走动				[0, 1, 2]	general	unreviewed		[]
旅|旅|lu:3~2	旅|旅|lu:3	2	defined	["名"]	["名"]	[]	[]	["mil"]	軍隊裡的一級單位，由幾個團組成	军队里的一级单位，由几个团组成				[3]	general	unreviewed		[]
旅行|旅行|lu:3 xing2~1	旅行|旅行|lu:3 xing2	1	defined	["動", "名"]	["动", "名"]	["classifier-ref"]	[]	[]	離開家到外地去玩或辦事	离开家到外地去玩或办事				[0, 1, 2]	general	unreviewed		[]
旅遊|旅游|lu:3 you2~1	旅遊|旅游|lu:3 you2	1	defined	["動", "名"]	["动", "名"]	[]	[]	[]	離開家到外地遊玩、參觀	离开家到外地游玩、参观	「旅遊」重在遊玩；因為工作出門，一般說「出差」，不說「旅遊」。	「旅游」重在游玩；因为工作出门，一般说「出差」，不说「旅游」。		[0, 1, 2, 3, 4, 5]	general	unreviewed		[]
族|族|zu2~1	族|族|zu2	1	defined	["名"]	["名"]	["bound-form"]	[]	[]	有共同語言和文化的一群人	有共同语言和文化的一群人				[0, 1, 2]	general	unreviewed		[]
族|族|zu2~2	族|族|zu2	2	defined	["名"]	["名"]	["bound-form"]	[]	[]	有血緣關係的一大家人	有血缘关系的一大家人				[3]	general	unreviewed		[]
族|族|zu2~3	族|族|zu2	3	defined	["綴"]	["缀"]	["bound-form"]	[]	[]	加在詞後面，表示某一類人	加在词后面，表示某一类人				[4]	general	unreviewed		[]
既|既|ji4~1	既|既|ji4	1	defined	["連"]	["连"]	["function-word"]	[]	[]	常跟「又」連用，表示兩種情況同時存在	常跟「又」连用，表示两种情况同时存在	「既…又…」連接的兩部分語氣要一致，不能一好一壞。	「既…又…」连接的两部分语气要一致，不能一好一坏。		[2]	function-word	unreviewed		[]
既|既|ji4~2	既|既|ji4	2	defined	["連"]	["连"]	["function-word"]	["lit"]	[]	表示根據已經知道的事實，後面說出結果	表示根据已经知道的事实，后面说出结果	「既」引出已知的事實，後面的句子多用「就」。	「既」引出已知的事实，后面的句子多用「就」。		[1]	function-word	unreviewed		[]
既|既|ji4~3	既|既|ji4	3	defined	["副"]	["副"]	["bound-form"]	["lit"]	[]	表示事情已經完成或已經確定	表示事情已经完成或已经确定				[0]	general	unreviewed		[]
早|早|zao3~1	早|早|zao3	1	defined	["形"]	["形"]	[]	[]	[]	在時間上比一般或說好的靠前的	在时间上比一般或说好的靠前的				[0, 4]	general	unreviewed		[]
早|早|zao3~2	早|早|zao3	2	defined	["名"]	["名"]	["bound-form"]	[]	[]	天剛亮以後的一段時間	天刚亮以后的一段时间				[1]	general	unreviewed		[]
早|早|zao3~3	早|早|zao3	3	defined	["副"]	["副"]	[]	[]	[]	表示事情在很久以前就發生了	表示事情在很久以前就发生了				[3]	general	unreviewed		[]
早|早|zao3~4	早|早|zao3	4	defined	["嘆"]	["叹"]	[]	["coll"]	[]	早上見面時用來問好的話	早上见面时用来问好的话				[2]	general	unreviewed		[]
早上|早上|zao3 shang5~1	早上|早上|zao3 shang5	1	defined	["名"]	["名"]	[]	[]	[]	天亮以後的一段時間	天亮以后的一段时间	「早上」多指天亮以後不久的時間，「上午」指中午以前的整段時間。	「早上」多指天亮以后不久的时间，「上午」指中午以前的整段时间。		[0, 1]	general	unreviewed		[]
明|明|ming2~1	明|明|ming2	1	defined	["動"]	["动"]	["bound-form"]	[]	[]	清楚地知道或懂得	清楚地知道或懂得				[3]	general	unreviewed		[]
明|明|ming2~2	明|明|ming2	2	defined	["形"]	["形"]	["bound-form"]	[]	[]	下一個的，多用在年、天前面	下一个的，多用在年、天前面				[4]	general	unreviewed		[]
明|明|ming2~3	明|明|ming2	3	defined	["形"]	["形"]	["bound-form"]	[]	[]	清楚，一看就懂的	清楚，一看就懂的				[2, 5]	general	unreviewed		[]
明|明|ming2~4	明|明|ming2	4	defined	["形"]	["形"]	["bound-form"]	[]	[]	光線強，讓人看得清楚的	光线强，让人看得清楚的				[0, 1]	general	unreviewed		[]
明|明|ming2~5	明|明|ming2	5	defined	["形"]	["形"]	["bound-form"]	[]	[]	聰明，看事情看得準的	聪明，看事情看得准的				[6]	general	unreviewed		[]
明|明|ming2~6	明|明|ming2	6	defined	["名"]	["名"]	[]	["lit"]	[]	舊時對祭神活動的總稱	旧时对祭神活动的总称			archaic-form	[7]	general	unreviewed		[]
明星|明星|ming2 xing1~1	明星|明星|ming2 xing1	1	defined	["名"]	["名"]	[]	[]	[]	在電影、音樂或體育方面很有名的人	在电影、音乐或体育方面很有名的人				[0]	general	unreviewed		[]
明確|明确|ming2 que4~1	明確|明确|ming2 que4	1	defined	["形"]	["形"]	[]	[]	[]	清楚肯定的，不會讓人弄錯	清楚肯定的，不会让人弄错	「清楚」多說看得懂、聽得懂，「明確」多說內容肯定、沒有別的可能。	「清楚」多说看得懂、听得懂，「明确」多说内容肯定、没有别的可能。		[0]	general	unreviewed		[]
明確|明确|ming2 que4~2	明確|明确|ming2 que4	2	defined	["動"]	["动"]	[]	[]	[]	把事情、要求說得清楚肯定	把事情、要求说得清楚肯定				[1]	general	unreviewed		[]
明顯|明显|ming2 xian3~1	明顯|明显|ming2 xian3	1	defined	["形"]	["形"]	[]	[]	[]	容易看出來或感覺到的	容易看出来或感觉到的				[0, 1, 2]	general	unreviewed		[]
易|易|yi4~1	易|易|yi4	1	defined	["形"]	["形"]	[]	["lit"]	[]	做起來不費力，不會太難的	做起来不费力，不会太难的	「易」多放在動詞前面；單用時一般說「容易」。	「易」多放在动词前面；单用时一般说「容易」。		[0, 4]	general	unreviewed		[]
易|易|yi4~2	易|易|yi4	2	defined	["動"]	["动"]	["bound-form"]	[]	[]	拿東西或錢跟別人交換	拿东西或钱跟别人交换				[3]	general	unreviewed		[]
易|易|yi4~3	易|易|yi4	3	defined	["動"]	["动"]	["bound-form"]	["lit"]	[]	把原來的換成別的	把原来的换成别的				[2]	general	unreviewed		[]
易|易|yi4~4	易|易|yi4	4	defined	["形"]	["形"]	["bound-form"]	[]	[]	態度好，讓人願意接近的	态度好，让人愿意接近的				[1]	general	unreviewed		[]
星|星|xing1~1	星|星|xing1	1	defined	["名"]	["名"]	[]	[]	[]	夜裡天上看到的發亮的小點	夜里天上看到的发亮的小点	說話時多說「星星」。天上的球形物體也叫「星」，如「行星」、「衛星」。	说话时多说「星星」。天上的球形物体也叫「星」，如「行星」、「卫星」。		[0, 1, 2]	general	unreviewed		[]
星|星|xing1~2	星|星|xing1	2	defined	["名"]	["名"]	["bound-form"]	[]	[]	有名的演員、歌手或運動員	有名的演员、歌手或运动员				[]	general	unreviewed		[]
星|星|xing1~3	星|星|xing1	3	defined	["名"]	["名"]	["bound-form"]	[]	[]	少到只有一點點的量	少到只有一点点的量				[3]	general	unreviewed		[]
是|是|shi4~1	是|是|shi4	1	defined	["動"]	["动"]	["function-word"]	[]	[]	用在名詞前面，表示前後兩者相同或屬於一類	用在名词前面，表示前后两者相同或属于一类	形容詞前面一般用「很」，不用「是」：多說「她很忙」。	形容词前面一般用「很」，不用「是」：多说「她很忙」。		[0]	general	unreviewed		[]
是|是|shi4~2	是|是|shi4	2	defined	["動"]	["动"]	["function-word"]	[]	[]	用在表示地方的詞後面，指那裡有某種東西	用在表示地方的词后面，指那里有某种东西	常說「到處都是」、「滿地都是」。	常说「到处都是」、「满地都是」。		[0]	general	unreviewed		[]
是|是|shi4~3	是|是|shi4	3	defined	["副"]	["副"]	["function-word"]	[]	[]	用在動詞或形容詞前面，表示的確如此	用在动词或形容词前面，表示的确如此	這個「是」說得比較重，後面常有「可是」、「但是」。	这个「是」说得比较重，后面常有「可是」、「但是」。		[3]	general	unreviewed		[]
是|是|shi4~4	是|是|shi4	4	defined	["形"]	["形"]	[]	[]	[]	對的，符合事實的	对的，符合事实的	這個意思現在多說「對」，用「是」比較正式。	这个意思现在多说「对」，用「是」比较正式。		[1]	general	unreviewed		[]
是|是|shi4~5	是|是|shi4	5	defined	["嘆"]	["叹"]	[]	[]	[]	答應的話，表示願意照對方的話去做	答应的话，表示愿意照对方的话去做	比「好的」正式，多用在軍隊裡回答長官的命令。	比「好的」正式，多用在军队里回答长官的命令。		[2]	general	unreviewed		[]
是否|是否|shi4 fou3~1	是否|是否|shi4 fou3	1	defined	["副"]	["副"]	["function-word"]	["lit"]	[]	用在動詞或形容詞前面，提出「是不是」的問題	用在动词或形容词前面，提出「是不是」的问题	說話時多說「是不是」，寫文章才用「是否」。	说话时多说「是不是」，写文章才用「是否」。		[0, 1, 2]	general	unreviewed		[]
時|时|shi2~1	時|时|shi2	1	defined	["名"]	["名"]	["bound-form"]	[]	[]	指時間，也指一段時期	指时间，也指一段时期				[1, 5]	general	unreviewed		[]
時|时|shi2~2	時|时|shi2	2	defined	["名"]	["名"]	[]	[]	[]	用在動作或情況後面，指那個時候	用在动作或情况后面，指那个时候	「時」多用在書面，口語常說「的時候」。	「时」多用在书面，口语常说「的时候」。		[2]	general	unreviewed		[]
時|时|shi2~3	時|时|shi2	3	defined	["名"]	["名"]	[]	["lit"]	[]	時間單位，等於一小時，用在數字後面	时间单位，等于一小时，用在数字后面	口語裡說「三點」，正式的文字裡常寫「三時」。	口语里说「三点」，正式的文字里常写「三时」。		[0, 3]	general	unreviewed		[]
時|时|shi2~4	時|时|shi2	4	defined	["名"]	["名"]	["bound-form"]	["lit"]	[]	指一年裡的季節	指一年里的季节				[4]	general	unreviewed		[]
時代|时代|shi2 dai4~1	時代|时代|shi2 dai4	1	defined	["名"]	["名"]	[]	[]	[]	歷史上有某種特點的一段時期	历史上有某种特点的一段时期				[0, 1, 2, 4]	general	unreviewed	edited	["E-shi2dai4-1"]
時代|时代|shi2 dai4~2	時代|时代|shi2 dai4	2	defined	["名"]	["名"]	[]	[]	[]	一個人一生中的某個時期	一个人一生中的某个时期				[3]	general	unreviewed		[]
時候|时候|shi2 hou5~1	時候|时候|shi2 hou5	1	defined	["名"]	["名"]	[]	[]	[]	事情發生或進行的那一段時間	事情发生或进行的那一段时间	問人有空要說「有時間嗎」，不能說「有時候嗎」。	问人有空要说「有时间吗」，不能说「有时候吗」。		[0, 1, 2, 3]	general	unreviewed		[]
時期|时期|shi2 qi1~1	時期|时期|shi2 qi1	1	defined	["名"]	["名"]	[]	[]	[]	有某種特點的一段時間	有某种特点的一段时间	「時代」指很長的歷史階段，「時期」可長可短。	「时代」指很长的历史阶段，「时期」可长可短。		[0, 1, 2]	general	unreviewed		[]
時間|时间|shi2 jian1~1	時間|时间|shi2 jian1	1	defined	["名"]	["名"]	[]	[]	[]	不斷過去、可以用年、月、天、小時來算的東西	不断过去、可以用年、月、天、小时来算的东西	「時間」可以說長短，「時候」不能這樣說。例如說「花了很長時間」，不說「花了很長時候」。	「时间」可以说长短，「时候」不能这样说。例如说「花了很长时间」，不说「花了很长时候」。		[0, 1]	general	unreviewed		[]
時間|时间|shi2 jian1~2	時間|时间|shi2 jian1	2	defined	["名"]	["名"]	[]	[]	[]	事情發生或應該進行的時候	事情发生或应该进行的时候				[2]	general	unreviewed		[]
晚|晚|wan3~1	晚|晚|wan3	1	defined	["名"]	["名"]	[]	[]	[]	太陽下山以後到深夜的時間	太阳下山以后到深夜的时间				[0, 1]	general	unreviewed		[]
晚|晚|wan3~2	晚|晚|wan3	2	defined	["形"]	["形"]	[]	[]	[]	比規定或平常的時間靠後的	比规定或平常的时间靠后的	「晚」常放在動詞後面，如「來晚了」「起晚了」。	「晚」常放在动词后面，如「来晚了」「起晚了」。		[2]	general	unreviewed		[]
晚上|晚上|wan3 shang5~1	晚上|晚上|wan3 shang5	1	defined	["名"]	["名"]	[]	[]	[]	太陽下山以後到睡覺前的一段時間	太阳下山以后到睡觉前的一段时间				[0, 1, 2, 3]	general	unreviewed		[]
普|普|pu3~1	普|普|pu3	1	defined	["形"]	["形"]	["bound-form"]	[]	[]	範圍很大，到處都有的	范围很大，到处都有的				[0, 1, 2, 3]	general	unreviewed		[]
普通|普通|pu3 tong1~1	普通|普通|pu3 tong1	1	defined	["形"]	["形"]	[]	[]	[]	跟大多數一樣、不特別的	跟大多数一样、不特别的	「一般」還可以表示「大多數情況」，「普通」不能這樣用。	「一般」还可以表示「大多数情况」，「普通」不能这样用。		[0, 1, 2, 3]	general	unreviewed		[]
暫時|暂时|zan4 shi2~1	暫時|暂时|zan4 shi2	1	defined	["形", "副"]	["形", "副"]	[]	[]	[]	只在目前一段時間的，不是長期的	只在目前一段时间的，不是长期的				[0]	general	unreviewed		[]
暴力|暴力|bao4 li4~1	暴力|暴力|bao4 li4	1	defined	["名"]	["名"]	[]	[]	[]	用打、殺等手段傷害人或破壞東西的行為	用打、杀等手段伤害人或破坏东西的行为				[0, 1, 2]	general	unreviewed		[]
曲|曲|qu1~1	曲|曲|qu1	1	defined	["形"]	["形"]	["bound-form"]	[]	[]	不直的，向一邊彎過去的	不直的，向一边弯过去的				[0, 1]	general	unreviewed		[]
曲|曲|qu1~2	曲|曲|qu1	2	defined	["形"]	["形"]	["bound-form"]	["lit"]	[]	不正確的，沒有道理的	不正确的，没有道理的				[2]	general	unreviewed		[]
曲|曲|qu3~1	曲|曲|qu3	1	defined	["名"]	["名"]	["classifier-ref"]	[]	[]	用來唱或演出的一段音樂	用来唱或演出的一段音乐	「歌」多半有詞，「曲」可以只有音樂沒有詞。	「歌」多半有词，「曲」可以只有音乐没有词。		[0, 1, 2]	general	unreviewed		[]
更|更|geng1~1	更|更|geng1	1	defined	["動"]	["动"]	["bound-form"]	[]	[]	改變原來的，換成別的	改变原来的，换成别的				[0]	general	unreviewed		[]
更|更|geng1~2	更|更|geng1	2	defined	["名"]	["名"]	["bound-form"]	[]	[]	舊時夜裡的時間單位，一夜分為五段，每段約兩小時	旧时夜里的时间单位，一夜分为五段，每段约两小时	現在多用在「三更半夜」裡，指深夜。	现在多用在「三更半夜」里，指深夜。		[2, 3]	general	unreviewed		[]
更|更|geng1~3	更|更|geng1	3	defined	["動"]	["动"]	["bound-form"]	["lit"]	[]	親身經歷世上的事	亲身经历世上的事	現在多見於「少不更事」這個成語。	现在多见于「少不更事」这个成语。		[1]	general	unreviewed		[]
更|更|geng4~1	更|更|geng4	1	defined	["副"]	["副"]	[]	[]	[]	用在形容詞或動詞前，表示程度比原來或別的高	用在形容词或动词前，表示程度比原来或别的高	「更」表示比較起來程度又高了一層，「最」表示程度第一。	「更」表示比较起来程度又高了一层，「最」表示程度第一。		[0, 1, 2, 3, 4]	general	unreviewed		[]
更加|更加|geng4 jia1~1	更加|更加|geng4 jia1	1	defined	["副"]	["副"]	[]	[]	[]	表示程度比原來或比別的高	表示程度比原来或比别的高	「更加」多用在雙音節的詞前面，「更」的用法比較自由。	「更加」多用在双音节的词前面，「更」的用法比较自由。		[0, 1]	general	unreviewed		[]
書|书|shu1~1	書|书|shu1	1	defined	["名"]	["名"]	["classifier-ref"]	[]	[]	把文字或圖畫印在紙上、裝成一本讓人讀的東西	把文字或图画印在纸上、装成一本让人读的东西				[0, 3]	general	unreviewed		[]
書|书|shu1~2	書|书|shu1	2	defined	["名"]	["名"]	["bound-form"]	[]	[]	說明或證明某件事的文件	说明或证明某件事的文件				[2]	general	unreviewed		[]
書|书|shu1~3	書|书|shu1	3	defined	["名"]	["名"]	["bound-form"]	[]	[]	用文字向人報告事情的信	用文字向人报告事情的信				[1]	general	unreviewed		[]
書|书|shu1~4	書|书|shu1	4	defined	["動"]	["动"]	["bound-form"]	[]	[]	用筆寫下文字	用笔写下文字				[4]	general	unreviewed		[]
曼|曼|man4~1	曼|曼|man4	1	defined	["形"]	["形"]	["bound-form"]	["lit"]	[]	輕而美的，多形容動作或聲音	轻而美的，多形容动作或声音				[0]	general	unreviewed		[]
曼|曼|man4~2	曼|曼|man4	2	defined	["形"]	["形"]	[]	["arch"]	[]	長的，也形容範圍大	长的，也形容范围大			archaic-form	[1, 2]	general	unreviewed		[]
曾|曾|ceng2~1	曾|曾|ceng2	1	defined	["副"]	["副"]	["function-word"]	["lit"]	[]	用在動詞前面，表示以前發生過	用在动词前面，表示以前发生过	「曾」多用在書面，說話時常用「曾經」。	「曾」多用在书面，说话时常用「曾经」。		[0, 1, 2, 3, 4, 5]	function-word	unreviewed		[]
曾|曾|zeng1~1	曾|曾|zeng1	1	defined	["形"]	["形"]	["bound-form"]	[]	[]	家人關係中相隔兩代的	家人关系中相隔两代的				[0]	general	unreviewed		[]
曾經|曾经|ceng2 jing1~1	曾經|曾经|ceng2 jing1	1	defined	["副"]	["副"]	["function-word"]	[]	[]	用在動詞前面，表示動作或情況以前發生過	用在动词前面，表示动作或情况以前发生过	「曾經」說的事通常已經結束，「已經」說的事可能還在繼續。用「曾經」時，動詞後面常帶「過」。	「曾经」说的事通常已经结束，「已经」说的事可能还在继续。用「曾经」时，动词后面常带「过」。		[0, 1, 2, 3, 4, 5]	function-word	unreviewed		[]
替|替|ti4~1	替|替|ti4	1	defined	["動"]	["动"]	[]	[]	[]	換下原來的人或東西，做同樣的事	换下原来的人或东西，做同样的事				[0, 1, 2, 5]	general	unreviewed		[]
替|替|ti4~2	替|替|ti4	2	defined	["介"]	["介"]	["function-word"]	[]	[]	用在動詞前面，引出動作是為了誰	用在动词前面，引出动作是为了谁	「替」和「給」用法接近，多用在口語。	「替」和「给」用法接近，多用在口语。		[3, 4]	general	unreviewed		[]
最|最|zui4~1	最|最|zui4	1	defined	["副"]	["副"]	["function-word"]	[]	[]	用在形容詞或動詞前面，表示程度超過其他所有的	用在形容词或动词前面，表示程度超过其他所有的	「更」用在兩個相比的時候，「最」用在跟全部相比的時候。	「更」用在两个相比的时候，「最」用在跟全部相比的时候。		[0]	general	unreviewed		[]
最|最|zui4~2	最|最|zui4	2	defined	["名"]	["名"]	[]	[]	[]	用在「之」後面，指同類中程度達到頂點的人或事物	用在「之」后面，指同类中程度达到顶点的人或事物				[1]	general	unreviewed		[]
最佳|最佳|zui4 jia1~1	最佳|最佳|zui4 jia1	1	defined	["形"]	["形"]	[]	[]	[]	在所有同類事物中最好的	在所有同类事物中最好的	多用在名詞前面，如「最佳時機」、「最佳選擇」。	多用在名词前面，如「最佳时机」、「最佳选择」。		[0, 1, 2, 3]	general	unreviewed		[]
最初|最初|zui4 chu1~1	最初|最初|zui4 chu1	1	defined	["名", "副"]	["名", "副"]	[]	[]	[]	事情剛開始的那段時間	事情刚开始的那段时间	常跟「後來」相對，說明情況前後的變化。	常跟「后来」相对，说明情况前后的变化。		[0, 1, 2, 3, 4, 5, 6]	general	unreviewed		[]
最後|最后|zui4 hou4~1	最後|最后|zui4 hou4	1	defined	["形", "副"]	["形", "副"]	[]	[]	[]	在時間或位置上排在所有其他之後的	在时间或位置上排在所有其他之后的	「後來」指以後發生的事，「最後」指排在所有事情後面的那一件。	「后来」指以后发生的事，「最后」指排在所有事情后面的那一件。		[0, 1]	general	unreviewed		[]
最終|最终|zui4 zhong1~1	最終|最终|zui4 zhong1	1	defined	["形", "副"]	["形", "副"]	[]	[]	[]	過程結束時的，不會再改變的	过程结束时的，不会再改变的	「最終」說的是最後的結果，「最後」也可以說時間或位置。	「最终」说的是最后的结果，「最后」也可以说时间或位置。		[0]	general	unreviewed		[]
最近|最近|zui4 jin4~1	最近|最近|zui4 jin4	1	defined	["名"]	["名"]	[]	[]	[]	說話前後不久的一段時間	说话前后不久的一段时间	「最近」也能說將要發生的事，不只是過去。	「最近」也能说将要发生的事，不只是过去。		[0, 1]	general	unreviewed		[]
最近|最近|zui4 jin4~2	最近|最近|zui4 jin4	2	defined	["形"]	["形"]	[]	[]	[]	跟某處的距離最短的	跟某处的距离最短的				[2]	general	unreviewed		[]
最高|最高|zui4 gao1~1	最高|最高|zui4 gao1	1	defined	["形"]	["形"]	[]	[]	[]	在高度、程度或地位上超過所有其他的	在高度、程度或地位上超过所有其他的				[0, 1, 2]	general	unreviewed		[]
會|会|kuai4~1	會|会|kuai4	1	defined	["動"]	["动"]	["bound-form"]	[]	[]	計算收入和支出	计算收入和支出	這個讀音只用在「會計」等詞裡，跟「開會」的「會」讀音不同。	这个读音只用在「会计」等词里，跟「开会」的「会」读音不同。		[0]	bound-form	unreviewed		[]
會議|会议|hui4 yi4~1	會議|会议|hui4 yi4	1	defined	["名"]	["名"]	["classifier-ref"]	[]	[]	許多人在一起討論、決定事情的活動	许多人在一起讨论、决定事情的活动				[0, 1, 2]	general	unreviewed		[]
月|月|yue4~1	月|月|yue4	1	defined	["名"]	["名"]	[]	[]	[]	時間單位，一年有十二個，一個大約三十天	时间单位，一年有十二个，一个大约三十天	「三月」指一年中的第三個月，「三個月」指三個月的時間。	「三月」指一年中的第三个月，「三个月」指三个月的时间。		[1, 2, 3]	general	unreviewed		[]
月|月|yue4~2	月|月|yue4	2	defined	["名"]	["名"]	["bound-form"]	[]	[]	地球的衛星，晚上在天空中發亮	地球的卫星，晚上在天空中发亮				[0]	general	unreviewed		[]
有些|有些|you3 xie1~1	有些|有些|you3 xie1	1	defined	["代"]	["代"]	[]	[]	[]	其中的一部分，不是全部	其中的一部分，不是全部				[0]	general	unreviewed		[]
有些|有些|you3 xie1~2	有些|有些|you3 xie1	2	defined	["副"]	["副"]	[]	[]	[]	表示程度不高，有一點	表示程度不高，有一点	「有些」跟「有點」意思相近，「有點」更常用在口語。	「有些」跟「有点」意思相近，「有点」更常用在口语。		[1]	general	unreviewed		[]
有人|有人|you3 ren2~1	有人|有人|you3 ren2	1	defined	["代"]	["代"]	[]	[]	[]	指某個或某些人，不說明是誰	指某个或某些人，不说明是谁	多放在句子開頭，後面接動作或情況。	多放在句子开头，后面接动作或情况。		[0, 1, 2]	general	unreviewed		[]
有人|有人|you3 ren2~2	有人|有人|you3 ren2	2	defined	["動"]	["动"]	[]	[]	[]	表示座位、房間等已經被人使用	表示座位、房间等已经被人使用				[3, 4]	general	unreviewed		[]
有所|有所|you3 suo3~1	有所|有所|you3 suo3	1	defined	["副"]	["副"]	[]	["lit"]	[]	用在動詞前面，表示達到一定程度	用在动词前面，表示达到一定程度	後面多接雙音節動詞，例如「有所提高」。	后面多接双音节动词，例如「有所提高」。		[0, 1]	general	unreviewed		[]
有效|有效|you3 xiao4~1	有效|有效|you3 xiao4	1	defined	["形"]	["形"]	[]	[]	[]	能達到想要的結果的	能达到想要的结果的	「有用」是說用得上，「有效」是說真的解決了問題。	「有用」是说用得上，「有效」是说真的解决了问题。		[0]	general	unreviewed		[]
有效|有效|you3 xiao4~2	有效|有效|you3 xiao4	2	defined	["形"]	["形"]	[]	[]	[]	在規定的時間內仍然可以用的	在规定的时间内仍然可以用的				[1, 2]	general	unreviewed		[]
有時|有时|you3 shi2~1	有時|有时|you3 shi2	1	defined	["副"]	["副"]	[]	[]	[]	在某些時候，不是每次都這樣	在某些时候，不是每次都这样	「有時…有時…」連用，說出兩種不同的情況。	「有时…有时…」连用，说出两种不同的情况。		[0]	general	unreviewed		[]
有的|有的|you3 de5~1	有的|有的|you3 de5	1	defined	["代"]	["代"]	[]	[]	[]	所說的一群人或事物中的一部分	所说的一群人或事物中的一部分	常「有的…有的…」成對連用，分別說明不同的部分。	常「有的…有的…」成对连用，分别说明不同的部分。		[0, 1]	general	unreviewed		[]
有著|有着|you3 zhe5~1	有著|有着|you3 zhe5	1	defined	["動"]	["动"]	[]	["lit"]	[]	表示擁有，後面一定要帶詞語	表示拥有，后面一定要带词语	「有著」後面一定要帶詞語，不能單用。說話的時候多用「有」。	「有着」后面一定要带词语，不能单用。说话的时候多用「有」。		[0, 1]	general	unreviewed		[]
有關|有关|you3 guan1~1	有關|有关|you3 guan1	1	defined	["動", "形"]	["动", "形"]	[]	[]	[]	一方跟另一方之間有聯繫	一方跟另一方之间有联系	常用「跟…有關」的說法。放在名詞前面表示相關的，如「有關單位」。	常用「跟…有关」的说法。放在名词前面表示相关的，如「有关单位」。		[0, 1, 2, 3, 4]	general	unreviewed		[]
朋友|朋友|peng2 you5~1	朋友|朋友|peng2 you5	1	defined	["名"]	["名"]	[]	[]	[]	互相信任、常在一起的人	互相信任、常在一起的人	說「男朋友」「女朋友」時，指的是相愛的人，不是一般的朋友。	说「男朋友」「女朋友」时，指的是相爱的人，不是一般的朋友。		[0, 1]	general	unreviewed		[]
朗|朗|lang3~1	朗|朗|lang3	1	defined	["形"]	["形"]	["bound-form"]	[]	[]	光線充足、沒有雲的	光线充足、没有云的				[1]	general	unreviewed		[]
朗|朗|lang3~2	朗|朗|lang3	2	defined	["形"]	["形"]	["bound-form"]	[]	[]	聲音清楚而大的	声音清楚而大的				[0]	general	unreviewed		[]
朝|朝|chao2~1	朝|朝|chao2	1	defined	["動", "介"]	["动", "介"]	[]	[]	[]	表示動作或位置所對著的方向	表示动作或位置所对着的方向	「朝」和「向」多半可以換用，「往」後面多接方向或地方。	「朝」和「向」多半可以换用，「往」后面多接方向或地方。		[6, 7]	general	unreviewed		[]
朝|朝|chao2~2	朝|朝|chao2	2	defined	["名"]	["名"]	["bound-form"]	[]	[]	國家由同一家族或皇帝統治的時期	国家由同一家族或皇帝统治的时期	多用在朝代名字的後面，如「清朝」。	多用在朝代名字的后面，如「清朝」。		[2, 3]	general	unreviewed		[]
朝|朝|chao2~3	朝|朝|chao2	3	defined	["名"]	["名"]	["bound-form"]	[]	[]	舊時皇帝和官員處理國家大事的地方	旧时皇帝和官员处理国家大事的地方				[0, 1, 4]	general	unreviewed		[]
朝|朝|chao2~4	朝|朝|chao2	4	defined	["動"]	["动"]	["bound-form"]	[]	[]	到聖地或神明面前表示敬意	到圣地或神明面前表示敬意				[5]	general	unreviewed		[]
朝|朝|zhao1~1	朝|朝|zhao1	1	defined	["名"]	["名"]	["bound-form"]	["lit"]	[]	一天當中天剛亮的時候	一天当中天刚亮的时候				[0]	general	unreviewed		[]
期|期|qi1~1	期|期|qi1	1	defined	["名"]	["名"]	["bound-form"]	[]	[]	一段有開頭和結束的時間	一段有开头和结束的时间				[0, 1, 2, 4, 5, 6]	general	unreviewed		[]
期|期|qi1~2	期|期|qi1	2	defined	["動"]	["动"]	["bound-form"]	[]	[]	希望事情能照自己想的實現	希望事情能照自己想的实现				[7]	general	unreviewed		[]
期|期|qi1~3	期|期|qi1	3	defined	["量"]	["量"]	["classifier-is"]	[]	[]	用於計算雜誌出版的次數，也用於成批的課程	用于计算杂志出版的次数，也用于成批的课程				[3]	classifier-is	unreviewed		[]
期間|期间|qi1 jian1~1	期間|期间|qi1 jian1	1	defined	["名"]	["名"]	[]	[]	[]	事情從開始到結束的那段時間	事情从开始到结束的那段时间	「期間」前面多半會說出是哪件事或哪段日子，例如「上課期間」。	「期间」前面多半会说出是哪件事或哪段日子，例如「上课期间」。		[0, 1, 2, 3, 4]	general	unreviewed		[]
木|木|mu4~1	木|木|mu4	1	defined	["名"]	["名"]	["bound-form"]	[]	[]	從樹上取下來、可以做東西的材料	从树上取下来、可以做东西的材料				[1]	bound-form	unreviewed		[]
木|木|mu4~2	木|木|mu4	2	defined	["名"]	["名"]	["bound-form"]	[]	[]	有根有幹的植物，泛指樹	有根有干的植物，泛指树				[0]	bound-form	unreviewed		[]
木|木|mu4~3	木|木|mu4	3	defined	["形"]	["形"]	[]	[]	[]	失去感覺，反應不快的	失去感觉，反应不快的				[2]	general	unreviewed		[]
未|未|wei4~1	未|未|wei4	1	defined	["副"]	["副"]	["function-word"]	["lit"]	[]	用在動詞前面，表示事情還沒有發生	用在动词前面，表示事情还没有发生	「未」多用在書面，說話時用「沒」或「還沒」。	「未」多用在书面，说话时用「没」或「还没」。		[0, 1, 2, 3]	general	unreviewed		[]
未|未|wei4~2	未|未|wei4	2	defined	["名"]	["名"]	[]	[]	[]	地支的第八位	地支的第八位	地支是傳統上用來記時間的十二個字。未年也叫羊年，十二年輪一次。	地支是传统上用来记时间的十二个字。未年也叫羊年，十二年轮一次。		[4, 5]	general	unreviewed		[]
未來|未来|wei4 lai2~1	未來|未来|wei4 lai2	1	defined	["名", "形"]	["名", "形"]	[]	[]	[]	現在以後的時間	现在以后的时间	「未來」可以直接放在時間詞前面，如「未來一年」。	「未来」可以直接放在时间词前面，如「未来一年」。		[0, 1, 2, 3, 4, 5]	general	unreviewed		[]
本|本|ben3~1	本|本|ben3	1	defined	["名"]	["名"]	["bound-form"]	[]	[]	事物最主要或最開始的部分	事物最主要或最开始的部分				[0, 1]	bound-form	unreviewed		[]
本|本|ben3~2	本|本|ben3	2	defined	["形"]	["形"]	["bound-form"]	[]	[]	原來就有的，不是後來加上的	原来就有的，不是后来加上的				[4, 5]	bound-form	unreviewed		[]
本|本|ben3~3	本|本|ben3	3	defined	["代"]	["代"]	["bound-form"]	[]	[]	指自己這一方，或說話時所在的這一個	指自己这一方，或说话时所在的这一个	用在時間詞前面時，「本月」指現在這個月。	用在时间词前面时，「本月」指现在这个月。		[2, 3]	bound-form	unreviewed		[]
本|本|ben3~4	本|本|ben3	4	defined	["副"]	["副"]	[]	[]	[]	表示原來的情況，後來有了改變	表示原来的情况，后来有了改变	「本」和「本來」意思相近，「本」多用在書面。	「本」和「本来」意思相近，「本」多用在书面。		[6]	general	unreviewed		[]
本|本|ben3~5	本|本|ben3	5	defined	["名"]	["名"]	["bound-form"]	[]	[]	做買賣時投入的錢	做买卖时投入的钱				[7]	bound-form	unreviewed		[]
本|本|ben3~6	本|本|ben3	6	defined	["量"]	["量"]	["classifier-is"]	[]	[]	用於計算書、雜誌、文件等	用于计算书、杂志、文件等				[8]	classifier-is	unreviewed		[]
本人|本人|ben3 ren2~1	本人|本人|ben3 ren2	1	defined	["代"]	["代"]	[]	[]	[]	指前面說到的那個人自己，不是別人	指前面说到的那个人自己，不是别人	多用在正式的規定裡，強調不能請人代替。	多用在正式的规定里，强调不能请人代替。		[1]	general	unreviewed		[]
本人|本人|ben3 ren2~2	本人|本人|ben3 ren2	2	defined	["代"]	["代"]	[]	[]	[]	說話的人稱自己，多用在正式場合	说话的人称自己，多用在正式场合				[0]	general	unreviewed		[]
本來|本来|ben3 lai2~1	本來|本来|ben3 lai2	1	defined	["形", "副"]	["形", "副"]	[]	[]	[]	從開始就有的，後來可能已經改變	从开始就有的，后来可能已经改变	「本來」和「原來」都說以前的情況，但「原來」還能表示突然明白。	「本来」和「原来」都说以前的情况，但「原来」还能表示突然明白。		[0, 1, 2]	general	unreviewed		[]
本來|本来|ben3 lai2~2	本來|本来|ben3 lai2	2	defined	["副"]	["副"]	[]	[]	[]	表示事情就該這樣，不用多說	表示事情就该这样，不用多说	這個意思的「本來」常和「就」連用。	这个意思的「本来」常和「就」连用。		[3, 4]	general	unreviewed		[]
本地|本地|ben3 di4~1	本地|本地|ben3 di4	1	defined	["名", "形"]	["名", "形"]	[]	[]	[]	說話的人所在的這個地方	说话的人所在的这个地方				[0, 1]	general	unreviewed		[]
本身|本身|ben3 shen1~1	本身|本身|ben3 shen1	1	defined	["代"]	["代"]	[]	[]	[]	用在名詞後面，指那個人或事物自己	用在名词后面，指那个人或事物自己	「本人」只用來說人，「本身」人和事物都可以說。	「本人」只用来说人，「本身」人和事物都可以说。		[0, 1, 2]	general	unreviewed		[]
李|李|li3~1	李|李|li3	1	defined	["名"]	["名"]	["bound-form"]	[]	[]	一種水果，圓而小，皮紅色或黃色	一种水果，圆而小，皮红色或黄色				[0]	general	unreviewed		[]
材料|材料|cai2 liao4~1	材料|材料|cai2 liao4	1	defined	["名"]	["名"]	[]	[]	[]	用來做成物品的東西，如木頭、鐵	用来做成物品的东西，如木头、铁				[0]	general	unreviewed		[]
材料|材料|cai2 liao4~2	材料|材料|cai2 liao4	2	defined	["名"]	["名"]	[]	[]	[]	寫文章或做研究時用的資料	写文章或做研究时用的资料				[1]	general	unreviewed		[]
材料|材料|cai2 liao4~3	材料|材料|cai2 liao4	3	defined	["名"]	["名"]	[]	[]	[]	有條件做某種事的人	有条件做某种事的人	多用在否定的說法裡，如「不是讀書的材料」。	多用在否定的说法里，如「不是读书的材料」。		[2]	general	unreviewed		[]
村|村|cun1~1	村|村|cun1	1	defined	["名"]	["名"]	[]	[]	[]	城市以外，人們住在一起的小地方	城市以外，人们住在一起的小地方				[0]	general	unreviewed		[]
村|村|cun1~2	村|村|cun1	2	defined	["動"]	["动"]	[]	["dialect"]	[]	用難聽的話說別人	用难听的话说别人				[1]	general	unreviewed		[]
村|村|cun1~3	村|村|cun1	3	defined	["形"]	["形"]	[]	["coll"]	[]	帶著土氣、不夠大方的	带着土气、不够大方的				[2]	general	unreviewed		[]
杜|杜|du4~1	杜|杜|du4	1	defined	["動"]	["动"]	["bound-form"]	[]	[]	完全阻止，不讓再發生	完全阻止，不让再发生				[1, 2, 3]	general	unreviewed		[]
杜|杜|du4~2	杜|杜|du4	2	defined	["名"]	["名"]	["bound-form"]	[]	[]	一種野生的梨樹，果實很小	一种野生的梨树，果实很小				[0]	general	unreviewed		[]
杯|杯|bei1~1	杯|杯|bei1	1	defined	["名"]	["名"]	["bound-form"]	[]	[]	喝水或喝茶用的器具	喝水或喝茶用的器具				[0]	general	unreviewed		[]
杯|杯|bei1~2	杯|杯|bei1	2	defined	["名"]	["名"]	["bound-form"]	[]	[]	比賽中發給勝利者的杯子，表示榮譽	比赛中发给胜利者的杯子，表示荣誉				[1]	general	unreviewed		[]
杯|杯|bei1~3	杯|杯|bei1	3	defined	["量"]	["量"]	["classifier-is"]	[]	[]	用於計算杯子裡的水、茶等	用于计算杯子里的水、茶等				[2]	classifier-is	unreviewed		[]
東|东|dong1~1	東|东|dong1	1	defined	["名"]	["名"]	[]	[]	[]	太陽出來的那個方向	太阳出来的那个方向				[0]	general	unreviewed		[]
東|东|dong1~2	東|东|dong1	2	defined	["名"]	["名"]	["bound-form"]	[]	[]	請客或擁有房子等的主人一方	请客或拥有房子等的主人一方				[1, 2]	general	unreviewed		[]
東西|东西|dong1 xi1~1	東西|东西|dong1 xi1	1	defined	["名"]	["名"]	[]	[]	[]	從東邊到西邊的方向或距離	从东边到西边的方向或距离	指事物的「東西」，後一個字讀輕聲，是另一個詞。	指事物的「东西」，后一个字读轻声，是另一个词。		[0]	general	unreviewed		[]
東西|东西|dong1 xi5~1	東西|东西|dong1 xi5	1	defined	["名"]	["名"]	[]	[]	[]	泛指看得見的物體，也指各種事情	泛指看得见的物体，也指各种事情				[0, 1, 3]	general	unreviewed	edited	["E-dong1xi5-1"]
東西|东西|dong1 xi5~2	東西|东西|dong1 xi5	2	defined	["名"]	["名"]	[]	["coll"]	[]	指人或動物，多帶著討厭或喜歡的感情	指人或动物，多带着讨厌或喜欢的感情	說人「不是東西」是很難聽的話。	说人「不是东西」是很难听的话。		[2]	general	unreviewed		[]
松|松|song1~1	松|松|song1	1	defined	["名"]	["名"]	["classifier-ref"]	[]	[]	一種樹，葉子像針，四季常綠	一种树，叶子像针，四季常绿				[0, 1]	general	unreviewed		[]
板|板|ban3~1	板|板|ban3	1	defined	["名"]	["名"]	["bound-form"]	[]	[]	平而硬的一塊東西，多用木頭做成	平而硬的一块东西，多用木头做成				[0, 1, 2, 3, 4, 6]	general	unreviewed		[]
板|板|ban3~2	板|板|ban3	2	defined	["形"]	["形"]	["bound-form"]	[]	[]	不知變化、不夠靈活的	不知变化、不够灵活的				[8, 9]	general	unreviewed		[]
板|板|ban3~3	板|板|ban3	3	defined	["動"]	["动"]	[]	[]	[]	使臉上沒有笑容，顯得嚴肅	使脸上没有笑容，显得严肃				[10]	general	unreviewed		[]
板|板|ban3~4	板|板|ban3	4	defined	["名"]	["名"]	["bound-form"]	[]	["music"]	傳統音樂裡打拍子的樂器，也指強拍	传统音乐里打拍子的乐器，也指强拍				[5, 7]	general	unreviewed		[]
枚|枚|mei2~1	枚|枚|mei2	1	defined	["量"]	["量"]	["classifier-is"]	["lit"]	[]	用於計算硬幣、獎牌、棋子等小東西	用于计算硬币、奖牌、棋子等小东西	「枚」比「個」正式，多用在書面上。	「枚」比「个」正式，多用在书面上。		[0]	classifier-is	unreviewed		[]
枚|枚|mei2~2	枚|枚|mei2	2	defined	["量"]	["量"]	["classifier-is"]	[]	[]	用於計算炸彈、衛星等	用于计算炸弹、卫星等				[1]	classifier-is	unreviewed		[]
枚|枚|mei2~3	枚|枚|mei2	3	defined	["量"]	["量"]	["classifier-is"]	[]	["jp"]	用於計算包裝上的扁平物品	用于计算包装上的扁平物品				[2]	classifier-is	unreviewed		[]
枚|枚|mei2~4	枚|枚|mei2	4	defined	["名"]	["名"]	[]	["arch"]	[]	舊時士兵含在嘴裡、不讓出聲的小木棍	旧时士兵含在嘴里、不让出声的小木棍			archaic-form	[3]	general	unreviewed		[]
架|架|jia4~1	架|架|jia4	1	defined	["名"]	["名"]	[]	[]	[]	用來放、掛或支住東西的器具	用来放、挂或支住东西的器具				[1, 2, 3]	general	unreviewed		[]
架|架|jia4~2	架|架|jia4	2	defined	["量"]	["量"]	["classifier-is"]	[]	[]	用於計算飛機、鋼琴和一些機器	用于计算飞机、钢琴和一些机器	「一架飛機」不說「一臺飛機」；一般的機器多用「臺」。	「一架飞机」不说「一台飞机」；一般的机器多用「台」。		[4]	classifier-is	unreviewed		[]
架|架|jia4~3	架|架|jia4	3	defined	["動"]	["动"]	[]	[]	[]	用別的東西托住，使物體離開地面	用别的东西托住，使物体离开地面				[0]	general	unreviewed		[]
架|架|jia4~4	架|架|jia4	4	defined	["名"]	["名"]	["bound-form"]	[]	[]	人跟人動手或用話互相攻擊的事	人跟人动手或用话互相攻击的事				[]	general	unreviewed		[]
某|某|mou3~1	某|某|mou3	1	defined	["代"]	["代"]	[]	[]	[]	指不確定或不說出的人、事物、時間	指不确定或不说出的人、事物、时间	「某」用在名詞前面，如「某人」、「某天」。也可以放在姓後面，不說出名字。	「某」用在名词前面，如「某人」、「某天」。也可以放在姓后面，不说出名字。		[0, 1, 2, 3]	general	unreviewed		[]
某些|某些|mou3 xie1~1	某些|某些|mou3 xie1	1	defined	["代"]	["代"]	[]	[]	[]	指不說明是哪幾個的，多用在名詞前面	指不说明是哪几个的，多用在名词前面	「有些」多用在口語，「某些」多用在書面。	「有些」多用在口语，「某些」多用在书面。		[0]	general	unreviewed		[]
某種|某种|mou3 zhong3~1	某種|某种|mou3 zhong3	1	defined	["代"]	["代"]	[]	[]	[]	用在名詞前面，指不確定或不明說的一類	用在名词前面，指不确定或不明说的一类	說話的人知道卻不想說明，或者本來就說不清楚時用它。	说话的人知道却不想说明，或者本来就说不清楚时用它。		[0]	general	unreviewed		[]
查|查|cha2~1	查|查|cha2	1	defined	["動"]	["动"]	[]	[]	[]	認真地看或問，弄清實際情況	认真地看或问，弄清实际情况				[0, 1, 2, 3]	general	unreviewed		[]
查|查|cha2~2	查|查|cha2	2	defined	["動"]	["动"]	[]	[]	[]	在書裡或網上找出需要的資料	在书里或网上找出需要的资料				[4, 5]	general	unreviewed		[]
校|校|jiao4~1	校|校|jiao4	1	defined	["動"]	["动"]	[]	[]	[]	對照原來的文字，改正錯誤	对照原来的文字，改正错误				[0]	general	unreviewed		[]
校|校|xiao4~1	校|校|xiao4	1	defined	["名"]	["名"]	["bound-form"]	[]	[]	學生上課學習的地方	学生上课学习的地方				[0]	bound-form	unreviewed		[]
校|校|xiao4~2	校|校|xiao4	2	defined	["名"]	["名"]	["bound-form"]	[]	["mil"]	軍隊裡的一級軍官，地位在將軍以下	军队里的一级军官，地位在将军以下				[1]	bound-form	unreviewed		[]
校長|校长|xiao4 zhang3~1	校長|校长|xiao4 zhang3	1	defined	["名"]	["名"]	["classifier-ref"]	[]	[]	學校裡負責全校工作的領導人	学校里负责全校工作的领导人				[0, 1, 2]	general	unreviewed	edited	["E-xiao4zhang3-1"]
根|根|gen1~1	根|根|gen1	1	defined	["名"]	["名"]	["classifier-ref"]	[]	[]	樹、花、草長在土裡的部分	树、花、草长在土里的部分				[0, 3]	general	unreviewed		[]
根|根|gen1~2	根|根|gen1	2	defined	["量"]	["量"]	["classifier-is"]	[]	[]	用於計算細長的東西，如線、頭髮	用于计算细长的东西，如线、头发				[2]	classifier-is	unreviewed		[]
根|根|gen1~3	根|根|gen1	3	defined	["名"]	["名"]	["bound-form"]	[]	[]	事物的來源或最主要的部分	事物的来源或最主要的部分				[1]	general	unreviewed		[]
根|根|gen1~4	根|根|gen1	4	defined	["名"]	["名"]	["bound-form"]	[]	[]	化學上指能一起參加反應的一組原子	化学上指能一起参加反应的一组原子				[4]	general	unreviewed		[]
根據|根据|gen1 ju4~1	根據|根据|gen1 ju4	1	defined	["介", "名"]	["介", "名"]	["classifier-ref"]	[]	[]	作為理由或標準的事實	作为理由或标准的事实	「根據」後面多接事實或材料，「按照」後面多接規定或方法。	「根据」后面多接事实或材料，「按照」后面多接规定或方法。		[0, 1, 2, 3, 4]	general	unreviewed		[]
根本|根本|gen1 ben3~1	根本|根本|gen1 ben3	1	defined	["副"]	["副"]	[]	[]	[]	表示完全，多用在「不」「沒」前面	表示完全，多用在「不」「没」前面				[3, 4, 5]	general	unreviewed		[]
根本|根本|gen1 ben3~2	根本|根本|gen1 ben3	2	defined	["名", "形"]	["名", "形"]	[]	[]	[]	最重要、起決定作用的部分	最重要、起决定作用的部分				[0, 1, 2, 6]	general	unreviewed		[]
格|格|ge2~1	格|格|ge2	1	defined	["名"]	["名"]	[]	[]	[]	由線條或板子分成的小空間	由线条或板子分成的小空间				[0, 1]	general	unreviewed		[]
格|格|ge2~2	格|格|ge2	2	defined	["名"]	["名"]	["bound-form"]	[]	[]	一定的標準或形式	一定的标准或形式				[2, 4]	bound-form	unreviewed		[]
格|格|ge2~3	格|格|ge2	3	defined	["名"]	["名"]	["bound-form"]	[]	[]	人或作品表現出來的特點	人或作品表现出来的特点				[3]	bound-form	unreviewed		[]
格|格|ge2~4	格|格|ge2	4	defined	["量"]	["量"]	["classifier-is"]	[]	[]	用於計算表格、書架等分成的部分	用于计算表格、书架等分成的部分				[10]	classifier-is	unreviewed		[]
格|格|ge2~5	格|格|ge2	5	defined	["動"]	["动"]	["bound-form"]	[]	[]	阻止，使雙方不能合在一起	阻止，使双方不能合在一起				[8]	bound-form	unreviewed		[]
格|格|ge2~6	格|格|ge2	6	defined	["名"]	["名"]	["bound-form"]	[]	["ling"]	語言學上指名詞表示不同關係的形式變化	语言学上指名词表示不同关系的形式变化				[5]	bound-form	unreviewed	edited	["E-ge2-6"]
格|格|ge2~7	格|格|ge2	7	defined	["動"]	["动"]	["bound-form"]	["lit"]	[]	深入研究事物的道理	深入研究事物的道理				[9]	bound-form	unreviewed		[]
格|格|ge2~8	格|格|ge2	8	defined	["動"]	["动"]	[]	["lit"]	[]	改正錯誤，使符合標準	改正错误，使符合标准			archaic-form	[6]	general	unreviewed		[]
格|格|ge2~9	格|格|ge2	9	defined	["動"]	["动"]	[]	["lit"]	[]	到達某個地方或程度	到达某个地方或程度			archaic-form	[7]	general	unreviewed		[]
案|案|an4~1	案|案|an4	1	defined	["名"]	["名"]	[]	[]	[]	有關法律、需要處理的事件	有关法律、需要处理的事件				[0, 1]	general	unreviewed		[]
案|案|an4~2	案|案|an4	2	defined	["名"]	["名"]	["bound-form"]	[]	[]	提出辦法或建議的文件	提出办法或建议的文件				[]	general	unreviewed		[]
案|案|an4~3	案|案|an4	3	defined	["名"]	["名"]	["bound-form"]	[]	[]	保存下來的文字記錄	保存下来的文字记录				[2, 3]	general	unreviewed		[]
案|案|an4~4	案|案|an4	4	defined	["名"]	["名"]	["bound-form"]	[]	[]	放東西或寫字用的長桌子	放东西或写字用的长桌子				[4]	general	unreviewed		[]
案件|案件|an4 jian4~1	案件|案件|an4 jian4	1	defined	["名"]	["名"]	[]	[]	[]	有關法律的事情，需要調查或處理	有关法律的事情，需要调查或处理				[0, 1, 2]	general	unreviewed		[]
梅|梅|mei2~1	梅|梅|mei2	1	defined	["名"]	["名"]	["bound-form"]	[]	[]	一種味道酸的小果實，也指結這種果實的樹	一种味道酸的小果实，也指结这种果实的树				[0, 2]	general	unreviewed		[]
梅|梅|mei2~2	梅|梅|mei2	2	defined	["名"]	["名"]	[]	["lit"]	[]	一種果樹在天冷時開的花，多為紅色或白色	一种果树在天冷时开的花，多为红色或白色	多見於書面和詩文，日常說話常用「梅花」。	多见于书面和诗文，日常说话常用「梅花」。		[1]	general	unreviewed		[]
條|条|tiao2~1	條|条|tiao2	1	defined	["名"]	["名"]	["bound-form"]	[]	[]	又細又長的東西	又细又长的东西				[0]	general	unreviewed		[]
條|条|tiao2~2	條|条|tiao2	2	defined	["量"]	["量"]	["classifier-is"]	[]	[]	用於計算路、河、魚等細長的東西，也用於消息、規定	用于计算路、河、鱼等细长的东西，也用于消息、规定				[1, 2, 3, 4]	classifier-is	unreviewed		[]
條件|条件|tiao2 jian4~1	條件|条件|tiao2 jian4	1	defined	["名"]	["名"]	["classifier-ref"]	[]	[]	做成一件事必須先有的要求	做成一件事必须先有的要求				[1, 3]	general	unreviewed		[]
條件|条件|tiao2 jian4~2	條件|条件|tiao2 jian4	2	defined	["名"]	["名"]	[]	[]	[]	人或事物所處的環境和情況	人或事物所处的环境和情况				[0, 2]	general	unreviewed		[]
棒|棒|bang4~1	棒|棒|bang4	1	defined	["形"]	["形"]	[]	["coll"]	[]	能力、水平或身體非常好的	能力、水平或身体非常好的	常說「很棒」、「真棒」、「太棒了」。	常说「很棒」、「真棒」、「太棒了」。		[3, 4, 5, 6]	general	unreviewed		[]
棒|棒|bang4~2	棒|棒|bang4	2	defined	["名"]	["名"]	["bound-form"]	[]	[]	用木頭或金屬做成的長條東西，可以拿在手裡	用木头或金属做成的长条东西，可以拿在手里				[0, 1, 2]	general	unreviewed		[]
棒|棒|bang4~3	棒|棒|bang4	3	defined	["量"]	["量"]	["classifier-is"]	[]	[]	用於計算接力賽中每人跑的一段	用于计算接力赛中每人跑的一段				[7]	classifier-is	unreviewed		[]
棒球|棒球|bang4 qiu2~1	棒球|棒球|bang4 qiu2	1	defined	["名"]	["名"]	["classifier-ref"]	[]	["sport"]	分兩隊比賽，用球棒把球打出去的運動	分两队比赛，用球棒把球打出去的运动				[0, 1]	general	unreviewed		[]
森|森|sen1~1	森|森|sen1	1	defined	["形"]	["形"]	["bound-form"]	[]	[]	樹木長得又多又密的	树木长得又多又密的				[0]	bound-form	unreviewed		[]
森|森|sen1~2	森|森|sen1	2	defined	["形"]	["形"]	["bound-form"]	[]	[]	多而密，使人覺得可怕的	多而密，使人觉得可怕的				[1]	bound-form	unreviewed		[]
森林|森林|sen1 lin2~1	森林|森林|sen1 lin2	1	defined	["名"]	["名"]	["classifier-ref"]	[]	[]	大片生長在一起的樹木	大片生长在一起的树木	「樹林」指小片的樹，「森林」指很大的一片。	「树林」指小片的树，「森林」指很大的一片。		[0, 1]	general	unreviewed		[]
植物|植物|zhi2 wu4~1	植物|植物|zhi2 wu4	1	defined	["名"]	["名"]	[]	[]	[]	有根有葉、多長在土裡的生物	有根有叶、多长在土里的生物				[0, 1, 2]	general	unreviewed		[]
業|业|ye4~1	業|业|ye4	1	defined	["名"]	["名"]	["bound-form"]	[]	[]	人們從事的工作或生產的種類	人们从事的工作或生产的种类				[0, 1, 2, 3, 4, 6]	general	unreviewed		[]
業|业|ye4~2	業|业|ye4	2	defined	["名"]	["名"]	["bound-form"]	[]	[]	學生在學校裡的學習	学生在学校里的学习				[5]	general	unreviewed		[]
業|业|ye4~3	業|业|ye4	3	defined	["動"]	["动"]	["bound-form"]	[]	[]	從事某種工作或生意	从事某种工作或生意				[10]	general	unreviewed		[]
業|业|ye4~4	業|业|ye4	4	defined	["名"]	["名"]	["bound-form"]	[]	[]	家裡傳下來的財產	家里传下来的财产				[7]	general	unreviewed		[]
業|业|ye4~5	業|业|ye4	5	defined	["名"]	["名"]	["bound-form"]	[]	["rel"]	佛教指人的行為以及它帶來的結果	佛教指人的行为以及它带来的结果				[8, 9]	general	unreviewed		[]
業|业|ye4~6	業|业|ye4	6	defined	["副"]	["副"]	["bound-form"]	["lit"]	[]	表示事情已經完成	表示事情已经完成				[11]	general	unreviewed		[]
極|极|ji2~1	極|极|ji2	1	defined	["副"]	["副"]	[]	[]	[]	表示程度最高	表示程度最高	常說成「極了」，放在形容詞後面，如「好極了」。	常说成「极了」，放在形容词后面，如「好极了」。		[0]	general	unreviewed		[]
極|极|ji2~2	極|极|ji2	2	defined	["名"]	["名"]	["bound-form"]	[]	[]	不能再遠、再高的地方或程度	不能再远、再高的地方或程度				[1, 2, 3]	general	unreviewed		[]
概念|概念|gai4 nian4~1	概念|概念|gai4 nian4	1	defined	["名"]	["名"]	[]	[]	[]	人們對一類事物共同特點的認識	人们对一类事物共同特点的认识				[0, 1, 2]	general	unreviewed		[]
榮|荣|rong2~1	榮|荣|rong2	1	defined	["名"]	["名"]	["bound-form"]	[]	[]	因表現好而受人看重的名聲	因表现好而受人看重的名声				[0, 1]	general	unreviewed		[]
榮|荣|rong2~2	榮|荣|rong2	2	defined	["形"]	["形"]	["bound-form"]	[]	[]	草木長得好的，也指發展得好的	草木长得好的，也指发展得好的				[2]	general	unreviewed		[]
榮譽|荣誉|rong2 yu4~1	榮譽|荣誉|rong2 yu4	1	defined	["名"]	["名"]	[]	[]	[]	因表現好而得到的好名聲	因表现好而得到的好名声				[0, 1, 2, 3]	general	unreviewed		[]
榮譽|荣誉|rong2 yu4~2	榮譽|荣誉|rong2 yu4	2	defined	["形"]	["形"]	[]	[]	[]	只表示光榮、沒有實際工作的	只表示光荣、没有实际工作的				[4]	general	unreviewed		[]
槍|枪|qiang1~1	槍|枪|qiang1	1	defined	["名"]	["名"]	[]	[]	[]	能發射子彈的武器	能发射子弹的武器				[0, 1, 2, 5]	general	unreviewed		[]
槍|枪|qiang1~2	槍|枪|qiang1	2	defined	["名"]	["名"]	[]	[]	[]	一種長武器，一頭有金屬做的尖	一种长武器，一头有金属做的尖	舊時用於戰爭，現在多見於體育和表演。	旧时用于战争，现在多见于体育和表演。		[3]	general	unreviewed		[]
槍|枪|qiang1~3	槍|枪|qiang1	3	defined	["名"]	["名"]	["bound-form"]	[]	[]	形狀或作用像手槍的東西	形状或作用像手枪的东西				[4]	general	unreviewed		[]
槍|枪|qiang1~4	槍|枪|qiang1	4	defined	["動"]	["动"]	["bound-form"]	["coll"]	[]	替別人參加考試	替别人参加考试				[6]	general	unreviewed		[]
槍|枪|qiang1~5	槍|枪|qiang1	5	defined	["量"]	["量"]	["classifier-is"]	[]	[]	用於計算開槍的次數	用于计算开枪的次数				[8]	classifier-is	unreviewed		[]
槍|枪|qiang1~6	槍|枪|qiang1	6	defined	["動"]	["动"]	[]	["arch"]	[]	兩個東西用力碰在一起	两个东西用力碰在一起			archaic-form	[7]	general	unreviewed		[]
樂|乐|le4~1	樂|乐|le4	1	defined	["形"]	["形"]	["bound-form"]	[]	[]	因為合心意而感到高興的	因为合心意而感到高兴的				[0, 1]	general	unreviewed		[]
樂|乐|le4~2	樂|乐|le4	2	defined	["動"]	["动"]	[]	["coll"]	[]	因為高興或覺得好笑而笑	因为高兴或觉得好笑而笑				[2]	general	unreviewed		[]
樂|乐|yue4~1	樂|乐|yue4	1	defined	["名"]	["名"]	["bound-form"]	[]	[]	用高低不同的聲音表現感情的藝術	用高低不同的声音表现感情的艺术				[0]	general	unreviewed		[]
樂隊|乐队|yue4 dui4~1	樂隊|乐队|yue4 dui4	1	defined	["名"]	["名"]	[]	[]	["music"]	用樂器一起表演音樂的一組人	用乐器一起表演音乐的一组人				[0, 1, 2]	general	unreviewed		[]
樓|楼|lou2~1	樓|楼|lou2	1	defined	["名"]	["名"]	[]	[]	[]	房子上下分開的每一層	房子上下分开的每一层				[2]	general	unreviewed		[]
樓|楼|lou2~2	樓|楼|lou2	2	defined	["名"]	["名"]	[]	[]	[]	兩層以上的房子	两层以上的房子				[0, 1, 3]	general	unreviewed	edited	["E-lou2-2"]
標準|标准|biao1 zhun3~1	標準|标准|biao1 zhun3	1	defined	["名"]	["名"]	[]	[]	[]	比較事物時根據的一定要求	比较事物时根据的一定要求				[0]	general	unreviewed		[]
標準|标准|biao1 zhun3~2	標準|标准|biao1 zhun3	2	defined	["形"]	["形"]	[]	[]	[]	完全符合要求，沒有一點錯的	完全符合要求，没有一点错的				[1, 2]	general	unreviewed		[]
標誌|标志|biao1 zhi4~1	標誌|标志|biao1 zhi4	1	defined	["名", "動"]	["名", "动"]	[]	[]	[]	表明特點、讓人容易認出的記號	表明特点、让人容易认出的记号				[0, 1]	general	unreviewed		[]
模|模|mo2~1	模|模|mo2	1	defined	["動"]	["动"]	["bound-form"]	[]	[]	照著原來的樣子做	照着原来的样子做				[0]	general	unreviewed		[]
模|模|mo2~2	模|模|mo2	2	defined	["名"]	["名"]	["bound-form"]	[]	[]	可以照著做的樣子或標準	可以照着做的样子或标准				[1, 2, 3]	general	unreviewed		[]
模|模|mu2~1	模|模|mu2	1	defined	["名"]	["名"]	["bound-form"]	[]	[]	用來把東西做成一定樣子的工具	用来把东西做成一定样子的工具				[0, 1, 2, 3]	general	unreviewed		[]
模型|模型|mo2 xing2~1	模型|模型|mo2 xing2	1	defined	["名"]	["名"]	[]	[]	[]	照實物的樣子做成的小型物品	照实物的样子做成的小型物品				[0, 3]	general	unreviewed		[]
模型|模型|mo2 xing2~2	模型|模型|mo2 xing2	2	defined	["名"]	["名"]	[]	[]	[]	用來說明事物變化規律的一套方法或公式	用来说明事物变化规律的一套方法或公式				[]	general	unreviewed		[]
模型|模型|mo2 xing2~3	模型|模型|mo2 xing2	3	defined	["名"]	["名"]	[]	[]	[]	製造東西時用來讓材料成形的器具	制造东西时用来让材料成形的器具				[1, 2]	general	unreviewed		[]
模式|模式|mo2 shi4~1	模式|模式|mo2 shi4	1	defined	["名"]	["名"]	[]	[]	[]	做事或活動時固定的方式	做事或活动时固定的方式				[0]	general	unreviewed		[]
樹|树|shu4~1	樹|树|shu4	1	defined	["名"]	["名"]	[]	[]	[]	有主幹、能長得很高的植物	有主干、能长得很高的植物				[0, 1]	general	unreviewed		[]
樹|树|shu4~2	樹|树|shu4	2	defined	["動"]	["动"]	["bound-form"]	[]	[]	使某種事物建立起來	使某种事物建立起来				[2, 3]	general	unreviewed		[]
橋|桥|qiao2~1	橋|桥|qiao2	1	defined	["名"]	["名"]	[]	[]	[]	架在水面或空中，讓人和車通過的建築	架在水面或空中，让人和车通过的建筑				[0, 1]	general	unreviewed		[]
機器|机器|ji1 qi4~1	機器|机器|ji1 qi4	1	defined	["名"]	["名"]	[]	[]	[]	能利用能量代替人做工作的設備	能利用能量代替人做工作的设备				[0, 1]	general	unreviewed		[]
機器人|机器人|ji1 qi4 ren2~1	機器人|机器人|ji1 qi4 ren2	1	defined	["名"]	["名"]	[]	[]	[]	能自己活動、幫人做事的機器	能自己活动、帮人做事的机器				[0]	general	unreviewed		[]
機場|机场|ji1 chang3~1	機場|机场|ji1 chang3	1	defined	["名"]	["名"]	[]	[]	[]	飛機起飛、落地和乘客上下的地方	飞机起飞、落地和乘客上下的地方				[0, 2]	general	unreviewed		[]
機場|机场|ji1 chang3~2	機場|机场|ji1 chang3	2	defined	["名"]	["名"]	[]	["slang"]	[]	幫人連上外國網站的服務商	帮人连上外国网站的服务商				[1]	general	unreviewed		[]
機會|机会|ji1 hui4~1	機會|机会|ji1 hui4	1	defined	["名"]	["名"]	[]	[]	[]	正好能做成某件事的時候	正好能做成某件事的时候	常說「抓住機會」「錯過機會」；「有機會」也用來客氣地約人。	常说「抓住机会」「错过机会」；「有机会」也用来客气地约人。		[0, 1, 2, 3]	general	unreviewed		[]
機構|机构|ji1 gou4~1	機構|机构|ji1 gou4	1	defined	["名"]	["名"]	[]	[]	[]	為辦理某方面事情成立的組織	为办理某方面事情成立的组织				[2, 3, 4, 5]	general	unreviewed		[]
機構|机构|ji1 gou4~2	機構|机构|ji1 gou4	2	defined	["名"]	["名"]	[]	[]	[]	機器內部各部分連接和運動的方式	机器内部各部分连接和运动的方式				[0, 1]	general	unreviewed		[]
檔案|档案|dang4 an4~1	檔案|档案|dang4 an4	1	defined	["名"]	["名"]	[]	[]	[]	分類保存起來以便查看的文件	分类保存起来以便查看的文件				[0]	general	unreviewed		[]
檔案|档案|dang4 an4~2	檔案|档案|dang4 an4	2	defined	["名"]	["名"]	[]	[]	["tech"]	電腦中存放資料的單位	电脑中存放资料的单位				[]	general	unreviewed		[]
檢查|检查|jian3 cha2~1	檢查|检查|jian3 cha2	1	defined	["動", "名"]	["动", "名"]	["classifier-ref"]	[]	[]	查看有沒有問題或錯誤	查看有没有问题或错误				[0, 1, 2, 3]	general	unreviewed		[]
權|权|quan2~1	權|权|quan2	1	defined	["名"]	["名"]	["bound-form"]	[]	[]	管理別人、決定事情的力量	管理别人、决定事情的力量				[0, 1]	general	unreviewed		[]
權|权|quan2~2	權|权|quan2	2	defined	["名"]	["名"]	["bound-form"]	[]	[]	法律規定人可以做的事	法律规定人可以做的事	「權力」是管人的力量，「權利」是法律給的。	「权力」是管人的力量，「权利」是法律给的。		[2]	general	unreviewed		[]
權|权|quan2~3	權|权|quan2	3	defined	["動"]	["动"]	["bound-form"]	["lit"]	[]	比較兩者的輕重	比较两者的轻重				[3]	general	unreviewed		[]
權|权|quan2~4	權|权|quan2	4	defined	["形"]	["形"]	["bound-form"]	[]	[]	臨時這樣做的，不是原來打算的	临时这样做的，不是原来打算的				[4, 5]	general	unreviewed		[]
權利|权利|quan2 li4~1	權利|权利|quan2 li4	1	defined	["名"]	["名"]	[]	[]	[]	按照法律可以做某事或得到好處	按照法律可以做某事或得到好处	「權力」是管人的力量，「權利」是法律給的。	「权力」是管人的力量，「权利」是法律给的。		[0]	general	unreviewed		[]
權利|权利|quan2 li4~2	權利|权利|quan2 li4	2	defined	["名"]	["名"]	[]	["lit"]	[]	舊時指權力和金錢	旧时指权力和金钱			archaic-form	[1]	general	unreviewed		[]
權力|权力|quan2 li4~1	權力|权力|quan2 li4	1	defined	["名"]	["名"]	[]	[]	[]	政治或管理上控制別人的力量	政治或管理上控制别人的力量	同音的「權利」指法律允許人做的事，跟「權力」不同。	同音的「权利」指法律允许人做的事，跟「权力」不同。		[0, 1]	general	unreviewed		[]
次|次|ci4~1	次|次|ci4	1	defined	["量"]	["量"]	["classifier-is"]	[]	[]	用於計算重複發生的動作或事情	用于计算重复发生的动作或事情	「次」只說發生了幾回，「遍」強調從頭到尾做完。	「次」只说发生了几回，「遍」强调从头到尾做完。		[12]	classifier-is	unreviewed		[]
次|次|ci4~2	次|次|ci4	2	defined	["形"]	["形"]	["bound-form"]	[]	[]	等級或重要性比主要的低的	等级或重要性比主要的低的				[3, 4, 5, 6, 11]	general	unreviewed		[]
次|次|ci4~3	次|次|ci4	3	defined	["形"]	["形"]	["bound-form"]	[]	[]	順序上排在前一個後面的，多指第二個	顺序上排在前一个后面的，多指第二个				[0, 1, 2]	general	unreviewed		[]
次|次|ci4~4	次|次|ci4	4	defined	["名"]	["名"]	["bound-form"]	[]	[]	事物排列的先後位置	事物排列的先后位置				[9, 10]	general	unreviewed		[]
次|次|ci4~5	次|次|ci4	5	defined	["形"]	["形"]	[]	["coll"]	[]	品質差、達不到一般標準的	品质差、达不到一般标准的				[7, 8]	general	unreviewed		[]
欲|欲|yu4~1	欲|欲|yu4	1	defined	["動"]	["动"]	[]	["lit"]	[]	想要得到某樣東西或做某事	想要得到某样东西或做某事	「欲」多用在書面，口語一般說「想」或「想要」。	「欲」多用在书面，口语一般说「想」或「想要」。		[0, 1]	general	unreviewed		[]
款|款|kuan3~1	款|款|kuan3	1	defined	["名"]	["名"]	[]	[]	[]	買賣或往來中收到、付出的錢	买卖或往来中收到、付出的钱				[2, 3]	general	unreviewed		[]
款|款|kuan3~2	款|款|kuan3	2	defined	["量"]	["量"]	["classifier-is"]	[]	[]	用於計算產品的不同樣式	用于计算产品的不同样式				[4]	classifier-is	unreviewed		[]
款|款|kuan3~3	款|款|kuan3	3	defined	["名"]	["名"]	[]	[]	[]	文件中分條列出的一小段	文件中分条列出的一小段				[0, 1]	general	unreviewed		[]
歌|歌|ge1~1	歌|歌|ge1	1	defined	["名"]	["名"]	[]	[]	[]	能唱的作品，有詞也有曲調	能唱的作品，有词也有曲调				[0]	general	unreviewed		[]
歌|歌|ge1~2	歌|歌|ge1	2	defined	["動"]	["动"]	["bound-form"]	[]	[]	用聲音唱出曲調	用声音唱出曲调				[1]	bound-form	unreviewed		[]
歌手|歌手|ge1 shou3~1	歌手|歌手|ge1 shou3	1	defined	["名"]	["名"]	[]	[]	[]	以唱歌表演為職業的人	以唱歌表演为职业的人				[0]	general	unreviewed		[]
歌曲|歌曲|ge1 qu3~1	歌曲|歌曲|ge1 qu3	1	defined	["名"]	["名"]	[]	[]	[]	配上音樂、可以唱出來的作品	配上音乐、可以唱出来的作品	日常說話多用「歌」，「歌曲」比較正式。	日常说话多用「歌」，「歌曲」比较正式。		[0]	general	unreviewed		[]
歐|欧|ou1~1	歐|欧|ou1	1	defined	["名"]	["名"]	["abbr"]	[]	[]	歐元的簡稱	欧元的简称				[1]	abbreviation	unreviewed		[]
歐|欧|ou1~2	歐|欧|ou1	2	defined	["名"]	["名"]	["abbr"]	[]	["phys"]	歐姆的簡稱	欧姆的简称				[0]	abbreviation	unreviewed		[]
歐|欧|ou1~3	歐|欧|ou1	3	defined	["名"]	["名"]	["bound-form"]	[]	["ling"]	音譯外國詞語時用的字	音译外国词语时用的字				[2]	general	unreviewed		[]
歡迎|欢迎|huan1 ying2~1	歡迎|欢迎|huan1 ying2	1	defined	["動"]	["动"]	[]	[]	[]	高興地接待來的客人	高兴地接待来的客人	「歡迎」也用在事情上，表示樂意接受，例如「歡迎大家提意見」。	「欢迎」也用在事情上，表示乐意接受，例如「欢迎大家提意见」。		[0, 1]	general	unreviewed		[]
止|止|zhi3~1	止|止|zhi3	1	defined	["動"]	["动"]	[]	[]	[]	停下來或使停下來，不再繼續	停下来或使停下来，不再继续				[0, 1]	general	unreviewed		[]
止|止|zhi3~2	止|止|zhi3	2	defined	["動"]	["动"]	[]	[]	[]	到某個時間或地方為結束	到某个时间或地方为结束	多放在時間詞後面，如「到本月底止」。	多放在时间词后面，如「到本月底止」。		[2]	general	unreviewed		[]
止|止|zhi3~3	止|止|zhi3	3	defined	["副"]	["副"]	[]	["lit"]	[]	表示數量或範圍不超過所說的	表示数量或范围不超过所说的				[3]	general	unreviewed		[]
正|正|zheng1~1	正|正|zheng1	1	defined	["名"]	["名"]	["bound-form"]	[]	[]	農曆一年的第一個月	农历一年的第一个月				[0]	general	unreviewed		[]
正|正|zheng4~1	正|正|zheng4	1	defined	["副"]	["副"]	["function-word"]	[]	[]	用在動詞前面，表示動作在進行	用在动词前面，表示动作在进行				[8]	general	unreviewed		[]
正|正|zheng4~2	正|正|zheng4	2	defined	["副"]	["副"]	[]	[]	[]	表示時間、位置或數量剛好	表示时间、位置或数量刚好				[7, 9]	general	unreviewed		[]
正|正|zheng4~3	正|正|zheng4	3	defined	["形"]	["形"]	["bound-form"]	[]	[]	符合標準或規定的	符合标准或规定的				[2]	general	unreviewed		[]
正|正|zheng4~4	正|正|zheng4	4	defined	["形"]	["形"]	["bound-form"]	[]	[]	主要的，不是次要的	主要的，不是次要的				[3, 4]	general	unreviewed		[]
正|正|zheng4~5	正|正|zheng4	5	defined	["形"]	["形"]	[]	[]	[]	位置或方向不歪的	位置或方向不歪的				[0, 1]	general	unreviewed		[]
正|正|zheng4~6	正|正|zheng4	6	defined	["動"]	["动"]	["bound-form"]	[]	[]	使錯的變成對的	使错的变成对的				[5, 6]	general	unreviewed		[]
正|正|zheng4~7	正|正|zheng4	7	defined	["形"]	["形"]	[]	[]	["math"]	數目大於零的	数目大于零的				[10]	general	unreviewed		[]
正在|正在|zheng4 zai4~1	正在|正在|zheng4 zai4	1	defined	["副"]	["副"]	["function-word"]	[]	[]	用在動詞前面，表示動作在進行中	用在动词前面，表示动作在进行中	「在」也表示動作進行，「正在」還強調就是這個時候。	「在」也表示动作进行，「正在」还强调就是这个时候。		[0]	general	unreviewed		[]
正常|正常|zheng4 chang2~1	正常|正常|zheng4 chang2	1	defined	["形"]	["形"]	[]	[]	[]	符合一般情況的，沒有問題的	符合一般情况的，没有问题的				[0]	general	unreviewed		[]
正式|正式|zheng4 shi4~1	正式|正式|zheng4 shi4	1	defined	["形"]	["形"]	[]	[]	[]	符合規定的，不是隨便或臨時的	符合规定的，不是随便或临时的	常放在動詞前面，如「正式開始」、「正式成立」。	常放在动词前面，如「正式开始」、「正式成立」。		[0]	general	unreviewed		[]
正是|正是|zheng4 shi4~1	正是|正是|zheng4 shi4	1	defined	["動"]	["动"]	[]	[]	[]	用來指出正好就是某人或某事	用来指出正好就是某人或某事	「正是」比「就是」語氣更重，常用在指出關鍵的人或事。	「正是」比「就是」语气更重，常用在指出关键的人或事。		[0]	general	unreviewed		[]
正確|正确|zheng4 que4~1	正確|正确|zheng4 que4	1	defined	["形"]	["形"]	[]	[]	[]	符合事實、道理或標準的	符合事实、道理或标准的	口語裡多說「對」，「正確」語氣更正式，多用於書面。	口语里多说「对」，「正确」语气更正式，多用于书面。		[0]	general	unreviewed		[]
此|此|ci3~2	此|此|ci3	1	defined	["代"]	["代"]	[]	["lit"]	[]	指前面說過的或眼前的人、事物、時間、地方	指前面说过的或眼前的人、事物、时间、地方	口語中一般說「這」，不說「此」。也常構成「因此」「從此」「此外」等詞。	口语中一般说「这」，不说「此」。也常构成「因此」「从此」「此外」等词。		[0]	general	unreviewed		[]
步|步|bu4~1	步|步|bu4	1	defined	["量"]	["量"]	[]	[]	[]	計算走路時腳移動次數的單位	计算走路时脚移动次数的单位				[0, 1]	general	unreviewed		[]
步|步|bu4~2	步|步|bu4	2	defined	["動"]	["动"]	["bound-form"]	[]	[]	用腳走路，不坐車	用脚走路，不坐车				[2, 3]	general	unreviewed		[]
步|步|bu4~3	步|步|bu4	3	defined	["名"]	["名"]	[]	[]	[]	做事過程中的一個階段	做事过程中的一个阶段				[4]	general	unreviewed		[]
步|步|bu4~4	步|步|bu4	4	defined	["名"]	["名"]	[]	[]	[]	事情發展到的樣子，多指不好的情況	事情发展到的样子，多指不好的情况				[5]	general	unreviewed		[]
武器|武器|wu3 qi4~1	武器|武器|wu3 qi4	1	defined	["名"]	["名"]	[]	[]	[]	用來攻擊或保護自己的工具	用来攻击或保护自己的工具				[0, 1, 2]	general	unreviewed		[]
歲|岁|sui4~1	歲|岁|sui4	1	defined	["量"]	["量"]	["classifier-is"]	[]	[]	用於計算人的年齡	用于计算人的年龄	說年齡用「歲」，說時間長短用「年」。	说年龄用「岁」，说时间长短用「年」。		[0]	classifier-is	unreviewed		[]
歲|岁|sui4~2	歲|岁|sui4	2	defined	["名"]	["名"]	["bound-form"]	[]	[]	一年的時間，也泛指年月	一年的时间，也泛指年月				[1, 2]	general	unreviewed		[]
歷史|历史|li4 shi3~1	歷史|历史|li4 shi3	1	defined	["名"]	["名"]	[]	[]	[]	過去發生過的事情和發展過程	过去发生过的事情和发展过程				[0, 1]	general	unreviewed		[]
歸|归|gui1~1	歸|归|gui1	1	defined	["動"]	["动"]	[]	["lit"]	[]	回到原來的地方	回到原来的地方				[0, 1]	general	unreviewed		[]
歸|归|gui1~2	歸|归|gui1	2	defined	["動"]	["动"]	[]	[]	[]	屬於某人，或由某人負責，也指東西還給主人	属于某人，或由某人负责，也指东西还给主人				[2, 3, 4]	general	unreviewed	edited	["E-gui1-2"]
歸|归|gui1~3	歸|归|gui1	3	defined	["動"]	["动"]	[]	[]	[]	把東西按類別合在一起	把东西按类别合在一起				[5]	general	unreviewed		[]
歸|归|gui1~4	歸|归|gui1	4	defined	["動"]	["动"]	["function-word"]	[]	[]	用在相同的兩個詞中間，表示前一件事不影響後一件事	用在相同的两个词中间，表示前一件事不影响后一件事	「說歸說」的意思接近「雖然說了」，後半句常用「可是」「還是」。	「说归说」的意思接近「虽然说了」，后半句常用「可是」「还是」。		[6]	general	unreviewed	edited	["E-gui1-4"]
歸|归|gui1~5	歸|归|gui1	5	defined	["動"]	["动"]	[]	["arch"]	[]	舊時指女子出嫁	旧时指女子出嫁			archaic-form	[7]	general	unreviewed		[]
歸|归|gui1~6	歸|归|gui1	6	defined	["名"]	["名"]	[]	[]	["math"]	舊時用算盤計算的一種除法	旧时用算盘计算的一种除法			archaic-form	[8]	general	unreviewed		[]
死|死|si3~1	死|死|si3	1	defined	["動"]	["动"]	[]	[]	[]	生命結束，不能再活動	生命结束，不能再活动				[0]	general	unreviewed		[]
死|死|si3~2	死|死|si3	2	defined	["副"]	["副"]	[]	[]	[]	用在形容詞或動詞後面，表示程度極高	用在形容词或动词后面，表示程度极高	這個用法後面常加「了」，如「熱死了」。	这个用法后面常加「了」，如「热死了」。		[5]	general	unreviewed		[]
死|死|si3~3	死|死|si3	3	defined	["形"]	["形"]	[]	[]	[]	不會改變的，不能調整的	不会改变的，不能调整的				[3, 4]	general	unreviewed		[]
死|死|si3~4	死|死|si3	4	defined	["形"]	["形"]	["bound-form"]	[]	[]	不通的，走不過去的	不通的，走不过去的				[1, 2]	general	unreviewed		[]
死|死|si3~5	死|死|si3	5	defined	["綴"]	["缀"]	[]	["derog"]	[]	用在稱呼前面，表示討厭或生氣	用在称呼前面，表示讨厌或生气				[6]	general	unreviewed		[]
死亡|死亡|si3 wang2~1	死亡|死亡|si3 wang2	1	defined	["動", "名"]	["动", "名"]	[]	[]	[]	生命結束，不再活著	生命结束，不再活着	「死亡」多用在正式的報道和文件，說話時多說「死」。	「死亡」多用在正式的报道和文件，说话时多说「死」。		[0, 1]	general	unreviewed		[]
段|段|duan4~3	段|段|duan4	1	defined	["量"]	["量"]	["classifier-is"]	[]	[]	用於計算時間、路、話等分成的部分	用于计算时间、路、话等分成的部分				[4]	classifier-is	unreviewed		[]
段|段|duan4~4	段|段|duan4	2	defined	["名"]	["名"]	["bound-form"]	[]	[]	整體中分出來的一部分	整体中分出来的一部分				[0, 1, 2, 3]	general	unreviewed		[]
殺|杀|sha1~1	殺|杀|sha1	1	defined	["動"]	["动"]	[]	[]	[]	使人或動物失去生命	使人或动物失去生命				[0]	general	unreviewed		[]
殺|杀|sha1~2	殺|杀|sha1	2	defined	["動"]	["动"]	["bound-form"]	[]	[]	使力量或程度變小	使力量或程度变小				[1]	general	unreviewed		[]
殺|杀|sha1~3	殺|杀|sha1	3	defined	["動"]	["动"]	[]	["dialect"]	[]	傷口碰到水或藥時感到難受	伤口碰到水或药时感到难受				[2]	general	unreviewed	edited	["E-sha1-3"]
殺|杀|sha1~4	殺|杀|sha1	4	defined	["綴"]	["缀"]	["function-word"]	["lit"]	[]	用在動詞後面，表示程度極深	用在动词后面，表示程度极深	舊時白話多用這種說法，現在一般說「死」，如「氣死我了」。	旧时白话多用这种说法，现在一般说「死」，如「气死我了」。		[3]	function-word	unreviewed		[]
殺害|杀害|sha1 hai4~1	殺害|杀害|sha1 hai4	1	defined	["動"]	["动"]	[]	[]	[]	用暴力使人失去生命	用暴力使人失去生命	常說「被…殺害」，對象多是受害的人。	常说「被…杀害」，对象多是受害的人。		[0]	general	unreviewed		[]
殺死|杀死|sha1 si3~1	殺死|杀死|sha1 si3	1	defined	["動"]	["动"]	[]	[]	[]	用手段使人或動物失去生命	用手段使人或动物失去生命	「殺」不一定死，「殺死」表示已經死了。	「杀」不一定死，「杀死」表示已经死了。		[0]	general	unreviewed		[]
毀|毁|hui3~1	毀|毁|hui3	1	defined	["動"]	["动"]	[]	[]	[]	把東西弄壞，使它不能再用	把东西弄坏，使它不能再用				[0]	general	unreviewed		[]
毀|毁|hui3~2	毀|毁|hui3	2	defined	["動"]	["动"]	["bound-form"]	[]	[]	說別人的壞話，破壞他的名聲	说别人的坏话，破坏他的名声				[1]	general	unreviewed		[]
母|母|mu3~1	母|母|mu3	1	defined	["名"]	["名"]	["bound-form"]	[]	[]	對子女來說，生下他們的女人	对子女来说，生下他们的女人				[0]	general	unreviewed		[]
母|母|mu3~2	母|母|mu3	2	defined	["名"]	["名"]	["bound-form"]	[]	[]	家族中年長的女性親人	家族中年长的女性亲人				[1]	general	unreviewed		[]
母|母|mu3~3	母|母|mu3	3	defined	["形"]	["形"]	[]	[]	[]	動物中雌性的，跟「公」相反	动物中雌性的，跟「公」相反				[4]	general	unreviewed		[]
母|母|mu3~4	母|母|mu3	4	defined	["形"]	["形"]	["bound-form"]	[]	[]	別的事物從它產生出來的	别的事物从它产生出来的	「母校」和「母語」指自己最早學習的地方和語言。	「母校」和「母语」指自己最早学习的地方和语言。		[2, 3]	general	unreviewed		[]
母親|母亲|mu3 qin1~1	母親|母亲|mu3 qin1	1	defined	["名"]	["名"]	[]	[]	[]	生下或養大孩子的女人	生下或养大孩子的女人	「母親」多用在書面或正式的場合，說話時常說「媽媽」。	「母亲」多用在书面或正式的场合，说话时常说「妈妈」。		[0]	general	unreviewed		[]
每|每|mei3~1	每|每|mei3	1	defined	["代", "副"]	["代", "副"]	[]	[]	[]	指全體中的任何一個，都包括在內	指全体中的任何一个，都包括在内	說「每」的句子後面常常用「都」，例如「每個人都要來」。	说「每」的句子后面常常用「都」，例如「每个人都要来」。		[0, 1]	general	unreviewed		[]
每個|每个|mei3 ge4~1	每個|每个|mei3 ge4	1	defined	["代"]	["代"]	[]	[]	[]	一群人或事物中的任何一個，都算在內	一群人或事物中的任何一个，都算在内	「每個」後面常跟名詞，句子裡常和「都」一起用。	「每个」后面常跟名词，句子里常和「都」一起用。		[0]	general	unreviewed		[]
每天|每天|mei3 tian1~1	每天|每天|mei3 tian1	1	defined	["副"]	["副"]	[]	[]	[]	天天，沒有一天例外	天天，没有一天例外				[0]	general	unreviewed		[]
每年|每年|mei3 nian2~1	每年|每年|mei3 nian2	1	defined	["名", "副"]	["名", "副"]	[]	[]	[]	一年又一年，指年年都是這樣	一年又一年，指年年都是这样				[0, 1, 2]	general	unreviewed		[]
毒|毒|du2~1	毒|毒|du2	1	defined	["名", "形"]	["名", "形"]	[]	[]	[]	能使人或動物生病、死亡的物質	能使人或动物生病、死亡的物质				[0, 2]	general	unreviewed		[]
毒|毒|du2~2	毒|毒|du2	2	defined	["名"]	["名"]	["bound-form"]	[]	[]	讓人離不開又傷害身體的物質	让人离不开又伤害身体的物质				[6]	general	unreviewed		[]
毒|毒|du2~3	毒|毒|du2	3	defined	["動"]	["动"]	[]	[]	[]	用毒藥傷害人或動物	用毒药伤害人或动物				[1]	general	unreviewed		[]
毒|毒|du2~4	毒|毒|du2	4	defined	["形"]	["形"]	[]	[]	[]	對人非常壞，手段讓人害怕的	对人非常坏，手段让人害怕的				[3, 4, 5]	general	unreviewed		[]
比|比|bi3~1	比|比|bi3	1	defined	["介"]	["介"]	["function-word"]	[]	[]	用在名詞前面，引出比較的對象，說出兩者的不同	用在名词前面，引出比较的对象，说出两者的不同	用「比」的句子，形容詞前面不加「很」：說「他比我高」，不說「他比我很高」。	用「比」的句子，形容词前面不加「很」：说「他比我高」，不说「他比我很高」。		[1]	general	unreviewed		[]
比|比|bi3~2	比|比|bi3	2	defined	["動"]	["动"]	[]	[]	[]	把人或東西放在一起，看出高低或不同	把人或东西放在一起，看出高低或不同				[0]	general	unreviewed		[]
比|比|bi3~3	比|比|bi3	3	defined	["動"]	["动"]	[]	[]	[]	用在兩個數字中間，表示兩邊數量的關係	用在两个数字中间，表示两边数量的关系				[2]	general	unreviewed		[]
比|比|bi3~4	比|比|bi3	4	defined	["動"]	["动"]	[]	[]	[]	用手做出動作來表示意思	用手做出动作来表示意思				[3]	general	unreviewed		[]
比如|比如|bi3 ru2~1	比如|比如|bi3 ru2	1	defined	["連"]	["连"]	["function-word"]	[]	[]	用在例子前面，表示下面說的是例子	用在例子前面，表示下面说的是例子	「例如」多用在書面，「比如」口語裡常說。	「例如」多用在书面，「比如」口语里常说。		[0]	general	unreviewed		[]
比賽|比赛|bi3 sai4~1	比賽|比赛|bi3 sai4	1	defined	["動", "名"]	["动", "名"]	[]	[]	[]	兩方或幾方按規則分出高低的活動	两方或几方按规则分出高低的活动				[0, 1, 2, 3]	general	unreviewed		[]
比較|比较|bi3 jiao4~1	比較|比较|bi3 jiao4	1	defined	["副"]	["副"]	[]	[]	[]	用在形容詞前面，表示有一定的程度	用在形容词前面，表示有一定的程度	「很」表示程度高，「比較」表示的程度沒有那麼高。用「比較」時，心裡常有一個比的對象。	「很」表示程度高，「比较」表示的程度没有那么高。用「比较」时，心里常有一个比的对象。		[2, 3, 4]	general	unreviewed		[]
比較|比较|bi3 jiao4~2	比較|比较|bi3 jiao4	2	defined	["動", "名"]	["动", "名"]	[]	[]	[]	把兩個以上的事物放在一起，看出相同和不同	把两个以上的事物放在一起，看出相同和不同				[0, 1, 5]	general	unreviewed		[]
毛|毛|mao2~1	毛|毛|mao2	1	defined	["名"]	["名"]	[]	[]	[]	長在人或動物身上、像頭髮一樣的東西	长在人或动物身上、像头发一样的东西				[0, 1, 2, 3]	general	unreviewed		[]
毛|毛|mao2~2	毛|毛|mao2	2	defined	["量"]	["量"]	["classifier-is"]	["coll"]	[]	用於計算錢，等於一元的十分之一	用于计算钱，等于一元的十分之一	說話時常說「毛」，寫的時候多用「角」。	说话时常说「毛」，写的时候多用「角」。		[14]	classifier-is	unreviewed		[]
毛|毛|mao2~3	毛|毛|mao2	3	defined	["名"]	["名"]	[]	[]	[]	東西放久了表面長出的一層絲	东西放久了表面长出的一层丝				[4, 5]	general	unreviewed		[]
毛|毛|mao2~4	毛|毛|mao2	4	defined	["形"]	["形"]	["bound-form"]	[]	[]	做事不小心、年輕沒有經驗的	做事不小心、年轻没有经验的				[7, 9, 10]	general	unreviewed		[]
毛|毛|mao2~5	毛|毛|mao2	5	defined	["形"]	["形"]	[]	["coll"]	[]	感到害怕，心裡很不安的	感到害怕，心里很不安的	常和「發」、「嚇」一起用，如「心裡發毛」。	常和「发」、「吓」一起用，如「心里发毛」。		[11, 12]	general	unreviewed		[]
毛|毛|mao2~6	毛|毛|mao2	6	defined	["形"]	["形"]	["bound-form"]	[]	[]	沒有加工過的，或沒有去掉別的部分的	没有加工过的，或没有去掉别的部分的				[6, 8]	general	unreviewed		[]
毛|毛|mao2~7	毛|毛|mao2	7	defined	["動"]	["动"]	[]	["coll"]	[]	錢的價值下降	钱的价值下降				[13]	general	unreviewed		[]
民|民|min2~1	民|民|min2	1	defined	["名"]	["名"]	["bound-form"]	[]	[]	一個國家或地區裡的人民	一个国家或地区里的人民				[0, 1]	bound-form	unreviewed		[]
民主|民主|min2 zhu3~1	民主|民主|min2 zhu3	1	defined	["名", "形"]	["名", "形"]	[]	[]	[]	人民共同決定國家大事的制度	人民共同决定国家大事的制度				[0, 1]	general	unreviewed		[]
水平|水平|shui3 ping2~1	水平|水平|shui3 ping2	1	defined	["名"]	["名"]	[]	[]	[]	在某方面達到的高低程度	在某方面达到的高低程度				[1]	general	unreviewed		[]
水平|水平|shui3 ping2~2	水平|水平|shui3 ping2	2	defined	["形"]	["形"]	[]	[]	[]	跟地面平行的	跟地面平行的				[0]	general	unreviewed		[]
永遠|永远|yong3 yuan3~1	永遠|永远|yong3 yuan3	1	defined	["副"]	["副"]	[]	[]	[]	表示時間一直繼續下去，沒有結束	表示时间一直继续下去，没有结束	「一直」多用在一段時間內，「永遠」表示沒有結束的時候。	「一直」多用在一段时间内，「永远」表示没有结束的时候。		[0, 1]	general	unreviewed		[]
求|求|qiu2~1	求|求|qiu2	1	defined	["動"]	["动"]	[]	[]	[]	向別人提出希望，請他給自己幫助	向别人提出希望，请他给自己帮助	「求」比「請」語氣更重，多用在很需要幫助的時候。	「求」比「请」语气更重，多用在很需要帮助的时候。		[2, 3, 4]	general	unreviewed		[]
求|求|qiu2~2	求|求|qiu2	2	defined	["動"]	["动"]	[]	[]	[]	努力想得到或找到	努力想得到或找到				[0, 1]	general	unreviewed		[]
決定|决定|jue2 ding4~1	決定|决定|jue2 ding4	1	defined	["動", "名"]	["动", "名"]	[]	[]	[]	對事情怎麼做拿定主意	对事情怎么做拿定主意				[0, 1]	general	unreviewed		[]
決定|决定|jue2 ding4~2	決定|决定|jue2 ding4	2	defined	["動"]	["动"]	[]	[]	[]	某件事使另一件事一定會這樣	某件事使另一件事一定会这样	這個用法的前面多是事情，不是人。	这个用法的前面多是事情，不是人。		[0]	general	unreviewed		[]
汽車|汽车|qi4 che1~1	汽車|汽车|qi4 che1	1	defined	["名"]	["名"]	[]	[]	[]	用機器做動力、在路上跑的車	用机器做动力、在路上跑的车				[0, 1, 2, 3]	general	unreviewed		[]
沒|没|mei2~1	沒|没|mei2	1	defined	["動"]	["动"]	["function-word"]	[]	[]	用在名詞前面，表示不存在、不擁有	用在名词前面，表示不存在、不拥有	單獨回答時要說「沒有」，不能只說「沒」。也可以用來比較，如「我沒他高」。	单独回答时要说「没有」，不能只说「没」。也可以用来比较，如「我没他高」。		[0]	function-word	unreviewed		[]
沒|没|mei2~2	沒|没|mei2	2	defined	["副"]	["副"]	["function-word"]	[]	[]	用在動詞前面，表示動作還未發生或未完成	用在动词前面，表示动作还未发生或未完成	「沒」表示事情還未發生，「不」表示不願意或不是這樣。	「没」表示事情还未发生，「不」表示不愿意或不是这样。		[0]	function-word	unreviewed		[]
沒|没|mo4~1	沒|没|mo4	1	defined	["動"]	["动"]	[]	[]	[]	水蓋過東西，使它看不見	水盖过东西，使它看不见				[0, 3]	general	unreviewed		[]
沒|没|mo4~2	沒|没|mo4	2	defined	["動"]	["动"]	["bound-form"]	[]	[]	按規定把別人的東西收走	按规定把别人的东西收走				[]	general	unreviewed		[]
沒|没|mo4~3	沒|没|mo4	3	defined	["動"]	["动"]	[]	["lit"]	[]	舊時指人死	旧时指人死			archaic-form	[1, 2]	general	unreviewed		[]
沒有|没有|mei2 you3~1	沒有|没有|mei2 you3	1	defined	["動"]	["动"]	[]	[]	[]	不具有，或者不存在	不具有，或者不存在	「有」的相反不能說「不有」，要說「沒有」。口語中「沒有」常只說成「沒」。	「有」的相反不能说「不有」，要说「没有」。口语中「没有」常只说成「没」。		[2, 3]	general	unreviewed		[]
沒有|没有|mei2 you3~2	沒有|没有|mei2 you3	2	defined	["副"]	["副"]	["function-word"]	[]	[]	用在動詞或形容詞前，表示動作或變化未發生	用在动词或形容词前，表示动作或变化未发生	「沒有」表示動作不曾發生，「不」多表示不願意或不常做。	「没有」表示动作不曾发生，「不」多表示不愿意或不常做。		[0, 1]	general	unreviewed		[]
沒有|没有|mei2 you3~3	沒有|没有|mei2 you3	3	defined	["動"]	["动"]	[]	[]	[]	用在比較的句子裡，表示比不上	用在比较的句子里，表示比不上	常用「沒有…那麼…」的說法，例如「今天沒有昨天那麼熱」。	常用「没有…那么…」的说法，例如「今天没有昨天那么热」。		[4]	general	unreviewed		[]
沖|冲|chong1~1	沖|冲|chong1	1	defined	["動"]	["动"]	[]	[]	[]	把開水倒在茶或藥上，使它化開	把开水倒在茶或药上，使它化开				[1, 2]	general	unreviewed		[]
沖|冲|chong1~2	沖|冲|chong1	2	defined	["動"]	["动"]	[]	[]	[]	用流動的水洗，或把東西帶走	用流动的水洗，或把东西带走				[3, 4]	general	unreviewed		[]
沖|冲|chong1~3	沖|冲|chong1	3	defined	["動"]	["动"]	[]	[]	[]	水流快速撞擊東西，使它移動或壞掉	水流快速撞击东西，使它移动或坏掉				[0]	general	unreviewed		[]
沖|冲|chong1~4	沖|冲|chong1	4	defined	["動"]	["动"]	[]	[]	[]	用藥水處理拍好的底片，做出照片	用药水处理拍好的底片，做出照片				[5]	general	unreviewed		[]
沖|冲|chong1~5	沖|冲|chong1	5	defined	["動"]	["动"]	[]	[]	[]	很快地向上升到天空中	很快地向上升到天空中				[6]	general	unreviewed		[]
沖|冲|chong1~6	沖|冲|chong1	6	defined	["動"]	["动"]	[]	[]	[]	傳統上指兩者不合，在一起會出問題	传统上指两者不合，在一起会出问题				[7, 8]	general	unreviewed		[]
沙|沙|sha1~1	沙|沙|sha1	1	defined	["名"]	["名"]	[]	[]	[]	海邊、河邊常見的很小的石粒	海边、河边常见的很小的石粒				[0, 3, 4, 5]	general	unreviewed		[]
沙|沙|sha1~2	沙|沙|sha1	2	defined	["形"]	["形"]	["bound-form"]	[]	[]	聲音低而不清楚的	声音低而不清楚的				[1, 2]	general	unreviewed		[]
沙|沙|sha1~3	沙|沙|sha1	3	label-only	["專"]	["专"]	["abbr"]	[]	[]	國名	国名				[6]	abbreviation	unreviewed		[]
沙|沙|sha4~1	沙|沙|sha4	1	defined	["動"]	["动"]	[]	["dialect"]	[]	用工具把大小不同的東西分開	用工具把大小不同的东西分开				[0]	general	unreviewed		[]
河|河|he2~1	河|河|he2	1	defined	["名"]	["名"]	[]	[]	[]	地面上自然形成的大水流	地面上自然形成的大水流				[0]	general	unreviewed		[]
河|河|he2~2	河|河|he2	2	defined	["名"]	["名"]	["bound-form"]	[]	[]	特指黃河，中國北方的大河	特指黄河，中国北方的大河	「河南」「河北」的名字就是指黃河的南邊和北邊。	「河南」「河北」的名字就是指黄河的南边和北边。		[1]	bound-form	unreviewed		[]
河|河|he2~3	河|河|he2	3	defined	["名"]	["名"]	["bound-form"]	[]	[]	夜空中由許多星星組成的白色光帶	夜空中由许多星星组成的白色光带				[2]	bound-form	unreviewed		[]
河|河|he2~4	河|河|he2	4	defined	["名"]	["名"]	["bound-form"]	[]	[]	指河粉，用米做成的寬麵條	指河粉，用米做成的宽面条	菜單上的「牛河」就是牛肉河粉。	菜单上的「牛河」就是牛肉河粉。		[3]	bound-form	unreviewed		[]
油|油|you2~1	油|油|you2	1	defined	["名"]	["名"]	[]	[]	[]	從動物或植物取得的液體，可以用來做菜	从动物或植物取得的液体，可以用来做菜				[0, 1, 2]	general	unreviewed		[]
油|油|you2~2	油|油|you2	2	defined	["名"]	["名"]	[]	[]	[]	從地下取得、給機器提供能量的液體	从地下取得、给机器提供能量的液体				[3]	general	unreviewed		[]
油|油|you2~3	油|油|you2	3	defined	["形"]	["形"]	[]	[]	[]	油脂很多，讓人不想再吃的	油脂很多，让人不想再吃的				[5, 6]	general	unreviewed		[]
油|油|you2~4	油|油|you2	4	defined	["形"]	["形"]	[]	["coll"]	[]	話說得好聽，做事不認真的	话说得好听，做事不认真的				[7, 8]	general	unreviewed		[]
油|油|you2~5	油|油|you2	5	defined	["動"]	["动"]	[]	["coll"]	[]	給東西塗上油漆	给东西涂上油漆				[4]	general	unreviewed		[]
治|治|zhi4~1	治|治|zhi4	1	defined	["動"]	["动"]	[]	[]	[]	用藥物等方法使病好起來	用药物等方法使病好起来				[5]	general	unreviewed		[]
治|治|zhi4~2	治|治|zhi4	2	defined	["動"]	["动"]	["bound-form"]	[]	[]	管理國家或地方，使安定	管理国家或地方，使安定				[0, 1, 2, 3]	general	unreviewed		[]
治|治|zhi4~3	治|治|zhi4	3	defined	["動"]	["动"]	[]	[]	[]	想辦法控制水、動物等造成的問題	想办法控制水、动物等造成的问题				[4, 6]	general	unreviewed		[]
治|治|zhi4~4	治|治|zhi4	4	defined	["動"]	["动"]	[]	[]	[]	按法律或規則處理犯錯的人	按法律或规则处理犯错的人				[7]	general	unreviewed		[]
治|治|zhi4~5	治|治|zhi4	5	defined	["動"]	["动"]	["bound-form"]	["lit"]	[]	研究學問	研究学问				[8]	general	unreviewed		[]
治療|治疗|zhi4 liao2~1	治療|治疗|zhi4 liao2	1	defined	["動", "名"]	["动", "名"]	[]	[]	[]	用藥物或手術等方法讓病人恢復健康	用药物或手术等方法让病人恢复健康				[0, 1, 2]	general	unreviewed		[]
法|法|fa3~1	法|法|fa3	1	defined	["名"]	["名"]	["bound-form"]	[]	[]	做事或處理問題的方式	做事或处理问题的方式				[1, 2]	general	unreviewed		[]
法|法|fa3~2	法|法|fa3	2	defined	["名"]	["名"]	["bound-form"]	[]	[]	國家規定、大家都必須遵守的規則	国家规定、大家都必须遵守的规则				[0]	general	unreviewed		[]
法|法|fa3~3	法|法|fa3	3	defined	["名"]	["名"]	["bound-form"]	[]	[]	佛教所講的道理	佛教所讲的道理				[4]	general	unreviewed		[]
法|法|fa3~4	法|法|fa3	4	defined	["動"]	["动"]	["bound-form"]	[]	[]	照著別人的樣子去做	照着别人的样子去做				[3]	general	unreviewed		[]
法|法|fa3~5	法|法|fa3	5	defined	["專"]	["专"]	["abbr"]	[]	[]	法家的簡稱	法家的简称			proper-name	[5]	abbreviation	unreviewed		[]
法|法|fa3~6	法|法|fa3	6	defined	["名"]	["名"]	["abbr"]	[]	[]	電容單位法拉的簡稱	电容单位法拉的简称				[6]	abbreviation	unreviewed		[]
法官|法官|fa3 guan1~1	法官|法官|fa3 guan1	1	defined	["名"]	["名"]	[]	[]	["law"]	法庭上按照法律決定案件結果的人	法庭上按照法律决定案件结果的人				[0]	general	unreviewed		[]
法庭|法庭|fa3 ting2~1	法庭|法庭|fa3 ting2	1	defined	["名"]	["名"]	[]	[]	["law"]	法官依照法律判案的地方	法官依照法律判案的地方				[0]	general	unreviewed		[]
法律|法律|fa3 lu:4~1	法律|法律|fa3 lu:4	1	defined	["名"]	["名"]	[]	[]	[]	由國家定下、人人都要遵守的規則	由国家定下、人人都要遵守的规则				[0, 1]	general	unreviewed		[]
法院|法院|fa3 yuan4~1	法院|法院|fa3 yuan4	1	defined	["名"]	["名"]	[]	[]	["law"]	國家設立、審理案件的機構	国家设立、审理案件的机构				[0, 1]	general	unreviewed		[]
波|波|bo1~1	波|波|bo1	1	defined	["名"]	["名"]	["bound-form"]	[]	[]	水面上下移動的現象	水面上下移动的现象				[0, 1]	general	unreviewed		[]
波|波|bo1~2	波|波|bo1	2	defined	["名"]	["名"]	["bound-form"]	[]	[]	聲音、光等傳送時的上下移動	声音、光等传送时的上下移动				[]	general	unreviewed		[]
波|波|bo1~3	波|波|bo1	3	defined	["名"]	["名"]	["bound-form"]	[]	[]	事情發展中出現的意外變化	事情发展中出现的意外变化				[2, 3]	general	unreviewed		[]
波|波|bo1~4	波|波|bo1	4	defined	["量"]	["量"]	[]	[]	[]	計算一批接一批出現的人或事物	计算一批接一批出现的人或事物				[]	general	unreviewed		[]
注|注|zhu4~1	注|注|zhu4	1	defined	["動"]	["动"]	["bound-form"]	[]	[]	把精神或目光集中在一點上	把精神或目光集中在一点上				[1]	bound-form	unreviewed		[]
注|注|zhu4~2	注|注|zhu4	2	defined	["動"]	["动"]	["bound-form"]	[]	[]	把液體送進另一個地方	把液体送进另一个地方				[0]	bound-form	unreviewed		[]
注|注|zhu4~3	注|注|zhu4	3	defined	["名"]	["名"]	["bound-form"]	[]	[]	賭錢時拿出來比輸贏的錢	赌钱时拿出来比输赢的钱				[2]	bound-form	unreviewed		[]
注|注|zhu4~4	注|注|zhu4	4	defined	["量"]	["量"]	["classifier-is"]	[]	[]	用於計算錢款、賭注或買賣	用于计算钱款、赌注或买卖				[3]	classifier-is	unreviewed		[]
注意|注意|zhu4 yi4~1	注意|注意|zhu4 yi4	1	defined	["動"]	["动"]	[]	[]	[]	把心思放在某個人或某件事上	把心思放在某个人或某件事上	「注意」後面可以加「到」，表示已經看見或發現。	「注意」后面可以加「到」，表示已经看见或发现。		[0]	general	unreviewed		[]
泰|泰|tai4~1	泰|泰|tai4	1	defined	["形"]	["形"]	["bound-form"]	["lit"]	[]	安定而沒有危險的	安定而没有危险的				[0, 1]	general	unreviewed		[]
泰|泰|tai4~2	泰|泰|tai4	2	defined	["形"]	["形"]	["bound-form"]	["lit"]	[]	最大的、超過一般程度的	最大的、超过一般程度的				[2, 3]	general	unreviewed		[]
洞|洞|dong4~1	洞|洞|dong4	1	defined	["名"]	["名"]	[]	[]	[]	物體上穿通的地方，也指山裡的空處	物体上穿通的地方，也指山里的空处				[0, 1, 3]	general	unreviewed		[]
洞|洞|dong4~2	洞|洞|dong4	2	defined	["數"]	["数"]	[]	[]	["mil"]	讀數字時代替「零」的說法	读数字时代替「零」的说法	這樣說是為了聽起來比「零」清楚。	这样说是为了听起来比「零」清楚。		[2]	general	unreviewed		[]
活|活|huo2~1	活|活|huo2	1	defined	["動", "形"]	["动", "形"]	[]	[]	[]	有生命，還沒有死	有生命，还没有死	「住」指在某個地方生活，「活」指有生命。	「住」指在某个地方生活，「活」指有生命。		[0, 1, 2]	general	unreviewed		[]
活|活|huo2~2	活|活|huo2	2	defined	["名"]	["名"]	[]	["coll"]	[]	用手做的工作，也指做出來的東西	用手做的工作，也指做出来的东西				[3, 4]	general	unreviewed		[]
活動|活动|huo2 dong4~1	活動|活动|huo2 dong4	1	defined	["名"]	["名"]	[]	[]	[]	為一定目的舉行、讓大家參加的事	为一定目的举行、让大家参加的事				[4]	general	unreviewed		[]
活動|活动|huo2 dong4~2	活動|活动|huo2 dong4	2	defined	["動", "名"]	["动", "名"]	[]	[]	[]	身體或東西動起來，不停在原處	身体或东西动起来，不停在原处				[0, 3]	general	unreviewed		[]
活動|活动|huo2 dong4~3	活動|活动|huo2 dong4	3	defined	["形"]	["形"]	[]	[]	[]	能動的，沒有固定在一個地方的	能动的，没有固定在一个地方的				[1, 2]	general	unreviewed		[]
活動|活动|huo2 dong4~4	活動|活动|huo2 dong4	4	defined	["動"]	["动"]	[]	[]	[]	為了達到目的到處找人說情	为了达到目的到处找人说情	這個用法多帶不好的意思。	这个用法多带不好的意思。		[5]	general	unreviewed		[]
派|派|pai4~1	派|派|pai4	1	defined	["動"]	["动"]	[]	[]	[]	安排人去做事或去某個地方	安排人去做事或去某个地方				[3]	general	unreviewed		[]
派|派|pai4~2	派|派|pai4	2	defined	["名"]	["名"]	["bound-form"]	[]	[]	思想或做法相同的一群人	思想或做法相同的一群人				[1]	bound-form	unreviewed		[]
派|派|pai4~3	派|派|pai4	3	defined	["量"]	["量"]	["classifier-is"]	[]	[]	用於計算意見或做法不同的群體	用于计算意见或做法不同的群体				[4]	classifier-is	unreviewed		[]
派|派|pai4~4	派|派|pai4	4	defined	["量"]	["量"]	["classifier-is"]	[]	[]	用於形容情況或說法，前面多用「一」	用于形容情况或说法，前面多用「一」				[5]	classifier-is	unreviewed		[]
派|派|pai4~5	派|派|pai4	5	defined	["名"]	["名"]	["bound-form"]	[]	[]	說話做事表現出來的樣子	说话做事表现出来的样子				[2]	bound-form	unreviewed		[]
派|派|pai4~6	派|派|pai4	6	defined	["名"]	["名"]	["loanword"]	[]	[]	用麵皮包著水果等烤成的食物	用面皮包着水果等烤成的食物				[7]	loanword	unreviewed		[]
派|派|pai4~7	派|派|pai4	7	defined	["名"]	["名"]	["loanword"]	[]	["math"]	數學上常用的一個數，約等於三點一四	数学上常用的一个数，约等于三点一四	計算圓的大小時常常要用到它。	计算圆的大小时常常要用到它。		[6]	loanword	unreviewed	edited	["R57A-006"]
派|派|pai4~8	派|派|pai4	8	defined	["名"]	["名"]	[]	["lit"]	[]	從大河分出來的小河	从大河分出来的小河			archaic-form	[0]	general	unreviewed		[]
流|流|liu2~1	流|流|liu2	1	defined	["動"]	["动"]	[]	[]	[]	液體向一個方向移動	液体向一个方向移动				[0]	general	unreviewed		[]
流|流|liu2~2	流|流|liu2	2	defined	["動"]	["动"]	["bound-form"]	[]	[]	傳開，或不停地到處移動	传开，或不停地到处移动				[1, 2, 3]	general	unreviewed		[]
流|流|liu2~3	流|流|liu2	3	defined	["名"]	["名"]	["bound-form"]	[]	[]	向一個方向不停移動的水或其他事物	向一个方向不停移动的水或其他事物				[6]	general	unreviewed		[]
流|流|liu2~4	流|流|liu2	4	defined	["名"]	["名"]	["bound-form"]	[]	[]	按高低好壞分成的等級	按高低好坏分成的等级				[7]	general	unreviewed		[]
流|流|liu2~5	流|流|liu2	5	defined	["動"]	["动"]	["bound-form"]	[]	[]	舊時把犯罪的人送到很遠的地方	旧时把犯罪的人送到很远的地方				[5]	general	unreviewed		[]
流|流|liu2~6	流|流|liu2	6	defined	["動"]	["动"]	["bound-form"]	["lit"]	[]	變成某種不好的樣子	变成某种不好的样子				[4]	general	unreviewed		[]
流行|流行|liu2 xing2~1	流行|流行|liu2 xing2	1	defined	["形", "動"]	["形", "动"]	[]	[]	[]	在一段時間裡受到很多人喜歡的	在一段时间里受到很多人喜欢的				[1]	general	unreviewed		[]
流行|流行|liu2 xing2~2	流行|流行|liu2 xing2	2	defined	["動"]	["动"]	[]	[]	[]	疾病等在一個地區廣泛傳開	疾病等在一个地区广泛传开				[0]	general	unreviewed		[]
海軍|海军|hai3 jun1~1	海軍|海军|hai3 jun1	1	defined	["名"]	["名"]	[]	[]	["mil"]	軍隊中負責海上作戰的部分	军队中负责海上作战的部分				[0]	general	unreviewed		[]
消失|消失|xiao1 shi1~1	消失|消失|xiao1 shi1	1	defined	["動"]	["动"]	[]	[]	[]	從原來的地方不見，不再存在	从原来的地方不见，不再存在				[0]	general	unreviewed		[]
消息|消息|xiao1 xi5~1	消息|消息|xiao1 xi5	1	defined	["名"]	["名"]	[]	[]	[]	傳來的關於人或事物的情況	传来的关于人或事物的情况	「新聞」是媒體報道的大事，「消息」也可以是朋友傳來的小事。	「新闻」是媒体报道的大事，「消息」也可以是朋友传来的小事。		[0, 1, 2]	general	unreviewed		[]
深|深|shen1~1	深|深|shen1	1	defined	["形"]	["形"]	[]	[]	[]	從上到下或從外到裡的距離大	从上到下或从外到里的距离大				[0]	general	unreviewed		[]
深|深|shen1~2	深|深|shen1	2	defined	["形"]	["形"]	[]	[]	[]	程度大，不只是表面的	程度大，不只是表面的				[0]	general	unreviewed		[]
深|深|shen1~3	深|深|shen1	3	defined	["形"]	["形"]	[]	[]	[]	顏色重，看上去不亮的	颜色重，看上去不亮的	跟「淺」相反，常放在顏色前面。	跟「浅」相反，常放在颜色前面。		[0]	general	unreviewed		[]
混|混|hun2~1	混|混|hun2	1	defined	["形"]	["形"]	["bound-form"]	["coll", "derog"]	[]	頭腦不清楚，不明白道理的	头脑不清楚，不明白道理的	這個意思也寫成「渾」，如「渾蛋」。	这个意思也写成「浑」，如「浑蛋」。		[1]	general	unreviewed	edited	["E-hun2-1"]
混|混|hun2~2	混|混|hun2	2	defined	["形"]	["形"]	["bound-form"]	[]	[]	水不清，看不見底的	水不清，看不见底的				[0]	general	unreviewed		[]
混|混|hun4~1	混|混|hun4	1	defined	["動"]	["动"]	[]	[]	[]	把不同的東西放在一起	把不同的东西放在一起				[0, 1]	general	unreviewed		[]
混|混|hun4~2	混|混|hun4	2	defined	["動"]	["动"]	[]	["coll"]	[]	沒有目標地過日子，也指跟人來往	没有目标地过日子，也指跟人来往				[3, 4, 6]	general	unreviewed		[]
混|混|hun4~3	混|混|hun4	3	defined	["動"]	["动"]	[]	[]	[]	用假的身份騙過別人	用假的身份骗过别人				[5]	general	unreviewed		[]
混|混|hun4~4	混|混|hun4	4	defined	["形"]	["形"]	[]	["coll"]	[]	做事不清楚、不講道理的	做事不清楚、不讲道理的				[2, 7, 8]	general	unreviewed		[]
混亂|混乱|hun4 luan4~1	混亂|混乱|hun4 luan4	1	defined	["形"]	["形"]	[]	[]	[]	沒有秩序，東西或事情很亂的	没有秩序，东西或事情很乱的				[0]	general	unreviewed		[]
清|清|qing1~1	清|清|qing1	1	defined	["形"]	["形"]	[]	[]	[]	一看或一聽就明白的	一看或一听就明白的				[3]	general	unreviewed		[]
清|清|qing1~2	清|清|qing1	2	defined	["形"]	["形"]	[]	[]	[]	水乾淨、能看見底的	水干净、能看见底的				[0]	general	unreviewed		[]
清|清|qing1~3	清|清|qing1	3	defined	["動"]	["动"]	[]	[]	[]	把事情或錢算完、處理好	把事情或钱算完、处理好				[4]	general	unreviewed		[]
清|清|qing1~4	清|清|qing1	4	defined	["形"]	["形"]	["bound-form"]	[]	[]	安靜，沒有人聲的	安静，没有人声的				[1]	general	unreviewed		[]
清|清|qing1~5	清|清|qing1	5	defined	["形"]	["形"]	["bound-form"]	[]	[]	為人乾淨，不做壞事的	为人干净，不做坏事的				[2]	general	unreviewed		[]
清楚|清楚|qing1 chu5~1	清楚|清楚|qing1 chu5	1	defined	["形"]	["形"]	[]	[]	[]	分明而容易看見、聽見或了解的	分明而容易看见、听见或了解的				[0, 1]	general	unreviewed		[]
清楚|清楚|qing1 chu5~2	清楚|清楚|qing1 chu5	2	defined	["動"]	["动"]	[]	[]	[]	對情況、道理了解得很明白	对情况、道理了解得很明白				[2, 3]	general	unreviewed		[]
減少|减少|jian3 shao3~1	減少|减少|jian3 shao3	1	defined	["動"]	["动"]	[]	[]	[]	數量變得比原來少，或使數量變少	数量变得比原来少，或使数量变少	「減少」既能說「人數減少了」，也能說「減少工作時間」。	「减少」既能说「人数减少了」，也能说「减少工作时间」。		[0]	general	unreviewed		[]
測試|测试|ce4 shi4~1	測試|测试|ce4 shi4	1	defined	["動", "名"]	["动", "名"]	[]	[]	[]	用一定的方法檢查機器或人的能力	用一定的方法检查机器或人的能力	電腦程序正式推出前的試用階段，也叫「測試」。	电脑程序正式推出前的试用阶段，也叫「测试」。		[0, 1, 2, 3]	general	unreviewed		[]
港|港|gang3~1	港|港|gang3	1	defined	["名"]	["名"]	[]	[]	[]	海邊或河邊供船隻停靠的地方	海边或河边供船只停靠的地方				[0, 1, 2]	general	unreviewed		[]
游|游|you2~1	游|游|you2	1	defined	["動"]	["动"]	[]	[]	[]	人或動物在水裡靠身體的動作移動	人或动物在水里靠身体的动作移动				[0]	general	unreviewed		[]
湖|湖|hu2~1	湖|湖|hu2	1	defined	["名"]	["名"]	[]	[]	[]	四周是土地的一大片水	四周是土地的一大片水				[0]	general	unreviewed		[]
湯|汤|shang1~1	湯|汤|shang1	1	defined	["形"]	["形"]	[]	["arch"]	[]	水流又大又急的	水流又大又急的	舊時書面上多疊用寫成「湯湯」，形容大水流動。	旧时书面上多叠用写成「汤汤」，形容大水流动。	archaic-form	[0]	general	unreviewed		[]
湯|汤|tang1~1	湯|汤|tang1	1	defined	["名"]	["名"]	[]	[]	[]	用肉、菜等加水煮成的食物	用肉、菜等加水煮成的食物				[0, 3]	general	unreviewed		[]
湯|汤|tang1~2	湯|汤|tang1	2	defined	["名"]	["名"]	["bound-form"]	[]	["med"]	用中藥煮成的水	用中药煮成的水				[2]	general	unreviewed		[]
湯|汤|tang1~3	湯|汤|tang1	3	defined	["名"]	["名"]	[]	["arch"]	[]	燒得很熱的水	烧得很热的水	舊時的說法，今天只見於「赴湯蹈火」這類詞語。	旧时的说法，今天只见于「赴汤蹈火」这类词语。	archaic-form	[1]	general	unreviewed		[]
準|准|zhun3~1	準|准|zhun3	1	defined	["形"]	["形"]	[]	[]	[]	跟實際或目標完全相合的	跟实际或目标完全相合的				[0]	general	unreviewed		[]
準|准|zhun3~2	準|准|zhun3	2	defined	["名"]	["名"]	["bound-form"]	[]	[]	用來比較的標準	用来比较的标准				[1]	general	unreviewed		[]
準|准|zhun3~3	準|准|zhun3	3	defined	["副"]	["副"]	[]	["coll"]	[]	一定會這樣，不會有錯	一定会这样，不会有错				[2, 3]	general	unreviewed		[]
準|准|zhun3~4	準|准|zhun3	4	defined	["綴"]	["缀"]	["bound-form"]	[]	[]	加在名詞前面，表示接近而還不完全是	加在名词前面，表示接近而还不完全是				[4, 5, 6]	general	unreviewed		[]
準備|准备|zhun3 bei4~1	準備|准备|zhun3 bei4	1	defined	["動", "名"]	["动", "名"]	[]	[]	[]	事情開始前先做好有關的工作	事情开始前先做好有关的工作				[0, 1]	general	unreviewed		[]
準備|准备|zhun3 bei4~2	準備|准备|zhun3 bei4	2	defined	["動"]	["动"]	[]	[]	[]	表示心裡已有計劃，將要做某事	表示心里已有计划，将要做某事	後面常接動詞，如「準備出發」、「準備搬家」。	后面常接动词，如「准备出发」、「准备搬家」。		[2, 3]	general	unreviewed		[]
準備|准备|zhun3 bei4~3	準備|准备|zhun3 bei4	3	defined	["名"]	["名"]	[]	[]	[]	為未來的需要留下的錢	为未来的需要留下的钱				[4]	general	unreviewed		[]
滅|灭|mie4~1	滅|灭|mie4	1	defined	["動"]	["动"]	[]	[]	[]	用水或別的辦法讓火停下來	用水或别的办法让火停下来				[0]	general	unreviewed		[]
滅|灭|mie4~2	滅|灭|mie4	2	defined	["動"]	["动"]	[]	[]	[]	火或燈自己停下來，不再亮	火或灯自己停下来，不再亮				[1]	general	unreviewed		[]
滅|灭|mie4~3	滅|灭|mie4	3	defined	["動"]	["动"]	[]	[]	[]	把人或事物完全除掉	把人或事物完全除掉				[2]	general	unreviewed		[]
滅|灭|mie4~4	滅|灭|mie4	4	defined	["動"]	["动"]	["bound-form"]	["lit"]	[]	水蓋過頭頂，人因此死去	水盖过头顶，人因此死去				[3]	general	unreviewed		[]
滿|满|man3~1	滿|满|man3	1	defined	["形"]	["形"]	[]	[]	[]	裡面裝得再也放不下的	里面装得再也放不下的	「滿」常跟在動詞後面，表示裝到不能再裝，如「倒滿」。「滿」也用在名詞前面，表示到處都是，如「滿地都是水」。	「满」常跟在动词后面，表示装到不能再装，如「倒满」。「满」也用在名词前面，表示到处都是，如「满地都是水」。		[0, 1, 2, 3]	general	unreviewed		[]
滿|满|man3~2	滿|满|man3	2	defined	["形"]	["形"]	["bound-form"]	[]	[]	心裡覺得夠了、很高興的	心里觉得够了、很高兴的				[8, 9, 10]	general	unreviewed		[]
滿|满|man3~3	滿|满|man3	3	defined	["動"]	["动"]	[]	[]	[]	到了規定的數目或時間	到了规定的数目或时间				[7]	general	unreviewed		[]
滿|满|man3~4	滿|满|man3	4	defined	["副"]	["副"]	[]	["coll"]	[]	表示程度不低，相當於「很」	表示程度不低，相当于「很」	這個用法多見於口語，後面常帶「的」，如「滿好的」。	这个用法多见于口语，后面常带「的」，如「满好的」。		[4, 5, 6]	general	unreviewed		[]
滿足|满足|man3 zu2~1	滿足|满足|man3 zu2	1	defined	["動"]	["动"]	[]	[]	[]	使人的要求或希望得到實現	使人的要求或希望得到实现				[0, 1]	general	unreviewed		[]
滿足|满足|man3 zu2~2	滿足|满足|man3 zu2	2	defined	["形"]	["形"]	[]	[]	[]	覺得已經夠了，不再要求更多的	觉得已经够了，不再要求更多的				[2, 3]	general	unreviewed		[]
演|演|yan3~1	演|演|yan3	1	defined	["動"]	["动"]	[]	[]	[]	表演戲劇、電影裡的角色	表演戏剧、电影里的角色				[0]	general	unreviewed		[]
演|演|yan3~2	演|演|yan3	2	defined	["動"]	["动"]	["bound-form"]	[]	[]	一步一步地變化發展	一步一步地变化发展				[1]	bound-form	unreviewed		[]
演|演|yan3~3	演|演|yan3	3	defined	["動"]	["动"]	["bound-form"]	[]	[]	照著一定的方法進行或計算	照着一定的方法进行或计算				[1]	bound-form	unreviewed		[]
演出|演出|yan3 chu1~1	演出|演出|yan3 chu1	1	defined	["動", "名"]	["动", "名"]	[]	[]	[]	在觀眾面前表演節目	在观众面前表演节目	「演出」多指公開、正式的表演活動，「表演」也可以指個人的動作。	「演出」多指公开、正式的表演活动，「表演」也可以指个人的动作。		[0, 1, 2, 3, 4, 5, 6]	general	unreviewed		[]
演員|演员|yan3 yuan2~1	演員|演员|yan3 yuan2	1	defined	["名"]	["名"]	[]	[]	[]	在電影、電視或舞臺上表演的人	在电影、电视或舞台上表演的人				[0]	general	unreviewed		[]
演唱|演唱|yan3 chang4~1	演唱|演唱|yan3 chang4	1	defined	["動", "名"]	["动", "名"]	[]	[]	[]	在舞臺上為觀眾唱歌	在舞台上为观众唱歌				[0, 1]	general	unreviewed		[]
演唱會|演唱会|yan3 chang4 hui4~1	演唱會|演唱会|yan3 chang4 hui4	1	defined	["名"]	["名"]	[]	[]	[]	歌手在臺上為觀眾唱歌的活動	歌手在台上为观众唱歌的活动				[0]	general	unreviewed		[]
演奏|演奏|yan3 zou4~1	演奏|演奏|yan3 zou4	1	defined	["動"]	["动"]	[]	[]	[]	用樂器表演音樂給人聽	用乐器表演音乐给人听	「演奏」只用在樂器上，用嘴唱歌不能說「演奏」。	「演奏」只用在乐器上，用嘴唱歌不能说「演奏」。		[0]	general	unreviewed		[]
漢|汉|han4~1	漢|汉|han4	1	defined	["名"]	["名"]	["bound-form"]	[]	[]	成年的男性	成年的男性				[0]	general	unreviewed		[]
漫畫|漫画|man4 hua4~1	漫畫|漫画|man4 hua4	1	defined	["名"]	["名"]	[]	[]	[]	用誇張的線條畫成的圖畫，多用來講故事或諷刺	用夸张的线条画成的图画，多用来讲故事或讽刺				[0, 1, 2]	general	unreviewed		[]
灣|湾|wan1~1	灣|湾|wan1	1	defined	["名"]	["名"]	["bound-form"]	[]	[]	海水伸進陸地形成的水面	海水伸进陆地形成的水面				[0, 1]	general	unreviewed		[]
灣|湾|wan1~2	灣|湾|wan1	2	defined	["動"]	["动"]	[]	["lit"]	[]	把船停靠在岸邊	把船停靠在岸边				[2, 3]	general	unreviewed		[]
火|火|huo3~1	火|火|huo3	1	defined	["名"]	["名"]	[]	[]	[]	東西燒起來時發出的光和熱	东西烧起来时发出的光和热				[0]	general	unreviewed		[]
火|火|huo3~2	火|火|huo3	2	defined	["名"]	["名"]	[]	[]	[]	心裡強烈的怒氣，常一下子發作出來	心里强烈的怒气，常一下子发作出来				[]	general	unreviewed	edited	["R57A-010"]
火|火|huo3~3	火|火|huo3	3	defined	["形"]	["形"]	[]	["coll"]	[]	受到很多人喜歡而流行的	受到很多人喜欢而流行的				[5]	general	unreviewed		[]
火|火|huo3~4	火|火|huo3	4	defined	["名"]	["名"]	["bound-form"]	[]	["med"]	中醫指身體內部過多的熱	中医指身体内部过多的热				[4]	general	unreviewed	edited	["E-huo3-4"]
火|火|huo3~5	火|火|huo3	5	defined	["名"]	["名"]	["bound-form"]	[]	[]	戰爭中使用的武器和彈藥，也指用槍炮攻擊	战争中使用的武器和弹药，也指用枪炮攻击				[2]	general	unreviewed	edited	["E-huo3-5"]
火|火|huo3~6	火|火|huo3	6	defined	["形"]	["形"]	["bound-form"]	[]	[]	像燒起來那樣紅或熱的	像烧起来那样红或热的				[3]	general	unreviewed		[]
火|火|huo3~7	火|火|huo3	7	defined	["形"]	["形"]	["bound-form"]	[]	[]	緊急得不能再等的	紧急得不能再等的				[1]	general	unreviewed		[]
火|火|huo3~8	火|火|huo3	8	defined	["量"]	["量"]	["classifier-is"]	["arch"]	[]	舊時用於計算軍隊的小單位	旧时用于计算军队的小单位			archaic-form	[6]	classifier-is	unreviewed	edited	["E-huo3-8"]
火|火|huo3~9	火|火|huo3	9	defined	["名"]	["名"]	[]	[]	[]	漢字的部首之一，多用在跟燒、熱有關的字裡	汉字的部首之一，多用在跟烧、热有关的字里	部首是按字形給漢字分類的方法。	部首是按字形给汉字分类的方法。	phenomenon	[7]	general	unreviewed		[]
炸彈|炸弹|zha4 dan4~1	炸彈|炸弹|zha4 dan4	1	defined	["名"]	["名"]	[]	[]	[]	能爆炸、用來殺傷和破壞的武器	能爆炸、用来杀伤和破坏的武器				[0, 1]	general	unreviewed		[]
為|为|wei2~1	為|为|wei2	1	defined	["動"]	["动"]	[]	[]	[]	當作、看作，也指有某種身份	当作、看作，也指有某种身份	常用在「以…為…」的格式裡，如「以音樂為主」。	常用在「以…为…」的格式里，如「以音乐为主」。		[0, 1, 2, 3, 4]	general	unreviewed		[]
為|为|wei2~2	為|为|wei2	2	defined	["動"]	["动"]	["bound-form"]	[]	[]	變成，多用在別的動詞後面	变成，多用在别的动词后面				[5]	general	unreviewed		[]
為|为|wei2~3	為|为|wei2	3	defined	["動"]	["动"]	[]	["lit"]	[]	是，多用在說明數字或情況的句子裡	是，多用在说明数字或情况的句子里				[6]	general	unreviewed		[]
為|为|wei2~4	為|为|wei2	4	defined	["動"]	["动"]	["bound-form"]	[]	[]	做，多指人的行動和表現	做，多指人的行动和表现				[7]	general	unreviewed		[]
為|为|wei2~5	為|为|wei2	5	defined	["綴"]	["缀"]	["bound-form"]	[]	[]	用在「極、大」等單音節的字後面，構成狀語	用在「极、大」等单音节的字后面，构成状语				[]	general	unreviewed		[]
為|为|wei2~6	為|为|wei2	6	defined	["介"]	["介"]	["function-word"]	["lit"]	[]	跟「所」連用，引出做這件事的人，表示被動	跟「所」连用，引出做这件事的人，表示被动	表示被動時，口語一般用「被」。	表示被动时，口语一般用「被」。		[8]	general	unreviewed		[]
為|为|wei4~1	為|为|wei4	1	defined	["介"]	["介"]	["function-word"]	[]	[]	用在名詞前面，引出動作服務或關心的對象	用在名词前面，引出动作服务或关心的对象				[1, 2]	general	unreviewed		[]
為|为|wei4~2	為|为|wei4	2	defined	["介"]	["介"]	["function-word"]	[]	[]	用在名詞或動詞前面，引出原因或目的	用在名词或动词前面，引出原因或目的	表示目的時常跟「而」連用；口語裡多說「為了」。	表示目的时常跟「而」连用；口语里多说「为了」。		[0]	general	unreviewed		[]
為了|为了|wei4 le5~1	為了|为了|wei4 le5	1	defined	["介"]	["介"]	["function-word"]	[]	[]	引出行動的目的，多放在句子前面	引出行动的目的，多放在句子前面	「為了」說明目的，「因為」說明原因。	「为了」说明目的，「因为」说明原因。		[0]	general	unreviewed		[]
為什麼|为什么|wei4 shen2 me5~1	為什麼|为什么|wei4 shen2 me5	1	defined	["代"]	["代"]	[]	[]	[]	用來問原因或目的	用来问原因或目的	「怎麼」也能問原因，但多用來問方式或情況。	「怎么」也能问原因，但多用来问方式或情况。		[0, 1]	general	unreviewed		[]
為止|为止|wei2 zhi3~1	為止|为止|wei2 zhi3	1	defined	["助"]	["助"]	["function-word"]	[]	[]	用在時間或範圍的詞語後面，表示到這裡結束	用在时间或范围的词语后面，表示到这里结束	「為止」不單用，前面要有「到」或「至」。常說「到目前為止」。	「为止」不单用，前面要有「到」或「至」。常说「到目前为止」。		[0, 1]	function-word	unreviewed		[]
無|无|wu2~1	無|无|wu2	1	defined	["動"]	["动"]	[]	["lit"]	[]	表示不存在，或不具有某種東西	表示不存在，或不具有某种东西	「無」跟「沒有」意思一樣，但「無」多用在詞語裡，說話時說「沒有」。	「无」跟「没有」意思一样，但「无」多用在词语里，说话时说「没有」。		[0, 1, 2, 4, 5, 6]	general	unreviewed		[]
無|无|wu2~2	無|无|wu2	2	defined	["副"]	["副"]	["bound-form"]	["lit"]	[]	用在詞語前面，表示「不」的意思	用在词语前面，表示「不」的意思				[3]	general	unreviewed		[]
無法|无法|wu2 fa3~1	無法|无法|wu2 fa3	1	defined	["副"]	["副"]	[]	[]	[]	用在動詞前，表示做不到	用在动词前，表示做不到	「無法」多用在書面，說話時常用「沒辦法」。	「无法」多用在书面，说话时常用「没办法」。		[0]	general	unreviewed		[]
無論|无论|wu2 lun4~1	無論|无论|wu2 lun4	1	defined	["連"]	["连"]	["function-word"]	[]	[]	用在句子開頭，表示條件不同，結果都一樣	用在句子开头，表示条件不同，结果都一样	後半句常用「都」或「也」。「不管」的意思相同，多用在口語。	后半句常用「都」或「也」。「不管」的意思相同，多用在口语。		[0, 1]	general	unreviewed		[]
然|然|ran2~1	然|然|ran2	1	defined	["綴"]	["缀"]	["bound-form"]	[]	[]	用在詞後面，構成形容狀態或樣子的詞	用在词后面，构成形容状态或样子的词				[5]	general	unreviewed		[]
然|然|ran2~2	然|然|ran2	2	defined	["代"]	["代"]	["bound-form"]	[]	[]	指上文說到的樣子或情況，相當於「這樣」	指上文说到的样子或情况，相当于「这样」				[2, 3, 4]	general	unreviewed		[]
然|然|ran2~3	然|然|ran2	3	defined	["形"]	["形"]	["bound-form"]	["lit"]	[]	對的，符合事實的	对的，符合事实的				[0, 1]	general	unreviewed		[]
然後|然后|ran2 hou4~1	然後|然后|ran2 hou4	1	defined	["連"]	["连"]	[]	[]	[]	用在後一件事前面，表示接著發生	用在后一件事前面，表示接着发生	「然後」可以說將來的事，「後來」只用在已經過去的事。	「然后」可以说将来的事，「后来」只用在已经过去的事。		[0]	general	unreviewed		[]
然而|然而|ran2 er2~1	然而|然而|ran2 er2	1	defined	["連"]	["连"]	["function-word"]	[]	[]	用在後一句的開頭，表示跟前面說的意思相反	用在后一句的开头，表示跟前面说的意思相反	「然而」多用在文章裡，說話時常說「可是」或「但是」。	「然而」多用在文章里，说话时常说「可是」或「但是」。		[0]	general	unreviewed		[]
照|照|zhao4~1	照|照|zhao4	1	defined	["動"]	["动"]	[]	[]	[]	太陽或燈的光射到東西上	太阳或灯的光射到东西上				[2, 3]	general	unreviewed		[]
照|照|zhao4~2	照|照|zhao4	2	defined	["動"]	["动"]	[]	[]	[]	用機器把人或東西的樣子拍成照片	用机器把人或东西的样子拍成照片				[6, 7]	general	unreviewed		[]
照|照|zhao4~3	照|照|zhao4	3	defined	["動"]	["动"]	[]	[]	[]	對著鏡子等看自己的樣子	对着镜子等看自己的样子				[4, 5]	general	unreviewed		[]
照|照|zhao4~4	照|照|zhao4	4	defined	["介"]	["介"]	["function-word"]	[]	[]	用在名詞前面，引出做事的標準或方式	用在名词前面，引出做事的标准或方式				[0, 1, 8, 9]	general	unreviewed		[]
照片|照片|zhao4 pian4~1	照片|照片|zhao4 pian4	1	defined	["名"]	["名"]	[]	[]	[]	用相機拍下來的圖像	用相机拍下来的图像				[0, 1]	general	unreviewed		[]
熊|熊|xiong2~1	熊|熊|xiong2	1	defined	["名"]	["名"]	[]	[]	[]	身體大、毛多，能直立行走的動物	身体大、毛多，能直立行走的动物				[0]	general	unreviewed		[]
熊|熊|xiong2~2	熊|熊|xiong2	2	defined	["動"]	["动"]	[]	["coll"]	[]	當面大聲地罵人	当面大声地骂人				[1]	general	unreviewed		[]
熊|熊|xiong2~3	熊|熊|xiong2	3	defined	["形"]	["形"]	[]	["coll"]	[]	能力差，做不成事的	能力差，做不成事的				[2]	general	unreviewed		[]
熱|热|re4~1	熱|热|re4	1	defined	["形"]	["形"]	[]	[]	[]	溫度高的，跟「冷」相反	温度高的，跟「冷」相反				[2]	general	unreviewed		[]
熱|热|re4~2	熱|热|re4	2	defined	["動"]	["动"]	[]	[]	[]	使東西的溫度變高，多指食物	使东西的温度变高，多指食物				[0, 1]	general	unreviewed		[]
熱|热|re4~3	熱|热|re4	3	defined	["名"]	["名"]	[]	[]	[]	讓物體溫度變高的能量	让物体温度变高的能量				[3]	general	unreviewed		[]
熱|热|re4~4	熱|热|re4	4	defined	["形"]	["形"]	["bound-form"]	[]	[]	感情很深、很強烈的	感情很深、很强烈的				[4]	general	unreviewed		[]
燈|灯|deng1~1	燈|灯|deng1	1	defined	["名"]	["名"]	[]	[]	[]	能發出光、使周圍變亮的東西	能发出光、使周围变亮的东西				[0, 1, 2, 3]	general	unreviewed		[]
燒|烧|shao1~1	燒|烧|shao1	1	defined	["動"]	["动"]	[]	[]	[]	使東西著火，被火毀掉	使东西着火，被火毁掉				[0]	general	unreviewed		[]
燒|烧|shao1~2	燒|烧|shao1	2	defined	["動"]	["动"]	[]	[]	[]	用火把水等東西弄熱	用火把水等东西弄热				[1]	general	unreviewed		[]
燒|烧|shao1~3	燒|烧|shao1	3	defined	["動"]	["动"]	[]	[]	[]	用火把食物做熟	用火把食物做熟				[2, 3]	general	unreviewed		[]
燒|烧|shao1~4	燒|烧|shao1	4	defined	["動", "名"]	["动", "名"]	[]	[]	[]	生病時身體特別熱的情況	生病时身体特别热的情况				[4, 5]	general	unreviewed		[]
燒|烧|shao1~5	燒|烧|shao1	5	defined	["動"]	["动"]	[]	["coll"]	[]	太得意而做出不應該做的事	太得意而做出不应该做的事				[6]	general	unreviewed		[]
營|营|ying2~1	營|营|ying2	1	defined	["動"]	["动"]	["bound-form"]	[]	[]	管理並從事某種生意或事業	管理并从事某种生意或事业				[4, 5]	general	unreviewed		[]
營|营|ying2~2	營|营|ying2	2	defined	["名"]	["名"]	[]	[]	["mil"]	軍隊住宿、駐紮的地方	军队住宿、驻扎的地方				[0, 1]	general	unreviewed		[]
營|营|ying2~3	營|营|ying2	3	defined	["名"]	["名"]	[]	[]	["mil"]	軍隊的編制單位，在連之上	军队的编制单位，在连之上				[2]	general	unreviewed		[]
營|营|ying2~4	營|营|ying2	4	defined	["動"]	["动"]	["bound-form"]	[]	[]	動手蓋起房屋或工程	动手盖起房屋或工程				[3]	general	unreviewed		[]
營|营|ying2~5	營|营|ying2	5	defined	["動"]	["动"]	["bound-form"]	[]	[]	想辦法謀取自己要的東西	想办法谋取自己要的东西				[6]	general	unreviewed		[]
爆炸|爆炸|bao4 zha4~1	爆炸|爆炸|bao4 zha4	1	defined	["動", "名"]	["动", "名"]	[]	[]	[]	東西突然破開，發出巨大的聲音	东西突然破开，发出巨大的声音				[0, 1, 2, 3]	general	unreviewed		[]
爆發|爆发|bao4 fa1~1	爆發|爆发|bao4 fa1	1	defined	["動"]	["动"]	[]	[]	[]	突然而猛烈地發生或衝出來	突然而猛烈地发生或冲出来	常說火山爆發、爆發戰爭，也用在疾病突然傳開的時候。	常说火山爆发、爆发战争，也用在疾病突然传开的时候。		[0]	general	unreviewed		[]
爭取|争取|zheng1 qu3~1	爭取|争取|zheng1 qu3	1	defined	["動"]	["动"]	[]	[]	[]	努力去得到或做到某件事	努力去得到或做到某件事	常說「爭取時間」、「爭取機會」，後面多接名詞或動詞。	常说「争取时间」、「争取机会」，后面多接名词或动词。		[0, 1, 2]	general	unreviewed		[]
父|父|fu4~1	父|父|fu4	1	defined	["名"]	["名"]	["bound-form"]	[]	[]	父母中的男性一方	父母中的男性一方				[0]	bound-form	unreviewed		[]
父|父|fu4~2	父|父|fu4	2	defined	["名"]	["名"]	["bound-form"]	[]	[]	跟父親同一代的男性家人	跟父亲同一代的男性家人				[1]	bound-form	unreviewed		[]
父|父|fu4~3	父|父|fu4	3	defined	["形"]	["形"]	["bound-form"]	[]	["tech"]	位於上一層、包括下一層的	位于上一层、包括下一层的	這個用法跟「子」相對，「子」指下面的一層。	这个用法跟「子」相对，「子」指下面的一层。		[2]	bound-form	unreviewed		[]
父母|父母|fu4 mu3~1	父母|父母|fu4 mu3	1	defined	["名"]	["名"]	[]	[]	[]	父親和母親的總稱	父亲和母亲的总称	「父母」較正式，跟人說話時常說「爸媽」。	「父母」较正式，跟人说话时常说「爸妈」。		[0]	general	unreviewed		[]
父親|父亲|fu4 qin1~1	父親|父亲|fu4 qin1	1	defined	["名"]	["名"]	["classifier-ref"]	[]	[]	有孩子的男子，孩子叫他爸爸	有孩子的男子，孩子叫他爸爸	「父親」比較正式，說話時一般用「爸爸」。	「父亲」比较正式，说话时一般用「爸爸」。		[0, 2]	general	unreviewed		[]
牆|墙|qiang2~1	牆|墙|qiang2	1	defined	["名"]	["名"]	[]	[]	[]	房子周圍或內部用來隔開空間的建築	房子周围或内部用来隔开空间的建筑				[0]	general	unreviewed		[]
牆|墙|qiang2~2	牆|墙|qiang2	2	defined	["動"]	["动"]	[]	["slang"]	["tech"]	用技術手段封住網站，使人打不開	用技术手段封住网站，使人打不开	多說「被牆」，很少說成主動的句子。	多说「被墙」，很少说成主动的句子。		[1]	general	unreviewed		[]
片|片|pian1~1	片|片|pian1	1	defined	["名"]	["名"]	["bound-form"]	["coll"]	[]	唱片、相片一類薄而平的東西	唱片、相片一类薄而平的东西				[0, 1]	general	unreviewed		[]
片|片|pian4~1	片|片|pian4	1	defined	["名"]	["名"]	[]	[]	[]	平而薄的小塊東西	平而薄的小块东西				[0, 1, 2]	general	unreviewed		[]
片|片|pian4~2	片|片|pian4	2	defined	["名"]	["名"]	["bound-form"]	[]	[]	電影或電視劇一類的作品	电影或电视剧一类的作品				[3, 4]	general	unreviewed		[]
片|片|pian4~3	片|片|pian4	3	defined	["量"]	["量"]	["classifier-is"]	[]	[]	用於計算薄而平的東西，如藥、麵包	用于计算薄而平的东西，如药、面包				[10, 11]	classifier-is	unreviewed		[]
片|片|pian4~4	片|片|pian4	4	defined	["量"]	["量"]	["classifier-is"]	[]	[]	用於計算連在一起的地面、水面或聲音	用于计算连在一起的地面、水面或声音	這個用法前面多用「一」，如「一片草地」。	这个用法前面多用「一」，如「一片草地」。		[12]	classifier-is	unreviewed		[]
片|片|pian4~5	片|片|pian4	5	defined	["形"]	["形"]	["bound-form"]	[]	[]	不完整的，只有一部分的	不完整的，只有一部分的				[7, 8, 9]	general	unreviewed		[]
片|片|pian4~6	片|片|pian4	6	defined	["動"]	["动"]	[]	[]	[]	用刀把東西切成薄的塊	用刀把东西切成薄的块				[5, 6]	general	unreviewed		[]
版|版|ban3~1	版|版|ban3	1	defined	["名"]	["名"]	[]	[]	[]	同一個東西經過改動後的不同樣子	同一个东西经过改动后的不同样子				[2, 3]	general	unreviewed		[]
版|版|ban3~2	版|版|ban3	2	defined	["名"]	["名"]	[]	[]	[]	報紙上按內容分成的每一面	报纸上按内容分成的每一面				[4]	general	unreviewed		[]
版|版|ban3~3	版|版|ban3	3	defined	["名"]	["名"]	["bound-form"]	[]	[]	用來印字和圖的板子	用来印字和图的板子				[1]	general	unreviewed		[]
版|版|ban3~4	版|版|ban3	4	defined	["名"]	["名"]	[]	[]	[]	舊時登記人口用的本子	旧时登记人口用的本子			archaic-form	[0]	general	unreviewed		[]
版本|版本|ban3 ben3~1	版本|版本|ban3 ben3	1	defined	["名"]	["名"]	[]	[]	[]	同一部作品先後印行或修改而成的樣子	同一部作品先后印行或修改而成的样子				[0, 1, 2]	general	unreviewed		[]
牌|牌|pai2~1	牌|牌|pai2	1	defined	["名"]	["名"]	[]	[]	[]	上面寫著字，掛起來給人看的板	上面写着字，挂起来给人看的板				[0]	general	unreviewed		[]
牌|牌|pai2~2	牌|牌|pai2	2	defined	["名"]	["名"]	[]	[]	[]	遊戲時拿在手裡的紙片或小塊	游戏时拿在手里的纸片或小块				[2]	general	unreviewed		[]
牌|牌|pai2~3	牌|牌|pai2	3	defined	["名"]	["名"]	["bound-form"]	[]	[]	表明產品由誰生產的名字或標誌	表明产品由谁生产的名字或标志				[1]	bound-form	unreviewed		[]
牌|牌|pai2~4	牌|牌|pai2	4	defined	["名"]	["名"]	["bound-form"]	[]	[]	詞和曲中規定聲調和字數的形式	词和曲中规定声调和字数的形式				[3]	bound-form	unreviewed		[]
牛|牛|niu2~1	牛|牛|niu2	1	defined	["名"]	["名"]	[]	[]	[]	頭上有角、力氣很大的大型動物，人常養牠	头上有角、力气很大的大型动物，人常养它				[0, 1, 2, 3]	general	unreviewed		[]
牛|牛|niu2~2	牛|牛|niu2	2	defined	["形"]	["形"]	[]	["slang"]	[]	能力很強或做得非常好的	能力很强或做得非常好的				[5]	general	unreviewed		[]
牛|牛|niu2~3	牛|牛|niu2	3	defined	["量"]	["量"]	["abbr"]	[]	["phys"]	力的單位，牛頓的簡稱	力的单位，牛顿的简称				[4]	abbreviation	unreviewed		[]
牠|它|ta1~1	牠|它|ta1	1	defined	["代"]	["代"]	[]	[]	[]	用來指動物的詞	用来指动物的词	指人用「他」或「她」，指東西用「它」，指動物用「牠」。這幾個詞說起來一樣，只有寫出來不同。	指人用「他」或「她」，指东西用「它」，指动物用「它」。这几个词说起来一样，只有写出来不同。		[0]	general	unreviewed		[]
物|物|wu4~1	物|物|wu4	1	defined	["名"]	["名"]	["bound-form"]	[]	[]	存在於世界上的東西，多指具體的	存在于世界上的东西，多指具体的				[0]	bound-form	unreviewed		[]
物|物|wu4~2	物|物|wu4	2	defined	["名"]	["名"]	["bound-form"]	["lit"]	[]	自己以外的人和事物	自己以外的人和事物				[1]	bound-form	unreviewed		[]
物質|物质|wu4 zhi4~1	物質|物质|wu4 zhi4	1	defined	["名"]	["名"]	["classifier-ref"]	[]	[]	佔有空間、有重量的東西	占有空间、有重量的东西				[0, 1, 2, 4]	general	unreviewed	edited	["E-wu4zhi4-1"]
物質|物质|wu4 zhi4~2	物質|物质|wu4 zhi4	2	defined	["形"]	["形"]	[]	[]	[]	跟錢和生活享受有關的	跟钱和生活享受有关的				[3]	general	unreviewed		[]
特|特|te4~1	特|特|te4	1	defined	["形"]	["形"]	["bound-form"]	[]	[]	跟一般的不一樣，值得注意的	跟一般的不一样，值得注意的				[0, 1, 2, 4]	general	unreviewed		[]
特|特|te4~2	特|特|te4	2	defined	["副"]	["副"]	[]	["lit"]	[]	表示專門為某件事而做	表示专门为某件事而做				[3]	general	unreviewed		[]
特|特|te4~3	特|特|te4	3	defined	["副"]	["副"]	[]	["coll"]	[]	表示程度很高，相當於「非常」	表示程度很高，相当于「非常」				[5]	general	unreviewed		[]
特|特|te4~4	特|特|te4	4	defined	["量"]	["量"]	["abbr"]	[]	["textile"]	特克斯的簡稱	特克斯的简称				[6]	abbreviation	unreviewed		[]
特別|特别|te4 bie2~1	特別|特别|te4 bie2	1	defined	["形"]	["形"]	[]	[]	[]	跟一般的不一樣的	跟一般的不一样的				[0]	general	unreviewed		[]
特別|特别|te4 bie2~2	特別|特别|te4 bie2	2	defined	["副"]	["副"]	[]	[]	[]	表示程度很高	表示程度很高				[1]	general	unreviewed		[]
特別|特别|te4 bie2~3	特別|特别|te4 bie2	3	defined	["副"]	["副"]	[]	[]	[]	用在「是」的前面，指出其中最主要的	用在「是」的前面，指出其中最主要的				[3]	general	unreviewed		[]
特別|特别|te4 bie2~4	特別|特别|te4 bie2	4	defined	["副"]	["副"]	[]	[]	[]	為某個目的專門去做	为某个目的专门去做				[2]	general	unreviewed		[]
特殊|特殊|te4 shu1~1	特殊|特殊|te4 shu1	1	defined	["形"]	["形"]	[]	[]	[]	跟一般的不同，不常見到的	跟一般的不同，不常见到的	「特別」可以放在形容詞前面表示程度，「特殊」不可以。	「特别」可以放在形容词前面表示程度，「特殊」不可以。		[0, 1, 2, 3]	general	unreviewed		[]
犯|犯|fan4~1	犯|犯|fan4	1	defined	["動"]	["动"]	[]	[]	[]	做出不合法律或規則的事	做出不合法律或规则的事				[0]	general	unreviewed		[]
犯|犯|fan4~2	犯|犯|fan4	2	defined	["動"]	["动"]	[]	[]	[]	做出錯事或發生不好的情況	做出错事或发生不好的情况				[5, 6]	general	unreviewed		[]
犯|犯|fan4~3	犯|犯|fan4	3	defined	["名"]	["名"]	["bound-form"]	[]	[]	做出犯罪行為的人	做出犯罪行为的人				[3, 4]	general	unreviewed		[]
犯|犯|fan4~4	犯|犯|fan4	4	defined	["動"]	["动"]	["bound-form"]	[]	[]	傷害或得罪別人	伤害或得罪别人				[1, 2]	general	unreviewed		[]
犯罪|犯罪|fan4 zui4~1	犯罪|犯罪|fan4 zui4	1	defined	["動", "名"]	["动", "名"]	[]	[]	[]	做出法律規定要處罰的行為	做出法律规定要处罚的行为	可以分開說，例如「他犯了罪」。	可以分开说，例如「他犯了罪」。		[0, 1]	general	unreviewed		[]
狀|状|zhuang4~1	狀|状|zhuang4	1	defined	["名"]	["名"]	["bound-form"]	[]	[]	事物外面的樣子	事物外面的样子				[0]	bound-form	unreviewed		[]
狀|状|zhuang4~2	狀|状|zhuang4	2	defined	["名"]	["名"]	["bound-form"]	[]	[]	人或事物在某個時候的情況	人或事物在某个时候的情况				[1]	bound-form	unreviewed		[]
狀|状|zhuang4~3	狀|状|zhuang4	3	defined	["動"]	["动"]	["bound-form"]	["lit"]	[]	用話把事物的樣子說出來	用话把事物的样子说出来				[2]	bound-form	unreviewed		[]
狀|状|zhuang4~4	狀|状|zhuang4	4	defined	["名"]	["名"]	["bound-form"]	[]	["law"]	向法庭說明案件、要求處理的文件	向法庭说明案件、要求处理的文件				[3]	bound-form	unreviewed		[]
狀|状|zhuang4~5	狀|状|zhuang4	5	defined	["名"]	["名"]	["bound-form"]	[]	[]	機構發給個人的證明文件	机构发给个人的证明文件				[4]	bound-form	unreviewed		[]
狀態|状态|zhuang4 tai4~1	狀態|状态|zhuang4 tai4	1	defined	["名"]	["名"]	[]	[]	[]	人或事物在某個時候的樣子	人或事物在某个时候的样子	跟「情況」不同：「狀態」多說人或事物本身，「情況」多說周圍的事。	跟「情况」不同：「状态」多说人或事物本身，「情况」多说周围的事。		[0]	general	unreviewed		[]
狀況|状况|zhuang4 kuang4~1	狀況|状况|zhuang4 kuang4	1	defined	["名"]	["名"]	[]	[]	[]	人或事物在某個時候的樣子	人或事物在某个时候的样子				[0]	general	unreviewed		[]
狗|狗|gou3~1	狗|狗|gou3	1	defined	["名"]	["名"]	[]	[]	[]	常養在家裡的動物，會叫，能幫人看門	常养在家里的动物，会叫，能帮人看门				[0, 1]	general	unreviewed		[]
狼|狼|lang2~1	狼|狼|lang2	1	defined	["名"]	["名"]	[]	[]	[]	樣子像狗的野生動物，成群活動，會吃別的動物	样子像狗的野生动物，成群活动，会吃别的动物				[0, 1]	general	unreviewed		[]
獎|奖|jiang3~1	獎|奖|jiang3	1	defined	["名"]	["名"]	[]	[]	[]	因為成績好而得到的榮譽或錢物	因为成绩好而得到的荣誉或钱物				[0]	general	unreviewed		[]
獎|奖|jiang3~2	獎|奖|jiang3	2	defined	["動"]	["动"]	["bound-form"]	[]	[]	說別人做得好，使他更努力	说别人做得好，使他更努力				[1]	bound-form	unreviewed		[]
獎|奖|jiang3~3	獎|奖|jiang3	3	defined	["動"]	["动"]	[]	[]	[]	把錢物或榮譽給做得好的人	把钱物或荣誉给做得好的人				[2]	general	unreviewed		[]
獨立|独立|du2 li4~1	獨立|独立|du2 li4	1	defined	["動", "形"]	["动", "形"]	[]	[]	[]	不受別人管，自己決定自己的事	不受别人管，自己决定自己的事	「獨立」常用在動詞前面，如「獨立完成」、「獨立工作」。	「独立」常用在动词前面，如「独立完成」、「独立工作」。		[0, 1, 2]	general	unreviewed		[]
獲|获|huo4~1	獲|获|huo4	1	defined	["動"]	["动"]	[]	["lit"]	[]	得到，多用於好的事物	得到，多用于好的事物	常構成「獲得」、「獲獎」、「獲勝」等詞。	常构成「获得」、「获奖」、「获胜」等词。		[1]	general	unreviewed		[]
獲|获|huo4~2	獲|获|huo4	2	defined	["動"]	["动"]	["bound-form"]	["lit"]	[]	抓住人或動物	抓住人或动物				[0]	general	unreviewed		[]
獲得|获得|huo4 de2~1	獲得|获得|huo4 de2	1	defined	["動"]	["动"]	[]	[]	[]	得到原來沒有的東西或結果	得到原来没有的东西或结果	「獲得」比「得到」正式，後面多接好的事情。	「获得」比「得到」正式，后面多接好的事情。		[0]	general	unreviewed		[]
率|率|lu:4~1	率|率|lu:4	1	defined	["名"]	["名"]	["bound-form"]	[]	[]	兩個數量相比得到的數目	两个数量相比得到的数目				[0]	bound-form	unreviewed		[]
率|率|shuai4~1	率|率|shuai4	1	defined	["動"]	["动"]	[]	["lit"]	[]	帶領一群人一起行動	带领一群人一起行动				[0, 1]	general	unreviewed		[]
率|率|shuai4~2	率|率|shuai4	2	defined	["形"]	["形"]	["bound-form"]	[]	[]	有話直說，不藏在心裡的	有话直说，不藏在心里的				[4, 5]	general	unreviewed		[]
率|率|shuai4~3	率|率|shuai4	3	defined	["形"]	["形"]	["bound-form"]	[]	[]	做事不細想、不小心的	做事不细想、不小心的				[2, 3]	general	unreviewed		[]
率|率|shuai4~4	率|率|shuai4	4	defined	["副"]	["副"]	[]	["arch"]	[]	大體上，一般情況下	大体上，一般情况下			archaic-form	[6, 7]	general	unreviewed		[]
王|王|wang2~1	王|王|wang2	1	defined	["名"]	["名"]	[]	[]	[]	世代相傳、地位最高的國家領袖	世代相传、地位最高的国家领袖				[0]	general	unreviewed		[]
王|王|wang2~2	王|王|wang2	2	defined	["名"]	["名"]	[]	[]	[]	同類之中最強、最大的一個	同类之中最强、最大的一个				[1, 2, 3]	general	unreviewed		[]
王|王|wang4~1	王|王|wang4	1	defined	["動"]	["动"]	[]	["lit"]	[]	以最高領袖的身份統治國家	以最高领袖的身份统治国家			archaic-form	[0]	general	unreviewed		[]
王國|王国|wang2 guo2~1	王國|王国|wang2 guo2	1	defined	["名"]	["名"]	[]	[]	[]	由國王統治、王位由家人繼承的國家	由国王统治、王位由家人继承的国家				[0, 1]	general	unreviewed		[]
王子|王子|wang2 zi3~1	王子|王子|wang2 zi3	1	defined	["名"]	["名"]	[]	[]	[]	國王或皇帝的兒子	国王或皇帝的儿子				[0, 1]	general	unreviewed		[]
玩|玩|wan2~1	玩|玩|wan2	1	defined	["動"]	["动"]	[]	[]	[]	做遊戲或其他讓自己快樂的活動	做游戏或其他让自己快乐的活动				[0, 1]	general	unreviewed		[]
玩|玩|wan2~2	玩|玩|wan2	2	defined	["名"]	["名"]	["bound-form"]	[]	[]	讓人拿來遊戲、覺得有趣的東西	让人拿来游戏、觉得有趣的东西				[3, 4]	general	unreviewed		[]
玩|玩|wan2~3	玩|玩|wan2	3	defined	["動"]	["动"]	[]	[]	[]	不認真地對人或事，只為了自己高興	不认真地对人或事，只为了自己高兴				[2]	general	unreviewed		[]
玩|玩|wan2~4	玩|玩|wan2	4	defined	["動"]	["动"]	[]	[]	[]	把某種活動或東西當成興趣，經常接觸	把某种活动或东西当成兴趣，经常接触	「玩音樂」指長期做這件事，不是一時的高興。	「玩音乐」指长期做这件事，不是一时的高兴。		[6]	general	unreviewed		[]
玩|玩|wan2~5	玩|玩|wan2	5	defined	["名"]	["名"]	["bound-form"]	[]	[]	從古代留下、供人收藏的東西	从古代留下、供人收藏的东西				[5]	general	unreviewed		[]
玻璃|玻璃|bo1 li5~1	玻璃|玻璃|bo1 li5	1	defined	["名"]	["名"]	[]	[]	[]	一種透明的材料，硬而容易打破	一种透明的材料，硬而容易打破				[0, 1]	general	unreviewed		[]
玻璃|玻璃|bo1 li5~2	玻璃|玻璃|bo1 li5	2	defined	["名"]	["名"]	[]	["slang", "derog"]	[]	男同性戀的人	男同性恋的人			phenomenon	[2]	general	unreviewed	edited	["E-boli-2"]
班|班|ban1~1	班|班|ban1	1	defined	["名"]	["名"]	[]	[]	[]	為了學習或工作而編成的一組人	为了学习或工作而编成的一组人				[0, 1]	general	unreviewed		[]
班|班|ban1~2	班|班|ban1	2	defined	["名"]	["名"]	[]	[]	[]	規定的一段工作時間	规定的一段工作时间				[2]	general	unreviewed		[]
班|班|ban1~3	班|班|ban1	3	defined	["量"]	["量"]	["classifier-is"]	[]	[]	用於計算成群的人或按時開出的車、飛機	用于计算成群的人或按时开出的车、飞机				[3]	classifier-is	unreviewed		[]
現|现|xian4~1	現|现|xian4	1	defined	["形"]	["形"]	["bound-form"]	[]	[]	目前存在的，不是過去的	目前存在的，不是过去的				[1, 2, 3, 4]	general	unreviewed		[]
現|现|xian4~2	現|现|xian4	2	defined	["動"]	["动"]	["bound-form"]	[]	[]	本來看不見的東西出來讓人看見	本来看不见的东西出来让人看见				[0]	general	unreviewed		[]
現代|现代|xian4 dai4~1	現代|现代|xian4 dai4	1	defined	["名"]	["名"]	[]	[]	[]	我們生活的這個時代，跟古代相對	我们生活的这个时代，跟古代相对	「當代」多指眼下這些年，範圍比「現代」小。	「当代」多指眼下这些年，范围比「现代」小。		[0, 1, 2]	general	unreviewed		[]
現在|现在|xian4 zai4~1	現在|现在|xian4 zai4	1	defined	["名"]	["名"]	[]	[]	[]	說話或做事的這個時候	说话或做事的这个时候	「現在」可以指說話的這一刻，「目前」多指最近這一段時間。	「现在」可以指说话的这一刻，「目前」多指最近这一段时间。		[0]	general	unreviewed		[]
現場|现场|xian4 chang3~1	現場|现场|xian4 chang3	1	defined	["名"]	["名"]	[]	[]	[]	事情發生或進行的地方	事情发生或进行的地方	常說「在現場」、「現場直播」，強調就在事情發生的地方和時間。	常说「在现场」、「现场直播」，强调就在事情发生的地方和时间。		[0, 1, 2]	general	unreviewed		[]
現實|现实|xian4 shi2~1	現實|现实|xian4 shi2	1	defined	["名", "形"]	["名", "形"]	[]	[]	[]	實際存在的情況，不是想像的	实际存在的情况，不是想像的				[0, 1]	general	unreviewed		[]
現實|现实|xian4 shi2~2	現實|现实|xian4 shi2	2	defined	["形"]	["形"]	[]	[]	[]	只看重眼前的好處和錢的	只看重眼前的好处和钱的	說一個人「現實」的時候，多半帶著不滿的語氣。	说一个人「现实」的时候，多半带着不满的语气。		[2]	general	unreviewed		[]
現象|现象|xian4 xiang4~1	現象|现象|xian4 xiang4	1	defined	["名"]	["名"]	[]	[]	[]	事物表現在外面、能看到的樣子	事物表现在外面、能看到的样子				[0, 1, 2]	general	unreviewed		[]
球|球|qiu2~1	球|球|qiu2	1	defined	["名"]	["名"]	[]	[]	[]	圓形的物體，多在遊戲和運動中使用	圆形的物体，多在游戏和运动中使用				[0, 1, 2, 3]	general	unreviewed		[]
球|球|qiu2~2	球|球|qiu2	2	defined	["名"]	["名"]	[]	[]	[]	球類的運動或比賽	球类的运动或比赛				[4, 5, 6]	general	unreviewed		[]
球隊|球队|qiu2 dui4~1	球隊|球队|qiu2 dui4	1	defined	["名"]	["名"]	[]	[]	["sport"]	一起參加打球比賽的團體	一起参加打球比赛的团体				[0]	general	unreviewed		[]
理|理|li3~1	理|理|li3	1	defined	["名"]	["名"]	[]	[]	[]	事物本來的樣子，也指說得通的根據	事物本来的样子，也指说得通的根据				[2, 3, 4, 5, 6]	general	unreviewed		[]
理|理|li3~2	理|理|li3	2	defined	["動"]	["动"]	[]	[]	[]	安排或管理，使事物變得整齊	安排或管理，使事物变得整齐				[9, 11, 12, 13, 14]	general	unreviewed		[]
理|理|li3~3	理|理|li3	3	defined	["動"]	["动"]	[]	[]	[]	對別人的話或做法作出反應	对别人的话或做法作出反应	多用在「不」或「別」後面，表示不願意回答對方。	多用在「不」或「别」后面，表示不愿意回答对方。		[10]	general	unreviewed		[]
理|理|li3~4	理|理|li3	4	defined	["名"]	["名"]	["bound-form"]	[]	[]	研究自然界的科學，如物理、化學	研究自然界的科学，如物理、化学				[7, 8]	general	unreviewed		[]
理|理|li3~5	理|理|li3	5	defined	["名"]	["名"]	["bound-form"]	[]	[]	木頭、石頭等表面自然形成的線條	木头、石头等表面自然形成的线条				[0, 1]	general	unreviewed		[]
理由|理由|li3 you2~1	理由|理由|li3 you2	1	defined	["名"]	["名"]	["classifier-ref"]	[]	[]	做某件事或說某句話的根據	做某件事或说某句话的根据	「原因」指事情為什麼發生，「理由」多用來說明做法對不對。	「原因」指事情为什么发生，「理由」多用来说明做法对不对。		[0, 1, 2, 3]	general	unreviewed		[]
理解|理解|li3 jie3~1	理解|理解|li3 jie3	1	defined	["動"]	["动"]	[]	[]	[]	明白事物的道理或別人的想法	明白事物的道理或别人的想法	「了解」多指知道情況，「理解」多指明白道理和心情。	「了解」多指知道情况，「理解」多指明白道理和心情。		[0]	general	unreviewed		[]
理論|理论|li3 lun4~1	理論|理论|li3 lun4	1	defined	["名"]	["名"]	[]	[]	[]	用來說明事物的一套有系統的看法	用来说明事物的一套有系统的看法				[0, 1]	general	unreviewed		[]
理論|理论|li3 lun4~2	理論|理论|li3 lun4	2	defined	["動"]	["动"]	[]	[]	[]	因為意見不同而跟人講理	因为意见不同而跟人讲理				[2, 3]	general	unreviewed		[]
瑞|瑞|rui4~1	瑞|瑞|rui4	1	defined	["形"]	["形"]	["bound-form"]	[]	[]	表示好運將要到來的	表示好运将要到来的	「瑞士」、「瑞典」裡的「瑞」只是外國名字的聲音，跟這個意思無關。	「瑞士」、「瑞典」里的「瑞」只是外国名字的声音，跟这个意思无关。		[0, 1, 2]	general	unreviewed		[]
環|环|huan2~1	環|环|huan2	1	defined	["名"]	["名"]	[]	[]	[]	圓圈形的東西，中間是空的	圆圈形的东西，中间是空的				[0, 1, 2]	general	unreviewed		[]
環|环|huan2~2	環|环|huan2	2	defined	["名"]	["名"]	[]	[]	[]	互相連著的整體中的一部分	互相连着的整体中的一部分				[3]	general	unreviewed		[]
環|环|huan2~3	環|环|huan2	3	defined	["動"]	["动"]	[]	[]	[]	在四周圍住，成一個圈	在四周围住，成一个圈				[5, 6, 7]	general	unreviewed		[]
環|环|huan2~4	環|环|huan2	4	defined	["量"]	["量"]	["classifier-is"]	[]	[]	用於計算射箭或射擊的成績	用于计算射箭或射击的成绩				[4]	classifier-is	unreviewed		[]
環境|环境|huan2 jing4~1	環境|环境|huan2 jing4	1	defined	["名"]	["名"]	[]	[]	[]	人和生物周圍的自然條件	人和生物周围的自然条件				[0, 4]	general	unreviewed		[]
環境|环境|huan2 jing4~2	環境|环境|huan2 jing4	2	defined	["名"]	["名"]	[]	[]	[]	一個人生活或工作時周圍的情況	一个人生活或工作时周围的情况				[1, 2, 3]	general	unreviewed		[]
瓦|瓦|wa3~1	瓦|瓦|wa3	1	defined	["名"]	["名"]	[]	[]	[]	蓋在屋頂上的建築材料，多用土燒成	盖在屋顶上的建筑材料，多用土烧成				[0]	general	unreviewed		[]
瓦|瓦|wa3~2	瓦|瓦|wa3	2	defined	["名"]	["名"]	["abbr"]	[]	["phys"]	電功率單位瓦特的簡稱	电功率单位瓦特的简称				[1]	abbreviation	unreviewed		[]
甚至|甚至|shen4 zhi4~1	甚至|甚至|shen4 zhi4	1	defined	["連", "副"]	["连", "副"]	[]	[]	[]	用來提出更進一步的事，表示程度很深	用来提出更进一步的事，表示程度很深	「甚至」後面常有「都」或「也」一起用，語氣更重。	「甚至」后面常有「都」或「也」一起用，语气更重。		[0]	general	unreviewed		[]
生命|生命|sheng1 ming4~1	生命|生命|sheng1 ming4	1	defined	["名"]	["名"]	[]	[]	[]	生物活著並且能活動的狀態	生物活着并且能活动的状态	「生活」指每天怎麼過日子，兩者不能換用。	「生活」指每天怎么过日子，两者不能换用。		[0]	general	unreviewed		[]
生命|生命|sheng1 ming4~2	生命|生命|sheng1 ming4	2	defined	["名"]	["名"]	[]	[]	[]	一個活著的人或動物	一个活着的人或动物				[1]	general	unreviewed		[]
生活|生活|sheng1 huo2~1	生活|生活|sheng1 huo2	1	defined	["動", "名"]	["动", "名"]	[]	[]	[]	人或動物活著並過每天的日子	人或动物活着并过每天的日子				[0, 1]	general	unreviewed		[]
生活|生活|sheng1 huo2~2	生活|生活|sheng1 huo2	2	defined	["名"]	["名"]	[]	[]	[]	過日子需要的錢和東西	过日子需要的钱和东西				[2]	general	unreviewed		[]
生物|生物|sheng1 wu4~1	生物|生物|sheng1 wu4	1	defined	["名"]	["名"]	[]	[]	[]	有生命、能生長的東西，像人、動物和花草	有生命、能生长的东西，像人、动物和花草				[0, 1]	general	unreviewed		[]
生物|生物|sheng1 wu4~2	生物|生物|sheng1 wu4	2	defined	["名"]	["名"]	[]	[]	[]	生物學的簡稱	生物学的简称				[]	general	unreviewed		[]
生產|生产|sheng1 chan3~1	生產|生产|sheng1 chan3	1	defined	["動"]	["动"]	[]	[]	[]	用材料製造出各種產品	用材料制造出各种产品				[0]	general	unreviewed		[]
生產|生产|sheng1 chan3~2	生產|生产|sheng1 chan3	2	defined	["動"]	["动"]	[]	[]	[]	女子把孩子生下來	女子把孩子生下来	這個意思比較正式，平常多說「生孩子」。	这个意思比较正式，平常多说「生孩子」。		[1]	general	unreviewed		[]
產品|产品|chan3 pin3~1	產品|产品|chan3 pin3	1	defined	["名"]	["名"]	["classifier-ref"]	[]	[]	生產出來、供人使用或買賣的東西	生产出来、供人使用或买卖的东西				[0, 1, 2, 3]	general	unreviewed		[]
產生|产生|chan3 sheng1~1	產生|产生|chan3 sheng1	1	defined	["動"]	["动"]	[]	[]	[]	從已有的事物中出現新的事物或情況	从已有的事物中出现新的事物或情况	「產生」跟「生產」不同，「生產」指做出產品。常跟「影響」、「問題」等詞語連用。	「产生」跟「生产」不同，「生产」指做出产品。常跟「影响」、「问题」等词语连用。		[0, 1]	general	unreviewed		[]
用|用|yong4~1	用|用|yong4	1	defined	["動"]	["动"]	[]	[]	[]	使人或東西為某個目的服務	使人或东西为某个目的服务				[0]	general	unreviewed		[]
用|用|yong4~2	用|用|yong4	2	defined	["介"]	["介"]	[]	[]	[]	放在動詞前面，引出做事的工具或方法	放在动词前面，引出做事的工具或方法				[1]	general	unreviewed		[]
用|用|yong4~3	用|用|yong4	3	defined	["動"]	["动"]	[]	[]	[]	有必要做某事，多出現在「不」的後面和問句裡	有必要做某事，多出现在「不」的后面和问句里	「不用」表示沒有必要，「不能」表示不可以。	「不用」表示没有必要，「不能」表示不可以。		[2]	general	unreviewed		[]
用|用|yong4~4	用|用|yong4	4	defined	["名"]	["名"]	[]	[]	[]	東西或方法能起的作用	东西或方法能起的作用				[3]	general	unreviewed		[]
用|用|yong4~5	用|用|yong4	5	defined	["名"]	["名"]	["bound-form"]	[]	[]	為某件事花的錢	为某件事花的钱				[4]	bound-form	unreviewed		[]
用|用|yong4~6	用|用|yong4	6	defined	["動"]	["动"]	[]	["hon"]	[]	客氣地說吃或喝	客气地说吃或喝	請客人吃東西時常說「請用」。	请客人吃东西时常说「请用」。		[5]	general	unreviewed	edited	["R57A-001"]
用|用|yong4~7	用|用|yong4	7	defined	["連"]	["连"]	[]	["lit"]	[]	連接前後，表示後面是前面的結果	连接前后，表示后面是前面的结果	多見於文言，現在一般說「因此」、「所以」。	多见于文言，现在一般说「因此」、「所以」。	archaic-form	[6]	general	unreviewed		[]
用來|用来|yong4 lai2~1	用來|用来|yong4 lai2	1	defined	["動"]	["动"]	[]	[]	[]	說明某樣東西是做什麼用的	说明某样东西是做什么用的	後面要接動詞，例如「用來寫字」，不能接名詞。	后面要接动词，例如「用来写字」，不能接名词。		[0]	general	unreviewed		[]
用於|用于|yong4 yu2~1	用於|用于|yong4 yu2	1	defined	["動"]	["动"]	[]	["lit"]	[]	拿來做某個方面的事情	拿来做某个方面的事情	後面接使用的方面，如「用於教學」；口語多說「用來」。	后面接使用的方面，如「用于教学」；口语多说「用来」。		[0]	general	unreviewed		[]
田|田|tian2~1	田|田|tian2	1	defined	["名"]	["名"]	[]	[]	[]	用來種東西的土地	用来种东西的土地				[0, 1, 2]	general	unreviewed		[]
由|由|you2~1	由|由|you2	1	defined	["介"]	["介"]	["function-word"]	[]	[]	引出動作的起點或經過的地方	引出动作的起点或经过的地方	「由」和「從」都能引出起點，「由」多用於書面。	「由」和「从」都能引出起点，「由」多用于书面。		[1, 3]	general	unreviewed		[]
由|由|you2~2	由|由|you2	2	defined	["介"]	["介"]	["function-word"]	[]	[]	引出動作的發出者或事情的原因	引出动作的发出者或事情的原因				[2, 4]	general	unreviewed		[]
由|由|you2~3	由|由|you2	3	defined	["動"]	["动"]	[]	[]	[]	讓人按自己的意思去做，不加限制	让人按自己的意思去做，不加限制				[0]	general	unreviewed		[]
由於|由于|you2 yu2~1	由於|由于|you2 yu2	1	defined	["介", "連"]	["介", "连"]	["function-word"]	[]	[]	用在原因的前面，引出事情發生的理由	用在原因的前面，引出事情发生的理由	「由於」多用在書面，「因為」口語書面都常用。回答「為什麼」時只能用「因為」。	「由于」多用在书面，「因为」口语书面都常用。回答「为什么」时只能用「因为」。		[0, 1, 2, 3, 4, 5]	function-word	unreviewed		[]
甲|甲|jia3~1	甲|甲|jia3	1	defined	["名"]	["名"]	["bound-form"]	[]	[]	長在手指和腳趾上的硬皮	长在手指和脚趾上的硬皮				[6]	general	unreviewed		[]
甲|甲|jia3~2	甲|甲|jia3	2	defined	["名"]	["名"]	[]	[]	[]	排在第一位的人或事物，也用來代替名字	排在第一位的人或事物，也用来代替名字				[1, 2, 3, 8]	general	unreviewed		[]
甲|甲|jia3~3	甲|甲|jia3	3	defined	["名"]	["名"]	["bound-form"]	[]	[]	動物身上或機器外面用來保護的硬層	动物身上或机器外面用来保护的硬层				[4, 5, 7]	general	unreviewed		[]
甲|甲|jia3~4	甲|甲|jia3	4	defined	["名"]	["名"]	["bound-form"]	[]	[]	傳統天干中的第一個	传统天干中的第一个	天干是傳統上用來記年、記日的十個字。	天干是传统上用来记年、记日的十个字。		[0, 10]	general	unreviewed		[]
甲|甲|jia3~5	甲|甲|jia3	5	defined	["名"]	["名"]	["bound-form"]	["arch"]	["hist"]	舊時地方上由幾十戶人家組成的單位	旧时地方上由几十户人家组成的单位				[9]	general	unreviewed		[]
申請|申请|shen1 qing3~1	申請|申请|shen1 qing3	1	defined	["動", "名"]	["动", "名"]	[]	[]	[]	向有關機構正式提出要求，希望得到批准	向有关机构正式提出要求，希望得到批准				[0, 1]	general	unreviewed		[]
男|男|nan2~1	男|男|nan2	1	defined	["形"]	["形"]	["bound-form"]	[]	[]	屬於父親、兒子這一性的，跟「女」相對	属于父亲、儿子这一性的，跟「女」相对				[0]	bound-form	unreviewed		[]
男|男|nan2~2	男|男|nan2	2	defined	["名"]	["名"]	["bound-form"]	[]	[]	舊時五等爵位中最低的一等	旧时五等爵位中最低的一等				[1]	bound-form	unreviewed		[]
男人|男人|nan2 ren2~1	男人|男人|nan2 ren2	1	defined	["名"]	["名"]	[]	[]	[]	已經長大成人的男性	已经长大成人的男性	說小男孩時用「男孩」，不用「男人」。	说小男孩时用「男孩」，不用「男人」。		[0, 1, 2, 3]	general	unreviewed		[]
男子|男子|nan2 zi3~1	男子|男子|nan2 zi3	1	defined	["名"]	["名"]	[]	["lit"]	[]	成年的男人	成年的男人	多用在書面和新聞裡，口語一般說「男人」。也用在比賽的分組上，例如「男子組」。	多用在书面和新闻里，口语一般说「男人」。也用在比赛的分组上，例如「男子组」。		[0]	general	unreviewed		[]
男性|男性|nan2 xing4~1	男性|男性|nan2 xing4	1	defined	["名"]	["名"]	[]	[]	[]	屬於男的那一類人	属于男的那一类人	「男性」多用在正式的說法裡，「男人」比較口語。	「男性」多用在正式的说法里，「男人」比较口语。		[0, 1]	general	unreviewed		[]
界|界|jie4~1	界|界|jie4	1	defined	["名"]	["名"]	["bound-form"]	[]	[]	分開兩個地方的線	分开两个地方的线				[0]	bound-form	unreviewed		[]
界|界|jie4~2	界|界|jie4	2	defined	["名"]	["名"]	["bound-form"]	[]	[]	某一種工作或事物所在的範圍	某一种工作或事物所在的范围				[1]	bound-form	unreviewed		[]
留|留|liu2~1	留|留|liu2	1	defined	["動"]	["动"]	[]	[]	[]	停在一個地方，不離開	停在一个地方，不离开	「留」也可以說「把人留下」，表示不讓他走。	「留」也可以说「把人留下」，表示不让他走。		[2, 3]	general	unreviewed		[]
留|留|liu2~2	留|留|liu2	2	defined	["動"]	["动"]	[]	[]	[]	把話或東西放下，讓別人得到	把话或东西放下，让别人得到				[0]	general	unreviewed		[]
留|留|liu2~3	留|留|liu2	3	defined	["動"]	["动"]	[]	[]	[]	保存下來，不讓它失去	保存下来，不让它失去				[1, 4, 5]	general	unreviewed		[]
留下|留下|liu2 xia4~1	留下|留下|liu2 xia4	1	defined	["動"]	["动"]	[]	[]	[]	離開時把東西放著，沒有帶走	离开时把东西放着，没有带走	「留下」是自己不帶走，「剩下」是用完以後多出來的。	「留下」是自己不带走，「剩下」是用完以后多出来的。		[0]	general	unreviewed		[]
留下|留下|liu2 xia4~2	留下|留下|liu2 xia4	2	defined	["動"]	["动"]	[]	[]	[]	不跟著走，繼續待在原來的地方	不跟着走，继续待在原来的地方				[1, 2]	general	unreviewed		[]
留下|留下|liu2 xia4~3	留下|留下|liu2 xia4	3	defined	["動"]	["动"]	[]	[]	[]	不讓人或東西離開自己這裡	不让人或东西离开自己这里				[3, 4]	general	unreviewed		[]
畢業|毕业|bi4 ye4~1	畢業|毕业|bi4 ye4	1	defined	["動", "名"]	["动", "名"]	[]	[]	[]	學生完成規定的課程，離開學校	学生完成规定的课程，离开学校	說「從大學畢業」或「大學畢業」，不說「畢業大學」。	说「从大学毕业」或「大学毕业」，不说「毕业大学」。		[0, 1, 2]	general	unreviewed		[]
畫|画|hua4~1	畫|画|hua4	1	defined	["動"]	["动"]	[]	[]	[]	用筆等工具在紙上做出圖形	用笔等工具在纸上做出图形				[0]	general	unreviewed		[]
畫|画|hua4~2	畫|画|hua4	2	defined	["名"]	["名"]	[]	[]	[]	在紙上用筆和顏色做成的作品	在纸上用笔和颜色做成的作品				[1]	general	unreviewed		[]
異|异|yi4~1	異|异|yi4	1	defined	["形"]	["形"]	["bound-form"]	[]	[]	跟別的不一樣的	跟别的不一样的				[0, 2]	general	unreviewed		[]
異|异|yi4~2	異|异|yi4	2	defined	["形"]	["形"]	["bound-form"]	[]	[]	本地以外的、別處的	本地以外的、别处的				[1]	general	unreviewed		[]
異|异|yi4~3	異|异|yi4	3	defined	["形"]	["形"]	["bound-form"]	[]	[]	跟平常不同，讓人覺得奇怪的	跟平常不同，让人觉得奇怪的				[3, 4, 5]	general	unreviewed		[]
異|异|yi4~4	異|异|yi4	4	defined	["動"]	["动"]	["bound-form"]	["lit"]	[]	把不同的分別開來看待	把不同的分别开来看待				[6, 7, 8]	general	unreviewed		[]
當|当|dang1~1	當|当|dang1	1	defined	["動"]	["动"]	[]	[]	[]	做某種工作，或處於某種身份	做某种工作，或处于某种身份	後面多接職業或身份，如「當老師」、「當兵」。	后面多接职业或身份，如「当老师」、「当兵」。		[0, 1, 2]	general	unreviewed		[]
當|当|dang1~2	當|当|dang1	2	defined	["介"]	["介"]	["function-word"]	[]	[]	用在表示時間的詞語前，引出事情發生的時候	用在表示时间的词语前，引出事情发生的时候	多用在「當…的時候」或「當…時」的句子開頭。	多用在「当…的时候」或「当…时」的句子开头。		[4, 5]	general	unreviewed		[]
當|当|dang1~3	當|当|dang1	3	defined	["形"]	["形"]	["bound-form"]	[]	[]	就在那個時間或地方的	就在那个时间或地方的				[12, 13, 14, 15]	general	unreviewed		[]
當|当|dang1~4	當|当|dang1	4	defined	["動"]	["动"]	["bound-form"]	[]	[]	按照道理應該這樣	按照道理应该这样				[6, 7]	general	unreviewed		[]
當|当|dang1~5	當|当|dang1	5	defined	["動"]	["动"]	["bound-form"]	[]	[]	彼此力量或條件差不多	彼此力量或条件差不多				[8, 9, 10]	general	unreviewed		[]
當|当|dang1~6	當|当|dang1	6	defined	["動"]	["动"]	["bound-form"]	["lit"]	[]	阻止對方，或頂住壓力	阻止对方，或顶住压力				[3, 11]	general	unreviewed		[]
當|当|dang4~1	當|当|dang4	1	defined	["動"]	["动"]	[]	[]	[]	把一種人或東西看成另一種，或用來代替	把一种人或东西看成另一种，或用来代替	常用在「把…當作…」的句式裡，也可以說「當成」。	常用在「把…当作…」的句式里，也可以说「当成」。		[5, 6, 7]	general	unreviewed		[]
當|当|dang4~2	當|当|dang4	2	defined	["形"]	["形"]	["bound-form"]	[]	[]	正適合要求或情況的	正适合要求或情况的				[1, 2, 3, 4]	general	unreviewed		[]
當|当|dang4~3	當|当|dang4	3	defined	["形"]	["形"]	["bound-form"]	[]	[]	跟前面說到的是同一個的，多指時間	跟前面说到的是同一个的，多指时间				[0]	general	unreviewed		[]
當|当|dang4~4	當|当|dang4	4	defined	["動"]	["动"]	[]	[]	[]	把東西交給專門的店換錢，以後可以再用錢換回來	把东西交给专门的店换钱，以后可以再用钱换回来				[8]	general	unreviewed		[]
當|当|dang4~5	當|当|dang4	5	defined	["動"]	["动"]	[]	["coll"]	[]	讓學生的課程成績不通過	让学生的课程成绩不通过	常說「被當」或「當掉」。	常说「被当」或「当掉」。		[9]	general	unreviewed		[]
當中|当中|dang1 zhong1~1	當中|当中|dang1 zhong1	1	defined	["名"]	["名"]	[]	[]	[]	所提到的人或事物的範圍裡面	所提到的人或事物的范围里面	常用在「在……當中」這個格式裡。	常用在「在……当中」这个格式里。		[0]	general	unreviewed		[]
當中|当中|dang1 zhong1~2	當中|当中|dang1 zhong1	2	defined	["名"]	["名"]	[]	[]	[]	一段距離或一個地方的正中間	一段距离或一个地方的正中间				[1, 2]	general	unreviewed		[]
當地|当地|dang1 di4~1	當地|当地|dang1 di4	1	defined	["名"]	["名"]	[]	[]	[]	人或事情所在的那個地方	人或事情所在的那个地方	「本地」指說話人自己所在的地方，「當地」指所說到的那個地方。	「本地」指说话人自己所在的地方，「当地」指所说到的那个地方。		[0]	general	unreviewed		[]
當時|当时|dang1 shi2~1	當時|当时|dang1 shi2	1	defined	["名"]	["名"]	[]	[]	[]	過去發生某件事的那個時候	过去发生某件事的那个时候				[0]	general	unreviewed		[]
當時|当时|dang4 shi2~1	當時|当时|dang4 shi2	1	defined	["副"]	["副"]	[]	[]	[]	表示事情馬上發生，中間沒有停頓	表示事情马上发生，中间没有停顿	常和「就」一起用，如「當時就答應了」。	常和「就」一起用，如「当时就答应了」。		[0]	general	unreviewed		[]
當然|当然|dang1 ran2~1	當然|当然|dang1 ran2	1	defined	["副"]	["副"]	[]	[]	[]	表示事情很清楚，不用懷疑	表示事情很清楚，不用怀疑	也可以單用來回答問題，表示完全同意。	也可以单用来回答问题，表示完全同意。		[2, 3, 4]	general	unreviewed		[]
當然|当然|dang1 ran2~2	當然|当然|dang1 ran2	2	defined	["形"]	["形"]	[]	[]	[]	合乎道理、應該這樣的	合乎道理、应该这样的				[0, 1]	general	unreviewed		[]
疾病|疾病|ji2 bing4~1	疾病|疾病|ji2 bing4	1	defined	["名"]	["名"]	[]	[]	[]	身體或心理出現不正常的狀況	身体或心理出现不正常的状况	「病」是平常的說法，「疾病」多用在書面或正式的場合。	「病」是平常的说法，「疾病」多用在书面或正式的场合。		[0]	general	unreviewed		[]
病|病|bing4~1	病|病|bing4	1	defined	["名"]	["名"]	[]	[]	[]	身體不健康的狀態	身体不健康的状态				[0, 1, 2]	general	unreviewed		[]
病|病|bing4~2	病|病|bing4	2	defined	["動"]	["动"]	[]	[]	[]	身體變得不健康	身体变得不健康				[3]	general	unreviewed		[]
病|病|bing4~3	病|病|bing4	3	defined	["名"]	["名"]	["bound-form"]	[]	[]	事物中不好或不對的地方	事物中不好或不对的地方				[4]	general	unreviewed		[]
症狀|症状|zheng4 zhuang4~1	症狀|症状|zheng4 zhuang4	1	defined	["名"]	["名"]	[]	[]	[]	生病時身體出現的不正常現象	生病时身体出现的不正常现象				[0]	general	unreviewed		[]
登|登|deng1~1	登|登|deng1	1	defined	["動"]	["动"]	[]	[]	[]	從低的地方上到高的地方	从低的地方上到高的地方				[0, 1, 2]	general	unreviewed		[]
登|登|deng1~2	登|登|deng1	2	defined	["動"]	["动"]	[]	[]	[]	把文章或名字記在報紙、名單上	把文章或名字记在报纸、名单上				[3, 4]	general	unreviewed		[]
登|登|deng1~3	登|登|deng1	3	defined	["動"]	["动"]	[]	[]	[]	把腳用力放在上面往下壓	把脚用力放在上面往下压				[5, 6]	general	unreviewed		[]
登|登|deng1~4	登|登|deng1	4	defined	["動"]	["动"]	[]	["dialect"]	[]	把鞋子或褲子穿上	把鞋子或裤子穿上	這個用法只見於部分方言。	这个用法只见于部分方言。	phenomenon	[7]	general	unreviewed	edited	["E-deng1-4"]
登|登|deng1~5	登|登|deng1	5	defined	["動"]	["动"]	[]	["arch"]	[]	穀物成熟收進來	谷物成熟收进来	現在只用在「五穀豐登」這類說法裡。	现在只用在「五谷丰登」这类说法里。	archaic-form	[8]	general	unreviewed	edited	["E-deng1-5"]
發|发|fa1~1	發|发|fa1	1	defined	["動"]	["动"]	[]	[]	[]	把東西送出去或交給大家	把东西送出去或交给大家				[0, 2]	general	unreviewed		[]
發|发|fa1~2	發|发|fa1	2	defined	["動"]	["动"]	[]	[]	[]	表現出某種感情或狀態	表现出某种感情或状态				[1]	general	unreviewed		[]
發|发|fa1~3	發|发|fa1	3	defined	["動"]	["动"]	[]	["coll"]	[]	錢和生意越來越多，變得富有	钱和生意越来越多，变得富有				[3, 4]	general	unreviewed		[]
發|发|fa1~4	發|发|fa1	4	defined	["量"]	["量"]	["classifier-is"]	[]	[]	用於計算射出的子彈	用于计算射出的子弹				[5]	classifier-is	unreviewed		[]
發出|发出|fa1 chu1~1	發出|发出|fa1 chu1	1	defined	["動"]	["动"]	[]	[]	[]	把命令、通知等向外送出	把命令、通知等向外送出				[0]	general	unreviewed		[]
發出|发出|fa1 chu1~2	發出|发出|fa1 chu1	2	defined	["動"]	["动"]	[]	[]	[]	產生出聲音或光，向外傳開	产生出声音或光，向外传开				[1]	general	unreviewed		[]
發動|发动|fa1 dong4~1	發動|发动|fa1 dong4	1	defined	["動"]	["动"]	[]	[]	[]	使戰爭、攻擊等開始	使战争、攻击等开始				[1, 2]	general	unreviewed		[]
發動|发动|fa1 dong4~2	發動|发动|fa1 dong4	2	defined	["動"]	["动"]	[]	[]	[]	使機器開始運轉	使机器开始运转				[0]	general	unreviewed		[]
發動|发动|fa1 dong4~3	發動|发动|fa1 dong4	3	defined	["動"]	["动"]	[]	[]	[]	使很多人一起行動起來	使很多人一起行动起来				[3, 4]	general	unreviewed		[]
發射|发射|fa1 she4~1	發射|发射|fa1 she4	1	defined	["動", "名"]	["动", "名"]	[]	[]	[]	用武器或設備把東西高速射出去	用武器或设备把东西高速射出去				[0, 1, 2, 5, 6]	general	unreviewed		[]
發射|发射|fa1 she4~2	發射|发射|fa1 she4	2	defined	["動"]	["动"]	[]	[]	[]	物體向外放出光、電波等	物体向外放出光、电波等				[3, 4]	general	unreviewed		[]
發布|发布|fa1 bu4~1	發布|发布|fa1 bu4	1	defined	["動"]	["动"]	[]	[]	[]	正式向大家公開消息或命令	正式向大家公开消息或命令	「發布」的對象多是消息、命令，「發表」的對象多是文章、意見。	「发布」的对象多是消息、命令，「发表」的对象多是文章、意见。		[0, 1, 2, 3]	general	unreviewed		[]
發揮|发挥|fa1 hui1~1	發揮|发挥|fa1 hui1	1	defined	["動"]	["动"]	[]	[]	[]	把能力、作用等完全表現出來	把能力、作用等完全表现出来				[0, 1, 2]	general	unreviewed		[]
發揮|发挥|fa1 hui1~2	發揮|发挥|fa1 hui1	2	defined	["動"]	["动"]	[]	[]	[]	把想法或道理進一步說明	把想法或道理进一步说明				[3, 4, 5]	general	unreviewed		[]
發明|发明|fa1 ming2~1	發明|发明|fa1 ming2	1	defined	["動", "名"]	["动", "名"]	[]	[]	[]	想出並造出以前沒有的東西	想出并造出以前没有的东西				[0, 1, 2]	general	unreviewed		[]
發現|发现|fa1 xian4~1	發現|发现|fa1 xian4	1	defined	["動"]	["动"]	[]	[]	[]	開始知道以前沒有注意到的事情	开始知道以前没有注意到的事情				[0]	general	unreviewed		[]
發現|发现|fa1 xian4~2	發現|发现|fa1 xian4	2	defined	["動", "名"]	["动", "名"]	[]	[]	[]	找到或看到以前沒有人知道的事物	找到或看到以前没有人知道的事物	「發現」是找到本來就存在的事物，「發明」是創造出新的東西。	「发现」是找到本来就存在的事物，「发明」是创造出新的东西。		[1, 2]	general	unreviewed		[]
發生|发生|fa1 sheng1~1	發生|发生|fa1 sheng1	1	defined	["動"]	["动"]	[]	[]	[]	原來沒有的事情出現	原来没有的事情出现	「發生」多用於事情、變化，「出現」多用於能看到的人或東西。	「发生」多用于事情、变化，「出现」多用于能看到的人或东西。		[0]	general	unreviewed		[]
發表|发表|fa1 biao3~1	發表|发表|fa1 biao3	1	defined	["動"]	["动"]	[]	[]	[]	公開說出自己的意見或想法	公开说出自己的意见或想法				[0]	general	unreviewed		[]
發表|发表|fa1 biao3~2	發表|发表|fa1 biao3	2	defined	["動"]	["动"]	[]	[]	[]	把文章、作品登在報紙或雜誌上	把文章、作品登在报纸或杂志上				[1]	general	unreviewed		[]
白色|白色|bai2 se4~1	白色|白色|bai2 se4	1	defined	["名"]	["名"]	[]	[]	[]	像雪那樣的顏色	像雪那样的颜色				[0]	general	unreviewed		[]
白色|白色|bai2 se4~2	白色|白色|bai2 se4	2	defined	["形"]	["形"]	[]	[]	[]	政治上指反對革命的	政治上指反对革命的				[1, 2]	general	unreviewed		[]
百|百|bai3~1	百|百|bai3	1	defined	["數"]	["数"]	[]	[]	[]	數目，等於十個十	数目，等于十个十				[0]	general	unreviewed		[]
百|百|bai3~2	百|百|bai3	2	defined	["數"]	["数"]	["bound-form"]	[]	[]	數目很多，種類也多	数目很多，种类也多				[1, 2]	general	unreviewed		[]
百萬|百万|bai3 wan4~1	百萬|百万|bai3 wan4	1	defined	["數"]	["数"]	[]	[]	[]	數目，一萬的一百倍	数目，一万的一百倍				[0]	general	unreviewed		[]
的|的|de5~1	的|的|de5	1	defined	["助"]	["助"]	["particle", "function-word"]	[]	[]	用在修飾語和名詞之間，表示修飾語說明名詞	用在修饰语和名词之间，表示修饰语说明名词	「的」後面是名詞，「地」後面是動詞，「得」在動詞後面。	「的」后面是名词，「地」后面是动词，「得」在动词后面。		[0, 1]	function-word	unreviewed		[]
的|的|de5~2	的|的|de5	2	defined	["助"]	["助"]	["particle", "function-word"]	[]	[]	用在動詞、形容詞等後面，指某種人或東西	用在动词、形容词等后面，指某种人或东西	後面的名詞不說出來，別人也知道指誰或什麼。	后面的名词不说出来，别人也知道指谁或什么。		[3]	function-word	unreviewed		[]
的|的|de5~3	的|的|de5	3	defined	["助"]	["助"]	["particle", "function-word"]	[]	[]	用在句末，使語氣更加肯定	用在句末，使语气更加肯定	常和「是」一起用，表示事情發生的時間、地點等。	常和「是」一起用，表示事情发生的时间、地点等。		[2]	function-word	unreviewed		[]
的|的|di1~1	的|的|di1	1	defined	["名"]	["名"]	["abbr", "bound-form"]	["coll"]	[]	「的士」的簡稱	「的士」的简称				[0]	abbreviation	unreviewed		[]
的|的|di2~1	的|的|di2	1	defined	["副"]	["副"]	["bound-form"]	[]	[]	確實，表示事情真是這樣	确实，表示事情真是这样				[0]	general	unreviewed		[]
的|的|di4~1	的|的|di4	1	defined	["名"]	["名"]	["bound-form"]	[]	[]	想要打中或達到的目標	想要打中或达到的目标				[0]	bound-form	unreviewed		[]
的確|的确|di2 que4~1	的確|的确|di2 que4	1	defined	["副"]	["副"]	[]	[]	[]	用在動詞或形容詞前面，加強肯定的語氣	用在动词或形容词前面，加强肯定的语气				[0, 1]	general	unreviewed		[]
的話|的话|de5 hua4~1	的話|的话|de5 hua4	1	defined	["助"]	["助"]	["function-word"]	[]	[]	用在句子後面，表示前面說的是假設的條件	用在句子后面，表示前面说的是假设的条件	「如果」放在句子前面，「的話」放在後面，兩者常一起用。只用「的話」也可以，語氣比較隨便。	「如果」放在句子前面，「的话」放在后面，两者常一起用。只用「的话」也可以，语气比较随便。		[0]	function-word	unreviewed		[]
皆|皆|jie1~1	皆|皆|jie1	1	defined	["副"]	["副"]	[]	["lit"]	[]	用在動詞前面，表示人或事物全都這樣	用在动词前面，表示人或事物全都这样	「皆」多用在書面，說話時一般用「都」。	「皆」多用在书面，说话时一般用「都」。		[0, 1, 2]	general	unreviewed		[]
皇后|皇后|huang2 hou4~1	皇后|皇后|huang2 hou4	1	defined	["名"]	["名"]	[]	[]	[]	皇帝的妻子，在宮中地位最高	皇帝的妻子，在宫中地位最高	自己統治國家的女性叫「女王」，不叫「皇后」。	自己统治国家的女性叫「女王」，不叫「皇后」。		[0, 1]	general	unreviewed		[]
皮|皮|pi2~1	皮|皮|pi2	1	defined	["名"]	["名"]	[]	[]	[]	人、動物和植物表面的一層	人、动物和植物表面的一层				[0]	general	unreviewed		[]
皮|皮|pi2~2	皮|皮|pi2	2	defined	["名"]	["名"]	[]	[]	[]	從動物身上取下的一層，可以做鞋和衣服	从动物身上取下的一层，可以做鞋和衣服				[1]	general	unreviewed		[]
皮|皮|pi2~3	皮|皮|pi2	3	defined	["名"]	["名"]	[]	[]	[]	包在東西外面的一層	包在东西外面的一层				[2]	general	unreviewed		[]
皮|皮|pi2~4	皮|皮|pi2	4	defined	["形"]	["形"]	[]	["coll"]	[]	多指小孩愛玩、不聽話的	多指小孩爱玩、不听话的				[4]	general	unreviewed		[]
皮|皮|pi2~5	皮|皮|pi2	5	defined	["形"]	["形"]	[]	[]	[]	食物放久了，不再脆的	食物放久了，不再脆的				[3]	general	unreviewed		[]
皮|皮|pi2~6	皮|皮|pi2	6	defined	["綴"]	["缀"]	["bound-form"]	[]	["phys"]	用在單位前面，表示萬億分之一	用在单位前面，表示万亿分之一				[5]	general	unreviewed		[]
盃|杯|bei1~1	盃|杯|bei1	1	defined	["名"]	["名"]	[]	[]	[]	比賽中發給冠軍的獎品	比赛中发给冠军的奖品				[1]	general	unreviewed		[]
盃|杯|bei1~2	盃|杯|bei1	2	defined	["量"]	["量"]	["classifier-is"]	[]	[]	用於計算杯子裝著的水、茶、酒等	用于计算杯子装着的水、茶、酒等				[2]	classifier-is	unreviewed		[]
監獄|监狱|jian1 yu4~1	監獄|监狱|jian1 yu4	1	defined	["名"]	["名"]	[]	[]	[]	把犯罪的人關起來的地方	把犯罪的人关起来的地方				[0]	general	unreviewed		[]
盤|盘|pan2~1	盤|盘|pan2	1	defined	["名"]	["名"]	[]	[]	[]	用來裝菜或放東西的平底容器	用来装菜或放东西的平底容器				[0]	general	unreviewed		[]
盤|盘|pan2~10	盤|盘|pan2	10	defined	["動"]	["动"]	[]	["coll"]	[]	搬動又大又重的東西	搬动又大又重的东西				[6]	general	unreviewed		[]
盤|盘|pan2~2	盤|盘|pan2	2	defined	["名"]	["名"]	["bound-form"]	[]	["tech"]	電腦裡用來存放資料的東西	电脑里用来存放资料的东西				[2]	bound-form	unreviewed		[]
盤|盘|pan2~3	盤|盘|pan2	3	defined	["量"]	["量"]	["classifier-is"]	[]	[]	用於計算裝在盤子裡的食物	用于计算装在盘子里的食物				[7]	classifier-is	unreviewed		[]
盤|盘|pan2~4	盤|盘|pan2	4	defined	["量"]	["量"]	["classifier-is"]	[]	[]	用於計算下棋、打球等的次數	用于计算下棋、打球等的次数				[9]	classifier-is	unreviewed		[]
盤|盘|pan2~5	盤|盘|pan2	5	defined	["量"]	["量"]	["classifier-is"]	[]	[]	用於計算一圈一圈繞起來的東西	用于计算一圈一圈绕起来的东西				[8]	classifier-is	unreviewed		[]
盤|盘|pan2~6	盤|盘|pan2	6	defined	["動"]	["动"]	[]	[]	[]	把長條的東西一圈一圈繞起來	把长条的东西一圈一圈绕起来				[3]	general	unreviewed		[]
盤|盘|pan2~7	盤|盘|pan2	7	defined	["動"]	["动"]	["bound-form"]	[]	[]	一項一項地查問清楚	一项一项地查问清楚				[4]	bound-form	unreviewed		[]
盤|盘|pan2~8	盤|盘|pan2	8	defined	["名"]	["名"]	["bound-form"]	[]	[]	市場上買賣的價格情況	市场上买卖的价格情况				[1]	bound-form	unreviewed		[]
盤|盘|pan2~9	盤|盘|pan2	9	defined	["動"]	["动"]	[]	[]	[]	買下或賣出店鋪等產業	买下或卖出店铺等产业				[5]	general	unreviewed		[]
目前|目前|mu4 qian2~1	目前|目前|mu4 qian2	1	defined	["名"]	["名"]	[]	[]	[]	說話時的這段時間	说话时的这段时间	「目前」說的是最近這一段時間，「現在」可以指說話的這個時候。	「目前」说的是最近这一段时间，「现在」可以指说话的这个时候。		[0, 1]	general	unreviewed		[]
目標|目标|mu4 biao1~1	目標|目标|mu4 biao1	1	defined	["名"]	["名"]	[]	[]	[]	做事以前定下的、想要達到的結果	做事以前定下的、想要达到的结果	「目標」是想達到的具體結果，「目的」是做這件事的原因。	「目标」是想达到的具体结果，「目的」是做这件事的原因。		[1, 2, 3]	general	unreviewed	edited	["E-mu4biao1-1"]
目標|目标|mu4 biao1~2	目標|目标|mu4 biao1	2	defined	["名"]	["名"]	[]	[]	[]	攻擊、尋找時對準的人或東西	攻击、寻找时对准的人或东西				[0]	general	unreviewed		[]
目的|目的|mu4 di4~1	目的|目的|mu4 di4	1	defined	["名"]	["名"]	[]	[]	[]	做事情想要達到的結果	做事情想要达到的结果	「目標」多指具體要達到的事物，「目的」則說明為什麼做。	「目标」多指具体要达到的事物，「目的」则说明为什么做。		[0]	general	unreviewed		[]
直|直|zhi2~1	直|直|zhi2	1	defined	["形", "動"]	["形", "动"]	[]	[]	[]	成一條線，中間不轉方向的	成一条线，中间不转方向的				[0, 1]	general	unreviewed		[]
直|直|zhi2~2	直|直|zhi2	2	defined	["形"]	["形"]	[]	[]	[]	心裡怎麼想就怎麼說的	心里怎么想就怎么说的	「直」多用來說人的性格，「直接」多用來說做事的方式。	「直」多用来说人的性格，「直接」多用来说做事的方式。		[3, 4]	general	unreviewed		[]
直|直|zhi2~3	直|直|zhi2	3	defined	["副"]	["副"]	[]	[]	[]	用在動詞前面，表示動作不停地進行	用在动词前面，表示动作不停地进行				[5]	general	unreviewed		[]
直|直|zhi2~4	直|直|zhi2	4	defined	["形"]	["形"]	["bound-form"]	[]	[]	做事公正，說話有道理的	做事公正，说话有道理的				[2]	general	unreviewed		[]
直|直|zhi2~5	直|直|zhi2	5	defined	["形"]	["形"]	[]	[]	[]	上下方向的，跟「橫」相反	上下方向的，跟「横」相反				[6]	general	unreviewed		[]
直|直|zhi2~6	直|直|zhi2	6	defined	["名"]	["名"]	[]	[]	[]	漢字中從上到下的筆畫	汉字中从上到下的笔画	這種筆畫現在多半叫做「豎」。	这种笔画现在多半叫做「竖」。		[7]	general	unreviewed		[]
直到|直到|zhi2 dao4~1	直到|直到|zhi2 dao4	1	defined	["介"]	["介"]	[]	[]	[]	用在時間詞前面，表示一直持續到那時	用在时间词前面，表示一直持续到那时	常和後面的「才」一起用，表示到了那時候事情才發生。	常和后面的「才」一起用，表示到了那时候事情才发生。		[0]	general	unreviewed		[]
直接|直接|zhi2 jie1~1	直接|直接|zhi2 jie1	1	defined	["形", "副"]	["形", "副"]	[]	[]	[]	中間不經過別的人或事物的	中间不经过别的人或事物的	說一個人「說話直接」，是說他有話就說，不怕別人不高興。	说一个人「说话直接」，是说他有话就说，不怕别人不高兴。		[0, 1, 2]	general	unreviewed		[]
相|相|xiang1~1	相|相|xiang1	1	defined	["副"]	["副"]	["bound-form"]	[]	[]	表示動作由雙方彼此進行	表示动作由双方彼此进行				[0, 1, 2]	general	unreviewed		[]
相|相|xiang1~2	相|相|xiang1	2	defined	["名"]	["名"]	[]	[]	["music"]	琵琶上用來按音的地方	琵琶上用来按音的地方				[3]	general	unreviewed		[]
相|相|xiang4~1	相|相|xiang4	1	defined	["名"]	["名"]	["bound-form"]	[]	[]	拍照後留下的圖像	拍照后留下的图像				[1, 2]	general	unreviewed		[]
相|相|xiang4~2	相|相|xiang4	2	defined	["名"]	["名"]	["bound-form"]	[]	[]	一個人或東西看上去的樣子	一个人或东西看上去的样子				[0]	general	unreviewed		[]
相|相|xiang4~3	相|相|xiang4	3	defined	["名"]	["名"]	["bound-form"]	[]	[]	國家最高一級的官員	国家最高一级的官员				[3]	general	unreviewed		[]
相|相|xiang4~4	相|相|xiang4	4	defined	["動"]	["动"]	["bound-form"]	[]	[]	從人的長相說出他的命運	从人的长相说出他的命运				[5, 6]	general	unreviewed		[]
相|相|xiang4~5	相|相|xiang4	5	defined	["名"]	["名"]	[]	[]	["phys"]	物質在一定條件下的狀態	物质在一定条件下的状态				[4]	general	unreviewed		[]
相互|相互|xiang1 hu4~1	相互|相互|xiang1 hu4	1	defined	["副"]	["副"]	[]	[]	[]	表示兩方對彼此做同樣的事	表示两方对彼此做同样的事	「相互」和「互相」意思相同，「相互」多用在書面，還可以放在名詞前面。	「相互」和「互相」意思相同，「相互」多用在书面，还可以放在名词前面。		[0, 1]	general	unreviewed		[]
相似|相似|xiang1 si4~1	相似|相似|xiang1 si4	1	defined	["形"]	["形"]	[]	[]	[]	樣子或情況有很多地方一樣的	样子或情况有很多地方一样的	「相似」是有些地方一樣，「相同」是完全一樣。	「相似」是有些地方一样，「相同」是完全一样。		[0]	general	unreviewed		[]
相信|相信|xiang1 xin4~1	相信|相信|xiang1 xin4	1	defined	["動"]	["动"]	[]	[]	[]	認為某人的話或某件事是真的	认为某人的话或某件事是真的	「以為」多用在後來發現不對的時候，「相信」沒有這個意思。	「以为」多用在后来发现不对的时候，「相信」没有这个意思。		[0]	general	unreviewed		[]
相同|相同|xiang1 tong2~1	相同|相同|xiang1 tong2	1	defined	["形"]	["形"]	[]	[]	[]	彼此完全一樣、沒有分別的	彼此完全一样、没有分别的	說話時多用「一樣」，「相同」多用在書面上。	说话时多用「一样」，「相同」多用在书面上。		[0]	general	unreviewed		[]
相當|相当|xiang1 dang1~1	相當|相当|xiang1 dang1	1	defined	["副"]	["副"]	[]	[]	[]	表示程度高，多用在形容詞前面	表示程度高，多用在形容词前面	「相當」表示的程度比「比較」高，但不如「非常」。	「相当」表示的程度比「比较」高，但不如「非常」。		[2, 3, 4, 5]	general	unreviewed		[]
相當|相当|xiang1 dang1~2	相當|相当|xiang1 dang1	2	defined	["動"]	["动"]	[]	[]	[]	兩方在數量或程度上差不多	两方在数量或程度上差不多	表示等於別的數量時，常說「相當於」。	表示等于别的数量时，常说「相当于」。		[0]	general	unreviewed		[]
相當|相当|xiang1 dang1~3	相當|相当|xiang1 dang1	3	defined	["形"]	["形"]	[]	[]	[]	跟需要或條件配得上的	跟需要或条件配得上的				[1]	general	unreviewed		[]
相關|相关|xiang1 guan1~1	相關|相关|xiang1 guan1	1	defined	["形"]	["形"]	[]	[]	[]	兩者之間或跟某件事有關係的	两者之间或跟某件事有关系的	「有關」和「相關」意思差不多，「相關」多用在書面。	「有关」和「相关」意思差不多，「相关」多用在书面。		[0, 1, 2, 3]	general	unreviewed		[]
相關|相关|xiang1 guan1~2	相關|相关|xiang1 guan1	2	defined	["名"]	["名"]	[]	[]	["math"]	一種數量變化時另一種也跟著變化的關係	一种数量变化时另一种也跟着变化的关系				[4]	general	unreviewed		[]
省|省|sheng3~1	省|省|sheng3	1	defined	["動"]	["动"]	[]	[]	[]	少用錢、時間或力氣	少用钱、时间或力气				[0]	general	unreviewed		[]
省|省|sheng3~2	省|省|sheng3	2	defined	["名"]	["名"]	[]	[]	[]	國家下面最大的一級地區	国家下面最大的一级地区				[2, 3]	general	unreviewed		[]
省|省|sheng3~3	省|省|sheng3	3	defined	["動"]	["动"]	[]	[]	[]	把不必要的部分去掉	把不必要的部分去掉				[1]	general	unreviewed		[]
省|省|sheng3~4	省|省|sheng3	4	defined	["名"]	["名"]	["bound-form"]	[]	[]	日本中央政府的部門	日本中央政府的部门				[4]	general	unreviewed		[]
省|省|xing3~1	省|省|xing3	1	defined	["動"]	["动"]	["bound-form"]	[]	[]	認真檢查自己的想法和行為	认真检查自己的想法和行为				[0, 1]	bound-form	unreviewed		[]
省|省|xing3~2	省|省|xing3	2	defined	["動"]	["动"]	["bound-form"]	[]	[]	對原來不明白的事突然明白過來	对原来不明白的事突然明白过来				[2]	bound-form	unreviewed		[]
省|省|xing3~3	省|省|xing3	3	defined	["動"]	["动"]	["bound-form"]	["lit"]	[]	回家看父母或年長的親人	回家看父母或年长的亲人				[3]	bound-form	unreviewed		[]
看|看|kan1~1	看|看|kan1	1	defined	["動"]	["动"]	[]	[]	[]	守著並照顧人或東西	守着并照顾人或东西				[0, 1]	general	unreviewed		[]
看|看|kan1~2	看|看|kan1	2	defined	["動"]	["动"]	[]	[]	[]	守住，不讓人跑掉或東西被偷	守住，不让人跑掉或东西被偷				[2, 3]	general	unreviewed		[]
看|看|kan4~1	看|看|kan4	1	defined	["動"]	["动"]	[]	[]	[]	用眼睛接觸人、東西或文字	用眼睛接触人、东西或文字				[0, 1, 2]	general	unreviewed		[]
看|看|kan4~2	看|看|kan4	2	defined	["動"]	["动"]	[]	[]	[]	去別人那裡跟他見面，表示關心	去别人那里跟他见面，表示关心				[3]	general	unreviewed		[]
看|看|kan4~3	看|看|kan4	3	defined	["動"]	["动"]	[]	[]	[]	醫生給病人治病，也指找醫生治病	医生给病人治病，也指找医生治病				[6]	general	unreviewed		[]
看|看|kan4~4	看|看|kan4	4	defined	["動"]	["动"]	[]	[]	[]	心裡覺得人或事情是某個樣子	心里觉得人或事情是某个样子				[4, 8]	general	unreviewed		[]
看|看|kan4~5	看|看|kan4	5	defined	["動"]	["动"]	[]	[]	[]	由某個條件決定	由某个条件决定				[7]	general	unreviewed		[]
看|看|kan4~6	看|看|kan4	6	defined	["動"]	["动"]	[]	[]	[]	小心照顧，不讓出問題	小心照顾，不让出问题				[5, 10]	general	unreviewed		[]
看|看|kan4~7	看|看|kan4	7	defined	["助"]	["助"]	[]	[]	[]	用在動詞後面，表示試著做	用在动词后面，表示试着做	常用在「試試」「想想」這類說法的後面。	常用在「试试」「想想」这类说法的后面。		[9]	general	unreviewed		[]
看到|看到|kan4 dao4~1	看到|看到|kan4 dao4	1	defined	["動"]	["动"]	[]	[]	[]	用眼睛發現某個人或事物	用眼睛发现某个人或事物	「看」表示動作，「看到」表示看的結果。	「看」表示动作，「看到」表示看的结果。		[0]	general	unreviewed		[]
看法|看法|kan4 fa3~1	看法|看法|kan4 fa3	1	defined	["名"]	["名"]	[]	[]	[]	對人或事情的認識和意見	对人或事情的认识和意见	「看法」多指對人或事的評價，「想法」多指心裡打算怎麼做。	「看法」多指对人或事的评价，「想法」多指心里打算怎么做。		[0, 1, 2, 3]	general	unreviewed		[]
看見|看见|kan4 jian4~1	看見|看见|kan4 jian4	1	defined	["動"]	["动"]	[]	[]	[]	用眼睛發現人或事物	用眼睛发现人或事物	「看」是用眼睛去做的動作，「看見」是真的發現了。所以可以說「看了半天也沒看見」。	「看」是用眼睛去做的动作，「看见」是真的发现了。所以可以说「看了半天也没看见」。		[0]	general	unreviewed		[]
真|真|zhen1~1	真|真|zhen1	1	defined	["副"]	["副"]	[]	[]	[]	確實是這樣，多用在形容詞或動詞前	确实是这样，多用在形容词或动词前	「真」表示說話人的感覺，「很」只說程度。	「真」表示说话人的感觉，「很」只说程度。		[0, 1, 2]	general	unreviewed		[]
真|真|zhen1~2	真|真|zhen1	2	defined	["形"]	["形"]	[]	[]	[]	跟實際情況一樣的，不是假的	跟实际情况一样的，不是假的				[3, 4, 5]	general	unreviewed		[]
真實|真实|zhen1 shi2~1	真實|真实|zhen1 shi2	1	defined	["形"]	["形"]	[]	[]	[]	跟事實一樣的，不是假的	跟事实一样的，不是假的	「真實」指跟事實相同，「真正」指確實是那一類。	「真实」指跟事实相同，「真正」指确实是那一类。		[0]	general	unreviewed		[]
真正|真正|zhen1 zheng4~1	真正|真正|zhen1 zheng4	1	defined	["形", "副"]	["形", "副"]	[]	[]	[]	完全符合事實的，不只是表面上的	完全符合事实的，不只是表面上的	「真」多用在形容詞前面，「真正」多用在名詞或動詞前面。	「真」多用在形容词前面，「真正」多用在名词或动词前面。		[0, 1]	general	unreviewed		[]
真的|真的|zhen1 de5~1	真的|真的|zhen1 de5	1	defined	["副"]	["副"]	[]	[]	[]	表示情況確實是這樣	表示情况确实是这样				[0]	general	unreviewed		[]
真的|真的|zhen1 de5~2	真的|真的|zhen1 de5	2	defined	["形"]	["形"]	[]	[]	[]	不是假的，確實是那樣的	不是假的，确实是那样的				[1, 2]	general	unreviewed		[]
眼|眼|yan3~1	眼|眼|yan3	1	defined	["名"]	["名"]	[]	[]	[]	人和動物用來看東西的器官	人和动物用来看东西的器官				[0]	general	unreviewed		[]
眼|眼|yan3~2	眼|眼|yan3	2	defined	["量"]	["量"]	[]	[]	[]	用於計算看的次數	用于计算看的次数	多說「看了一眼」，表示只看很短的時間。	多说「看了一眼」，表示只看很短的时间。		[1]	general	unreviewed		[]
眼|眼|yan3~3	眼|眼|yan3	3	defined	["名"]	["名"]	["bound-form"]	[]	[]	東西上的小洞	东西上的小洞				[2]	bound-form	unreviewed		[]
眼|眼|yan3~4	眼|眼|yan3	4	defined	["名"]	["名"]	["bound-form"]	[]	[]	事情中最關鍵的部分	事情中最关键的部分				[3]	bound-form	unreviewed		[]
眼|眼|yan3~5	眼|眼|yan3	5	defined	["量"]	["量"]	["classifier-is"]	[]	[]	用於計算井、窯洞等	用于计算井、窑洞等				[4]	classifier-is	unreviewed		[]
眼睛|眼睛|yan3 jing5~1	眼睛|眼睛|yan3 jing5	1	defined	["名"]	["名"]	["classifier-ref"]	[]	[]	人和動物用來看東西的身體部分	人和动物用来看东西的身体部分	單說的時候用「眼睛」，「眼」多用在詞語裡。	单说的时候用「眼睛」，「眼」多用在词语里。		[0, 1]	general	unreviewed		[]
瞭解|了解|liao3 jie3~1	瞭解|了解|liao3 jie3	1	defined	["動"]	["动"]	[]	[]	[]	清楚地知道一個人或一件事	清楚地知道一个人或一件事	「瞭解」前面常用「對」引出對象。	「了解」前面常用「对」引出对象。		[0, 1]	general	unreviewed		[]
瞭解|了解|liao3 jie3~2	瞭解|了解|liao3 jie3	2	defined	["動"]	["动"]	[]	[]	[]	想辦法問清楚事情的情況	想办法问清楚事情的情况				[2]	general	unreviewed		[]
知|知|zhi1~1	知|知|zhi1	1	defined	["動"]	["动"]	["bound-form"]	[]	[]	對事情或情況有所了解	对事情或情况有所了解	「知」多用在詞語裡，說話時一般用「知道」。	「知」多用在词语里，说话时一般用「知道」。		[0, 1]	general	unreviewed		[]
知|知|zhi1~2	知|知|zhi1	2	defined	["動"]	["动"]	["bound-form"]	[]	[]	使別人知道某件事	使别人知道某件事				[]	general	unreviewed		[]
知識|知识|zhi1 shi5~1	知識|知识|zhi1 shi5	1	defined	["名"]	["名"]	[]	[]	[]	學習和經歷中得到的認識和經驗	学习和经历中得到的认识和经验				[0, 1, 2]	general	unreviewed		[]
知道|知道|zhi1 dao4~1	知道|知道|zhi1 dao4	1	defined	["動"]	["动"]	[]	[]	[]	心裡清楚某件事情或某個情況	心里清楚某件事情或某个情况	「知道」是清楚有這件事，「了解」是知道得更多更深。	「知道」是清楚有这件事，「了解」是知道得更多更深。		[0]	general	unreviewed		[]
短|短|duan3~1	短|短|duan3	1	defined	["形"]	["形"]	[]	[]	[]	距離小或時間少的	距离小或时间少的				[0, 1]	general	unreviewed		[]
短|短|duan3~2	短|短|duan3	2	defined	["動"]	["动"]	[]	[]	[]	比應該有的數目少	比应该有的数目少				[2]	general	unreviewed		[]
短|短|duan3~3	短|短|duan3	3	defined	["名"]	["名"]	[]	[]	[]	人或事物不好的地方	人或事物不好的地方				[3, 4]	general	unreviewed		[]
石|石|dan4~1	石|石|dan4	1	defined	["量"]	["量"]	[]	[]	[]	舊時計算糧食的單位，等於十斗	旧时计算粮食的单位，等于十斗				[0]	general	unreviewed		[]
石|石|shi2~1	石|石|shi2	1	defined	["名"]	["名"]	["bound-form"]	[]	[]	構成山和地面的堅硬物質	构成山和地面的坚硬物质				[0, 1]	general	unreviewed		[]
石|石|shi2~2	石|石|shi2	2	defined	["名"]	["名"]	["bound-form"]	["lit"]	[]	上面有古代文字的石頭	上面有古代文字的石头				[2]	general	unreviewed		[]
石|石|shi2~3	石|石|shi2	3	defined	["名"]	["名"]	[]	["arch"]	["music"]	傳統上八音之一，用石頭做的樂器	传统上八音之一，用石头做的乐器			archaic-form	[3]	general	unreviewed		[]
石油|石油|shi2 you2~1	石油|石油|shi2 you2	1	defined	["名"]	["名"]	[]	[]	[]	從地下取出的黑色的油，是重要的能量來源	从地下取出的黑色的油，是重要的能量来源				[0, 1]	general	unreviewed		[]
研究|研究|yan2 jiu1~1	研究|研究|yan2 jiu1	1	defined	["動", "名"]	["动", "名"]	["classifier-ref"]	[]	[]	深入分析事物，找出其中的道理	深入分析事物，找出其中的道理				[0, 1, 2, 3]	general	unreviewed		[]
研究|研究|yan2 jiu1~2	研究|研究|yan2 jiu1	2	defined	["動"]	["动"]	[]	[]	[]	對某個問題進行考慮或討論	对某个问题进行考虑或讨论	「研究研究」是常見的說法，表示再考慮一下。	「研究研究」是常见的说法，表示再考虑一下。		[4]	general	unreviewed		[]
破|破|po4~1	破|破|po4	1	defined	["形"]	["形"]	[]	[]	[]	有洞、有傷，不再完整的	有洞、有伤，不再完整的	衣服、紙上有洞時說「破」，機器不能用時多說「壞」。	衣服、纸上有洞时说「破」，机器不能用时多说「坏」。		[0, 1, 2, 4]	general	unreviewed		[]
破|破|po4~2	破|破|po4	2	defined	["形"]	["形"]	[]	["coll"]	[]	很不好的，帶有看不起的意思	很不好的，带有看不起的意思				[3]	general	unreviewed		[]
破|破|po4~3	破|破|po4	3	defined	["動"]	["动"]	[]	[]	[]	使完整的東西分開或變壞	使完整的东西分开或变坏				[5, 7]	general	unreviewed		[]
破|破|po4~4	破|破|po4	4	defined	["動"]	["动"]	["bound-form"]	[]	[]	使原來的規定或習慣不再有效	使原来的规定或习惯不再有效				[6, 8]	general	unreviewed		[]
破|破|po4~5	破|破|po4	5	defined	["動"]	["动"]	[]	[]	[]	看出或說出被藏起來的真相	看出或说出被藏起来的真相				[11]	general	unreviewed		[]
破|破|po4~6	破|破|po4	6	defined	["動"]	["动"]	["bound-form"]	[]	[]	在戰爭中打敗敵人，攻下城市	在战争中打败敌人，攻下城市				[9, 10]	general	unreviewed		[]
破壞|破坏|po4 huai4~1	破壞|破坏|po4 huai4	1	defined	["動", "名"]	["动", "名"]	[]	[]	[]	把完好的東西弄壞，使它失去作用	把完好的东西弄坏，使它失去作用	「破壞」的對象可以是東西，也可以是規定或關係。	「破坏」的对象可以是东西，也可以是规定或关系。		[0, 1, 2, 3, 4]	general	unreviewed		[]
確保|确保|que4 bao3~1	確保|确保|que4 bao3	1	defined	["動"]	["动"]	[]	[]	[]	採取辦法，使事情一定做到	采取办法，使事情一定做到	「我保證」可以對人說，「確保」不這樣用，只用在事情上。	「我保证」可以对人说，「确保」不这样用，只用在事情上。		[0]	general	unreviewed		[]
確定|确定|que4 ding4~1	確定|确定|que4 ding4	1	defined	["動"]	["动"]	[]	[]	[]	把事情弄清楚，定下來不再改變	把事情弄清楚，定下来不再改变	「確定」多指弄清楚事實，「決定」是選定做法。	「确定」多指弄清楚事实，「决定」是选定做法。		[3, 4, 5, 6, 7, 8, 9, 10, 11, 12]	general	unreviewed		[]
確定|确定|que4 ding4~2	確定|确定|que4 ding4	2	defined	["形"]	["形"]	[]	[]	[]	清楚而不再改變的	清楚而不再改变的				[0, 1, 2]	general	unreviewed		[]
確實|确实|que4 shi2~1	確實|确实|que4 shi2	1	defined	["副"]	["副"]	[]	[]	[]	表示所說的情況真實可信	表示所说的情况真实可信				[0, 1]	general	unreviewed		[]
確實|确实|que4 shi2~2	確實|确实|que4 shi2	2	defined	["形"]	["形"]	[]	[]	[]	完全符合事實、可以相信的	完全符合事实、可以相信的				[2, 3, 4]	general	unreviewed		[]
確認|确认|que4 ren4~1	確認|确认|que4 ren4	1	defined	["動", "名"]	["动", "名"]	[]	[]	[]	經過查看，肯定事情真的是這樣	经过查看，肯定事情真的是这样				[0, 1, 2]	general	unreviewed		[]
碼|码|ma3~1	碼|码|ma3	1	defined	["名"]	["名"]	["bound-form"]	[]	[]	用來表示數目的符號	用来表示数目的符号				[2]	bound-form	unreviewed		[]
碼|码|ma3~10	碼|码|ma3	10	defined	["名"]	["名"]	[]	["arch"]	[]	舊時指一種有花紋的紅色美石	旧时指一种有花纹的红色美石			archaic-form	[0]	general	unreviewed		[]
碼|码|ma3~2	碼|码|ma3	2	defined	["名"]	["名"]	["bound-form"]	[]	["tech"]	代表信息或指令的一組符號	代表信息或指令的一组符号				[3]	bound-form	unreviewed		[]
碼|码|ma3~3	碼|码|ma3	3	defined	["量"]	["量"]	["classifier-is"]	[]	[]	用於計算衣服、鞋子的大小	用于计算衣服、鞋子的大小				[4]	classifier-is	unreviewed		[]
碼|码|ma3~4	碼|码|ma3	4	defined	["量"]	["量"]	["classifier-is"]	[]	[]	英美的長度單位，約等於九十一公分	英美的长度单位，约等于九十一公分				[5]	classifier-is	unreviewed		[]
碼|码|ma3~5	碼|码|ma3	5	defined	["量"]	["量"]	["classifier-is"]	["coll"]	[]	用於計算車速，一碼指每小時一公里	用于计算车速，一码指每小时一公里				[6]	classifier-is	unreviewed		[]
碼|码|ma3~6	碼|码|ma3	6	defined	["量"]	["量"]	["classifier-is"]	[]	[]	用於計算事情，多用在比較是否相同時	用于计算事情，多用在比较是否相同时				[8]	classifier-is	unreviewed		[]
碼|码|ma3~7	碼|码|ma3	7	defined	["動"]	["动"]	[]	["coll"]	[]	把東西一層層整齊地放好	把东西一层层整齐地放好				[7]	general	unreviewed		[]
碼|码|ma3~8	碼|码|ma3	8	defined	["量"]	["量"]	["classifier-is"]	[]	["tw"]	計算利率變動的單位，等於百分之零點二五	计算利率变动的单位，等于百分之零点二五				[9]	classifier-is	unreviewed		[]
碼|码|ma3~9	碼|码|ma3	9	defined	["名"]	["名"]	["bound-form"]	[]	[]	稱東西時用來比較重量的標準物件	称东西时用来比较重量的标准物件				[1]	bound-form	unreviewed		[]
社|社|she4~1	社|社|she4	1	defined	["名"]	["名"]	["bound-form"]	[]	[]	為某種目的成立的團體或機構	为某种目的成立的团体或机构	「社會」裡的「社」不是這個意思，指共同生活的人們。	「社会」里的「社」不是这个意思，指共同生活的人们。		[0]	bound-form	unreviewed		[]
社|社|she4~2	社|社|she4	2	defined	["名"]	["名"]	[]	["arch"]	["rel"]	舊時指管理土地的神	旧时指管理土地的神	今天只在「社稷」這類舊詞裡還看得到這個用法。	今天只在「社稷」这类旧词里还看得到这个用法。	archaic-form	[1]	general	unreviewed		[]
社區|社区|she4 qu1~1	社區|社区|she4 qu1	1	defined	["名"]	["名"]	[]	[]	[]	居民共同生活的一片地區	居民共同生活的一片地区				[0, 1]	general	unreviewed		[]
社會|社会|she4 hui4~1	社會|社会|she4 hui4	1	defined	["名"]	["名"]	[]	[]	[]	許多人一起生活、互相聯繫而成的整體	许多人一起生活、互相联系而成的整体	「進入社會」指離開學校，開始工作。	「进入社会」指离开学校，开始工作。		[0]	general	unreviewed		[]
神|神|shen2~1	神|神|shen2	1	defined	["名"]	["名"]	[]	[]	[]	宗教和傳說中能力遠超過人的存在	宗教和传说中能力远超过人的存在				[0]	general	unreviewed		[]
神|神|shen2~2	神|神|shen2	2	defined	["名"]	["名"]	["bound-form"]	[]	[]	人的心思和注意力	人的心思和注意力				[2]	general	unreviewed		[]
神|神|shen2~3	神|神|shen2	3	defined	["形"]	["形"]	["bound-form"]	[]	[]	難以說明、像有特別力量的	难以说明、像有特别力量的				[1]	general	unreviewed		[]
神|神|shen2~4	神|神|shen2	4	defined	["名"]	["名"]	["bound-form"]	[]	[]	臉上或眼睛裡表現出來的樣子	脸上或眼睛里表现出来的样子				[4]	general	unreviewed		[]
神|神|shen2~5	神|神|shen2	5	defined	["形"]	["形"]	[]	["coll"]	[]	做得特別好、讓人想不到的	做得特别好、让人想不到的				[3, 5]	general	unreviewed		[]
票|票|piao4~1	票|票|piao4	1	defined	["名"]	["名"]	["classifier-ref"]	[]	[]	用來證明可以坐車、進場的紙片	用来证明可以坐车、进场的纸片				[0, 3]	general	unreviewed		[]
票|票|piao4~2	票|票|piao4	2	defined	["名"]	["名"]	[]	[]	[]	選舉時用來表示意見的紙片	选举时用来表示意见的纸片				[1]	general	unreviewed		[]
票|票|piao4~3	票|票|piao4	3	defined	["名"]	["名"]	["bound-form"]	[]	[]	用紙做的錢	用纸做的钱				[2]	general	unreviewed		[]
票|票|piao4~4	票|票|piao4	4	defined	["名"]	["名"]	["bound-form"]	[]	[]	被人抓走、家人要拿錢換回的人	被人抓走、家人要拿钱换回的人				[4]	general	unreviewed		[]
票|票|piao4~5	票|票|piao4	5	defined	["名"]	["名"]	["bound-form"]	[]	[]	非職業的戲曲表演	非职业的戏曲表演				[5]	general	unreviewed		[]
票|票|piao4~6	票|票|piao4	6	defined	["量"]	["量"]	["classifier-is"]	[]	[]	用於計算一群人、一批東西或一次買賣	用于计算一群人、一批东西或一次买卖				[6]	classifier-is	unreviewed		[]
禁止|禁止|jin4 zhi3~1	禁止|禁止|jin4 zhi3	1	defined	["動"]	["动"]	[]	[]	[]	用規定不讓人做某件事	用规定不让人做某件事	「禁止」多用在規定和公共場所的牌子上。	「禁止」多用在规定和公共场所的牌子上。		[0, 1, 2]	general	unreviewed		[]
福|福|fu2~1	福|福|fu2	1	defined	["名"]	["名"]	[]	[]	[]	好運和讓人滿足的生活	好运和让人满足的生活	「福」常跟「有」連用，也常說「福氣」「幸福」。	「福」常跟「有」连用，也常说「福气」「幸福」。		[0, 1, 2]	general	unreviewed		[]
禮|礼|li3~1	禮|礼|li3	1	defined	["名"]	["名"]	[]	[]	[]	為表示心意送給別人的東西	为表示心意送给别人的东西				[0, 3]	general	unreviewed		[]
禮|礼|li3~2	禮|礼|li3	2	defined	["名"]	["名"]	["bound-form"]	[]	[]	按一定規矩舉行的儀式	按一定规矩举行的仪式				[1, 2]	general	unreviewed		[]
禮|礼|li3~3	禮|礼|li3	3	defined	["名"]	["名"]	["bound-form"]	[]	[]	人跟人交往時應有的規矩和態度	人跟人交往时应有的规矩和态度				[4, 5, 6]	general	unreviewed		[]
离|离|chi1~1	离|离|chi1	1	defined	["名"]	["名"]	[]	["arch"]	[]	傳說中一種沒有角的龍	传说中一种没有角的龙	這個意思現在只見於古書，一般寫作「螭」。	这个意思现在只见于古书，一般写作「螭」。	archaic-form	[0]	general	unreviewed	edited	["E-chi1-1"]
秀|秀|xiu4~1	秀|秀|xiu4	1	defined	["形"]	["形"]	["bound-form"]	[]	[]	特別好，勝過一般的	特别好，胜过一般的				[1]	bound-form	unreviewed		[]
秀|秀|xiu4~2	秀|秀|xiu4	2	defined	["形"]	["形"]	["bound-form"]	[]	[]	好看而不過分華麗的	好看而不过分华丽的				[0]	bound-form	unreviewed		[]
秀|秀|xiu4~3	秀|秀|xiu4	3	defined	["名"]	["名"]	["loanword"]	[]	[]	在觀眾面前演出的節目	在观众面前演出的节目	這個說法多用在時裝、電視等場合，正式的演出仍說「表演」。	这个说法多用在时装、电视等场合，正式的演出仍说「表演」。		[2]	loanword	unreviewed		[]
秀|秀|xiu4~4	秀|秀|xiu4	4	defined	["動"]	["动"]	["loanword"]	[]	[]	有意在別人面前展示自己的能力或東西	有意在别人面前展示自己的能力或东西				[3]	loanword	unreviewed		[]
秀|秀|xiu4~5	秀|秀|xiu4	5	defined	["動"]	["动"]	[]	["lit"]	[]	草木開花，穀物長出穗	草木开花，谷物长出穗	舊時的用法，現在多見於書面或成語。	旧时的用法，现在多见于书面或成语。	archaic-form	[4]	general	unreviewed		[]
私人|私人|si1 ren2~1	私人|私人|si1 ren2	1	defined	["形"]	["形"]	[]	[]	[]	屬於個人的，不是公共的	属于个人的，不是公共的	「私人」多用在生活、關係、時間前面，「個人」多指單獨一個人的。	「私人」多用在生活、关系、时间前面，「个人」多指单独一个人的。		[0, 1, 2]	general	unreviewed		[]
私人|私人|si1 ren2~2	私人|私人|si1 ren2	2	defined	["名"]	["名"]	[]	["lit"]	[]	跟自己關係很近、受到信任的人	跟自己关系很近、受到信任的人				[3, 4]	general	unreviewed		[]
科|科|ke1~1	科|科|ke1	1	defined	["名"]	["名"]	[]	[]	[]	學問按內容分成的類別	学问按内容分成的类别				[0, 3, 4]	general	unreviewed		[]
科|科|ke1~2	科|科|ke1	2	defined	["名"]	["名"]	[]	[]	[]	機關或公司裡分工辦事的單位	机关或公司里分工办事的单位				[1, 2, 12]	general	unreviewed	edited	["E-ke1-2"]
科|科|ke1~3	科|科|ke1	3	defined	["名"]	["名"]	[]	[]	["bio"]	生物分類中的一個等級，包括相近的幾種生物	生物分类中的一个等级，包括相近的几种生物	常放在名稱後面，如貓科動物。	常放在名称后面，如猫科动物。		[6]	general	unreviewed	edited	["E-ke1-3"]
科|科|ke1~4	科|科|ke1	4	defined	["名"]	["名"]	["bound-form"]	[]	[]	舊時指法律、規則的條文	旧时指法律、规则的条文				[7, 8]	general	unreviewed		[]
科|科|ke1~5	科|科|ke1	5	defined	["動"]	["动"]	[]	["lit"]	["law"]	依法判處刑罰或罰款，舊時也指收稅	依法判处刑罚或罚款，旧时也指收税			archaic-form	[9, 10, 11]	general	unreviewed	edited	["R57A-008"]
科|科|ke1~6	科|科|ke1	6	defined	["名"]	["名"]	[]	[]	[]	舊時戲曲劇本中表示動作的部分	旧时戏曲剧本中表示动作的部分			archaic-form	[5]	general	unreviewed		[]
科學|科学|ke1 xue2~1	科學|科学|ke1 xue2	1	defined	["名"]	["名"]	[]	[]	[]	有系統地研究自然和社會道理的學問	有系统地研究自然和社会道理的学问				[0, 1, 4]	general	unreviewed		[]
科學|科学|ke1 xue2~2	科學|科学|ke1 xue2	2	defined	["形"]	["形"]	[]	[]	[]	符合事物道理，有根據的	符合事物道理，有根据的				[2, 3]	general	unreviewed		[]
科學家|科学家|ke1 xue2 jia1~1	科學家|科学家|ke1 xue2 jia1	1	defined	["名"]	["名"]	[]	[]	[]	以研究科學為職業的人	以研究科学为职业的人				[0]	general	unreviewed		[]
科技|科技|ke1 ji4~1	科技|科技|ke1 ji4	1	defined	["名"]	["名"]	[]	[]	[]	科學研究和它在生產上的應用	科学研究和它在生产上的应用				[0]	general	unreviewed		[]
秒|秒|miao3~1	秒|秒|miao3	1	defined	["量"]	["量"]	[]	[]	[]	計算時間的單位，一分鐘的六十分之一	计算时间的单位，一分钟的六十分之一				[0]	general	unreviewed		[]
秒|秒|miao3~2	秒|秒|miao3	2	defined	["副"]	["副"]	[]	["coll"]	[]	表示動作馬上完成，非常快	表示动作马上完成，非常快				[2]	general	unreviewed		[]
秒|秒|miao3~3	秒|秒|miao3	3	defined	["量"]	["量"]	[]	[]	["math"]	計算角度的單位，一分的六十分之一	计算角度的单位，一分的六十分之一				[1]	general	unreviewed		[]
秘密|秘密|mi4 mi4~1	秘密|秘密|mi4 mi4	1	defined	["名", "形"]	["名", "形"]	[]	[]	[]	不讓別人知道的事情	不让别人知道的事情				[0, 1]	general	unreviewed		[]
移|移|yi2~1	移|移|yi2	1	defined	["動"]	["动"]	[]	[]	[]	使人或東西離開原來的位置	使人或东西离开原来的位置				[0, 1, 4]	general	unreviewed		[]
移|移|yi2~2	移|移|yi2	2	defined	["動"]	["动"]	["bound-form"]	[]	[]	改變原來的想法或態度	改变原来的想法或态度				[2, 3]	general	unreviewed		[]
移動|移动|yi2 dong4~1	移動|移动|yi2 dong4	1	defined	["動"]	["动"]	[]	[]	[]	從一個位置換到另一個位置	从一个位置换到另一个位置	「移動」指位置改變，幅度可大可小；「搬」多指把東西整個拿到別處。	「移动」指位置改变，幅度可大可小；「搬」多指把东西整个拿到别处。		[0, 1, 2, 3, 4]	general	unreviewed		[]
移民|移民|yi2 min2~1	移民|移民|yi2 min2	1	defined	["動"]	["动"]	[]	[]	[]	搬到別的國家或地區長期生活	搬到别的国家或地区长期生活				[0, 1]	general	unreviewed		[]
移民|移民|yi2 min2~2	移民|移民|yi2 min2	2	defined	["名"]	["名"]	[]	[]	[]	從別處搬來、在本地長期生活的人	从别处搬来、在本地长期生活的人				[2, 3]	general	unreviewed		[]
程序|程序|cheng2 xu4~1	程序|程序|cheng2 xu4	1	defined	["名"]	["名"]	[]	[]	[]	做事情必須按照的先後步驟	做事情必须按照的先后步骤				[0, 1, 2]	general	unreviewed		[]
程序|程序|cheng2 xu4~2	程序|程序|cheng2 xu4	2	defined	["名"]	["名"]	[]	[]	["tech", "cn"]	使電腦完成工作的一套命令	使电脑完成工作的一套命令				[3]	general	unreviewed		[]
程度|程度|cheng2 du4~1	程度|程度|cheng2 du4	1	defined	["名"]	["名"]	[]	[]	[]	事物達到的水平或狀況	事物达到的水平或状况	「在很大程度上」是常用的說法，表示影響或作用很大。	「在很大程度上」是常用的说法，表示影响或作用很大。		[0]	general	unreviewed		[]
稍|稍|shao1~1	稍|稍|shao1	1	defined	["副"]	["副"]	[]	[]	[]	用在動詞、形容詞前面，表示程度不高	用在动词、形容词前面，表示程度不高	「稍微」跟「稍」意思相同，口語裡多用「稍微」。	「稍微」跟「稍」意思相同，口语里多用「稍微」。		[0, 1]	general	unreviewed		[]
種|种|zhong3~1	種|种|zhong3	1	defined	["名"]	["名"]	["bound-form"]	[]	[]	事物按樣子、作用等的不同分成的類	事物按样子、作用等的不同分成的类				[1, 2, 3]	general	unreviewed		[]
種|种|zhong3~2	種|种|zhong3	2	defined	["名"]	["名"]	["bound-form"]	[]	[]	植物結出的子，能長成新的植物	植物结出的子，能长成新的植物				[0]	general	unreviewed		[]
種|种|zhong3~3	種|种|zhong3	3	defined	["量"]	["量"]	["classifier-is"]	[]	[]	用於計算人、東西、方法等的種類	用于计算人、东西、方法等的种类				[4]	classifier-is	unreviewed		[]
種|种|zhong4~1	種|种|zhong4	1	defined	["動"]	["动"]	[]	[]	[]	把種子或小植物放進土裡，使它生長	把种子或小植物放进土里，使它生长				[0, 1, 2]	general	unreviewed		[]
稱|称|chen4~1	稱|称|chen4	1	defined	["動"]	["动"]	["bound-form"]	[]	[]	適合，兩者配得上	适合，两者配得上				[0]	general	unreviewed		[]
稱|称|chen4~2	稱|称|chen4	2	defined	["動"]	["动"]	[]	["coll"]	[]	擁有，多指有錢	拥有，多指有钱				[1]	general	unreviewed		[]
稱|称|cheng1~1	稱|称|cheng1	1	defined	["動"]	["动"]	[]	[]	[]	叫做；用某個名字指人或事物	叫做；用某个名字指人或事物				[2]	general	unreviewed		[]
稱|称|cheng1~2	稱|称|cheng1	2	defined	["動"]	["动"]	[]	[]	[]	用工具量出東西有多重	用工具量出东西有多重				[0]	general	unreviewed		[]
稱|称|cheng1~3	稱|称|cheng1	3	defined	["名"]	["名"]	["bound-form"]	[]	[]	人或事物的名字	人或事物的名字				[3, 4]	general	unreviewed		[]
稱|称|cheng1~4	稱|称|cheng1	4	defined	["動"]	["动"]	["bound-form"]	[]	[]	說人或事物好，表示滿意	说人或事物好，表示满意				[5]	general	unreviewed		[]
稱|称|cheng1~5	稱|称|cheng1	5	defined	["動"]	["动"]	[]	["lit"]	[]	說出某種情況或意見	说出某种情况或意见				[1]	general	unreviewed		[]
稱呼|称呼|cheng1 hu5~1	稱呼|称呼|cheng1 hu5	1	defined	["動", "名"]	["动", "名"]	[]	[]	[]	用某種名稱叫人，也指這種名稱	用某种名称叫人，也指这种名称				[0, 1]	general	unreviewed		[]
稱為|称为|cheng1 wei2~1	稱為|称为|cheng1 wei2	1	defined	["動"]	["动"]	[]	[]	[]	把人或事物叫做某個名字	把人或事物叫做某个名字	「稱為」多用在書面，口語常說「叫做」。	「称为」多用在书面，口语常说「叫做」。		[0]	general	unreviewed		[]
穀|谷|gu3~1	穀|谷|gu3	1	defined	["名"]	["名"]	[]	[]	[]	稻、麥等可以吃的植物種子	稻、麦等可以吃的植物种子				[0, 1]	general	unreviewed		[]
積極|积极|ji1 ji2~1	積極|积极|ji1 ji2	1	defined	["形"]	["形"]	[]	[]	[]	做事主動、肯努力的	做事主动、肯努力的	跟「消極」相反，指願意主動去做，不等別人來要求。	跟「消极」相反，指愿意主动去做，不等别人来要求。		[0, 1, 2, 4]	general	unreviewed		[]
積極|积极|ji1 ji2~2	積極|积极|ji1 ji2	2	defined	["形"]	["形"]	[]	[]	[]	正面的，能起好作用的	正面的，能起好作用的				[3]	general	unreviewed		[]
穩定|稳定|wen3 ding4~1	穩定|稳定|wen3 ding4	1	defined	["形", "動"]	["形", "动"]	[]	[]	[]	保持一定的樣子，不發生大的變化	保持一定的样子，不发生大的变化				[0, 1, 2, 3, 4]	general	unreviewed		[]
空|空|kong1~1	空|空|kong1	1	defined	["形"]	["形"]	[]	[]	[]	裡面沒有裝東西的	里面没有装东西的				[0]	general	unreviewed		[]
空|空|kong1~2	空|空|kong1	2	defined	["名"]	["名"]	["bound-form"]	[]	[]	地面以上很大的空間	地面以上很大的空间				[1, 2]	general	unreviewed		[]
空|空|kong1~3	空|空|kong1	3	defined	["副"]	["副"]	[]	[]	[]	白白地做，沒有得到結果	白白地做，没有得到结果				[3]	general	unreviewed		[]
空|空|kong4~1	空|空|kong4	1	defined	["形"]	["形"]	[]	[]	[]	沒有被人佔用，可以用的	没有被人占用，可以用的				[1, 2]	general	unreviewed		[]
空|空|kong4~2	空|空|kong4	2	defined	["名"]	["名"]	[]	[]	[]	沒有事情要做的時間	没有事情要做的时间	「有空」「沒空」是最常見的說法，後面可以接動詞。	「有空」「没空」是最常见的说法，后面可以接动词。		[4, 5]	general	unreviewed		[]
空|空|kong4~3	空|空|kong4	3	defined	["名"]	["名"]	[]	[]	[]	兩者之間留出來的地方	两者之间留出来的地方				[3]	general	unreviewed		[]
空|空|kong4~4	空|空|kong4	4	defined	["動"]	["动"]	[]	[]	[]	使地方或時間不被佔用	使地方或时间不被占用				[0]	general	unreviewed		[]
空氣|空气|kong1 qi4~1	空氣|空气|kong1 qi4	1	defined	["名"]	["名"]	[]	[]	[]	包圍地球、人和動物呼吸所需的氣體	包围地球、人和动物呼吸所需的气体				[0, 1]	general	unreviewed		[]
空間|空间|kong1 jian1~1	空間|空间|kong1 jian1	1	defined	["名"]	["名"]	[]	[]	[]	事物存在、活動的地方或範圍	事物存在、活动的地方或范围	「地方」多指具體的一處，「空間」多指能用的大小。數學、物理說的「三維空間」也是這個意思。	「地方」多指具体的一处，「空间」多指能用的大小。数学、物理说的「三维空间」也是这个意思。		[0, 3]	general	unreviewed	edited	["E-kong1jian1-1"]
空間|空间|kong1 jian1~2	空間|空间|kong1 jian1	2	defined	["名"]	["名"]	[]	[]	[]	事情還可以發展或改變的機會	事情还可以发展或改变的机会	常說「發展空間」、「想像空間」。	常说「发展空间」、「想像空间」。		[1]	general	unreviewed		[]
空間|空间|kong1 jian1~3	空間|空间|kong1 jian1	3	defined	["名"]	["名"]	["bound-form"]	[]	["astro"]	地球以外的宇宙	地球以外的宇宙	日常多說「太空」，「空間」這個意思常用在科學、技術的詞語裡。	日常多说「太空」，「空间」这个意思常用在科学、技术的词语里。		[2]	general	unreviewed	edited	["E-kong1jian1-3"]
穿|穿|chuan1~1	穿|穿|chuan1	1	defined	["動"]	["动"]	[]	[]	[]	把衣服、鞋子等套在身上	把衣服、鞋子等套在身上	衣服和鞋子用「穿」，帽子用「戴」。	衣服和鞋子用「穿」，帽子用「戴」。		[3]	general	unreviewed		[]
穿|穿|chuan1~2	穿|穿|chuan1	2	defined	["動"]	["动"]	[]	[]	[]	從一邊通過，到達另一邊	从一边通过，到达另一边				[1]	general	unreviewed		[]
穿|穿|chuan1~3	穿|穿|chuan1	3	defined	["動"]	["动"]	[]	[]	[]	在東西上弄出洞，使兩邊相通	在东西上弄出洞，使两边相通				[0]	general	unreviewed		[]
穿|穿|chuan1~4	穿|穿|chuan1	4	defined	["動"]	["动"]	[]	[]	[]	用線通過小洞，把東西連起來	用线通过小洞，把东西连起来				[2]	general	unreviewed		[]
穿|穿|chuan1~5	穿|穿|chuan1	5	defined	["補"]	["补"]	["bound-form"]	[]	[]	用在動詞後面，表示看得完全清楚	用在动词后面，表示看得完全清楚				[4]	general	unreviewed	edited	["R57B-006"]
突然|突然|tu1 ran2~1	突然|突然|tu1 ran2	1	defined	["副", "形"]	["副", "形"]	[]	[]	[]	發生得又快又急，讓人沒有想到的	发生得又快又急，让人没有想到的	「忽然」一般只用在動詞前面，「突然」還能說「很突然」。	「忽然」一般只用在动词前面，「突然」还能说「很突然」。		[0]	general	unreviewed		[]
立|立|li4~1	立|立|li4	1	defined	["動"]	["动"]	[]	[]	[]	直著身子站在那裡	直着身子站在那里				[0]	general	unreviewed		[]
立|立|li4~2	立|立|li4	2	defined	["動"]	["动"]	[]	[]	[]	建立起制度、規則等	建立起制度、规则等				[1, 2, 3, 4]	general	unreviewed		[]
立|立|li4~3	立|立|li4	3	defined	["副"]	["副"]	["bound-form"]	[]	[]	表示動作馬上發生，中間沒有間隔	表示动作马上发生，中间没有间隔				[5, 6]	general	unreviewed		[]
立即|立即|li4 ji2~1	立即|立即|li4 ji2	1	defined	["副"]	["副"]	[]	[]	[]	馬上，中間不等一點時間	马上，中间不等一点时间	「立即」多用在書面和正式的場合，口語常說「馬上」。	「立即」多用在书面和正式的场合，口语常说「马上」。		[0]	general	unreviewed		[]
站|站|zhan4~1	站|站|zhan4	1	defined	["動"]	["动"]	[]	[]	[]	身體直立，兩腳著地不動	身体直立，两脚着地不动				[1, 2, 3]	general	unreviewed		[]
站|站|zhan4~2	站|站|zhan4	2	defined	["名"]	["名"]	[]	[]	[]	車輛停下讓人上下的地方	车辆停下让人上下的地方				[0]	general	unreviewed		[]
站|站|zhan4~3	站|站|zhan4	3	defined	["名"]	["名"]	["bound-form"]	[]	[]	為某種工作設立的地方或機構	为某种工作设立的地方或机构				[4]	general	unreviewed		[]
站|站|zhan4~4	站|站|zhan4	4	defined	["名"]	["名"]	["bound-form"]	[]	[]	網絡上供人查看信息的地方	网络上供人查看信息的地方				[5]	general	unreviewed		[]
章|章|zhang1~1	章|章|zhang1	1	defined	["名"]	["名"]	[]	[]	[]	書、文章或樂曲分成的段落	书、文章或乐曲分成的段落				[0, 1, 3]	general	unreviewed		[]
章|章|zhang1~2	章|章|zhang1	2	defined	["名"]	["名"]	[]	[]	[]	上面有名字、用來蓋在文件上的小東西	上面有名字、用来盖在文件上的小东西				[4]	general	unreviewed		[]
章|章|zhang1~3	章|章|zhang1	3	defined	["名"]	["名"]	["bound-form"]	[]	[]	定下來要大家照著做的規則	定下来要大家照着做的规则				[2, 6, 7]	general	unreviewed		[]
章|章|zhang1~4	章|章|zhang1	4	defined	["名"]	["名"]	["bound-form"]	[]	[]	別在身上表示身份或成績的小牌子	别在身上表示身份或成绩的小牌子				[5]	general	unreviewed		[]
端|端|duan1~1	端|端|duan1	1	defined	["動"]	["动"]	[]	[]	[]	用手平著把東西拿起或送出	用手平着把东西拿起或送出				[3]	general	unreviewed		[]
端|端|duan1~2	端|端|duan1	2	defined	["名"]	["名"]	["bound-form"]	[]	[]	東西最外面的一頭	东西最外面的一头				[0]	bound-form	unreviewed		[]
端|端|duan1~3	端|端|duan1	3	defined	["形"]	["形"]	["bound-form"]	[]	[]	正直的，不偏不歪的	正直的，不偏不歪的				[2]	bound-form	unreviewed		[]
端|端|duan1~4	端|端|duan1	4	defined	["名"]	["名"]	["bound-form"]	[]	[]	事情的某一個方面	事情的某一个方面				[1]	bound-form	unreviewed		[]
端|端|duan1~5	端|端|duan1	5	defined	["動"]	["动"]	[]	["coll"]	[]	徹底消滅，多用在打掉犯罪的地方	彻底消灭，多用在打掉犯罪的地方				[4]	general	unreviewed		[]
競爭|竞争|jing4 zheng1~1	競爭|竞争|jing4 zheng1	1	defined	["動", "名"]	["动", "名"]	[]	[]	[]	為了勝過別人而努力爭取同一個目標	为了胜过别人而努力争取同一个目标				[0, 1]	general	unreviewed		[]
笑|笑|xiao4~1	笑|笑|xiao4	1	defined	["動"]	["动"]	[]	[]	[]	因為高興而發出聲音或改變臉上的樣子	因为高兴而发出声音或改变脸上的样子				[0]	general	unreviewed		[]
笑|笑|xiao4~2	笑|笑|xiao4	2	defined	["動"]	["动"]	[]	[]	[]	因為別人做得不好而看不起他	因为别人做得不好而看不起他				[1]	general	unreviewed		[]
符合|符合|fu2 he2~1	符合|符合|fu2 he2	1	defined	["動"]	["动"]	[]	[]	[]	跟要求、標準或事實一致	跟要求、标准或事实一致	後面多接規定、標準、條件這類詞語。	后面多接规定、标准、条件这类词语。		[0]	general	unreviewed		[]
符合|符合|fu2 he2~2	符合|符合|fu2 he2	2	defined	["名"]	["名"]	[]	[]	["phys"]	物理學上指兩個事件同時發生	物理学上指两个事件同时发生				[1]	general	unreviewed		[]
第|第|di4~1	第|第|di4	1	defined	["綴"]	["缀"]	["function-word"]	[]	[]	用在數字前面，表示次序	用在数字前面，表示次序	「第一」是次序，「一」只是數字。「第」不能單用，後面一定要有數字。	「第一」是次序，「一」只是数字。「第」不能单用，后面一定要有数字。		[0]	general	unreviewed		[]
第|第|di4~2	第|第|di4	2	defined	["名"]	["名"]	["bound-form"]	["lit"]	[]	舊時指考試合格的名次	旧时指考试合格的名次				[1]	general	unreviewed		[]
第|第|di4~3	第|第|di4	3	defined	["名"]	["名"]	["bound-form"]	["arch"]	[]	舊時大官住的房子	旧时大官住的房子				[2]	general	unreviewed	edited	["E-di4-3"]
第|第|di4~4	第|第|di4	4	defined	["連"]	["连"]	[]	["lit"]	[]	舊時書面語中相當於「但是」或「只是」	旧时书面语中相当于「但是」或「只是」			archaic-form	[3, 4]	general	unreviewed		[]
第一|第一|di4 yi1~1	第一|第一|di4 yi1	1	defined	["數"]	["数"]	[]	[]	[]	排在最前面的，在其他所有之前	排在最前面的，在其他所有之前	「第一」常用在量詞前，如「第一次」「第一名」。	「第一」常用在量词前，如「第一次」「第一名」。		[0]	general	unreviewed		[]
第一|第一|di4 yi1~2	第一|第一|di4 yi1	2	defined	["形"]	["形"]	[]	[]	[]	最重要、最需要放在前面的	最重要、最需要放在前面的				[1]	general	unreviewed		[]
第二|第二|di4 er4~1	第二|第二|di4 er4	1	defined	["數"]	["数"]	[]	[]	[]	表示排在第一後面的那一個	表示排在第一后面的那一个	「第二天」常指事情發生以後的那一天。	「第二天」常指事情发生以后的那一天。		[0, 1, 2, 3]	general	unreviewed		[]
第五|第五|di4 wu3~1	第五|第五|di4 wu3	1	defined	["數"]	["数"]	[]	[]	[]	表示順序，前面已經有四個	表示顺序，前面已经有四个				[0]	general	unreviewed		[]
筆|笔|bi3~1	筆|笔|bi3	1	defined	["名"]	["名"]	[]	[]	[]	寫字、畫畫用的工具	写字、画画用的工具				[0]	general	unreviewed		[]
筆|笔|bi3~2	筆|笔|bi3	2	defined	["量"]	["量"]	["classifier-is"]	[]	[]	用於計算字的筆畫和畫上的線條	用于计算字的笔画和画上的线条				[1, 3]	classifier-is	unreviewed		[]
筆|笔|bi3~3	筆|笔|bi3	3	defined	["量"]	["量"]	["classifier-is"]	[]	[]	用於計算錢或一次做成的生意	用于计算钱或一次做成的生意				[4]	classifier-is	unreviewed		[]
筆|笔|bi3~4	筆|笔|bi3	4	defined	["名"]	["名"]	["bound-form"]	[]	[]	寫文章或畫畫時表現出來的風格	写文章或画画时表现出来的风格				[2]	bound-form	unreviewed		[]
筆|笔|bi3~5	筆|笔|bi3	5	defined	["動"]	["动"]	["bound-form"]	[]	[]	動手寫，把事情記下來	动手写，把事情记下来				[5]	bound-form	unreviewed		[]
等|等|deng3~1	等|等|deng3	1	defined	["動"]	["动"]	[]	[]	[]	留在一個地方或先不行動，到人來或事情發生為止	留在一个地方或先不行动，到人来或事情发生为止	常和「一下」「一會兒」連用，例如「請等一下」。	常和「一下」「一会儿」连用，例如「请等一下」。		[0]	general	unreviewed		[]
等|等|deng3~2	等|等|deng3	2	defined	["介"]	["介"]	["function-word"]	[]	[]	用在一件事的前面，表示這件事發生以後才做另一件事	用在一件事的前面，表示这件事发生以后才做另一件事				[1]	general	unreviewed		[]
等|等|deng3~3	等|等|deng3	3	defined	["助"]	["助"]	["particle"]	[]	[]	用在兩個以上的詞後面，表示還有別的沒有說出來	用在两个以上的词后面，表示还有别的没有说出来	列舉完了也可以用「等」，後面常說出總數。	列举完了也可以用「等」，后面常说出总数。		[2, 5]	general	unreviewed		[]
等|等|deng3~4	等|等|deng3	4	defined	["名"]	["名"]	["bound-form"]	[]	[]	按高低、好壞分出來的等級	按高低、好坏分出来的等级				[3]	bound-form	unreviewed		[]
等|等|deng3~5	等|等|deng3	5	defined	["形"]	["形"]	["bound-form"]	[]	[]	數量、程度或地位相同的	数量、程度或地位相同的				[4]	bound-form	unreviewed		[]
等|等|deng3~6	等|等|deng3	6	defined	["綴"]	["缀"]	["bound-form"]	["lit"]	[]	用在指人的詞後面，表示兩個以上的人	用在指人的词后面，表示两个以上的人	現在一般用「們」，「等」是舊式的書面用法。	现在一般用「们」，「等」是旧式的书面用法。		[6]	bound-form	unreviewed		[]
等等|等等|deng3 deng3~1	等等|等等|deng3 deng3	1	defined	["助"]	["助"]	["function-word"]	[]	[]	用在列舉的幾項後面，表示還有沒說完的	用在列举的几项后面，表示还有没说完的	口語裡常用「什麼的」代替「等等」。	口语里常用「什么的」代替「等等」。		[0, 1]	general	unreviewed		[]
等等|等等|deng3 deng3~2	等等|等等|deng3 deng3	2	defined	["動"]	["动"]	[]	["coll"]	[]	叫對方先停下來，別馬上走或做	叫对方先停下来，别马上走或做	語氣比「等一下」急，多用來打斷別人。	语气比「等一下」急，多用来打断别人。		[2, 3]	general	unreviewed		[]
算|算|suan4~1	算|算|suan4	1	defined	["動"]	["动"]	[]	[]	[]	用數字求出總數或結果	用数字求出总数或结果				[0]	general	unreviewed		[]
算|算|suan4~2	算|算|suan4	2	defined	["動"]	["动"]	[]	[]	[]	把人或事看成某一類	把人或事看成某一类	常說「算是」、「還算」，語氣沒有那麼肯定。	常说「算是」、「还算」，语气没有那么肯定。		[3]	general	unreviewed		[]
算|算|suan4~3	算|算|suan4	3	defined	["動"]	["动"]	[]	[]	[]	把人或東西放進總數裡	把人或东西放进总数里				[1]	general	unreviewed		[]
算|算|suan4~4	算|算|suan4	4	defined	["動"]	["动"]	[]	[]	[]	有效，可以當真	有效，可以当真	多用在「不算」、「說了算」這樣的說法裡。	多用在「不算」、「说了算」这样的说法里。		[2]	general	unreviewed		[]
管|管|guan3~1	管|管|guan3	1	defined	["動"]	["动"]	[]	[]	[]	負責處理某件事或照顧某個人	负责处理某件事或照顾某个人				[0, 1, 2, 3, 4, 5]	general	unreviewed		[]
管|管|guan3~2	管|管|guan3	2	defined	["動"]	["动"]	[]	[]	[]	過問或參與跟自己無關的事	过问或参与跟自己无关的事				[6]	general	unreviewed		[]
管|管|guan3~3	管|管|guan3	3	defined	["名"]	["名"]	["bound-form"]	[]	[]	中間空的長條形東西，多用來通水通氣，也指吹的樂器	中间空的长条形东西，多用来通水通气，也指吹的乐器				[7, 8, 9]	general	unreviewed	edited	["E-guan3-3"]
管|管|guan3~4	管|管|guan3	4	defined	["量"]	["量"]	["classifier-is"]	[]	[]	用於計算長條形、中間是空的東西	用于计算长条形、中间是空的东西				[10]	classifier-is	unreviewed		[]
管|管|guan3~5	管|管|guan3	5	defined	["介"]	["介"]	["function-word"]	["coll"]	[]	用在人或事物前面，跟「叫」連用，引出稱呼	用在人或事物前面，跟「叫」连用，引出称呼	「把」用在要處理的事物前面，「管」只用在給人或東西起名字的時候。	「把」用在要处理的事物前面，「管」只用在给人或东西起名字的时候。		[11]	function-word	unreviewed		[]
管|管|guan3~6	管|管|guan3	6	defined	["介"]	["介"]	["function-word"]	["coll"]	[]	用在人前面，表示向這個人要或借東西	用在人前面，表示向这个人要或借东西	意思相當於「向」或「跟」。說「管他借」，就是「向他借」。	意思相当于「向」或「跟」。说「管他借」，就是「向他借」。		[13, 14]	function-word	unreviewed		[]
管|管|guan3~7	管|管|guan3	7	defined	["名"]	["名"]	[]	["lit"]	[]	舊時指寫字用的毛筆	旧时指写字用的毛笔			archaic-form	[12]	general	unreviewed		[]
管理|管理|guan3 li3~1	管理|管理|guan3 li3	1	defined	["動", "名"]	["动", "名"]	[]	[]	[]	負責安排事情，使工作順利進行	负责安排事情，使工作顺利进行				[0, 1, 2, 3, 4, 5]	general	unreviewed		[]
節|节|jie2~1	節|节|jie2	1	defined	["名"]	["名"]	["bound-form"]	[]	[]	一年中特定的日子或時段	一年中特定的日子或时段	節氣是傳統上把一年分成的二十四個時段。	节气是传统上把一年分成的二十四个时段。		[2, 3]	bound-form	unreviewed		[]
節|节|jie2~2	節|节|jie2	2	defined	["名"]	["名"]	["bound-form"]	[]	[]	整體中分出來的一段	整体中分出来的一段				[1]	bound-form	unreviewed		[]
節|节|jie2~3	節|节|jie2	3	defined	["量"]	["量"]	["classifier-is"]	[]	[]	用於計算課或一段一段的東西	用于计算课或一段一段的东西				[6]	classifier-is	unreviewed		[]
節|节|jie2~4	節|节|jie2	4	defined	["動"]	["动"]	["bound-form"]	[]	[]	減少使用，不隨便花掉	减少使用，不随便花掉				[4]	bound-form	unreviewed		[]
節|节|jie2~5	節|节|jie2	5	defined	["名"]	["名"]	[]	[]	[]	東西上一段和一段相連的地方	东西上一段和一段相连的地方				[0]	general	unreviewed		[]
節|节|jie2~6	節|节|jie2	6	defined	["名"]	["名"]	["bound-form"]	[]	[]	堅持原則、不肯低頭的精神	坚持原则、不肯低头的精神				[5]	bound-form	unreviewed	edited	["R57A-009"]
節|节|jie2~7	節|节|jie2	7	defined	["量"]	["量"]	["classifier-is"]	[]	[]	用於計算船或飛機的速度	用于计算船或飞机的速度				[7]	classifier-is	unreviewed		[]
節目|节目|jie2 mu4~1	節目|节目|jie2 mu4	1	defined	["名"]	["名"]	[]	[]	[]	電視、廣播或演出中的一個項目	电视、广播或演出中的一个项目				[0, 1, 3]	general	unreviewed		[]
節目|节目|jie2 mu4~2	節目|节目|jie2 mu4	2	defined	["名"]	["名"]	[]	["coll"]	[]	一段時間裡安排好要做的活動	一段时间里安排好要做的活动				[2]	general	unreviewed		[]
範圍|范围|fan4 wei2~1	範圍|范围|fan4 wei2	1	defined	["名"]	["名"]	[]	[]	[]	事物存在或活動的界線以內	事物存在或活动的界线以内				[0, 1, 2, 3, 4]	general	unreviewed		[]
篇|篇|pian1~1	篇|篇|pian1	1	defined	["量"]	["量"]	["classifier-is"]	[]	[]	用於計算文章、報道等完整的文字	用于计算文章、报道等完整的文字				[3]	classifier-is	unreviewed		[]
篇|篇|pian1~2	篇|篇|pian1	2	defined	["名"]	["名"]	["bound-form"]	[]	[]	首尾完整的文字作品	首尾完整的文字作品	舊時指用竹片編成的書，後來指文章。	旧时指用竹片编成的书，后来指文章。		[0, 1, 2]	general	unreviewed		[]
簡單|简单|jian3 dan1~1	簡單|简单|jian3 dan1	1	defined	["形"]	["形"]	[]	[]	[]	不複雜的，容易明白或做到的	不复杂的，容易明白或做到的	「簡單」多說事物不複雜，「容易」多說做起來不難。	「简单」多说事物不复杂，「容易」多说做起来不难。		[0]	general	unreviewed		[]
簡單|简单|jian3 dan1~2	簡單|简单|jian3 dan1	2	defined	["形"]	["形"]	[]	[]	[]	能力或表現普通的，多用在「不」後面	能力或表现普通的，多用在「不」后面				[]	general	unreviewed		[]
簽署|签署|qian1 shu3~1	簽署|签署|qian1 shu3	1	defined	["動"]	["动"]	[]	[]	[]	在重要的文件上正式寫下自己的名字	在重要的文件上正式写下自己的名字	「簽署」用在協議、文件上，日常寫名字說「簽名」。	「签署」用在协议、文件上，日常写名字说「签名」。		[0]	general	unreviewed		[]
米|米|mi3~1	米|米|mi3	1	defined	["名"]	["名"]	[]	[]	[]	去掉外皮的穀，可以做成食物	去掉外皮的谷，可以做成食物				[0]	general	unreviewed		[]
米|米|mi3~2	米|米|mi3	2	defined	["量"]	["量"]	[]	[]	[]	計算長度的單位，一公里的千分之一	计算长度的单位，一公里的千分之一				[1]	general	unreviewed		[]
米|米|mi3~3	米|米|mi3	3	defined	["名"]	["名"]	[]	["slang"]	[]	買東西時用的錢	买东西时用的钱				[2]	general	unreviewed		[]
糖|糖|tang2~1	糖|糖|tang2	1	defined	["名"]	["名"]	[]	[]	[]	加在食物裡使變甜的東西	加在食物里使变甜的东西				[0]	general	unreviewed		[]
糖|糖|tang2~2	糖|糖|tang2	2	defined	["名"]	["名"]	["classifier-ref"]	[]	[]	小塊的甜食，放在嘴裡慢慢化	小块的甜食，放在嘴里慢慢化				[1, 2, 3]	general	unreviewed		[]
系|系|xi4~1	系|系|xi4	1	defined	["名"]	["名"]	[]	[]	[]	大學裡按學科分成的教學單位	大学里按学科分成的教学单位				[1, 2]	general	unreviewed		[]
系|系|xi4~2	系|系|xi4	2	defined	["名"]	["名"]	["bound-form"]	[]	[]	由許多有關係的事物組成的系統	由许多有关系的事物组成的系统				[0]	general	unreviewed		[]
系列|系列|xi4 lie4~1	系列|系列|xi4 lie4	1	defined	["名"]	["名"]	[]	[]	[]	彼此相關、合成一組的事物	彼此相关、合成一组的事物	「系列」常說「一系列」，放在名詞前面，如「一系列問題」。	「系列」常说「一系列」，放在名词前面，如「一系列问题」。		[0, 1]	general	unreviewed		[]
紀念|纪念|ji4 nian4~1	紀念|纪念|ji4 nian4	1	defined	["動"]	["动"]	[]	[]	[]	用一定的方式表示不忘記某人或某事	用一定的方式表示不忘记某人或某事				[0]	general	unreviewed		[]
紀念|纪念|ji4 nian4~2	紀念|纪念|ji4 nian4	2	defined	["名"]	["名"]	[]	[]	[]	為了不忘記某人或某事而留下的物品	为了不忘记某人或某事而留下的物品	說物品時，口語常說「紀念品」。	说物品时，口语常说「纪念品」。		[1]	general	unreviewed		[]
約|约|yao1~1	約|约|yao1	1	defined	["動"]	["动"]	[]	["coll"]	[]	用秤稱東西有多重	用秤称东西有多重				[0]	general	unreviewed		[]
約|约|yue1~1	約|约|yue1	1	defined	["動"]	["动"]	[]	[]	[]	事先跟人說好一起做某事	事先跟人说好一起做某事				[0, 1]	general	unreviewed		[]
約|约|yue1~2	約|约|yue1	2	defined	["副"]	["副"]	[]	[]	[]	用在數目前面，表示不完全準確	用在数目前面，表示不完全准确	說話時多用「大約」，「約」多見於書面。	说话时多用「大约」，「约」多见于书面。		[2]	general	unreviewed		[]
約|约|yue1~3	約|约|yue1	3	defined	["名"]	["名"]	["bound-form"]	[]	[]	兩方說好、都要照著做的事	两方说好、都要照着做的事				[3, 4]	general	unreviewed		[]
約|约|yue1~4	約|约|yue1	4	defined	["動"]	["动"]	["bound-form"]	[]	[]	管住，不讓隨便做	管住，不让随便做				[6]	general	unreviewed		[]
約|约|yue1~5	約|约|yue1	5	defined	["動"]	["动"]	["bound-form"]	[]	[]	用得少，不浪費	用得少，不浪费				[5]	general	unreviewed		[]
約|约|yue1~6	約|约|yue1	6	defined	["形"]	["形"]	["bound-form"]	[]	[]	簡單清楚，沒有多餘東西的	简单清楚，没有多余东西的				[8]	general	unreviewed		[]
約|约|yue1~7	約|约|yue1	7	defined	["動"]	["动"]	["bound-form"]	[]	["math"]	把分數化成更簡單的形式	把分数化成更简单的形式				[7]	general	unreviewed		[]
紅|红|hong2~1	紅|红|hong2	1	defined	["形"]	["形"]	[]	[]	[]	顏色像火或血那樣的	颜色像火或血那样的	「紅」常跟喜事有關，過年給的錢叫「紅包」。	「红」常跟喜事有关，过年给的钱叫「红包」。		[0]	general	unreviewed		[]
紅|红|hong2~2	紅|红|hong2	2	defined	["形"]	["形"]	[]	[]	[]	受到很多人喜歡和注意的	受到很多人喜欢和注意的				[1]	general	unreviewed		[]
紅|红|hong2~3	紅|红|hong2	3	defined	["名"]	["名"]	["bound-form"]	[]	[]	生意賺到的錢裡分給各人的部分	生意赚到的钱里分给各人的部分				[3]	general	unreviewed		[]
紅|红|hong2~4	紅|红|hong2	4	defined	["形"]	["形"]	["bound-form"]	[]	[]	跟革命有關的	跟革命有关的	舊時多用「紅」表示革命、進步。	旧时多用「红」表示革命、进步。		[2]	general	unreviewed		[]
紅色|红色|hong2 se4~1	紅色|红色|hong2 se4	1	defined	["名"]	["名"]	[]	[]	[]	像血那樣的顏色	像血那样的颜色				[0]	general	unreviewed		[]
紅色|红色|hong2 se4~2	紅色|红色|hong2 se4	2	defined	["形"]	["形"]	[]	[]	["cn"]	跟革命有關的	跟革命有关的				[1]	general	unreviewed		[]
納|纳|na4~1	納|纳|na4	1	defined	["動"]	["动"]	["bound-form"]	[]	[]	把人、東西或意見接受進來	把人、东西或意见接受进来				[0, 1, 2, 3]	general	unreviewed		[]
納|纳|na4~2	納|纳|na4	2	defined	["動"]	["动"]	["bound-form"]	[]	[]	把錢交給國家或有關的組織	把钱交给国家或有关的组织				[4]	general	unreviewed		[]
納|纳|na4~3	納|纳|na4	3	defined	["綴"]	["缀"]	["bound-form"]	[]	[]	用在單位前面，表示十億分之一	用在单位前面，表示十亿分之一				[5]	general	unreviewed		[]
納|纳|na4~4	納|纳|na4	4	defined	["動"]	["动"]	[]	[]	[]	用線密密地縫，多用在鞋底上	用线密密地缝，多用在鞋底上	舊時多用在「納鞋底」這個說法裡。	旧时多用在「纳鞋底」这个说法里。		[6]	general	unreviewed		[]
紙|纸|zhi3~1	紙|纸|zhi3	1	defined	["名"]	["名"]	[]	[]	[]	用來寫字、畫畫或包東西的薄材料	用来写字、画画或包东西的薄材料				[0]	general	unreviewed		[]
紙|纸|zhi3~2	紙|纸|zhi3	2	defined	["量"]	["量"]	["classifier-is"]	["lit"]	[]	用於計算文件、信件等	用于计算文件、信件等				[1]	classifier-is	unreviewed		[]
級|级|ji2~1	級|级|ji2	1	defined	["名"]	["名"]	["bound-form"]	[]	[]	按高低或好壞分出的層次	按高低或好坏分出的层次				[0, 1, 2, 4]	general	unreviewed		[]
級|级|ji2~2	級|级|ji2	2	defined	["量"]	["量"]	["classifier-is"]	[]	[]	用於計算臺階、風力或高低的層次	用于计算台阶、风力或高低的层次				[3, 5]	classifier-is	unreviewed		[]
素|素|su4~1	素|素|su4	1	defined	["形"]	["形"]	[]	[]	[]	顏色單純、沒有花紋和裝飾的	颜色单纯、没有花纹和装饰的				[0, 1, 2]	general	unreviewed		[]
素|素|su4~2	素|素|su4	2	defined	["名"]	["名"]	[]	[]	[]	不含魚肉、只用植物做的食物	不含鱼肉、只用植物做的食物				[3]	general	unreviewed		[]
素|素|su4~3	素|素|su4	3	defined	["名"]	["名"]	["bound-form"]	[]	[]	構成事物的重要部分	构成事物的重要部分				[4, 5, 6, 7]	general	unreviewed		[]
素|素|su4~4	素|素|su4	4	defined	["副"]	["副"]	["bound-form"]	["lit"]	[]	從以前到現在一直是這樣	从以前到现在一直是这样				[8, 9, 10]	general	unreviewed		[]
索|索|suo3~1	索|索|suo3	1	defined	["動"]	["动"]	["bound-form"]	[]	[]	到處尋找，想要找到	到处寻找，想要找到				[0]	general	unreviewed		[]
索|索|suo3~2	索|索|suo3	2	defined	["動"]	["动"]	["bound-form"]	[]	[]	向人要求給出錢或東西	向人要求给出钱或东西				[1, 2, 3]	general	unreviewed		[]
索|索|suo3~3	索|索|suo3	3	defined	["名"]	["名"]	["bound-form"]	[]	[]	粗大的繩子，可以用來拉東西	粗大的绳子，可以用来拉东西				[4]	general	unreviewed		[]
索|索|suo3~4	索|索|suo3	4	defined	["形"]	["形"]	["bound-form"]	[]	[]	沒有生氣、沒有意思的	没有生气、没有意思的				[5]	general	unreviewed		[]
終於|终于|zhong1 yu2~1	終於|终于|zhong1 yu2	1	defined	["副"]	["副"]	[]	[]	[]	表示經過長時間或很多努力以後，事情有了結果	表示经过长时间或很多努力以后，事情有了结果	「最後」只是說在後面，「終於」還帶著等了很久、不容易的意思。	「最后」只是说在后面，「终于」还带着等了很久、不容易的意思。		[0, 1, 2, 3]	general	unreviewed		[]
組|组|zu3~1	組|组|zu3	1	defined	["名"]	["名"]	[]	[]	[]	由幾個人合成的小單位	由几个人合成的小单位				[2, 3]	general	unreviewed		[]
組|组|zu3~2	組|组|zu3	2	defined	["動"]	["动"]	[]	[]	[]	把人或東西合在一起，成為整體	把人或东西合在一起，成为整体				[0, 1]	general	unreviewed		[]
組|组|zu3~3	組|组|zu3	3	defined	["量"]	["量"]	["classifier-is"]	[]	[]	用於計算成套的東西或一批人	用于计算成套的东西或一批人				[4]	classifier-is	unreviewed		[]
組合|组合|zu3 he2~1	組合|组合|zu3 he2	1	defined	["動", "名"]	["动", "名"]	[]	[]	[]	把幾個部分合成一個整體	把几个部分合成一个整体				[0, 1]	general	unreviewed		[]
組合|组合|zu3 he2~2	組合|组合|zu3 he2	2	defined	["名"]	["名"]	[]	[]	["math"]	數學上指從一些事物中取出幾個的方式	数学上指从一些事物中取出几个的方式	跟「排列」不同，「組合」不管取出的先後。	跟「排列」不同，「组合」不管取出的先后。		[2]	general	unreviewed		[]
組成|组成|zu3 cheng2~1	組成|组成|zu3 cheng2	1	defined	["動"]	["动"]	[]	[]	[]	幾個部分合在一起，成為一個完整的東西	几个部分合在一起，成为一个完整的东西	常說「由……組成」，「由」的後面是各個部分。	常说「由……组成」，「由」的后面是各个部分。		[0, 1, 2]	general	unreviewed		[]
結|结|jie1~1	結|结|jie1	1	defined	["動"]	["动"]	[]	[]	[]	植物長出果實或種子	植物长出果实或种子				[0]	general	unreviewed		[]
結|结|jie2~1	結|结|jie2	1	defined	["名"]	["名"]	[]	[]	[]	繩子、線等繫在一起的地方	绳子、线等系在一起的地方				[0, 2]	general	unreviewed		[]
結|结|jie2~2	結|结|jie2	2	defined	["動"]	["动"]	[]	[]	[]	用繩子等把東西繫在一起	用绳子等把东西系在一起				[3, 4]	general	unreviewed		[]
結|结|jie2~3	結|结|jie2	3	defined	["動"]	["动"]	["bound-form"]	[]	[]	把應付的錢算清楚付掉	把应付的钱算清楚付掉				[5]	general	unreviewed		[]
結|结|jie2~4	結|结|jie2	4	defined	["形"]	["形"]	["bound-form"]	[]	[]	硬而不容易壞的	硬而不容易坏的				[1]	general	unreviewed		[]
結合|结合|jie2 he2~1	結合|结合|jie2 he2	1	defined	["動", "名"]	["动", "名"]	[]	[]	[]	把兩個事物合在一起，成為一體	把两个事物合在一起，成为一体				[0, 1, 2, 3, 4]	general	unreviewed		[]
結婚|结婚|jie2 hun1~1	結婚|结婚|jie2 hun1	1	defined	["動"]	["动"]	[]	[]	[]	男女雙方正式成為夫妻	男女双方正式成为夫妻	說「跟誰結婚」，不說「結婚誰」。中間可以加別的字，如「結了婚」「結過婚」。	说「跟谁结婚」，不说「结婚谁」。中间可以加别的字，如「结了婚」「结过婚」。		[0]	general	unreviewed		[]
結束|结束|jie2 shu4~1	結束|结束|jie2 shu4	1	defined	["動"]	["动"]	[]	[]	[]	事情或活動到了最後，不再繼續	事情或活动到了最后，不再继续	「結束」指事情到此為止，「完成」指做好了。	「结束」指事情到此为止，「完成」指做好了。		[0]	general	unreviewed		[]
結果|结果|jie1 guo3~1	結果|结果|jie1 guo3	1	defined	["動"]	["动"]	[]	[]	[]	植物開花後長出果實	植物开花后长出果实				[0]	general	unreviewed		[]
結果|结果|jie2 guo3~1	結果|结果|jie2 guo3	1	defined	["名"]	["名"]	[]	[]	[]	事情發展到最後的情況	事情发展到最后的情况	「結果」中性，「後果」多指不好的情況。	「结果」中性，「后果」多指不好的情况。		[0]	general	unreviewed		[]
結果|结果|jie2 guo3~2	結果|结果|jie2 guo3	2	defined	["連"]	["连"]	["function-word"]	[]	[]	用在後一句開頭，引出最後出現的情況	用在后一句开头，引出最后出现的情况				[1]	general	unreviewed		[]
結果|结果|jie2 guo3~3	結果|结果|jie2 guo3	3	defined	["動"]	["动"]	[]	["lit"]	[]	動手殺死人或動物	动手杀死人或动物	這個用法多見於舊小說，現在很少這樣說。	这个用法多见于旧小说，现在很少这样说。		[2]	general	unreviewed		[]
結構|结构|jie2 gou4~1	結構|结构|jie2 gou4	1	defined	["名"]	["名"]	[]	[]	[]	事物各個部分組合起來的方式	事物各个部分组合起来的方式				[0, 1, 2]	general	unreviewed		[]
結構|结构|jie2 gou4~2	結構|结构|jie2 gou4	2	defined	["名"]	["名"]	[]	[]	[]	建築物中支撐重量的部分	建筑物中支撑重量的部分				[3, 4]	general	unreviewed		[]
絕|绝|jue2~1	絕|绝|jue2	1	defined	["動"]	["动"]	["bound-form"]	[]	[]	不再繼續，完全沒有了	不再继续，完全没有了				[0, 1, 2, 3]	general	unreviewed		[]
絕|绝|jue2~2	絕|绝|jue2	2	defined	["副"]	["副"]	[]	[]	[]	完全，常用在「不」「非」前面	完全，常用在「不」「非」前面	常見的說法有「絕不」「絕非」「絕無」。	常见的说法有「绝不」「绝非」「绝无」。		[4, 5]	general	unreviewed		[]
絕對|绝对|jue2 dui4~1	絕對|绝对|jue2 dui4	1	defined	["副"]	["副"]	[]	[]	[]	用在動詞或形容詞前面，表示完全、一定	用在动词或形容词前面，表示完全、一定				[]	general	unreviewed		[]
絕對|绝对|jue2 dui4~2	絕對|绝对|jue2 dui4	2	defined	["形"]	["形"]	[]	[]	[]	不受任何條件限制的	不受任何条件限制的	「絕對」跟「相對」相反，「相對」表示要看比較的對象。	「绝对」跟「相对」相反，「相对」表示要看比较的对象。		[0]	general	unreviewed		[]
給|给|gei3~1	給|给|gei3	1	defined	["動"]	["动"]	[]	[]	[]	使別人得到東西	使别人得到东西	常先說人，再說東西，例如「給他一本書」。	常先说人，再说东西，例如「给他一本书」。		[3]	general	unreviewed		[]
給|给|gei3~2	給|给|gei3	2	defined	["介"]	["介"]	["function-word"]	[]	[]	用在動詞前面，引出動作的對象或得到幫助的人	用在动词前面，引出动作的对象或得到帮助的人	也常放在動詞後面，例如「送給他」「賣給我」。	也常放在动词后面，例如「送给他」「卖给我」。		[0, 1, 2, 5]	general	unreviewed		[]
給|给|gei3~3	給|给|gei3	3	defined	["動"]	["动"]	[]	[]	[]	讓對方做某個動作，多用在請求的句子裡	让对方做某个动作，多用在请求的句子里				[4]	general	unreviewed		[]
給|给|gei3~4	給|给|gei3	4	defined	["介"]	["介"]	["function-word"]	["coll"]	[]	放在做動作的人前面，用法跟「被」相同	放在做动作的人前面，用法跟「被」相同				[6]	general	unreviewed		[]
給|给|gei3~5	給|给|gei3	5	defined	["助"]	["助"]	["particle"]	["coll"]	[]	用在動詞前面，加強「把」或「被」句子的意思	用在动词前面，加强「把」或「被」句子的意思	去掉「給」，句子的意思也不變。	去掉「给」，句子的意思也不变。		[7, 8]	general	unreviewed		[]
給|给|ji3~1	給|给|ji3	1	defined	["動"]	["动"]	["bound-form"]	[]	[]	提供需要的東西	提供需要的东西	在這些詞裡，「給」的讀音跟「給我」的「給」不一樣。	在这些词里，「给」的读音跟「给我」的「给」不一样。		[0]	bound-form	unreviewed		[]
給|给|ji3~2	給|给|ji3	2	defined	["形"]	["形"]	["bound-form"]	["lit"]	[]	生活所需要的東西都足夠的	生活所需要的东西都足够的				[1]	bound-form	unreviewed		[]
統治|统治|tong3 zhi4~1	統治|统治|tong3 zhi4	1	defined	["動", "名"]	["动", "名"]	[]	[]	[]	掌握權力，管理國家和人民	掌握权力，管理国家和人民				[0, 1, 2, 3]	general	unreviewed		[]
絲|丝|si1~1	絲|丝|si1	1	defined	["名"]	["名"]	[]	[]	[]	蠶吐出的細線，可以用來做衣服	蚕吐出的细线，可以用来做衣服				[0]	general	unreviewed		[]
絲|丝|si1~2	絲|丝|si1	2	defined	["名"]	["名"]	[]	[]	[]	又細又長、像線一樣的東西	又细又长、像线一样的东西				[1]	general	unreviewed		[]
絲|丝|si1~3	絲|丝|si1	3	defined	["量"]	["量"]	["classifier-is"]	[]	[]	用於計算極少的量，如風、光、希望	用于计算极少的量，如风、光、希望	「一點」可以用在水、糖等具體的東西前面，「一絲」不可以。	「一点」可以用在水、糖等具体的东西前面，「一丝」不可以。		[2]	classifier-is	unreviewed		[]
經|经|jing1~1	經|经|jing1	1	defined	["動"]	["动"]	[]	["lit"]	[]	通過某段時間、某個過程或某人	通过某段时间、某个过程或某人	常用在「未經同意」、「經他介紹」這類說法裡。	常用在「未经同意」、「经他介绍」这类说法里。		[3, 4]	general	unreviewed		[]
經|经|jing1~2	經|经|jing1	2	defined	["名"]	["名"]	[]	[]	[]	宗教或傳統思想中最重要的書	宗教或传统思想中最重要的书				[0, 1, 2]	general	unreviewed		[]
經|经|jing1~3	經|经|jing1	3	defined	["動"]	["动"]	["bound-form"]	[]	[]	受得住外來的壓力或困難	受得住外来的压力或困难				[5, 6]	general	unreviewed		[]
經|经|jing1~4	經|经|jing1	4	defined	["名"]	["名"]	["bound-form"]	[]	[]	女性每個月一次的出血現象	女性每个月一次的出血现象				[9]	general	unreviewed		[]
經|经|jing1~5	經|经|jing1	5	defined	["名"]	["名"]	["abbr", "bound-form"]	[]	[]	經濟的簡稱	经济的简称				[11]	abbreviation	unreviewed		[]
經|经|jing1~6	經|经|jing1	6	defined	["名"]	["名"]	["bound-form"]	[]	[]	地球上表示東西位置的線	地球上表示东西位置的线				[8]	general	unreviewed		[]
經|经|jing1~7	經|经|jing1	7	defined	["名"]	["名"]	["bound-form"]	[]	["med"]	傳統醫學認為人體內氣血運行的路線	传统医学认为人体内气血运行的路线				[10]	general	unreviewed	edited	["E-jing1-7"]
經|经|jing1~8	經|经|jing1	8	defined	["名"]	["名"]	["bound-form"]	[]	[]	織布時直著排列的線	织布时直着排列的线				[7]	general	unreviewed		[]
經典|经典|jing1 dian3~1	經典|经典|jing1 dian3	1	defined	["名"]	["名"]	[]	[]	[]	長期流傳下來、大家都重視的作品	长期流传下来、大家都重视的作品				[0, 1]	general	unreviewed		[]
經典|经典|jing1 dian3~2	經典|经典|jing1 dian3	2	defined	["形"]	["形"]	[]	[]	[]	很有代表性，值得學習或記住的	很有代表性，值得学习或记住的				[2, 3, 4]	general	unreviewed		[]
經常|经常|jing1 chang2~1	經常|经常|jing1 chang2	1	defined	["副"]	["副"]	[]	[]	[]	一次又一次地，次數很多	一次又一次地，次数很多	「經常」跟「常常」意思差不多。說「不」的時候多用「不常」，很少說「不經常」。	「经常」跟「常常」意思差不多。说「不」的时候多用「不常」，很少说「不经常」。		[0]	general	unreviewed		[]
經常|经常|jing1 chang2~2	經常|经常|jing1 chang2	2	defined	["形"]	["形"]	[]	["lit"]	[]	平時就有的，不是特別的	平时就有的，不是特别的				[1]	general	unreviewed		[]
經歷|经历|jing1 li4~1	經歷|经历|jing1 li4	1	defined	["動", "名"]	["动", "名"]	[]	[]	[]	自己見過、做過或遇到過的事	自己见过、做过或遇到过的事	「經驗」是從做過的事裡學到的東西，「經歷」只說事情本身。	「经验」是从做过的事里学到的东西，「经历」只说事情本身。		[0, 1]	general	unreviewed		[]
經營|经营|jing1 ying2~1	經營|经营|jing1 ying2	1	defined	["動"]	["动"]	[]	[]	[]	計劃並管理生意或事業	计划并管理生意或事业				[0]	general	unreviewed		[]
經過|经过|jing1 guo4~1	經過|经过|jing1 guo4	1	defined	["動"]	["动"]	[]	[]	[]	從某個地方或一段時間中通過	从某个地方或一段时间中通过				[0, 1]	general	unreviewed		[]
經過|经过|jing1 guo4~2	經過|经过|jing1 guo4	2	defined	["名"]	["名"]	[]	[]	[]	事情發生和發展的整個過程	事情发生和发展的整个过程				[2, 3, 4]	general	unreviewed		[]
經驗|经验|jing1 yan4~1	經驗|经验|jing1 yan4	1	defined	["名"]	["名"]	[]	[]	[]	從做過的事情中得到的知識	从做过的事情中得到的知识	「經驗」指從中學到的東西，「經歷」指做過、遇到的事。	「经验」指从中学到的东西，「经历」指做过、遇到的事。		[0]	general	unreviewed		[]
經驗|经验|jing1 yan4~2	經驗|经验|jing1 yan4	2	defined	["動"]	["动"]	[]	["lit"]	[]	親自遇到過某件事	亲自遇到过某件事				[1]	general	unreviewed		[]
綠|绿|lu:4~1	綠|绿|lu:4	1	defined	["形"]	["形"]	[]	[]	[]	顏色像春天樹葉那樣的	颜色像春天树叶那样的				[0]	general	unreviewed		[]
綠|绿|lu:4~2	綠|绿|lu:4	2	defined	["動"]	["动"]	[]	["slang"]	[]	背著自己的伴侶跟別人來往	背着自己的伴侣跟别人来往				[1]	general	unreviewed		[]
綠色|绿色|lu:4 se4~1	綠色|绿色|lu:4 se4	1	defined	["名"]	["名"]	[]	[]	[]	像草和樹葉那樣的顏色	像草和树叶那样的颜色				[0]	general	unreviewed		[]
維|维|wei2~1	維|维|wei2	1	defined	["動"]	["动"]	["bound-form"]	[]	[]	保持事物原來的狀態，使繼續下去	保持事物原来的状态，使继续下去	「維持」是保持不變，「維護」是保護、不讓受到破壞。	「维持」是保持不变，「维护」是保护、不让受到破坏。		[0, 1, 2]	general	unreviewed		[]
維|维|wei2~2	維|维|wei2	2	defined	["名"]	["名"]	["bound-form"]	[]	[]	構成空間的一個方向	构成空间的一个方向				[3]	general	unreviewed		[]
維|维|wei2~3	維|维|wei2	3	defined	["名"]	["名"]	["abbr"]	[]	[]	維生素的簡稱，多用在字母前面	维生素的简称，多用在字母前面	維生素是身體需要的一類物質。	维生素是身体需要的一类物质。	phenomenon	[4]	abbreviation	unreviewed		[]
維持|维持|wei2 chi2~1	維持|维持|wei2 chi2	1	defined	["動"]	["动"]	[]	[]	[]	使原有的情況繼續下去，不改變	使原有的情况继续下去，不改变	「維持」多指用力量讓情況不變，「保持」多指自己一直留著某種狀態。	「维持」多指用力量让情况不变，「保持」多指自己一直留着某种状态。		[0]	general	unreviewed		[]
網|网|wang3~1	網|网|wang3	1	defined	["名"]	["名"]	[]	[]	[]	用線做成、上面有許多小孔的東西	用线做成、上面有许多小孔的东西				[0]	general	unreviewed		[]
網|网|wang3~2	網|网|wang3	2	defined	["名"]	["名"]	[]	[]	["tech"]	許多電腦連接成的系統，用來傳送信息	许多电脑连接成的系统，用来传送信息				[1]	general	unreviewed		[]
網|网|wang3~3	網|网|wang3	3	defined	["動"]	["动"]	[]	[]	[]	用漁網捕捉魚或別的東西	用渔网捕捉鱼或别的东西				[2]	general	unreviewed		[]
網站|网站|wang3 zhan4~1	網站|网站|wang3 zhan4	1	defined	["名"]	["名"]	[]	[]	["tech"]	在網絡上提供信息和服務的地方	在网络上提供信息和服务的地方				[0]	general	unreviewed		[]
緊張|紧张|jin3 zhang1~1	緊張|紧张|jin3 zhang1	1	defined	["形"]	["形"]	[]	[]	[]	心裡不安，感到害怕的	心里不安，感到害怕的				[0, 1, 7]	general	unreviewed		[]
緊張|紧张|jin3 zhang1~2	緊張|紧张|jin3 zhang1	2	defined	["形"]	["形"]	[]	[]	[]	事情急或關係不好，使人不能放鬆的	事情急或关系不好，使人不能放松的				[2, 3, 4]	general	unreviewed		[]
緊張|紧张|jin3 zhang1~3	緊張|紧张|jin3 zhang1	3	defined	["形"]	["形"]	[]	[]	[]	東西少，不夠大家用的	东西少，不够大家用的				[5, 6]	general	unreviewed		[]
緊急|紧急|jin3 ji2~1	緊急|紧急|jin3 ji2	1	defined	["形"]	["形"]	[]	[]	[]	必須馬上處理的，不能再等	必须马上处理的，不能再等	「緊急」說的是事情，「著急」說的是人的心情。	「紧急」说的是事情，「着急」说的是人的心情。		[0, 1]	general	unreviewed		[]
線|线|xian4~1	線|线|xian4	1	defined	["名"]	["名"]	[]	[]	[]	用棉、金屬等做成的細長的東西	用棉、金属等做成的细长的东西				[0, 1, 2, 4]	general	unreviewed		[]
線|线|xian4~2	線|线|xian4	2	defined	["名"]	["名"]	[]	[]	[]	點移動而成的細長圖形	点移动而成的细长图形				[3]	general	unreviewed		[]
線|线|xian4~3	線|线|xian4	3	defined	["名"]	["名"]	[]	[]	[]	車、船等來往經過的路線	车、船等来往经过的路线				[]	general	unreviewed		[]
線|线|xian4~4	線|线|xian4	4	defined	["名"]	["名"]	[]	[]	[]	用在數字後面，表示城市等的等級	用在数字后面，表示城市等的等级	「一線」指等級最高的，數字越大等級越低。	「一线」指等级最高的，数字越大等级越低。		[5]	general	unreviewed		[]
編|编|bian1~1	編|编|bian1	1	defined	["動"]	["动"]	[]	[]	[]	把長條的東西互相穿過，做成一件東西	把长条的东西互相穿过，做成一件东西				[0, 1]	general	unreviewed		[]
編|编|bian1~2	編|编|bian1	2	defined	["動"]	["动"]	[]	[]	[]	按一定的規則安排人或東西的位置	按一定的规则安排人或东西的位置				[2, 3, 4]	general	unreviewed		[]
編|编|bian1~3	編|编|bian1	3	defined	["動"]	["动"]	[]	[]	[]	把材料整理成書或節目	把材料整理成书或节目				[5, 6]	general	unreviewed		[]
編|编|bian1~4	編|编|bian1	4	defined	["動"]	["动"]	[]	[]	[]	自己想出故事、歌曲等作品	自己想出故事、歌曲等作品				[7, 8]	general	unreviewed		[]
編|编|bian1~5	編|编|bian1	5	defined	["動"]	["动"]	[]	[]	[]	把假的事情說得像真的一樣	把假的事情说得像真的一样	「編」用在這個意思時，常帶著不相信的語氣。	「编」用在这个意思时，常带着不相信的语气。		[9, 10]	general	unreviewed		[]
編輯|编辑|bian1 ji2~1	編輯|编辑|bian1 ji2	1	defined	["動"]	["动"]	[]	[]	[]	整理、修改文字或資料，使可以發表	整理、修改文字或资料，使可以发表				[0, 1]	general	unreviewed		[]
編輯|编辑|bian1 ji2~2	編輯|编辑|bian1 ji2	2	defined	["名"]	["名"]	[]	[]	[]	負責整理、修改文字的工作人員	负责整理、修改文字的工作人员				[2, 3]	general	unreviewed		[]
總|总|zong3~1	總|总|zong3	1	defined	["副"]	["副"]	[]	[]	[]	表示每次都這樣，沒有改變	表示每次都这样，没有改变	說話時常常說成「總是」，意思一樣。	说话时常常说成「总是」，意思一样。		[2]	general	unreviewed		[]
總|总|zong3~2	總|总|zong3	2	defined	["副"]	["副"]	[]	[]	[]	表示不管怎樣，最後一定會這樣	表示不管怎样，最后一定会这样	這個意思常說成「總會」、「總要」，指最後必然如此。	这个意思常说成「总会」、「总要」，指最后必然如此。		[3, 4]	general	unreviewed		[]
總|总|zong3~3	總|总|zong3	3	defined	["形"]	["形"]	["bound-form"]	[]	[]	全部合在一起的	全部合在一起的				[0]	bound-form	unreviewed		[]
總|总|zong3~4	總|总|zong3	4	defined	["形"]	["形"]	["bound-form"]	[]	[]	為首的，地位最高的	为首的，地位最高的				[]	bound-form	unreviewed		[]
總|总|zong3~5	總|总|zong3	5	defined	["動"]	["动"]	["bound-form"]	[]	[]	把各部分合在一起	把各部分合在一起				[1]	bound-form	unreviewed		[]
總|总|zong3~6	總|总|zong3	6	defined	["名"]	["名"]	["abbr"]	[]	[]	總經理等職位的簡稱	总经理等职位的简称	稱呼時放在姓的後面，如「李總」、「王總」。	称呼时放在姓的后面，如「李总」、「王总」。		[5]	abbreviation	unreviewed		[]
總是|总是|zong3 shi4~1	總是|总是|zong3 shi4	1	defined	["副"]	["副"]	[]	[]	[]	表示每次都這樣，沒有改變	表示每次都这样，没有改变	「總是」指每次都這樣，「常常」只是次數多。	「总是」指每次都这样，「常常」只是次数多。		[0]	general	unreviewed		[]
總統|总统|zong3 tong3~1	總統|总统|zong3 tong3	1	defined	["名"]	["名"]	["classifier-ref"]	[]	[]	國家的最高領導人，多由選舉產生	国家的最高领导人，多由选举产生				[0, 1]	general	unreviewed		[]
總部|总部|zong3 bu4~1	總部|总部|zong3 bu4	1	defined	["名"]	["名"]	[]	[]	[]	組織中負責領導全部工作的機構	组织中负责领导全部工作的机构				[0]	general	unreviewed		[]
繫|系|ji4~1	繫|系|ji4	1	defined	["動"]	["动"]	[]	[]	[]	把帶子等結上或扣好，使東西不鬆開	把带子等结上或扣好，使东西不松开				[0, 1, 2]	general	unreviewed		[]
繫|系|xi4~1	繫|系|xi4	1	defined	["動"]	["动"]	["bound-form"]	[]	[]	使事物互相連在一起	使事物互相连在一起				[0]	general	unreviewed		[]
繫|系|xi4~2	繫|系|xi4	2	defined	["動"]	["动"]	[]	["lit"]	[]	心裡一直想著，放不下	心里一直想着，放不下				[2]	general	unreviewed		[]
繫|系|xi4~3	繫|系|xi4	3	defined	["動"]	["动"]	[]	["lit"]	[]	把人抓住關起來	把人抓住关起来	舊時的用法，現在多見於古書。	旧时的用法，现在多见于古书。	archaic-form	[1]	general	unreviewed		[]
繼承|继承|ji4 cheng2~1	繼承|继承|ji4 cheng2	1	defined	["動"]	["动"]	[]	[]	[]	接受前人留下的財產、地位或事業	接受前人留下的财产、地位或事业	接受的東西可以是錢和房子，也可以是傳統、精神這類看不見的事物。	接受的东西可以是钱和房子，也可以是传统、精神这类看不见的事物。		[0, 1, 2]	general	unreviewed		[]
繼續|继续|ji4 xu4~1	繼續|继续|ji4 xu4	1	defined	["動"]	["动"]	[]	[]	[]	接著做下去，不停止	接着做下去，不停止	後面可以直接接動詞，也可以單用。	后面可以直接接动词，也可以单用。		[0]	general	unreviewed		[]
缺乏|缺乏|que1 fa2~1	缺乏|缺乏|que1 fa2	1	defined	["動"]	["动"]	[]	[]	[]	應該有的東西沒有或不夠	应该有的东西没有或不够	後面多接不能一個一個數的詞，像「經驗」「水」。說「缺乏三個人」不自然。	后面多接不能一个一个数的词，像「经验」「水」。说「缺乏三个人」不自然。		[0]	general	unreviewed		[]
罪|罪|zui4~1	罪|罪|zui4	1	defined	["名"]	["名"]	[]	[]	["law"]	法律上不允許的嚴重行為	法律上不允许的严重行为				[0, 1]	general	unreviewed		[]
罪|罪|zui4~2	罪|罪|zui4	2	defined	["名"]	["名"]	["bound-form"]	["coll"]	[]	身體或心裡受到的痛苦	身体或心里受到的痛苦				[]	general	unreviewed		[]
罪|罪|zui4~3	罪|罪|zui4	3	defined	["名"]	["名"]	[]	[]	["rel"]	宗教上指人做的壞事	宗教上指人做的坏事				[4]	general	unreviewed		[]
罪|罪|zui4~4	罪|罪|zui4	4	defined	["名"]	["名"]	[]	["lit"]	[]	做錯事情要負的責任	做错事情要负的责任				[2, 3]	general	unreviewed		[]
置|置|zhi4~1	置|置|zhi4	1	defined	["動"]	["动"]	["bound-form"]	[]	[]	把東西放在某個地方	把东西放在某个地方				[0, 1, 2]	general	unreviewed		[]
置|置|zhi4~2	置|置|zhi4	2	defined	["動"]	["动"]	["bound-form"]	[]	[]	買進房子、家具等大件東西	买进房子、家具等大件东西				[3]	general	unreviewed		[]
羅|罗|luo2~1	羅|罗|luo2	1	defined	["動"]	["动"]	["bound-form"]	[]	[]	從各處把人或東西收集到一起	从各处把人或东西收集到一起				[1, 2]	general	unreviewed		[]
羅|罗|luo2~2	羅|罗|luo2	2	defined	["名"]	["名"]	["bound-form"]	["lit"]	[]	用絲做成的一種薄布	用丝做成的一种薄布				[0]	general	unreviewed		[]
羅|罗|luo2~3	羅|罗|luo2	3	defined	["動"]	["动"]	["bound-form"]	["lit"]	[]	用網子抓鳥或別的小動物	用网子抓鸟或别的小动物				[3]	general	unreviewed		[]
羅|罗|luo2~4	羅|罗|luo2	4	defined	["動"]	["动"]	[]	[]	[]	舊時指用網眼很小的工具過麵粉	旧时指用网眼很小的工具过面粉			archaic-form	[4]	general	unreviewed		[]
美|美|mei3~1	美|美|mei3	1	defined	["形"]	["形"]	[]	[]	[]	樣子好看，使人喜歡的	样子好看，使人喜欢的	「美」比「漂亮」正式，還可以說聲音、心靈等。	「美」比「漂亮」正式，还可以说声音、心灵等。		[0]	general	unreviewed		[]
美|美|mei3~2	美|美|mei3	2	defined	["形"]	["形"]	[]	[]	[]	情況好，讓人滿意的	情况好，让人满意的				[1]	general	unreviewed		[]
美|美|mei3~3	美|美|mei3	3	defined	["動"]	["动"]	["bound-form"]	[]	[]	使人或東西變得好看	使人或东西变得好看				[2]	general	unreviewed		[]
美|美|mei3~4	美|美|mei3	4	defined	["形"]	["形"]	[]	["coll"]	[]	自己覺得很好而高興的	自己觉得很好而高兴的				[3]	general	unreviewed		[]
美元|美元|mei3 yuan2~1	美元|美元|mei3 yuan2	1	defined	["名"]	["名"]	[]	[]	[]	美國的錢的單位	美国的钱的单位	說話時常說「美金」，意思和「美元」一樣。	说话时常说「美金」，意思和「美元」一样。		[0]	general	unreviewed		[]
美麗|美丽|mei3 li4~1	美麗|美丽|mei3 li4	1	defined	["形"]	["形"]	[]	[]	[]	樣子好看，讓人看了喜歡的	样子好看，让人看了喜欢的	「漂亮」多用在口語，「美麗」多用在書面。	「漂亮」多用在口语，「美丽」多用在书面。		[0]	general	unreviewed		[]
群|群|qun2~1	群|群|qun2	1	defined	["量"]	["量"]	[]	[]	[]	表示許多人或動物在一起	表示许多人或动物在一起				[2]	general	unreviewed		[]
群|群|qun2~2	群|群|qun2	2	defined	["名"]	["名"]	["bound-form"]	[]	[]	許多人或動物合成的整體	许多人或动物合成的整体				[0, 1]	general	unreviewed		[]
習慣|习惯|xi2 guan4~1	習慣|习惯|xi2 guan4	1	defined	["名"]	["名"]	[]	[]	[]	長時間做同樣的事形成的行為方式	长时间做同样的事形成的行为方式				[0, 1, 2, 4]	general	unreviewed		[]
習慣|习惯|xi2 guan4~2	習慣|习惯|xi2 guan4	2	defined	["動"]	["动"]	[]	[]	[]	常常接觸某種情況而覺得平常自然	常常接触某种情况而觉得平常自然				[3]	general	unreviewed		[]
老|老|lao3~1	老|老|lao3	1	defined	["形"]	["形"]	[]	[]	[]	年齡大的，生活了很多年的	年龄大的，生活了很多年的				[1, 2]	general	unreviewed		[]
老|老|lao3~2	老|老|lao3	2	defined	["形"]	["形"]	[]	[]	[]	很早以前就有的，不是新的	很早以前就有的，不是新的				[4, 7, 9]	general	unreviewed		[]
老|老|lao3~3	老|老|lao3	3	defined	["副"]	["副"]	[]	["coll"]	[]	表示同樣的情況經常出現	表示同样的情况经常出现	說「老是」常常表示說話的人覺得不好。	说「老是」常常表示说话的人觉得不好。		[5, 6]	general	unreviewed		[]
老|老|lao3~4	老|老|lao3	4	defined	["綴"]	["缀"]	["function-word"]	[]	[]	用在姓或數字前面，構成對人的稱呼	用在姓或数字前面，构成对人的称呼	「老三」的「三」指在家裡排行第三。加「老」的稱呼多用在熟人之間。	「老三」的「三」指在家里排行第三。加「老」的称呼多用在熟人之间。		[0]	function-word	unreviewed		[]
老|老|lao3~5	老|老|lao3	5	defined	["形"]	["形"]	["bound-form"]	[]	[]	做某事的時間長，經驗多的	做某事的时间长，经验多的				[3]	general	unreviewed		[]
老|老|lao3~6	老|老|lao3	6	defined	["副"]	["副"]	["bound-form"]	["coll"]	[]	用在少數形容詞前面，表示程度很高	用在少数形容词前面，表示程度很高				[8]	general	unreviewed		[]
老|老|lao3~7	老|老|lao3	7	defined	["形"]	["形"]	[]	[]	[]	食物做得太久，變硬而不好吃	食物做得太久，变硬而不好吃				[10]	general	unreviewed		[]
老師|老师|lao3 shi1~1	老師|老师|lao3 shi1	1	defined	["名"]	["名"]	[]	[]	[]	在學校裡教學生知識的人	在学校里教学生知识的人	中文常在姓後面加「老師」來稱呼人，如「王老師」。	中文常在姓后面加「老师」来称呼人，如「王老师」。		[0]	general	unreviewed		[]
考|考|kao3~1	考|考|kao3	1	defined	["動"]	["动"]	[]	[]	[]	參加考試，取得成績或進入學校	参加考试，取得成绩或进入学校				[4, 5]	general	unreviewed		[]
考|考|kao3~2	考|考|kao3	2	defined	["動"]	["动"]	[]	[]	[]	用問題測試別人學得怎麼樣	用问题测试别人学得怎么样				[2, 3]	general	unreviewed		[]
考|考|kao3~3	考|考|kao3	3	defined	["動"]	["动"]	["bound-form"]	[]	[]	研究查明事情的真相	研究查明事情的真相				[0, 1]	general	unreviewed		[]
考|考|kao3~4	考|考|kao3	4	defined	["名"]	["名"]	[]	["arch"]	[]	舊時稱已經去世的父親	旧时称已经去世的父亲			archaic-form	[6]	general	unreviewed		[]
考慮|考虑|kao3 lu:4~1	考慮|考虑|kao3 lu:4	1	defined	["動", "名"]	["动", "名"]	[]	[]	[]	對事情從各個方面想，再做決定	对事情从各个方面想，再做决定	常說「考慮一下」，表示還要想想，不馬上答應。	常说「考虑一下」，表示还要想想，不马上答应。		[0, 1, 2]	general	unreviewed		[]
考試|考试|kao3 shi4~1	考試|考试|kao3 shi4	1	defined	["動", "名"]	["动", "名"]	[]	[]	[]	用問題檢查一個人學到了多少	用问题检查一个人学到了多少	「考試」可以分開說，如「考了兩次試」。	「考试」可以分开说，如「考了两次试」。		[0, 1, 2]	general	unreviewed		[]
者|者|zhe3~1	者|者|zhe3	1	defined	["綴"]	["缀"]	["function-word", "bound-form"]	[]	[]	用在動詞、形容詞或名詞後面，構成指人的名詞	用在动词、形容词或名词后面，构成指人的名词	「者」多用在文章裡，說話時常說成「…的人」。	「者」多用在文章里，说话时常说成「…的人」。		[0, 1, 2, 3]	function-word	unreviewed	edited	["E-zhe3-1"]
者|者|zhe3~2	者|者|zhe3	2	defined	["綴"]	["缀"]	["function-word", "bound-form"]	[]	[]	用在數目或「前」「後」後面，指提到過的人或事物	用在数目或「前」「后」后面，指提到过的人或事物	說完兩件事物以後，用「前者」「後者」分別指第一件和第二件。	说完两件事物以后，用「前者」「后者」分别指第一件和第二件。		[4]	function-word	unreviewed		[]
者|者|zhe3~3	者|者|zhe3	3	defined	["助"]	["助"]	["particle", "function-word"]	["lit"]	[]	用在詞語後面，表示下面要解釋這個詞	用在词语后面，表示下面要解释这个词	多用在解釋詞語的文章裡，後面常接「指」或「是」。	多用在解释词语的文章里，后面常接「指」或「是」。		[5]	function-word	unreviewed		[]
者|者|zhe3~4	者|者|zhe3	4	defined	["助"]	["助"]	["particle", "function-word"]	["arch"]	[]	舊時用在句末，表示命令的語氣	旧时用在句末，表示命令的语气	只在古書裡出現，現在說話和文章都不用。	只在古书里出现，现在说话和文章都不用。	archaic-form	[6]	function-word	unreviewed	edited	["E-zhe3-4"]
者|者|zhe3~5	者|者|zhe3	5	defined	["代"]	["代"]	[]	["arch"]	[]	舊時指眼前的人或事物，相當於「這」	旧时指眼前的人或事物，相当于「这」			archaic-form	[7]	general	unreviewed	edited	["E-zhe3-5"]
而|而|er2~1	而|而|er2	1	defined	["連"]	["连"]	["function-word"]	[]	[]	連接兩個部分，表示後面的意思跟前面不同	连接两个部分，表示后面的意思跟前面不同	常用「不是…而是…」或「…而不是…」的說法。	常用「不是…而是…」或「…而不是…」的说法。		[3, 4, 7]	general	unreviewed		[]
而|而|er2~2	而|而|er2	2	defined	["連"]	["连"]	["function-word"]	[]	[]	連接形容詞或動詞，表示兩種情況同時存在	连接形容词或动词，表示两种情况同时存在	「而且」有「更進一步」的意思，「而」只是把兩個詞連起來。	「而且」有「更进一步」的意思，「而」只是把两个词连起来。		[0, 1, 6]	general	unreviewed		[]
而|而|er2~3	而|而|er2	3	defined	["連"]	["连"]	["function-word"]	[]	[]	把前面的原因或目的連到後面的動詞上	把前面的原因或目的连到后面的动词上	常用「因…而…」和「為了…而…」的說法。	常用「因…而…」和「为了…而…」的说法。		[2, 5]	general	unreviewed		[]
而且|而且|er2 qie3~1	而且|而且|er2 qie3	1	defined	["連"]	["连"]	["function-word"]	[]	[]	連接前後兩件事，表示後面的更進一層	连接前后两件事，表示后面的更进一层				[0, 1]	general	unreviewed		[]
而已|而已|er2 yi3~1	而已|而已|er2 yi3	1	defined	["助"]	["助"]	["particle"]	[]	[]	用在句子最後，表示只是這樣，沒有別的	用在句子最后，表示只是这样，没有别的	「而已」常跟「只是」「不過」一起用，語氣比「罷了」正式。	「而已」常跟「只是」「不过」一起用，语气比「罢了」正式。		[0, 1]	general	unreviewed		[]
而是|而是|er2 shi4~1	而是|而是|er2 shi4	1	defined	["連"]	["连"]	["function-word"]	[]	[]	用在「不是」的後面，引出真正的情況	用在「不是」的后面，引出真正的情况	「而是」前面一定要有「不是」，不能單用。「而是」用來改正前面的說法，「而且」是再加一件事。	「而是」前面一定要有「不是」，不能单用。「而是」用来改正前面的说法，「而且」是再加一件事。		[0]	function-word	unreviewed		[]
而言|而言|er2 yan2~1	而言|而言|er2 yan2	1	defined	["助"]	["助"]	["function-word"]	["lit"]	[]	用在「就」、「對」等引出的話後面，表示從這方面說	用在「就」、「对」等引出的话后面，表示从这方面说	「而言」不能單用，前面要有「就」或「對」帶出的話。	「而言」不能单用，前面要有「就」或「对」带出的话。		[0]	general	unreviewed		[]
耳|耳|er3~1	耳|耳|er3	1	defined	["名"]	["名"]	["bound-form"]	[]	[]	人和動物用來聽聲音的器官	人和动物用来听声音的器官				[0]	general	unreviewed		[]
耳|耳|er3~2	耳|耳|er3	2	defined	["名"]	["名"]	[]	[]	["hist"]	器物兩旁像耳朵、可以提拿的部分	器物两旁像耳朵、可以提拿的部分	舊時的鼎、瓶一類器物常有這種部分，今天多見於研究古物的說明。	旧时的鼎、瓶一类器物常有这种部分，今天多见于研究古物的说明。	archaic-form	[1]	general	unreviewed	edited	["E-er3-2"]
耳|耳|er3~3	耳|耳|er3	3	defined	["助"]	["助"]	[]	["arch"]	[]	用在句末，表示「不過如此」的語氣	用在句末，表示「不过如此」的语气			archaic-form	[2]	general	unreviewed		[]
耶|耶|ye1~1	耶|耶|ye1	1	defined	["專"]	["专"]	["bound-form"]	[]	[]	用來記外國名字裡的一個音	用来记外国名字里的一个音				[0]	general	unreviewed		[]
耶|耶|ye2~1	耶|耶|ye2	1	defined	["助"]	["助"]	["particle", "function-word"]	["lit"]	[]	舊時用在句子後面，表示疑問的語氣	旧时用在句子后面，表示疑问的语气	現在多見於古書，今天要問話用「嗎」或「呢」。	现在多见于古书，今天要问话用「吗」或「呢」。	archaic-form	[0]	function-word	unreviewed		[]
耶|耶|ye5~1	耶|耶|ye5	1	defined	["助", "嘆"]	["助", "叹"]	["particle", "function-word"]	["coll"]	[]	用在句子後面或單用，表示高興或意外的語氣	用在句子后面或单用，表示高兴或意外的语气	多用在說話裡，寫文章時很少用。	多用在说话里，写文章时很少用。		[0]	function-word	unreviewed		[]
聖|圣|sheng4~1	聖|圣|sheng4	1	defined	["形"]	["形"]	["bound-form"]	[]	[]	與神或宗教信仰有關的，地位很高的	与神或宗教信仰有关的，地位很高的				[2]	bound-form	unreviewed		[]
聖|圣|sheng4~2	聖|圣|sheng4	2	defined	["形", "名"]	["形", "名"]	["bound-form"]	[]	[]	道德或才能達到最高的	道德或才能达到最高的	「聖」放在名詞後面，指某方面成就最高的人。	「圣」放在名词后面，指某方面成就最高的人。		[0, 1]	bound-form	unreviewed		[]
聞|闻|wen2~1	聞|闻|wen2	1	defined	["動"]	["动"]	[]	[]	[]	用鼻子感覺東西的味道	用鼻子感觉东西的味道				[6, 7]	general	unreviewed		[]
聞|闻|wen2~2	聞|闻|wen2	2	defined	["動", "名"]	["动", "名"]	["bound-form"]	[]	[]	用耳朵聽到，也指聽到的消息	用耳朵听到，也指听到的消息	單用「聞」是書面說法，平時多說「聽到」。「聞名」的意思是很有名。	单用「闻」是书面说法，平时多说「听到」。「闻名」的意思是很有名。		[0, 1, 2, 3, 4, 5]	general	unreviewed		[]
聯合|联合|lian2 he2~1	聯合|联合|lian2 he2	1	defined	["動"]	["动"]	[]	[]	[]	兩個以上的人或團體結合起來做事	两个以上的人或团体结合起来做事	常說「聯合起來」，也可以放在名詞前面，如「聯合聲明」。	常说「联合起来」，也可以放在名词前面，如「联合声明」。		[0, 1, 2, 3]	general	unreviewed		[]
聯盟|联盟|lian2 meng2~1	聯盟|联盟|lian2 meng2	1	defined	["名"]	["名"]	[]	[]	[]	幾個國家或團體為共同目的結成的組織	几个国家或团体为共同目的结成的组织				[0, 1, 2]	general	unreviewed		[]
聯繫|联系|lian2 xi4~1	聯繫|联系|lian2 xi4	1	defined	["動", "名"]	["动", "名"]	[]	[]	[]	跟別人互相通消息、保持關係	跟别人互相通消息、保持关系				[1, 3, 6]	general	unreviewed		[]
聯繫|联系|lian2 xi4~2	聯繫|联系|lian2 xi4	2	defined	["名", "動"]	["名", "动"]	[]	[]	[]	事物之間互相有關的情況	事物之间互相有关的情况				[0, 2, 4, 5]	general	unreviewed		[]
聯邦|联邦|lian2 bang1~1	聯邦|联邦|lian2 bang1	1	defined	["名"]	["名"]	[]	[]	[]	由幾個州或地區聯合組成的國家	由几个州或地区联合组成的国家	各州有自己的法律，中央政府管全國的事。	各州有自己的法律，中央政府管全国的事。		[0, 1, 2, 3, 4, 5]	general	unreviewed		[]
聲|声|sheng1~1	聲|声|sheng1	1	defined	["名"]	["名"]	["bound-form"]	[]	[]	人或東西發出來、能讓人聽到的聲音	人或东西发出来、能让人听到的声音				[0, 1, 3]	general	unreviewed		[]
聲|声|sheng1~2	聲|声|sheng1	2	defined	["名"]	["名"]	[]	[]	[]	說話時音節高低的變化	说话时音节高低的变化	漢語的字音有不同的聲調，讀錯了意思就不一樣。	汉语的字音有不同的声调，读错了意思就不一样。		[2]	general	unreviewed		[]
聲|声|sheng1~3	聲|声|sheng1	3	defined	["量"]	["量"]	["classifier-is"]	[]	[]	用於計算發出聲音的次數	用于计算发出声音的次数				[5]	classifier-is	unreviewed		[]
聲|声|sheng1~4	聲|声|sheng1	4	defined	["名"]	["名"]	["bound-form"]	[]	[]	大家對一個人的評價	大家对一个人的评价				[4]	general	unreviewed		[]
聲明|声明|sheng1 ming2~1	聲明|声明|sheng1 ming2	1	defined	["動", "名"]	["动", "名"]	["classifier-ref"]	[]	[]	公開表明自己的態度或意見	公开表明自己的态度或意见	「聲明」是為了表明態度，「宣布」是為了讓大家知道消息。	「声明」是为了表明态度，「宣布」是为了让大家知道消息。		[0, 1, 2, 3, 4]	general	unreviewed		[]
聲稱|声称|sheng1 cheng1~1	聲稱|声称|sheng1 cheng1	1	defined	["動"]	["动"]	[]	[]	[]	公開表明自己的說法	公开表明自己的说法	報道別人的話時常用，通常表示說法還沒有得到證明。	报道别人的话时常用，通常表示说法还没有得到证明。		[0, 1, 2, 3]	general	unreviewed		[]
聲音|声音|sheng1 yin1~1	聲音|声音|sheng1 yin1	1	defined	["名"]	["名"]	[]	[]	[]	耳朵能聽到的，像說話、音樂等	耳朵能听到的，像说话、音乐等				[0]	general	unreviewed		[]
職|职|zhi2~1	職|职|zhi2	1	defined	["名"]	["名"]	["bound-form"]	[]	[]	一個人負責的工作和責任	一个人负责的工作和责任				[0, 1]	general	unreviewed		[]
職業|职业|zhi2 ye4~1	職業|职业|zhi2 ye4	1	defined	["名", "形"]	["名", "形"]	[]	[]	[]	一個人為了生活長期做的工作	一个人为了生活长期做的工作	放在名詞前面時，表示這是他的工作，不是興趣。	放在名词前面时，表示这是他的工作，不是兴趣。		[0, 1]	general	unreviewed		[]
聽|听|ting1~1	聽|听|ting1	1	defined	["動"]	["动"]	[]	[]	[]	用耳朵接受聲音	用耳朵接受声音	「聽」是動作，「聽見」表示真的接受到聲音。	「听」是动作，「听见」表示真的接受到声音。		[0]	general	unreviewed		[]
聽|听|ting1~2	聽|听|ting1	2	defined	["動"]	["动"]	[]	[]	[]	接受別人的意見或命令，照著做	接受别人的意见或命令，照着做				[1]	general	unreviewed		[]
聽|听|ting1~3	聽|听|ting1	3	defined	["量"]	["量"]	["classifier-is"]	[]	[]	用於計算罐裝的飲料	用于计算罐装的饮料	同樣的飲料也可以說「一罐」，但「罐」還可以計算別的東西。	同样的饮料也可以说「一罐」，但「罐」还可以计算别的东西。		[2, 3]	classifier-is	unreviewed		[]
聽|听|ting1~4	聽|听|ting1	4	defined	["動"]	["动"]	["bound-form"]	[]	[]	任由人或事自然發展，不加限制	任由人或事自然发展，不加限制				[4]	general	unreviewed		[]
聽|听|ting1~5	聽|听|ting1	5	defined	["動"]	["动"]	["bound-form"]	["lit"]	[]	治理國家，處理大事	治理国家，处理大事				[5]	general	unreviewed		[]
聽到|听到|ting1 dao4~1	聽到|听到|ting1 dao4	1	defined	["動"]	["动"]	[]	[]	[]	用耳朵感覺到聲音或別人說的話	用耳朵感觉到声音或别人说的话	「聽」是動作，「聽到」是聽的結果；沒有注意的時候也可能聽到。	「听」是动作，「听到」是听的结果；没有注意的时候也可能听到。		[0]	general	unreviewed		[]
肉|肉|rou4~1	肉|肉|rou4	1	defined	["名"]	["名"]	[]	[]	[]	供人食用的動物身體的部分	供人食用的动物身体的部分				[0]	general	unreviewed		[]
肉|肉|rou4~2	肉|肉|rou4	2	defined	["名"]	["名"]	[]	[]	[]	人和動物皮下柔軟的部分	人和动物皮下柔软的部分				[1]	general	unreviewed		[]
肉|肉|rou4~3	肉|肉|rou4	3	defined	["名"]	["名"]	[]	[]	[]	水果裡面可以吃的部分	水果里面可以吃的部分				[2]	general	unreviewed		[]
肉|肉|rou4~4	肉|肉|rou4	4	defined	["形"]	["形"]	[]	["coll"]	[]	過軟，不夠結實的	过软，不够结实的				[3, 4]	general	unreviewed		[]
肉|肉|rou4~5	肉|肉|rou4	5	defined	["形"]	["形"]	[]	["coll"]	[]	做事很慢，不夠爽快的	做事很慢，不够爽快的				[5]	general	unreviewed		[]
股|股|gu3~1	股|股|gu3	1	defined	["名"]	["名"]	[]	[]	[]	整體分出的一份，也指公司的一份所有權	整体分出的一份，也指公司的一份所有权	說公司的一份所有權時，完整的說法是「股票」。	说公司的一份所有权时，完整的说法是「股票」。		[1, 2]	general	unreviewed		[]
股|股|gu3~2	股|股|gu3	2	defined	["名"]	["名"]	[]	[]	[]	線或繩子裡合成一起的一條	线或绳子里合成一起的一条				[3]	general	unreviewed		[]
股|股|gu3~3	股|股|gu3	3	defined	["名"]	["名"]	[]	["lit"]	[]	人身上從腰到膝的部分	人身上从腰到膝的部分			archaic-form	[0]	general	unreviewed		[]
股|股|gu3~4	股|股|gu3	4	defined	["名"]	["名"]	[]	[]	[]	機關裡比科低一級的辦事單位	机关里比科低一级的办事单位				[4]	general	unreviewed		[]
股|股|gu3~5	股|股|gu3	5	defined	["量"]	["量"]	["classifier-is"]	[]	[]	用於計算成條或流動的事物，如水流、氣味、力氣	用于计算成条或流动的事物，如水流、气味、力气				[5, 6, 8]	classifier-is	unreviewed		[]
股|股|gu3~6	股|股|gu3	6	defined	["量"]	["量"]	["classifier-is"]	[]	[]	用於計算成群的人，多指壞人	用于计算成群的人，多指坏人				[7]	classifier-is	unreviewed		[]
肯|肯|ken3~1	肯|肯|ken3	1	defined	["動"]	["动"]	[]	[]	[]	表示願意做某事，多用在動詞前面	表示愿意做某事，多用在动词前面	常說「不肯」，表示怎麼說都不答應。	常说「不肯」，表示怎么说都不答应。		[0, 1]	general	unreviewed		[]
肯定|肯定|ken3 ding4~1	肯定|肯定|ken3 ding4	1	defined	["動", "副"]	["动", "副"]	[]	[]	[]	十分確定，認為事情一定是這樣	十分确定，认为事情一定是这样				[0, 1]	general	unreviewed		[]
肯定|肯定|ken3 ding4~2	肯定|肯定|ken3 ding4	2	defined	["動"]	["动"]	[]	[]	[]	認為正確或有價值，表示同意	认为正确或有价值，表示同意				[2]	general	unreviewed		[]
肯定|肯定|ken3 ding4~3	肯定|肯定|ken3 ding4	3	defined	["形"]	["形"]	[]	[]	[]	表示同意的，跟「否定」相反	表示同意的，跟「否定」相反				[3]	general	unreviewed		[]
背|背|bei1~1	背|背|bei1	1	defined	["動"]	["动"]	[]	[]	[]	把人或東西放在身體後面帶著走	把人或东西放在身体后面带着走				[0]	general	unreviewed		[]
背|背|bei1~2	背|背|bei1	2	defined	["動"]	["动"]	[]	[]	[]	把責任或錯誤放在自己身上	把责任或错误放在自己身上				[1]	general	unreviewed		[]
背|背|bei4~1	背|背|bei4	1	defined	["名"]	["名"]	[]	[]	[]	身體或物體的後面部分	身体或物体的后面部分				[0]	general	unreviewed		[]
背|背|bei4~2	背|背|bei4	2	defined	["動"]	["动"]	[]	[]	[]	不看書，把記住的話說出來	不看书，把记住的话说出来				[3, 4]	general	unreviewed		[]
背|背|bei4~3	背|背|bei4	3	defined	["動"]	["动"]	[]	[]	[]	把身體的後面朝著某人或某個方向	把身体的后面朝着某人或某个方向				[1]	general	unreviewed		[]
背|背|bei4~4	背|背|bei4	4	defined	["動"]	["动"]	[]	[]	[]	不讓某人知道而做某事	不让某人知道而做某事				[2]	general	unreviewed		[]
背|背|bei4~5	背|背|bei4	5	defined	["形"]	["形"]	[]	["slang"]	[]	運氣很差、事情不順利的	运气很差、事情不顺利的				[5]	general	unreviewed		[]
背|背|bei4~6	背|背|bei4	6	defined	["形"]	["形"]	[]	[]	[]	耳朵聽不清楚聲音的	耳朵听不清楚声音的				[6]	general	unreviewed		[]
背景|背景|bei4 jing3~1	背景|背景|bei4 jing3	1	defined	["名"]	["名"]	[]	[]	[]	圖畫、照片或舞臺上，主體後面的部分	图画、照片或舞台上，主体后面的部分				[0]	general	unreviewed		[]
背景|背景|bei4 jing3~2	背景|背景|bei4 jing3	2	defined	["名"]	["名"]	[]	[]	[]	對人物或事件起作用的歷史情況和環境	对人物或事件起作用的历史情况和环境				[0]	general	unreviewed		[]
背景|背景|bei4 jing3~3	背景|背景|bei4 jing3	3	defined	["名"]	["名"]	[]	[]	[]	在背後支持自己的有力人物	在背后支持自己的有力人物	多說「有背景」，指有人在背後幫忙。	多说「有背景」，指有人在背后帮忙。		[1]	general	unreviewed		[]
胡|胡|hu2~1	胡|胡|hu2	1	defined	["副"]	["副"]	["bound-form"]	[]	[]	沒有道理地亂說或亂做	没有道理地乱说或乱做				[1, 2]	general	unreviewed		[]
胡|胡|hu2~2	胡|胡|hu2	2	defined	["名"]	["名"]	["bound-form"]	[]	["hist"]	舊時對北方、西方各族的稱呼	旧时对北方、西方各族的称呼				[0]	general	unreviewed		[]
胡|胡|hu2~3	胡|胡|hu2	3	defined	["動"]	["动"]	[]	[]	[]	打麻將時把牌配成可以贏的樣子	打麻将时把牌配成可以赢的样子				[5]	general	unreviewed		[]
胡|胡|hu2~4	胡|胡|hu2	4	defined	["副"]	["副"]	[]	["arch"]	[]	舊時提問用，相當於「為什麼」	旧时提问用，相当于「为什么」			archaic-form	[3, 4]	general	unreviewed		[]
能|能|neng2~1	能|能|neng2	1	defined	["動"]	["动"]	[]	[]	[]	表示有能力或有條件做一件事	表示有能力或有条件做一件事	「會」多指學過以後懂得做，「能」多指有能力或有條件做。病好了說「又能走路了」，不說「又會走路了」。	「会」多指学过以后懂得做，「能」多指有能力或有条件做。病好了说「又能走路了」，不说「又会走路了」。		[0, 1]	general	unreviewed		[]
能|能|neng2~2	能|能|neng2	2	defined	["動"]	["动"]	[]	[]	[]	表示按道理可以這樣做	表示按道理可以这样做	常用在「不」的後面，或用來問可不可以。	常用在「不」的后面，或用来问可不可以。		[0]	general	unreviewed		[]
能|能|neng2~3	能|能|neng2	3	defined	["動"]	["动"]	[]	[]	[]	表示有可能發生或做到	表示有可能发生或做到				[2]	general	unreviewed		[]
能|能|neng2~4	能|能|neng2	4	defined	["名"]	["名"]	["bound-form"]	[]	[]	做事的能力	做事的能力				[3]	general	unreviewed		[]
能|能|neng2~5	能|能|neng2	5	defined	["名"]	["名"]	["bound-form"]	[]	["phys"]	光、熱、電等形式的能量	光、热、电等形式的能量				[4]	general	unreviewed		[]
能力|能力|neng2 li4~1	能力|能力|neng2 li4	1	defined	["名"]	["名"]	[]	[]	[]	人做事和解決問題的水平	人做事和解决问题的水平				[0, 1, 2]	general	unreviewed		[]
能夠|能够|neng2 gou4~1	能夠|能够|neng2 gou4	1	defined	["動"]	["动"]	[]	[]	[]	有做某事的能力或條件	有做某事的能力或条件	「能夠」和「能」意思相同，但「能夠」更正式。	「能够」和「能」意思相同，但「能够」更正式。		[0, 1, 2]	general	unreviewed		[]
能量|能量|neng2 liang4~1	能量|能量|neng2 liang4	1	defined	["名"]	["名"]	[]	[]	["phys"]	可以使東西運動或發生變化的力量	可以使东西运动或发生变化的力量				[0]	general	unreviewed		[]
能量|能量|neng2 liang4~2	能量|能量|neng2 liang4	2	defined	["名"]	["名"]	[]	["coll"]	[]	一個人做事和影響別人的能力	一个人做事和影响别人的能力				[1]	general	unreviewed		[]
脫|脱|tuo1~1	脫|脱|tuo1	1	defined	["動"]	["动"]	[]	[]	[]	把身上穿戴的東西拿下來	把身上穿戴的东西拿下来				[1]	general	unreviewed		[]
脫|脱|tuo1~2	脫|脱|tuo1	2	defined	["動"]	["动"]	["bound-form"]	[]	[]	從危險或不好的情況中出來	从危险或不好的情况中出来				[2, 3]	general	unreviewed		[]
脫|脱|tuo1~3	脫|脱|tuo1	3	defined	["動"]	["动"]	["bound-form"]	[]	[]	毛、皮等從原來的地方掉下來	毛、皮等从原来的地方掉下来				[0]	general	unreviewed		[]
腦|脑|nao3~1	腦|脑|nao3	1	defined	["名"]	["名"]	[]	[]	[]	頭裡面控制思想和身體活動的部分	头里面控制思想和身体活动的部分				[0]	general	unreviewed		[]
腦|脑|nao3~2	腦|脑|nao3	2	defined	["名"]	["名"]	[]	[]	[]	想事情、記東西的能力	想事情、记东西的能力				[1]	general	unreviewed		[]
腦|脑|nao3~3	腦|脑|nao3	3	defined	["名"]	["名"]	["bound-form"]	[]	[]	人身體最上面的部分	人身体最上面的部分				[2]	general	unreviewed		[]
腦|脑|nao3~4	腦|脑|nao3	4	defined	["名"]	["名"]	["bound-form"]	[]	[]	從某些植物中取出的物質，常用來做藥	从某些植物中取出的物质，常用来做药				[3]	general	unreviewed		[]
腳|脚|jiao3~1	腳|脚|jiao3	1	defined	["名"]	["名"]	[]	[]	[]	人和動物腿下面用來走路的部分	人和动物腿下面用来走路的部分				[0, 1, 3]	general	unreviewed		[]
腳|脚|jiao3~2	腳|脚|jiao3	2	defined	["名"]	["名"]	[]	[]	[]	東西最下面靠地的部分	东西最下面靠地的部分				[1, 2]	general	unreviewed		[]
腳|脚|jiao3~3	腳|脚|jiao3	3	defined	["量"]	["量"]	["classifier-is"]	[]	[]	用於計算踢的次數	用于计算踢的次数				[4]	classifier-is	unreviewed		[]
臨時|临时|lin2 shi2~1	臨時|临时|lin2 shi2	1	defined	["形"]	["形"]	[]	[]	[]	只用一段時間的，不是長期的	只用一段时间的，不是长期的				[2, 3, 4]	general	unreviewed		[]
臨時|临时|lin2 shi2~2	臨時|临时|lin2 shi2	2	defined	["副"]	["副"]	[]	[]	[]	事情快發生時才做，沒有事先安排	事情快发生时才做，没有事先安排				[0, 1]	general	unreviewed		[]
自動|自动|zi4 dong4~1	自動|自动|zi4 dong4	1	defined	["形"]	["形"]	[]	[]	[]	不用人動手，機器自己工作的	不用人动手，机器自己工作的				[0]	general	unreviewed		[]
自動|自动|zi4 dong4~2	自動|自动|zi4 dong4	2	defined	["副"]	["副"]	[]	[]	[]	自己願意去做，不用別人要求	自己愿意去做，不用别人要求				[1]	general	unreviewed		[]
自己|自己|zi4 ji3~1	自己|自己|zi4 ji3	1	defined	["代"]	["代"]	[]	[]	[]	指前面提到的人或事物本身，不是別人	指前面提到的人或事物本身，不是别人	常放在「我」「他」後面加強語氣，例如「我自己來」。也常加「的」，例如「自己的東西」。	常放在「我」「他」后面加强语气，例如「我自己来」。也常加「的」，例如「自己的东西」。		[0]	general	unreviewed		[]
自從|自从|zi4 cong2~1	自從|自从|zi4 cong2	1	defined	["介"]	["介"]	["function-word"]	[]	[]	用在過去的時間前面，表示事情從那時開始	用在过去的时间前面，表示事情从那时开始	「從」可以用在將來的時間，「自從」只用在已經過去的時間。	「从」可以用在将来的时间，「自从」只用在已经过去的时间。		[0, 1]	function-word	unreviewed		[]
自我|自我|zi4 wo3~1	自我|自我|zi4 wo3	1	defined	["代"]	["代"]	[]	[]	[]	自己，多用在雙音節動詞前面	自己，多用在双音节动词前面				[0]	general	unreviewed		[]
自我|自我|zi4 wo3~2	自我|自我|zi4 wo3	2	defined	["名"]	["名"]	[]	[]	[]	一個人自己的個性和想法	一个人自己的个性和想法				[0]	general	unreviewed		[]
自我|自我|zi4 wo3~3	自我|自我|zi4 wo3	3	defined	["名"]	["名"]	[]	[]	[]	心理學上指人能認識自己、控制自己的部分	心理学上指人能认识自己、控制自己的部分				[1]	general	unreviewed		[]
自殺|自杀|zi4 sha1~1	自殺|自杀|zi4 sha1	1	defined	["動"]	["动"]	[]	[]	[]	自己結束自己的生命	自己结束自己的生命				[0, 1, 2]	general	unreviewed		[]
自然|自然|zi4 ran2~1	自然|自然|zi4 ran2	1	defined	["名"]	["名"]	[]	[]	[]	不是人造出來的一切事物，如山、水、動物	不是人造出来的一切事物，如山、水、动物				[0]	general	unreviewed		[]
自然|自然|zi4 ran2~2	自然|自然|zi4 ran2	2	defined	["形"]	["形"]	[]	[]	[]	不是特意做出來的，本來就那樣的	不是特意做出来的，本来就那样的				[1]	general	unreviewed		[]
自然|自然|zi4 ran2~3	自然|自然|zi4 ran2	3	defined	["副"]	["副"]	[]	[]	[]	表示按道理一定會這樣	表示按道理一定会这样	「自然」多說事情按道理會發生，「當然」還可以用來回答問題。	「自然」多说事情按道理会发生，「当然」还可以用来回答问题。		[2]	general	unreviewed		[]
自由|自由|zi4 you2~1	自由|自由|zi4 you2	1	defined	["名", "形"]	["名", "形"]	[]	[]	[]	不受限制，能按自己的想法去做	不受限制，能按自己的想法去做				[0, 1]	general	unreviewed		[]
至|至|zhi4~1	至|至|zhi4	1	defined	["介"]	["介"]	["function-word"]	["lit"]	[]	放在兩個數目或時間中間，表示範圍到哪裡為止	放在两个数目或时间中间，表示范围到哪里为止	同樣的意思，說話時一般用「到」。	同样的意思，说话时一般用「到」。		[2, 3]	function-word	unreviewed		[]
至|至|zhi4~2	至|至|zhi4	2	defined	["副"]	["副"]	["bound-form"]	[]	[]	表示程度最高，相當於「最」	表示程度最高，相当于「最」				[1]	general	unreviewed		[]
至|至|zhi4~3	至|至|zhi4	3	defined	["動"]	["动"]	["bound-form"]	["lit"]	[]	到達某個地方或時間	到达某个地方或时间				[0]	general	unreviewed		[]
至今|至今|zhi4 jin1~1	至今|至今|zhi4 jin1	1	defined	["副"]	["副"]	[]	[]	[]	從過去某個時候一直到現在	从过去某个时候一直到现在				[0, 1, 2]	general	unreviewed		[]
至少|至少|zhi4 shao3~1	至少|至少|zhi4 shao3	1	defined	["副"]	["副"]	[]	[]	[]	表示最小的數量或最低的程度	表示最小的数量或最低的程度	「至少」也可以用來退一步說，表示情況沒有那麼壞。	「至少」也可以用来退一步说，表示情况没有那么坏。		[0, 1]	general	unreviewed		[]
至於|至于|zhi4 yu2~1	至於|至于|zhi4 yu2	1	defined	["介"]	["介"]	["function-word"]	[]	[]	用在句子開頭，引出另外要說的事	用在句子开头，引出另外要说的事	「關於」直接說出要談的事，「至於」是說完一件事以後再提另一件。	「关于」直接说出要谈的事，「至于」是说完一件事以后再提另一件。		[0, 1]	function-word	unreviewed		[]
至於|至于|zhi4 yu2~2	至於|至于|zhi4 yu2	2	defined	["動"]	["动"]	[]	[]	[]	達到某種程度，多用在「不」後面	达到某种程度，多用在「不」后面				[2]	general	unreviewed		[]
致|致|zhi4~1	致|致|zhi4	1	defined	["動"]	["动"]	["bound-form"]	[]	[]	使發生某種結果	使发生某种结果	「導致」、「以致」後面多是不好的結果。	「导致」、「以致」后面多是不好的结果。		[1]	bound-form	unreviewed		[]
致|致|zhi4~2	致|致|zhi4	2	defined	["動"]	["动"]	["bound-form"]	["lit"]	[]	把話或心意送給對方	把话或心意送给对方				[0]	bound-form	unreviewed		[]
臺|台|tai2~1	臺|台|tai2	1	defined	["名"]	["名"]	[]	[]	[]	高出地面、供人站上去的地方	高出地面、供人站上去的地方				[0, 1, 2]	general	unreviewed		[]
臺|台|tai2~2	臺|台|tai2	2	defined	["名"]	["名"]	["bound-form"]	[]	[]	製作和播出節目的機構	制作和播出节目的机构				[5, 6]	general	unreviewed		[]
臺|台|tai2~3	臺|台|tai2	3	defined	["名"]	["名"]	["bound-form"]	[]	[]	用來放或托住東西的平面	用来放或托住东西的平面				[3, 4]	general	unreviewed		[]
臺|台|tai2~4	臺|台|tai2	4	defined	["量"]	["量"]	["classifier-is"]	[]	[]	用於計算車輛和機器	用于计算车辆和机器				[7]	classifier-is	unreviewed		[]
與|与|yu3~1	與|与|yu3	1	defined	["連"]	["连"]	[]	["lit"]	[]	連接兩個地位相同的詞語	连接两个地位相同的词语	意思跟「和」一樣，但「與」多用在文章和書名裡，說話時很少用。	意思跟「和」一样，但「与」多用在文章和书名里，说话时很少用。		[0]	general	unreviewed		[]
與|与|yu3~2	與|与|yu3	2	defined	["介"]	["介"]	[]	["lit"]	[]	用在名詞前面，引出動作或比較的對象	用在名词前面，引出动作或比较的对象	常用在「與…合作」「與…不同」這樣的說法裡。	常用在「与…合作」「与…不同」这样的说法里。		[1]	general	unreviewed		[]
與|与|yu3~3	與|与|yu3	3	defined	["動"]	["动"]	["bound-form"]	["lit"]	[]	把東西交給別人	把东西交给别人	舊時常單用，現在多見於「贈與」等正式的說法。	旧时常单用，现在多见于「赠与」等正式的说法。		[2]	general	unreviewed		[]
與|与|yu4~1	與|与|yu4	1	defined	["動"]	["动"]	["bound-form"]	[]	[]	參加，加入某件事情或活動之中	参加，加入某件事情或活动之中	「與」表示參加時讀第四聲，表示「和」的意思時讀第三聲。	「与」表示参加时读第四声，表示「和」的意思时读第三声。		[0]	general	unreviewed		[]
興趣|兴趣|xing4 qu4~1	興趣|兴趣|xing4 qu4	1	defined	["名"]	["名"]	[]	[]	[]	喜歡某事物、想進一步了解的心理	喜欢某事物、想进一步了解的心理	常說「對某件事有興趣」，不說「有興趣某件事」。	常说「对某件事有兴趣」，不说「有兴趣某件事」。		[0, 1]	general	unreviewed		[]
舉|举|ju3~1	舉|举|ju3	1	defined	["動"]	["动"]	[]	[]	[]	把手或東西向上抬起	把手或东西向上抬起				[0, 1, 5]	general	unreviewed		[]
舉|举|ju3~2	舉|举|ju3	2	defined	["動"]	["动"]	[]	[]	[]	提出例子或事實來說明	提出例子或事实来说明				[2, 3]	general	unreviewed		[]
舉|举|ju3~3	舉|举|ju3	3	defined	["動"]	["动"]	["bound-form"]	[]	[]	發起並進行某項活動	发起并进行某项活动				[4]	general	unreviewed		[]
舉|举|ju3~4	舉|举|ju3	4	defined	["動"]	["动"]	["bound-form"]	[]	[]	大家一起把某個人選出來	大家一起把某个人选出来				[6, 7]	general	unreviewed		[]
舉|举|ju3~5	舉|举|ju3	5	defined	["名"]	["名"]	["bound-form"]	[]	[]	人做出的行動或動作	人做出的行动或动作				[8, 9, 10]	general	unreviewed		[]
舉行|举行|ju3 xing2~1	舉行|举行|ju3 xing2	1	defined	["動"]	["动"]	[]	[]	[]	按計劃進行會議、比賽等活動	按计划进行会议、比赛等活动	「舉辦」重在誰來組織，「舉行」重在活動進行。	「举办」重在谁来组织，「举行」重在活动进行。		[0]	general	unreviewed		[]
舉辦|举办|ju3 ban4~1	舉辦|举办|ju3 ban4	1	defined	["動"]	["动"]	[]	[]	[]	組織並進行比賽、會議等活動	组织并进行比赛、会议等活动	「舉行」說活動正在進行，「舉辦」說有人組織、安排這個活動。	「举行」说活动正在进行，「举办」说有人组织、安排这个活动。		[0]	general	unreviewed		[]
舊|旧|jiu4~1	舊|旧|jiu4	1	defined	["形"]	["形"]	[]	[]	[]	使用了很久，看上去不新的	使用了很久，看上去不新的				[0, 1, 3]	general	unreviewed		[]
舊|旧|jiu4~2	舊|旧|jiu4	2	defined	["形"]	["形"]	[]	[]	[]	以前的，不是現在的	以前的，不是现在的	「舊」和「老」不同：「老朋友」指交情深，「舊朋友」指以前的朋友。	「旧」和「老」不同：「老朋友」指交情深，「旧朋友」指以前的朋友。		[2]	general	unreviewed		[]
舞|舞|wu3~1	舞|舞|wu3	1	defined	["名"]	["名"]	[]	[]	[]	常跟著音樂做出的一組好看的動作	常跟着音乐做出的一组好看的动作				[0]	general	unreviewed		[]
舞|舞|wu3~2	舞|舞|wu3	2	defined	["動"]	["动"]	[]	[]	[]	手裡拿著東西來回地動	手里拿着东西来回地动				[1, 2]	general	unreviewed		[]
舞臺|舞台|wu3 tai2~1	舞臺|舞台|wu3 tai2	1	defined	["名"]	["名"]	[]	[]	[]	劇場裡演員表演的地方	剧场里演员表演的地方				[0]	general	unreviewed		[]
舞臺|舞台|wu3 tai2~2	舞臺|舞台|wu3 tai2	2	defined	["名"]	["名"]	[]	[]	[]	讓人表現能力的場合	让人表现能力的场合				[0]	general	unreviewed		[]
舞蹈|舞蹈|wu3 dao3~1	舞蹈|舞蹈|wu3 dao3	1	defined	["名"]	["名"]	[]	[]	[]	隨著音樂做出各種動作的表演藝術	随着音乐做出各种动作的表演艺术	「舞蹈」多指這門藝術本身，說做這個動作要用「跳舞」。	「舞蹈」多指这门艺术本身，说做这个动作要用「跳舞」。		[0, 1]	general	unreviewed		[]
航空|航空|hang2 kong1~1	航空|航空|hang2 kong1	1	defined	["名"]	["名"]	[]	[]	[]	飛機等在空中飛行的活動	飞机等在空中飞行的活动				[0]	general	unreviewed		[]
般|般|ban1~1	般|般|ban1	1	defined	["名"]	["名"]	["bound-form"]	["lit"]	[]	樣子或種類，多用在「這」「那」後面	样子或种类，多用在「这」「那」后面				[0, 1, 2, 3, 4]	general	unreviewed		[]
般|般|ban1~2	般|般|ban1	2	defined	["助"]	["助"]	["particle"]	[]	[]	用在名詞後面，表示像那個東西一樣	用在名词后面，表示像那个东西一样				[]	general	unreviewed		[]
船|船|chuan2~1	船|船|chuan2	1	defined	["名"]	["名"]	["classifier-ref"]	[]	[]	在水上載人或東西的交通工具	在水上载人或东西的交通工具				[0, 1, 2, 3]	general	unreviewed		[]
艘|艘|sou1~1	艘|艘|sou1	1	defined	["量"]	["量"]	["classifier-is"]	[]	[]	用於計算船，多指較大的船	用于计算船，多指较大的船	小船也可以用「條」來計算，例如「一條小船」。	小船也可以用「条」来计算，例如「一条小船」。		[0]	classifier-is	unreviewed		[]
色|色|se4~1	色|色|se4	1	defined	["名"]	["名"]	["bound-form"]	[]	[]	東西看上去的紅、黃、藍等樣子	东西看上去的红、黄、蓝等样子				[0, 1]	general	unreviewed		[]
色|色|se4~2	色|色|se4	2	defined	["名"]	["名"]	["bound-form"]	[]	[]	表現在外面的樣子，多指臉上的神情	表现在外面的样子，多指脸上的神情				[2, 3]	general	unreviewed		[]
色|色|se4~3	色|色|se4	3	defined	["名"]	["名"]	["bound-form"]	[]	[]	男女之間跟性有關的事	男女之间跟性有关的事				[4]	general	unreviewed		[]
色|色|shai3~1	色|色|shai3	1	defined	["名"]	["名"]	[]	["coll"]	[]	東西表面的紅、黃、藍等樣子	东西表面的红、黄、蓝等样子	常用在「掉色」、「上色」這類詞裡。書面上一般說「顏色」。	常用在「掉色」、「上色」这类词里。书面上一般说「颜色」。		[0]	general	unreviewed		[]
艾|艾|ai4~1	艾|艾|ai4	1	defined	["名"]	["名"]	["bound-form"]	[]	[]	一種有香味的草，葉子可以入藥	一种有香味的草，叶子可以入药	中醫把曬乾的葉子點燃，用熱氣來治病。	中医把晒干的叶子点燃，用热气来治病。		[0]	general	unreviewed		[]
艾|艾|ai4~2	艾|艾|ai4	2	defined	["名"]	["名"]	["bound-form"]	[]	[]	用來音譯外國名字或詞語的字	用来音译外国名字或词语的字				[1]	general	unreviewed		[]
花園|花园|hua1 yuan2~1	花園|花园|hua1 yuan2	1	defined	["名"]	["名"]	["classifier-ref"]	[]	[]	種著花草、供人休息的地方	种着花草、供人休息的地方				[0, 1]	general	unreviewed		[]
若|若|ruo4~1	若|若|ruo4	1	defined	["連"]	["连"]	["function-word"]	["lit"]	[]	用在句子前一部分，引出假設的條件	用在句子前一部分，引出假设的条件	「若」跟「如果」意思一樣，說話時多用「如果」。「若」後面的分句常用「就」。	「若」跟「如果」意思一样，说话时多用「如果」。「若」后面的分句常用「就」。		[3]	function-word	unreviewed		[]
若|若|ruo4~2	若|若|ruo4	2	defined	["動"]	["动"]	["bound-form"]	[]	[]	看上去像是另一種情況	看上去像是另一种情况				[0, 1, 2]	general	unreviewed		[]
英|英|ying1~1	英|英|ying1	1	defined	["名"]	["名"]	["bound-form"]	[]	[]	能力特別強的人	能力特别强的人				[0]	general	unreviewed		[]
英|英|ying1~2	英|英|ying1	2	defined	["形"]	["形"]	["bound-form"]	[]	[]	能力或表現特別強的	能力或表现特别强的				[1, 2]	general	unreviewed		[]
英|英|ying1~3	英|英|ying1	3	defined	["名"]	["名"]	[]	["lit"]	[]	草木開出的花	草木开出的花			archaic-form	[3, 4]	general	unreviewed		[]
英雄|英雄|ying1 xiong2~1	英雄|英雄|ying1 xiong2	1	defined	["名"]	["名"]	[]	[]	[]	不怕危險，為大家做出大事的人	不怕危险，为大家做出大事的人				[0, 1]	general	unreviewed		[]
茲|兹|zi1~1	茲|兹|zi1	1	defined	["代"]	["代"]	[]	["lit"]	[]	指眼前說到的人或事物，相當於「這」	指眼前说到的人或事物，相当于「这」				[0]	general	unreviewed		[]
茲|兹|zi1~2	茲|兹|zi1	2	defined	["副"]	["副"]	[]	["lit"]	[]	現在，多用在正式文件的開頭	现在，多用在正式文件的开头				[1]	general	unreviewed		[]
茲|兹|zi1~3	茲|兹|zi1	3	defined	["名"]	["名"]	[]	["lit", "arch"]	[]	年，舊時多用在「今茲」等說法裡	年，旧时多用在「今兹」等说法里			archaic-form	[2]	general	unreviewed		[]
茶|茶|cha2~1	茶|茶|cha2	1	defined	["名"]	["名"]	["classifier-ref"]	[]	[]	用開水沖一種樹的葉子做成的飲料	用开水冲一种树的叶子做成的饮料				[0, 2]	general	unreviewed		[]
茶|茶|cha2~2	茶|茶|cha2	2	defined	["名"]	["名"]	[]	[]	[]	一種樹，葉子可以沖成飲料	一种树，叶子可以冲成饮料				[1]	general	unreviewed		[]
草|草|cao3~1	草|草|cao3	1	defined	["名"]	["名"]	[]	[]	[]	長在地上的綠色小植物，牛羊愛吃	长在地上的绿色小植物，牛羊爱吃				[0, 6]	general	unreviewed		[]
草|草|cao3~2	草|草|cao3	2	defined	["名"]	["名"]	[]	[]	[]	曬乾的植物，可用來餵牛羊或做東西	晒干的植物，可用来喂牛羊或做东西				[1]	general	unreviewed		[]
草|草|cao3~3	草|草|cao3	3	defined	["名"]	["名"]	["bound-form"]	[]	[]	最初寫出、還沒定下來的文字	最初写出、还没定下来的文字				[2, 3]	general	unreviewed		[]
草|草|cao3~4	草|草|cao3	4	defined	["形"]	["形"]	[]	[]	[]	寫字或做事快而不認真的	写字或做事快而不认真的				[4, 5]	general	unreviewed		[]
莎|莎|sha1~1	莎|莎|sha1	1	defined	["名"]	["名"]	["bound-form"]	[]	[]	寫外國名字時用來表示聲音的字	写外国名字时用来表示声音的字				[1]	general	unreviewed		[]
莎|莎|sha1~2	莎|莎|sha1	2	defined	["名"]	["名"]	[]	["arch"]	["bio"]	一種身體綠色、會叫的昆蟲	一种身体绿色、会叫的昆虫	這個意思舊時用在「莎雞」一詞裡，現在已經很少見。	这个意思旧时用在「莎鸡」一词里，现在已经很少见。	archaic-form	[0]	general	unreviewed		[]
莫|莫|mo4~1	莫|莫|mo4	1	defined	["副"]	["副"]	[]	["lit"]	[]	用在動詞前面，表示不要這樣做	用在动词前面，表示不要这样做	「莫」多用在書面，口語中常說「別」或「不要」。	「莫」多用在书面，口语中常说「别」或「不要」。		[0]	general	unreviewed		[]
莫|莫|mo4~2	莫|莫|mo4	2	defined	["代"]	["代"]	["bound-form"]	["lit"]	[]	表示沒有任何人或事物	表示没有任何人或事物				[1]	general	unreviewed		[]
菜|菜|cai4~1	菜|菜|cai4	1	defined	["名"]	["名"]	[]	[]	[]	可以做成食物的植物	可以做成食物的植物				[0]	general	unreviewed		[]
菜|菜|cai4~2	菜|菜|cai4	2	defined	["名"]	["名"]	[]	[]	[]	做好了端上來吃的食物	做好了端上来吃的食物				[1]	general	unreviewed		[]
菜|菜|cai4~3	菜|菜|cai4	3	defined	["形"]	["形"]	[]	["coll"]	[]	能力差、水平低的	能力差、水平低的				[2]	general	unreviewed		[]
菜|菜|cai4~4	菜|菜|cai4	4	defined	["名"]	["名"]	[]	["coll"]	[]	自己喜歡的那一類人	自己喜欢的那一类人				[3]	general	unreviewed		[]
華|华|hua2~1	華|华|hua2	1	defined	["形"]	["形"]	["bound-form"]	[]	[]	美麗而有光彩的	美丽而有光彩的				[0, 1, 2]	general	unreviewed		[]
菲|菲|fei1~1	菲|菲|fei1	1	defined	["形"]	["形"]	["bound-form"]	["lit"]	[]	花草長得茂盛、氣味很香的	花草长得茂盛、气味很香的				[0, 1]	general	unreviewed		[]
菲|菲|fei1~2	菲|菲|fei1	2	defined	["名"]	["名"]	[]	[]	["chem"]	從煤裡得到的一種化學物質，無色有光澤	从煤里得到的一种化学物质，无色有光泽				[2]	general	unreviewed		[]
菲|菲|fei3~1	菲|菲|fei3	1	defined	["形"]	["形"]	["bound-form"]	["lit"]	[]	少而不好的，多用來說自己的東西	少而不好的，多用来说自己的东西				[0, 1, 2]	general	unreviewed		[]
菲|菲|fei3~2	菲|菲|fei3	2	defined	["名"]	["名"]	[]	["arch"]	[]	舊時指一種像蘿蔔的菜	旧时指一种像萝卜的菜			archaic-form	[3]	general	unreviewed		[]
萊|莱|lai2~1	萊|莱|lai2	1	defined	["名"]	["名"]	[]	["lit"]	[]	一種野草，葉子可以當菜吃	一种野草，叶子可以当菜吃	這個字現在很少單用，多見於古書和人名、地名。	这个字现在很少单用，多见于古书和人名、地名。	archaic-form	[0, 1]	general	unreviewed		[]
落|落|la4~1	落|落|la4	1	defined	["動"]	["动"]	[]	["coll"]	[]	把東西忘在某個地方，沒有帶走	把东西忘在某个地方，没有带走				[2]	general	unreviewed		[]
落|落|la4~2	落|落|la4	2	defined	["動"]	["动"]	[]	["coll"]	[]	該有的字句沒有寫上或說出	该有的字句没有写上或说出				[0, 1]	general	unreviewed		[]
落|落|la4~3	落|落|la4	3	defined	["動"]	["动"]	[]	["coll"]	[]	走得或做得比別人慢，被別人超過	走得或做得比别人慢，被别人超过				[3]	general	unreviewed		[]
落|落|lao4~1	落|落|lao4	1	defined	["動"]	["动"]	["bound-form"]	["coll"]	[]	往下掉，或顏色變淡、價格變低	往下掉，或颜色变淡、价格变低				[0]	general	unreviewed		[]
落|落|luo4~1	落|落|luo4	1	defined	["動"]	["动"]	[]	[]	[]	由高處向下掉或向下移動	由高处向下掉或向下移动				[0, 1, 2, 3, 4, 6]	general	unreviewed		[]
落|落|luo4~2	落|落|luo4	2	defined	["動"]	["动"]	[]	[]	[]	比別人慢或差，留在後面	比别人慢或差，留在后面				[5]	general	unreviewed		[]
落|落|luo4~3	落|落|luo4	3	defined	["動"]	["动"]	[]	[]	[]	事情或好處歸到某人身上	事情或好处归到某人身上				[7, 8]	general	unreviewed		[]
落|落|luo4~4	落|落|luo4	4	defined	["名"]	["名"]	["bound-form"]	[]	[]	人或東西所在的地方	人或东西所在的地方				[10]	general	unreviewed		[]
落|落|luo4~5	落|落|luo4	5	defined	["名"]	["名"]	["bound-form"]	[]	[]	人們聚居的地方	人们聚居的地方				[11]	general	unreviewed		[]
落|落|luo4~6	落|落|luo4	6	defined	["動"]	["动"]	["bound-form"]	["lit"]	[]	用筆寫下文字或名字	用笔写下文字或名字				[9]	general	unreviewed		[]
葉|叶|ye4~1	葉|叶|ye4	1	defined	["名"]	["名"]	["bound-form"]	[]	[]	植物長在枝上、多為綠色的部分	植物长在枝上、多为绿色的部分				[0]	general	unreviewed		[]
葉|叶|ye4~2	葉|叶|ye4	2	defined	["名"]	["名"]	["bound-form"]	[]	["hist"]	世紀或時代分成的一段時間	世纪或时代分成的一段时间				[3]	general	unreviewed		[]
葉|叶|ye4~3	葉|叶|ye4	3	defined	["名"]	["名"]	[]	[]	["med"]	身體裡某些器官分開的部分	身体里某些器官分开的部分				[2]	general	unreviewed		[]
葉|叶|ye4~4	葉|叶|ye4	4	defined	["量"]	["量"]	["classifier-is"]	["lit"]	[]	用於計算小船	用于计算小船				[4]	classifier-is	unreviewed		[]
葉|叶|ye4~5	葉|叶|ye4	5	defined	["名"]	["名"]	[]	["arch"]	[]	書本中的一張紙	书本中的一张纸	舊時的用法，現在多寫作「頁」。	旧时的用法，现在多写作「页」。	archaic-form	[1]	general	unreviewed		[]
著|着|zhao1~1	著|着|zhao1	1	defined	["名"]	["名"]	[]	[]	[]	下棋時走的一步	下棋时走的一步				[0]	general	unreviewed		[]
著|着|zhao1~2	著|着|zhao1	2	defined	["名"]	["名"]	[]	[]	[]	做事或解決問題的手段、辦法	做事或解决问题的手段、办法	這個意思現在常寫成「招」，例如「高招」。	这个意思现在常写成「招」，例如「高招」。		[1]	general	unreviewed		[]
著|着|zhao1~3	著|着|zhao1	3	defined	["嘆"]	["叹"]	[]	["dialect"]	[]	回答時用，表示同意或答應	回答时用，表示同意或答应				[2]	general	unreviewed		[]
著|着|zhao1~4	著|着|zhao1	4	defined	["動"]	["动"]	[]	["dialect"]	[]	把東西放進去或加上一些	把东西放进去或加上一些				[3]	general	unreviewed		[]
著|着|zhao2~1	著|着|zhao2	1	defined	["動"]	["动"]	[]	[]	[]	用在動詞後面，表示達到了目的或有了結果	用在动词后面，表示达到了目的或有了结果	「不著」用在動詞後面，表示想做而做不到，例如「睡不著」、「買不著」。	「不着」用在动词后面，表示想做而做不到，例如「睡不着」、「买不着」。		[7, 8]	general	unreviewed		[]
著|着|zhao2~2	著|着|zhao2	2	defined	["動"]	["动"]	["bound-form"]	[]	[]	受到，感覺到，多指不好的影響	受到，感觉到，多指不好的影响				[2, 3]	general	unreviewed		[]
著|着|zhao2~3	著|着|zhao2	3	defined	["動"]	["动"]	[]	[]	[]	開始燒起來	开始烧起来				[4, 5]	general	unreviewed		[]
著|着|zhao2~4	著|着|zhao2	4	defined	["動"]	["动"]	[]	[]	[]	接觸到別的東西	接触到别的东西	常說「夠得著」、「夠不著」，表示手能不能碰到。	常说「够得着」、「够不着」，表示手能不能碰到。		[0, 1]	general	unreviewed		[]
著|着|zhao2~5	著|着|zhao2	5	defined	["動"]	["动"]	[]	["coll"]	[]	進入睡眠	进入睡眠				[6]	general	unreviewed		[]
著|着|zhe5~1	著|着|zhe5	1	defined	["助"]	["助"]	["particle", "function-word"]	[]	[]	用在動詞後面，表示動作正在進行或狀態的持續	用在动词后面，表示动作正在进行或状态的持续	「了」表示動作已經完成，「著」表示動作或狀態還在繼續。	「了」表示动作已经完成，「着」表示动作或状态还在继续。		[0]	function-word	unreviewed		[]
著|着|zhuo2~1	著|着|zhuo2	1	defined	["動"]	["动"]	["bound-form"]	[]	[]	把衣服穿在身上	把衣服穿在身上				[0]	general	unreviewed		[]
著|着|zhuo2~2	著|着|zhuo2	2	defined	["動"]	["动"]	["bound-form"]	[]	[]	把力量、心思等用在某件事上	把力量、心思等用在某件事上				[2, 3]	general	unreviewed		[]
著|着|zhuo2~3	著|着|zhuo2	3	defined	["動"]	["动"]	["bound-form"]	[]	[]	碰到別的東西，停在上面	碰到别的东西，停在上面				[1]	general	unreviewed		[]
著|著|zhu4~1	著|著|zhu4	1	defined	["形"]	["形"]	["bound-form"]	[]	[]	十分明顯或大家都知道的	十分明显或大家都知道的				[0, 1, 2, 5]	general	unreviewed		[]
著|著|zhu4~2	著|著|zhu4	2	defined	["動", "名"]	["动", "名"]	["bound-form"]	[]	[]	寫成書或文章；也指寫出來的作品	写成书或文章；也指写出来的作品				[3, 4]	general	unreviewed		[]
著名|著名|zhu4 ming2~1	著名|著名|zhu4 ming2	1	defined	["形"]	["形"]	[]	[]	[]	名聲大，很多人都知道的	名声大，很多人都知道的	「著名」多用在書面，「有名」口語裡更常用。	「著名」多用在书面，「有名」口语里更常用。		[0, 1, 2, 3]	general	unreviewed		[]
葯|药|yao4~1	葯|药|yao4	1	defined	["名"]	["名"]	[]	[]	[]	舊時指一種香草的葉子	旧时指一种香草的叶子			archaic-form	[0]	general	unreviewed		[]
蒂|蒂|di4~1	蒂|蒂|di4	1	defined	["名"]	["名"]	[]	[]	[]	水果、花跟枝連著的那一小部分	水果、花跟枝连着的那一小部分				[0]	general	unreviewed		[]
蒙|蒙|meng1~1	蒙|蒙|meng1	1	defined	["形"]	["形"]	[]	["coll"]	[]	受到打擊或問話後一時想不清楚的	受到打击或问话后一时想不清楚的				[0, 1, 2]	general	unreviewed		[]
蒙|蒙|meng2~1	蒙|蒙|meng2	1	defined	["動"]	["动"]	[]	[]	[]	用布等把東西的上面蓋住	用布等把东西的上面盖住				[0]	general	unreviewed		[]
蒙|蒙|meng2~2	蒙|蒙|meng2	2	defined	["動"]	["动"]	[]	["coll"]	[]	用假話讓別人相信不真實的事	用假话让别人相信不真实的事				[4]	general	unreviewed		[]
蒙|蒙|meng2~3	蒙|蒙|meng2	3	defined	["動"]	["动"]	["bound-form"]	["lit"]	[]	受到，用在得到好處或遇到不幸時	受到，用在得到好处或遇到不幸时				[2, 3]	general	unreviewed		[]
蒙|蒙|meng2~4	蒙|蒙|meng2	4	defined	["形"]	["形"]	["bound-form"]	[]	[]	沒有知識、不明白事理的	没有知识、不明白事理的				[1]	general	unreviewed		[]
蓋|盖|gai4~1	蓋|盖|gai4	1	defined	["動"]	["动"]	[]	[]	[]	把東西放在上面，使下面看不見	把东西放在上面，使下面看不见				[4, 5]	general	unreviewed		[]
蓋|盖|gai4~2	蓋|盖|gai4	2	defined	["名"]	["名"]	["bound-form"]	[]	[]	放在上面把開口關住的東西	放在上面把开口关住的东西				[0, 1, 2, 3]	general	unreviewed		[]
蓋|盖|gai4~3	蓋|盖|gai4	3	defined	["動"]	["动"]	[]	[]	[]	建造房子或大樓	建造房子或大楼				[6]	general	unreviewed		[]
藍|蓝|lan2~1	藍|蓝|lan2	1	defined	["形"]	["形"]	[]	[]	[]	顏色像天空和大海那樣的	颜色像天空和大海那样的				[0]	general	unreviewed		[]
藍|蓝|lan2~2	藍|蓝|lan2	2	defined	["名"]	["名"]	["bound-form"]	[]	[]	葉子可以做藍色染料的植物	叶子可以做蓝色染料的植物				[1]	general	unreviewed		[]
藍色|蓝色|lan2 se4~1	藍色|蓝色|lan2 se4	1	defined	["形", "名"]	["形", "名"]	[]	[]	[]	顏色像晴天時的天空那樣的	颜色像晴天时的天空那样的				[0]	general	unreviewed		[]
藏|藏|cang2~1	藏|藏|cang2	1	defined	["動"]	["动"]	[]	[]	[]	把人或東西放在別人找不到的地方	把人或东西放在别人找不到的地方				[0, 1, 2]	general	unreviewed		[]
藏|藏|cang2~2	藏|藏|cang2	2	defined	["動"]	["动"]	[]	[]	[]	把東西存放起來，長期保留	把东西存放起来，长期保留				[3, 4]	general	unreviewed		[]
藏|藏|zang4~1	藏|藏|zang4	1	defined	["名"]	["名"]	["bound-form"]	[]	[]	存放大量東西的地方	存放大量东西的地方				[0, 1]	general	unreviewed		[]
藏|藏|zang4~2	藏|藏|zang4	2	defined	["名"]	["名"]	["bound-form"]	[]	[]	佛教或道教經典的總稱	佛教或道教经典的总称				[2]	general	unreviewed		[]
藝術|艺术|yi4 shu4~1	藝術|艺术|yi4 shu4	1	defined	["名"]	["名"]	[]	[]	[]	用畫、音樂等形式表現思想和感情的活動	用画、音乐等形式表现思想和感情的活动				[0]	general	unreviewed		[]
藝術家|艺术家|yi4 shu4 jia1~1	藝術家|艺术家|yi4 shu4 jia1	1	defined	["名"]	["名"]	[]	[]	[]	在音樂、繪畫等藝術方面水平很高的人	在音乐、绘画等艺术方面水平很高的人				[0, 1]	general	unreviewed		[]
藥|药|yao4~1	藥|药|yao4	1	defined	["名"]	["名"]	[]	[]	[]	用來治病的物質，可以吃或用在身上	用来治病的物质，可以吃或用在身上				[0, 1, 3]	general	unreviewed		[]
藥|药|yao4~2	藥|药|yao4	2	defined	["名"]	["名"]	["bound-form"]	[]	[]	有特別作用的化學物質	有特别作用的化学物质				[2]	general	unreviewed		[]
藥|药|yao4~3	藥|药|yao4	3	defined	["動"]	["动"]	[]	["coll"]	[]	用毒藥讓人或動物死	用毒药让人或动物死				[4]	general	unreviewed		[]
藥物|药物|yao4 wu4~1	藥物|药物|yao4 wu4	1	defined	["名"]	["名"]	[]	[]	[]	用來治療疾病的物質	用来治疗疾病的物质	「藥物」多用在書面和醫學方面，平常說話常說「藥」。	「药物」多用在书面和医学方面，平常说话常说「药」。		[0, 1, 2, 3, 4]	general	unreviewed		[]
蘇|苏|su1~1	蘇|苏|su1	1	defined	["動"]	["动"]	["bound-form"]	[]	[]	死去或停止之後重新活動起來	死去或停止之后重新活动起来				[2]	general	unreviewed		[]
蘇|苏|su1~2	蘇|苏|su1	2	defined	["名"]	["名"]	["bound-form"]	[]	[]	一種有香味的草，葉子可以做菜或入藥	一种有香味的草，叶子可以做菜或入药				[0]	general	unreviewed		[]
蘋果|苹果|ping2 guo3~1	蘋果|苹果|ping2 guo3	1	defined	["名"]	["名"]	[]	[]	[]	一種圓形的水果，皮多為紅色或綠色，味道甜	一种圆形的水果，皮多为红色或绿色，味道甜				[0, 1]	general	unreviewed		[]
蘭|兰|lan2~1	蘭|兰|lan2	1	defined	["名"]	["名"]	["bound-form"]	[]	[]	一種花，葉子長而細，開花時有香氣	一种花，叶子长而细，开花时有香气				[0]	general	unreviewed		[]
蘭|兰|lan2~2	蘭|兰|lan2	2	defined	["名"]	["名"]	["bound-form"]	[]	[]	木蘭一類有香氣的草木	木兰一类有香气的草木	木蘭、玉蘭都是樹，跟蘭花不是同一類植物。	木兰、玉兰都是树，跟兰花不是同一类植物。		[1, 2]	general	unreviewed		[]
虎|虎|hu3~1	虎|虎|hu3	1	defined	["名"]	["名"]	["bound-form"]	[]	[]	身上有黃黑條紋、住在山林裡的大型野獸	身上有黄黑条纹、住在山林里的大型野兽				[0, 1]	general	unreviewed		[]
處|处|chu3~1	處|处|chu3	1	defined	["動"]	["动"]	["bound-form"]	[]	[]	安排、解決事情	安排、解决事情				[8]	general	unreviewed		[]
處|处|chu3~2	處|处|chu3	2	defined	["動"]	["动"]	[]	[]	[]	人跟人在一起生活、交往	人跟人在一起生活、交往				[6]	general	unreviewed		[]
處|处|chu3~3	處|处|chu3	3	defined	["動"]	["动"]	["bound-form"]	[]	[]	在某個地方或某種情況中	在某个地方或某种情况中				[0, 1, 2, 3, 4, 5, 7]	general	unreviewed		[]
處|处|chu3~4	處|处|chu3	4	defined	["動"]	["动"]	["bound-form"]	[]	[]	對犯錯的人按照規定加以懲罰	对犯错的人按照规定加以惩罚				[9, 10]	general	unreviewed		[]
處|处|chu4~1	處|处|chu4	1	defined	["名"]	["名"]	["bound-form"]	[]	[]	人或東西所在的地方	人或东西所在的地方				[0]	bound-form	unreviewed		[]
處|处|chu4~2	處|处|chu4	2	defined	["名"]	["名"]	["bound-form"]	[]	[]	人或事物的某個方面	人或事物的某个方面				[1]	bound-form	unreviewed		[]
處|处|chu4~3	處|处|chu4	3	defined	["名"]	["名"]	["bound-form"]	[]	[]	政府或機構中的一個部門	政府或机构中的一个部门				[2]	bound-form	unreviewed		[]
處|处|chu4~4	處|处|chu4	4	defined	["量"]	["量"]	["classifier-is"]	[]	[]	用於計算地方、建築、傷口等	用于计算地方、建筑、伤口等				[3]	classifier-is	unreviewed		[]
處於|处于|chu3 yu2~1	處於|处于|chu3 yu2	1	defined	["動"]	["动"]	[]	[]	[]	在某種狀態或位置上	在某种状态或位置上	後面一定要接表示狀態或位置的詞語，不能單獨用。	后面一定要接表示状态或位置的词语，不能单独用。		[0]	general	unreviewed		[]
處理|处理|chu3 li3~1	處理|处理|chu3 li3	1	defined	["動"]	["动"]	[]	[]	[]	用一定的方法安排、解決事情	用一定的方法安排、解决事情				[0]	general	unreviewed		[]
處理|处理|chu3 li3~2	處理|处理|chu3 li3	2	defined	["動"]	["动"]	[]	[]	[]	用特別的方法使東西發生變化	用特别的方法使东西发生变化				[2]	general	unreviewed		[]
處理|处理|chu3 li3~3	處理|处理|chu3 li3	3	defined	["動"]	["动"]	[]	[]	[]	按規定對犯錯的人進行處罰	按规定对犯错的人进行处罚				[1]	general	unreviewed		[]
處理|处理|chu3 li3~4	處理|处理|chu3 li3	4	defined	["動"]	["动"]	[]	[]	[]	用比原來低的錢賣出東西	用比原来低的钱卖出东西				[3]	general	unreviewed		[]
號|号|hao2~1	號|号|hao2	1	defined	["動"]	["动"]	["bound-form"]	[]	[]	大聲哭叫，聲音拉得很長	大声哭叫，声音拉得很长				[0]	bound-form	unreviewed		[]
號|号|hao4~1	號|号|hao4	1	defined	["名"]	["名"]	[]	[]	[]	一個月裡的第幾天	一个月里的第几天	「日」多用在書面，「號」多用在口語。	「日」多用在书面，「号」多用在口语。		[7]	general	unreviewed		[]
號|号|hao4~2	號|号|hao4	2	defined	["量"]	["量"]	["classifier-is"]	[]	[]	用在數字後面，表示房間、座位、選手等是第幾個	用在数字后面，表示房间、座位、选手等是第几个				[6, 10]	classifier-is	unreviewed		[]
號|号|hao4~3	號|号|hao4	3	defined	["名"]	["名"]	["bound-form"]	[]	[]	用來表示意思的標誌或聲音	用来表示意思的标志或声音				[2, 3, 4]	bound-form	unreviewed		[]
號|号|hao4~4	號|号|hao4	4	defined	["名"]	["名"]	["bound-form"]	[]	[]	正式定下或另外取的名字	正式定下或另外取的名字				[5]	bound-form	unreviewed		[]
號|号|hao4~5	號|号|hao4	5	defined	["名"]	["名"]	["bound-form"]	[]	[]	表示大小或種類的等級	表示大小或种类的等级				[8]	bound-form	unreviewed		[]
號|号|hao4~6	號|号|hao4	6	defined	["動"]	["动"]	["bound-form"]	[]	[]	大聲說出來，讓大家去做	大声说出来，让大家去做				[0]	bound-form	unreviewed	edited	["R57A-003"]
號|号|hao4~7	號|号|hao4	7	defined	["名"]	["名"]	["bound-form"]	[]	[]	軍隊或樂隊裡用嘴吹的樂器	军队或乐队里用嘴吹的乐器				[1]	bound-form	unreviewed		[]
號|号|hao4~8	號|号|hao4	8	defined	["動"]	["动"]	["bound-form"]	[]	["med"]	用手指按著查看身體的情況	用手指按着查看身体的情况	只用在「號脈」裡，是中醫看病的方法。	只用在「号脉」里，是中医看病的方法。		[9]	bound-form	unreviewed	edited	["R57A-004"]
血|血|xue4~1	血|血|xue4	1	defined	["名"]	["名"]	[]	[]	[]	人和動物身體裡流動的紅色液體	人和动物身体里流动的红色液体				[0, 2]	general	unreviewed		[]
行動|行动|xing2 dong4~1	行動|行动|xing2 dong4	1	defined	["名", "動"]	["名", "动"]	[]	[]	[]	為了達到目的而做的事	为了达到目的而做的事	常說「採取行動」，表示開始做要做的事。	常说「采取行动」，表示开始做要做的事。		[0, 1, 2]	general	unreviewed		[]
行動|行动|xing2 dong4~2	行動|行动|xing2 dong4	2	defined	["動"]	["动"]	[]	[]	[]	移動身體，走路或活動	移动身体，走路或活动				[3, 4]	general	unreviewed		[]
行為|行为|xing2 wei2~1	行為|行为|xing2 wei2	1	defined	["名"]	["名"]	[]	[]	[]	人表現在外面的動作和活動	人表现在外面的动作和活动	「行為」多用來評價好壞，「行動」指為了目標而做的事。	「行为」多用来评价好坏，「行动」指为了目标而做的事。		[0]	general	unreviewed		[]
術|术|shu4~1	術|术|shu4	1	defined	["名"]	["名"]	["bound-form"]	[]	[]	做事情的方法或技術	做事情的方法或技术				[0, 1]	general	unreviewed		[]
術|术|zhu2~1	術|术|zhu2	1	defined	["名"]	["名"]	["bound-form"]	[]	[]	一種草本植物，根可以做藥	一种草本植物，根可以做药				[0]	general	unreviewed		[]
街|街|jie1~1	街|街|jie1	1	defined	["名"]	["名"]	[]	[]	[]	城鎮裡兩邊有房屋和商店的道路	城镇里两边有房屋和商店的道路				[0, 1]	general	unreviewed		[]
街道|街道|jie1 dao4~1	街道|街道|jie1 dao4	1	defined	["名"]	["名"]	[]	[]	[]	城市裡兩邊有房子的路	城市里两边有房子的路				[0, 1]	general	unreviewed		[]
街道|街道|jie1 dao4~2	街道|街道|jie1 dao4	2	defined	["名"]	["名"]	[]	[]	["cn"]	城市裡比區小的一級地方單位	城市里比区小的一级地方单位	這一級主要管居民的日常事情。	这一级主要管居民的日常事情。		[2, 3]	general	unreviewed		[]
衛星|卫星|wei4 xing1~1	衛星|卫星|wei4 xing1	1	defined	["名"]	["名"]	[]	[]	["tech"]	發射到太空、圍繞地球飛行的裝置	发射到太空、围绕地球飞行的装置				[0, 2]	general	unreviewed		[]
衛星|卫星|wei4 xing1~2	衛星|卫星|wei4 xing1	2	defined	["名"]	["名"]	[]	[]	["astro"]	在太空中圍繞行星飛行的天體	在太空中围绕行星飞行的天体				[1]	general	unreviewed		[]
衝|冲|chong1~1	衝|冲|chong1	1	defined	["動"]	["动"]	[]	[]	[]	很快地向前跑或撞過去	很快地向前跑或撞过去				[1, 2]	general	unreviewed		[]
衝|冲|chong1~2	衝|冲|chong1	2	defined	["動"]	["动"]	["bound-form"]	[]	[]	互相碰撞，或彼此合不來	互相碰撞，或彼此合不来				[3]	general	unreviewed		[]
衝|冲|chong1~3	衝|冲|chong1	3	defined	["名"]	["名"]	["bound-form"]	[]	[]	交通上的重要地方	交通上的重要地方				[0]	general	unreviewed		[]
衝|冲|chong4~1	衝|冲|chong4	1	defined	["形"]	["形"]	[]	[]	[]	力量大的，也指說話直來直去、不客氣的	力量大的，也指说话直来直去、不客气的				[0, 1]	general	unreviewed	edited	["E-chong4-1"]
衝|冲|chong4~2	衝|冲|chong4	2	defined	["形"]	["形"]	[]	[]	[]	氣味太強，讓人受不了的	气味太强，让人受不了的				[2]	general	unreviewed		[]
衝|冲|chong4~3	衝|冲|chong4	3	defined	["介"]	["介"]	["function-word"]	[]	[]	表示動作朝著的方向	表示动作朝着的方向				[3]	general	unreviewed		[]
衝|冲|chong4~4	衝|冲|chong4	4	defined	["介"]	["介"]	["function-word"]	[]	[]	引出動作的理由或根據	引出动作的理由或根据				[4]	general	unreviewed		[]
衝突|冲突|chong1 tu1~1	衝突|冲突|chong1 tu1	1	defined	["動", "名"]	["动", "名"]	[]	[]	[]	雙方意見不合而互相爭吵、動手	双方意见不合而互相争吵、动手				[0, 1, 2, 4]	general	unreviewed		[]
衝突|冲突|chong1 tu1~2	衝突|冲突|chong1 tu1	2	defined	["動"]	["动"]	[]	[]	[]	兩件事互相不合，不能同時做到	两件事互相不合，不能同时做到				[3]	general	unreviewed		[]
表|表|biao3~1	表|表|biao3	1	defined	["名"]	["名"]	[]	[]	[]	把內容分行分格列出來的東西	把内容分行分格列出来的东西				[4, 5]	general	unreviewed		[]
表|表|biao3~2	表|表|biao3	2	defined	["動"]	["动"]	["bound-form"]	[]	[]	把心裡的想法讓別人知道	把心里的想法让别人知道				[2]	general	unreviewed		[]
表|表|biao3~3	表|表|biao3	3	defined	["名"]	["名"]	["bound-form"]	[]	[]	東西的外面一層	东西的外面一层				[0]	general	unreviewed		[]
表|表|biao3~4	表|表|biao3	4	defined	["名"]	["名"]	["bound-form"]	[]	[]	通過女性一方連起來的親戚關係	通过女性一方连起来的亲戚关系				[1]	general	unreviewed		[]
表|表|biao3~5	表|表|biao3	5	defined	["名"]	["名"]	["bound-form"]	[]	[]	用來量出水、電等數量的東西	用来量出水、电等数量的东西				[6]	general	unreviewed		[]
表|表|biao3~6	表|表|biao3	6	defined	["名"]	["名"]	["bound-form"]	[]	[]	值得別人學習的人	值得别人学习的人				[3]	general	unreviewed		[]
表明|表明|biao3 ming2~1	表明|表明|biao3 ming2	1	defined	["動"]	["动"]	[]	[]	[]	清楚地說出或顯示，讓人知道	清楚地说出或显示，让人知道	「表明」前面既可以是人，也可以是事實、數字這類材料。	「表明」前面既可以是人，也可以是事实、数字这类材料。		[0, 1, 2, 3, 4]	general	unreviewed		[]
表演|表演|biao3 yan3~1	表演|表演|biao3 yan3	1	defined	["動", "名"]	["动", "名"]	[]	[]	[]	在觀眾面前唱歌、跳舞、演戲等	在观众面前唱歌、跳舞、演戏等				[0, 1, 2, 3, 4, 5, 6, 7]	general	unreviewed	edited	["E-biao3yan3-1"]
表現|表现|biao3 xian4~1	表現|表现|biao3 xian4	1	defined	["動", "名"]	["动", "名"]	[]	[]	[]	把想法、感情或特點顯示出來	把想法、感情或特点显示出来	「愛表現」指喜歡讓別人注意自己，多帶不好的意思。	「爱表现」指喜欢让别人注意自己，多带不好的意思。		[0, 1, 2, 3, 4, 5, 6, 7]	general	unreviewed		[]
表現|表现|biao3 xian4~2	表現|表现|biao3 xian4	2	defined	["名"]	["名"]	[]	[]	[]	一個人做事、做人的樣子和成績	一个人做事、做人的样子和成绩				[8, 9]	general	unreviewed		[]
表示|表示|biao3 shi4~1	表示|表示|biao3 shi4	1	defined	["動", "名"]	["动", "名"]	[]	[]	[]	用話或行動讓別人知道自己的態度	用话或行动让别人知道自己的态度	「表示」多用在態度上，「表達」多用在想法和感情上。	「表示」多用在态度上，「表达」多用在想法和感情上。		[0, 2]	general	unreviewed		[]
表示|表示|biao3 shi4~2	表示|表示|biao3 shi4	2	defined	["動"]	["动"]	[]	[]	[]	某種事物說明或代表一定的意思	某种事物说明或代表一定的意思				[1]	general	unreviewed		[]
表達|表达|biao3 da2~1	表達|表达|biao3 da2	1	defined	["動"]	["动"]	[]	[]	[]	用話或文字把意思和感情說出來	用话或文字把意思和感情说出来	「表示」多用在態度和意見上，「表達」多用在想法和感情上。	「表示」多用在态度和意见上，「表达」多用在想法和感情上。		[0]	general	unreviewed		[]
表面|表面|biao3 mian4~1	表面|表面|biao3 mian4	1	defined	["名"]	["名"]	[]	[]	[]	物體最外面的那一層	物体最外面的那一层				[0, 1, 2]	general	unreviewed		[]
表面|表面|biao3 mian4~2	表面|表面|biao3 mian4	2	defined	["名"]	["名"]	[]	[]	[]	從外面看到的情況，跟實際不同	从外面看到的情况，跟实际不同	常用「表面上…，實際上…」這樣的說法。	常用「表面上…，实际上…」这样的说法。		[3]	general	unreviewed		[]
被|被|bei4~1	被|被|bei4	1	defined	["介", "助"]	["介", "助"]	["function-word"]	[]	[]	表示前面的人或事物受到後面說的動作	表示前面的人或事物受到后面说的动作	做動作的人可以放在「被」的後面，也可以不說。中文常常不用「被」，例如說「信寫好了」，不說「信被寫好了」。	做动作的人可以放在「被」的后面，也可以不说。中文常常不用「被」，例如说「信写好了」，不说「信被写好了」。		[3]	general	unreviewed		[]
被|被|bei4~2	被|被|bei4	2	defined	["名"]	["名"]	["bound-form"]	[]	[]	睡覺時蓋在身上的東西	睡觉时盖在身上的东西				[0]	general	unreviewed		[]
被|被|bei4~3	被|被|bei4	3	defined	["助"]	["助"]	["function-word"]	["coll"]	[]	用在動詞前面，表示事情不是自己願意的，或只是別人的說法	用在动词前面，表示事情不是自己愿意的，或只是别人的说法	多見於新聞和網上的說法，帶開玩笑或不滿的意思。	多见于新闻和网上的说法，带开玩笑或不满的意思。		[4]	general	unreviewed		[]
被|被|bei4~4	被|被|bei4	4	defined	["動"]	["动"]	["bound-form"]	["lit"]	[]	蓋在上面	盖在上面				[1]	general	unreviewed		[]
被|被|bei4~5	被|被|bei4	5	defined	["動"]	["动"]	[]	["lit"]	[]	遭受不好的事情	遭受不好的事情	表示被動的用法是由這個意思變來的。	表示被动的用法是由这个意思变来的。	archaic-form	[2]	general	unreviewed		[]
被捕|被捕|bei4 bu3~1	被捕|被捕|bei4 bu3	1	defined	["動"]	["动"]	[]	[]	[]	因為犯罪等原因被警方抓住	因为犯罪等原因被警方抓住	說警方的行動用「逮捕」，說人被抓用「被捕」。	说警方的行动用「逮捕」，说人被抓用「被捕」。		[0, 1]	general	unreviewed		[]
裝|装|zhuang1~1	裝|装|zhuang1	1	defined	["動"]	["动"]	[]	[]	[]	把東西放進包、車、船等裡面	把东西放进包、车、船等里面				[9, 10, 11]	general	unreviewed		[]
裝|装|zhuang1~2	裝|装|zhuang1	2	defined	["動"]	["动"]	[]	[]	[]	把機器、設備等安放好，讓它能用	把机器、设备等安放好，让它能用				[7, 8]	general	unreviewed		[]
裝|装|zhuang1~3	裝|装|zhuang1	3	defined	["動"]	["动"]	[]	[]	[]	做出不真實的樣子讓人相信	做出不真实的样子让人相信				[5, 6]	general	unreviewed		[]
裝|装|zhuang1~4	裝|装|zhuang1	4	defined	["名"]	["名"]	["bound-form"]	[]	[]	衣服，多指某一類	衣服，多指某一类				[2, 3, 4]	general	unreviewed		[]
裝|装|zhuang1~5	裝|装|zhuang1	5	defined	["動"]	["动"]	["bound-form"]	[]	[]	加上好看的東西，使人或物變美	加上好看的东西，使人或物变美				[0, 1]	general	unreviewed		[]
裝置|装置|zhuang1 zhi4~1	裝置|装置|zhuang1 zhi4	1	defined	["名"]	["名"]	[]	[]	[]	起某種作用的機器或設備	起某种作用的机器或设备				[1, 2, 3, 4, 5]	general	unreviewed		[]
裝置|装置|zhuang1 zhi4~2	裝置|装置|zhuang1 zhi4	2	defined	["動"]	["动"]	[]	[]	[]	把機器、設備等安在一定的地方	把机器、设备等安在一定的地方				[0]	general	unreviewed		[]
裡|里|li3~1	裡|里|li3	1	defined	["名"]	["名"]	[]	[]	[]	一定範圍或空間的內部	一定范围或空间的内部	多用在名詞後面，如「家裡」「手裡」。	多用在名词后面，如「家里」「手里」。		[1, 2, 3]	general	unreviewed		[]
裡|里|li3~2	裡|里|li3	2	defined	["名"]	["名"]	["bound-form"]	[]	[]	衣服、被子等內部的一層布	衣服、被子等内部的一层布				[0]	general	unreviewed		[]
裡面|里面|li3 mian4~1	裡面|里面|li3 mian4	1	defined	["名"]	["名"]	[]	[]	[]	一定範圍以內的部分，跟外面相反	一定范围以内的部分，跟外面相反	口語裡也常說「裡頭」，意思相同。	口语里也常说「里头」，意思相同。		[0, 1]	general	unreviewed		[]
製|制|zhi4~1	製|制|zhi4	1	defined	["動"]	["动"]	["bound-form"]	[]	[]	用材料按一定方法做出東西	用材料按一定方法做出东西				[0, 1]	general	unreviewed		[]
製作|制作|zhi4 zuo4~1	製作|制作|zhi4 zuo4	1	defined	["動"]	["动"]	[]	[]	[]	做出東西或作品，多需要一定的技術	做出东西或作品，多需要一定的技术	「製造」多用在工廠大量生產，「製作」多指一件一件地做。	「制造」多用在工厂大量生产，「制作」多指一件一件地做。		[0]	general	unreviewed		[]
製造|制造|zhi4 zao4~1	製造|制造|zhi4 zao4	1	defined	["動"]	["动"]	[]	[]	[]	用材料做出產品，多指工廠生產	用材料做出产品，多指工厂生产				[0]	general	unreviewed		[]
製造|制造|zhi4 zao4~2	製造|制造|zhi4 zao4	2	defined	["動"]	["动"]	[]	[]	[]	使某種情況出現，多指不好的事	使某种情况出现，多指不好的事	常說「製造機會」、「製造問題」。	常说「制造机会」、「制造问题」。		[]	general	unreviewed		[]
複雜|复杂|fu4 za2~1	複雜|复杂|fu4 za2	1	defined	["形"]	["形"]	[]	[]	[]	包括的方面多，不容易弄清楚的	包括的方面多，不容易弄清楚的	「麻煩」指做起來費事，「複雜」指事物本身不簡單。	「麻烦」指做起来费事，「复杂」指事物本身不简单。		[0]	general	unreviewed		[]
襲擊|袭击|xi2 ji1~1	襲擊|袭击|xi2 ji1	1	defined	["動", "名"]	["动", "名"]	[]	[]	[]	在對方沒有準備時突然攻擊	在对方没有准备时突然攻击				[0, 1, 2]	general	unreviewed		[]
西|西|xi1~1	西|西|xi1	1	defined	["名"]	["名"]	[]	[]	[]	太陽落下去的那一邊	太阳落下去的那一边	常跟「邊」「面」合用，說成「西邊」「西面」。	常跟「边」「面」合用，说成「西边」「西面」。		[0]	general	unreviewed		[]
西部|西部|xi1 bu4~1	西部|西部|xi1 bu4	1	defined	["名"]	["名"]	[]	[]	[]	一個地區靠西邊的那一塊地方	一个地区靠西边的那一块地方				[0]	general	unreviewed		[]
要|要|yao1~1	要|要|yao1	1	defined	["動"]	["动"]	["bound-form"]	[]	[]	向人提出請求或條件，希望對方一定做到	向人提出请求或条件，希望对方一定做到				[0]	bound-form	unreviewed		[]
要|要|yao4~1	要|要|yao4	1	defined	["動"]	["动"]	[]	[]	[]	希望得到某種東西，或希望做某件事	希望得到某种东西，或希望做某件事	表示向人請求時，常用「跟他要」「向他要」的說法。	表示向人请求时，常用「跟他要」「向他要」的说法。		[0]	general	unreviewed		[]
要|要|yao4~2	要|要|yao4	2	defined	["動"]	["动"]	[]	[]	[]	表示動作或情況很快會發生	表示动作或情况很快会发生	常和「了」一起用，也常說「快要」「就要」。	常和「了」一起用，也常说「快要」「就要」。		[1]	general	unreviewed		[]
要|要|yao4~3	要|要|yao4	3	defined	["動"]	["动"]	[]	[]	[]	表示應該或必須這樣做	表示应该或必须这样做	「不用」表示不需要這樣做。「不要」則是叫人別做某事。	「不用」表示不需要这样做。「不要」则是叫人别做某事。		[2]	general	unreviewed		[]
要|要|yao4~4	要|要|yao4	4	defined	["形"]	["形"]	["bound-form"]	[]	[]	重要的，值得注意的	重要的，值得注意的				[4]	bound-form	unreviewed		[]
要|要|yao4~5	要|要|yao4	5	defined	["連"]	["连"]	["function-word"]	["coll"]	[]	用在前一句，表示假設	用在前一句，表示假设	意思跟「要是」一樣，後面的句子常用「就」。	意思跟「要是」一样，后面的句子常用「就」。		[3]	general	unreviewed		[]
要求|要求|yao1 qiu2~1	要求|要求|yao1 qiu2	1	defined	["動", "名"]	["动", "名"]	["classifier-ref"]	[]	[]	向別人提出希望他做到的事	向别人提出希望他做到的事				[0, 1, 2, 3, 4, 5, 6]	general	unreviewed		[]
見|见|jian4~6	見|见|jian4	1	defined	["動"]	["动"]	[]	[]	[]	眼睛接觸到人或東西，知道它的存在	眼睛接触到人或东西，知道它的存在	「看」是主動去用眼睛，「見」是眼睛接觸到的結果。	「看」是主动去用眼睛，「见」是眼睛接触到的结果。		[0]	general	unreviewed		[]
見|见|jian4~7	見|见|jian4	2	defined	["動"]	["动"]	[]	[]	[]	跟人會面，當面談話或辦事	跟人会面，当面谈话或办事				[1, 3]	general	unreviewed		[]
見|见|jian4~8	見|见|jian4	3	defined	["名"]	["名"]	["bound-form"]	[]	[]	對人或事情的看法	对人或事情的看法				[4, 5]	general	unreviewed		[]
見|见|jian4~9	見|见|jian4	4	defined	["動"]	["动"]	["bound-form"]	[]	[]	表現出來，讓人看得到	表现出来，让人看得到				[2]	general	unreviewed		[]
見|见|xian4~1	見|见|xian4	1	defined	["動"]	["动"]	[]	["lit"]	[]	出現，讓人能看到	出现，让人能看到	這個意思多出現在古書裡，現在一般寫作「現」。	这个意思多出现在古书里，现在一般写作「现」。	archaic-form	[0]	general	unreviewed		[]
見到|见到|jian4 dao4~1	見到|见到|jian4 dao4	1	defined	["動"]	["动"]	[]	[]	[]	看到了人或事物	看到了人或事物	「見到」可以用在人和東西上，「見面」只用在人跟人之間。	「见到」可以用在人和东西上，「见面」只用在人跟人之间。		[0]	general	unreviewed		[]
規則|规则|gui1 ze2~1	規則|规则|gui1 ze2	1	defined	["名"]	["名"]	[]	[]	[]	大家在活動中都要按照的規定	大家在活动中都要按照的规定				[0]	general	unreviewed		[]
規則|规则|gui1 ze2~2	規則|规则|gui1 ze2	2	defined	["形"]	["形"]	[]	[]	[]	按一定的先後，整齊不亂的	按一定的先后，整齐不乱的				[1]	general	unreviewed		[]
規定|规定|gui1 ding4~1	規定|规定|gui1 ding4	1	defined	["動", "名"]	["动", "名"]	[]	[]	[]	事先定下、大家必須按照的要求	事先定下、大家必须按照的要求				[0, 1]	general	unreviewed		[]
視|视|shi4~1	視|视|shi4	1	defined	["動"]	["动"]	["bound-form"]	["lit"]	[]	用眼睛朝一定的方向看	用眼睛朝一定的方向看				[0]	general	unreviewed		[]
親|亲|qin1~1	親|亲|qin1	1	defined	["名"]	["名"]	["bound-form"]	[]	[]	生下自己的人，即父親或母親	生下自己的人，即父亲或母亲				[0]	general	unreviewed		[]
親|亲|qin1~2	親|亲|qin1	2	defined	["形"]	["形"]	["bound-form"]	[]	[]	有直接家族關係的	有直接家族关系的				[1, 2, 3]	general	unreviewed		[]
親|亲|qin1~3	親|亲|qin1	3	defined	["形"]	["形"]	[]	[]	[]	彼此關係近、感情好的	彼此关系近、感情好的	放在國家的名字前面時，表示支持那個國家，例如「親美」。	放在国家的名字前面时，表示支持那个国家，例如「亲美」。		[6, 7, 10, 11]	general	unreviewed		[]
親|亲|qin1~4	親|亲|qin1	4	defined	["動"]	["动"]	[]	[]	[]	用嘴碰人或東西，表示喜歡	用嘴碰人或东西，表示喜欢				[12]	general	unreviewed		[]
親|亲|qin1~5	親|亲|qin1	5	defined	["副"]	["副"]	["bound-form"]	[]	[]	自己直接做，不通過別人	自己直接做，不通过别人				[8, 9]	general	unreviewed		[]
親|亲|qin1~6	親|亲|qin1	6	defined	["名"]	["名"]	["bound-form"]	[]	[]	跟結婚有關的事	跟结婚有关的事				[4, 5]	general	unreviewed		[]
親|亲|qin1~7	親|亲|qin1	7	defined	["名"]	["名"]	[]	["slang"]	[]	網上對對方的稱呼	网上对对方的称呼				[13]	general	unreviewed		[]
親|亲|qing4~1	親|亲|qing4	1	defined	["名"]	["名"]	["bound-form"]	[]	[]	子女的丈夫或妻子的父母	子女的丈夫或妻子的父母	這個字在「親家」一類的詞裡，讀音跟平常不一樣。	这个字在「亲家」一类的词里，读音跟平常不一样。		[0]	general	unreviewed		[]
親自|亲自|qin1 zi4~1	親自|亲自|qin1 zi4	1	defined	["副"]	["副"]	[]	[]	[]	自己直接去做，不經過別人	自己直接去做，不经过别人	「親自」只用在動詞前面，「自己」還可以單用。	「亲自」只用在动词前面，「自己」还可以单用。		[0, 1, 2]	general	unreviewed		[]
覺|觉|jiao4~1	覺|觉|jiao4	1	defined	["名"]	["名"]	[]	[]	[]	從睡著到醒來的一段時間	从睡着到醒来的一段时间	常跟「睡」連用，如「睡個好覺」。	常跟「睡」连用，如「睡个好觉」。		[0, 1, 2]	general	unreviewed		[]
覺|觉|jue2~1	覺|觉|jue2	1	defined	["動"]	["动"]	["bound-form"]	[]	[]	對事物有感受，也指心裡認為	对事物有感受，也指心里认为				[0, 1, 2]	general	unreviewed		[]
覺|觉|jue2~2	覺|觉|jue2	2	defined	["動"]	["动"]	["bound-form"]	[]	[]	從不明白到明白過來	从不明白到明白过来				[3, 4]	general	unreviewed		[]
覺得|觉得|jue2 de5~1	覺得|觉得|jue2 de5	1	defined	["動"]	["动"]	[]	[]	[]	對人或事有某種看法	对人或事有某种看法	「覺得」的語氣不太肯定，「認為」比較正式，多用在書面。	「觉得」的语气不太肯定，「认为」比较正式，多用在书面。		[0]	general	unreviewed		[]
覺得|觉得|jue2 de5~2	覺得|觉得|jue2 de5	2	defined	["動"]	["动"]	[]	[]	[]	身體上或心裡有某種感覺	身体上或心里有某种感觉				[1]	general	unreviewed		[]
觀察|观察|guan1 cha2~1	觀察|观察|guan1 cha2	1	defined	["動"]	["动"]	[]	[]	[]	仔細地看，以了解事物的情況	仔细地看，以了解事物的情况	「看」只是用眼睛，「觀察」是有目的地仔細去看。	「看」只是用眼睛，「观察」是有目的地仔细去看。		[0]	general	unreviewed		[]
觀眾|观众|guan1 zhong4~1	觀眾|观众|guan1 zhong4	1	defined	["名"]	["名"]	[]	[]	[]	看表演、比賽或電視節目的人	看表演、比赛或电视节目的人	聽廣播、聽音樂的人叫「聽眾」，不叫「觀眾」。	听广播、听音乐的人叫「听众」，不叫「观众」。		[0]	general	unreviewed		[]
觀點|观点|guan1 dian3~1	觀點|观点|guan1 dian3	1	defined	["名"]	["名"]	["classifier-ref"]	[]	[]	看事情所站的角度和想法	看事情所站的角度和想法				[0, 1, 2, 3]	general	unreviewed		[]
角|角|jiao3~1	角|角|jiao3	1	defined	["名"]	["名"]	["classifier-ref"]	[]	[]	物體兩個邊相接的地方	物体两个边相接的地方				[1, 5]	general	unreviewed		[]
角|角|jiao3~2	角|角|jiao3	2	defined	["名"]	["名"]	[]	[]	["math"]	兩條線相交所成的圖形	两条线相交所成的图形				[0]	general	unreviewed		[]
角|角|jiao3~3	角|角|jiao3	3	defined	["名"]	["名"]	[]	[]	[]	牛等動物頭上長出來的硬東西	牛等动物头上长出来的硬东西				[2, 3]	general	unreviewed		[]
角|角|jiao3~4	角|角|jiao3	4	defined	["量"]	["量"]	[]	[]	[]	錢的單位，一元的十分之一	钱的单位，一元的十分之一				[4]	general	unreviewed		[]
角|角|jue2~1	角|角|jue2	1	defined	["名"]	["名"]	["bound-form"]	[]	[]	戲或電影裡演的人物	戏或电影里演的人物				[0]	general	unreviewed		[]
角|角|jue2~2	角|角|jue2	2	defined	["動"]	["动"]	["bound-form"]	["lit"]	[]	互相比高低，想勝過對方	互相比高低，想胜过对方				[1]	general	unreviewed		[]
角|角|jue2~3	角|角|jue2	3	defined	["名"]	["名"]	[]	[]	[]	舊時一種三隻腳的酒器	旧时一种三只脚的酒器			archaic-form	[2]	general	unreviewed		[]
角|角|jue2~4	角|角|jue2	4	defined	["名"]	["名"]	[]	[]	["music"]	傳統上五個音中的第三個	传统上五个音中的第三个			archaic-form	[3]	general	unreviewed		[]
角度|角度|jiao3 du4~1	角度|角度|jiao3 du4	1	defined	["名"]	["名"]	[]	[]	[]	兩條線相交形成的圖形的大小，用度計算	两条线相交形成的图形的大小，用度计算				[0]	general	unreviewed		[]
角度|角度|jiao3 du4~2	角度|角度|jiao3 du4	2	defined	["名"]	["名"]	[]	[]	[]	觀察或思考事物時所取的方向	观察或思考事物时所取的方向	常用在「從…的角度來看」這樣的說法裡。	常用在「从…的角度来看」这样的说法里。		[1]	general	unreviewed		[]
角色|角色|jue2 se4~1	角色|角色|jue2 se4	1	defined	["名"]	["名"]	[]	[]	[]	電影、戲裡演員扮演的人物	电影、戏里演员扮演的人物	也可以指一個人在事情中所起的作用。	也可以指一个人在事情中所起的作用。		[0]	general	unreviewed		[]
解|解|jie3~1	解|解|jie3	1	defined	["動"]	["动"]	[]	[]	[]	把繫上或扣上的東西打開	把系上或扣上的东西打开				[8, 9, 10, 11]	general	unreviewed		[]
解|解|jie3~2	解|解|jie3	2	defined	["動", "名"]	["动", "名"]	[]	[]	[]	找出問題的答案，也指這個答案	找出问题的答案，也指这个答案				[5, 15]	general	unreviewed		[]
解|解|jie3~3	解|解|jie3	3	defined	["動"]	["动"]	[]	["lit"]	[]	把話的意思說明白	把话的意思说明白				[12]	general	unreviewed		[]
解|解|jie3~4	解|解|jie3	4	defined	["動"]	["动"]	["bound-form"]	[]	[]	對事情的道理清楚明白	对事情的道理清楚明白				[13, 14]	general	unreviewed		[]
解|解|jie3~5	解|解|jie3	5	defined	["動"]	["动"]	["bound-form"]	[]	[]	使東西分成幾部分或化開	使东西分成几部分或化开				[0, 1, 2, 3, 4, 6, 16]	general	unreviewed		[]
解|解|jie3~6	解|解|jie3	6	defined	["動"]	["动"]	["bound-form"]	[]	[]	去掉身體上不好的感覺或作用	去掉身体上不好的感觉或作用				[7]	general	unreviewed		[]
解|解|jie4~1	解|解|jie4	1	defined	["動"]	["动"]	["bound-form"]	[]	[]	派人看守著把犯人送到別的地方	派人看守着把犯人送到别的地方				[0]	general	unreviewed		[]
解|解|xie4~1	解|解|xie4	1	defined	["名"]	["名"]	[]	["arch"]	[]	騎在馬上做出各種動作的表演	骑在马上做出各种动作的表演			archaic-form	[0]	general	unreviewed		[]
解決|解决|jie3 jue2~1	解決|解决|jie3 jue2	1	defined	["動"]	["动"]	[]	[]	[]	想出辦法，把問題處理好	想出办法，把问题处理好				[0]	general	unreviewed		[]
解決|解决|jie3 jue2~2	解決|解决|jie3 jue2	2	defined	["動"]	["动"]	[]	[]	[]	把敵人殺死或除掉	把敌人杀死或除掉				[1]	general	unreviewed		[]
解釋|解释|jie3 shi4~1	解釋|解释|jie3 shi4	1	defined	["動", "名"]	["动", "名"]	[]	[]	[]	說明事情的意思或原因	说明事情的意思或原因	「解釋」多用在讓別人明白原因，「說明」多用在講清內容。	「解释」多用在让别人明白原因，「说明」多用在讲清内容。		[0, 1, 2, 3, 4]	general	unreviewed		[]
言|言|yan2~1	言|言|yan2	1	defined	["名", "動"]	["名", "动"]	["bound-form"]	[]	[]	說出來的話，也指把話說出來	说出来的话，也指把话说出来				[0, 1, 2, 3]	general	unreviewed		[]
計|计|ji4~1	計|计|ji4	1	defined	["動"]	["动"]	["bound-form"]	[]	[]	算出數目或數量	算出数目或数量				[0, 1, 2]	general	unreviewed		[]
計|计|ji4~2	計|计|ji4	2	defined	["名"]	["名"]	["bound-form"]	[]	[]	為了達到目的想出的辦法	为了达到目的想出的办法				[4, 5]	general	unreviewed		[]
計|计|ji4~3	計|计|ji4	3	defined	["名"]	["名"]	["bound-form"]	[]	[]	用來量出溫度或時間的工具	用来量出温度或时间的工具				[6, 7]	general	unreviewed		[]
計|计|ji4~4	計|计|ji4	4	defined	["動"]	["动"]	["bound-form"]	[]	[]	覺得重要而放在心上	觉得重要而放在心上				[3]	general	unreviewed		[]
計劃|计划|ji4 hua4~1	計劃|计划|ji4 hua4	1	defined	["名", "動"]	["名", "动"]	[]	[]	[]	事先想好做事的步驟和辦法	事先想好做事的步骤和办法	「計劃」比較正式，多用在工作上；「打算」多說個人的事。	「计划」比较正式，多用在工作上；「打算」多说个人的事。		[0, 1, 2, 3, 4, 5]	general	unreviewed	edited	["E-ji4hua4-1"]
計算|计算|ji4 suan4~1	計算|计算|ji4 suan4	1	defined	["動"]	["动"]	[]	[]	[]	用數目求出結果	用数目求出结果				[0]	general	unreviewed		[]
計算|计算|ji4 suan4~2	計算|计算|ji4 suan4	2	defined	["動"]	["动"]	[]	[]	[]	事先仔細想好，做出安排	事先仔细想好，做出安排				[1]	general	unreviewed		[]
計算|计算|ji4 suan4~3	計算|计算|ji4 suan4	3	defined	["動"]	["动"]	[]	[]	[]	暗中想辦法讓別人吃虧	暗中想办法让别人吃亏				[2]	general	unreviewed		[]
討論|讨论|tao3 lun4~1	討論|讨论|tao3 lun4	1	defined	["動"]	["动"]	[]	[]	[]	大家一起說出意見，研究同一個問題	大家一起说出意见，研究同一个问题				[0]	general	unreviewed		[]
訓練|训练|xun4 lian4~1	訓練|训练|xun4 lian4	1	defined	["動", "名"]	["动", "名"]	[]	[]	[]	有計劃地教人學習，使掌握某種能力	有计划地教人学习，使掌握某种能力				[0, 1, 2, 3]	general	unreviewed		[]
託|托|tuo1~1	託|托|tuo1	1	defined	["動"]	["动"]	[]	[]	[]	請別人代自己做事	请别人代自己做事	常說「託人辦事」，後面先說人，再說要辦的事。	常说「托人办事」，后面先说人，再说要办的事。		[0, 1, 2, 3]	general	unreviewed		[]
記|记|ji4~1	記|记|ji4	1	defined	["動"]	["动"]	[]	[]	[]	把事情留在心裡，以後還能想起來	把事情留在心里，以后还能想起来				[2, 3]	general	unreviewed		[]
記|记|ji4~2	記|记|ji4	2	defined	["動"]	["动"]	[]	[]	[]	把說過、做過的事用文字寫下來	把说过、做过的事用文字写下来				[0, 1]	general	unreviewed		[]
記|记|ji4~3	記|记|ji4	3	defined	["名"]	["名"]	["bound-form"]	[]	[]	留在東西上、讓人看出來的標誌	留在东西上、让人看出来的标志				[4, 5]	general	unreviewed		[]
記|记|ji4~4	記|记|ji4	4	defined	["量"]	["量"]	["classifier-is"]	[]	[]	用於計算拳、腳、球等打出的動作	用于计算拳、脚、球等打出的动作				[6]	classifier-is	unreviewed		[]
記憶|记忆|ji4 yi4~1	記憶|记忆|ji4 yi4	1	defined	["動", "名"]	["动", "名"]	[]	[]	[]	把經歷過的事留在心裡，以後還能想起來	把经历过的事留在心里，以后还能想起来				[0, 1]	general	unreviewed		[]
記者|记者|ji4 zhe3~1	記者|记者|ji4 zhe3	1	defined	["名"]	["名"]	[]	[]	[]	為報紙、電視等報道新聞的人	为报纸、电视等报道新闻的人				[0, 1]	general	unreviewed		[]
記錄|记录|ji4 lu4~1	記錄|记录|ji4 lu4	1	defined	["動", "名"]	["动", "名"]	[]	[]	[]	把說過的話或發生的事寫下來	把说过的话或发生的事写下来				[0, 1, 4]	general	unreviewed	edited	["E-ji4lu4-1"]
記錄|记录|ji4 lu4~2	記錄|记录|ji4 lu4	2	defined	["名"]	["名"]	[]	[]	[]	在比賽中創造的最好成績	在比赛中创造的最好成绩				[3]	general	unreviewed		[]
記錄|记录|ji4 lu4~3	記錄|记录|ji4 lu4	3	defined	["名"]	["名"]	[]	[]	[]	開會時負責記下大家發言的人	开会时负责记下大家发言的人				[2]	general	unreviewed		[]
訪問|访问|fang3 wen4~1	訪問|访问|fang3 wen4	1	defined	["動"]	["动"]	["classifier-ref"]	[]	[]	到別的地方或別人那裡去見面、談話	到别的地方或别人那里去见面、谈话				[0, 3]	general	unreviewed		[]
訪問|访问|fang3 wen4~2	訪問|访问|fang3 wen4	2	defined	["動"]	["动"]	[]	[]	["tech"]	用電腦連上並打開網站或資料	用电脑连上并打开网站或资料				[1]	general	unreviewed		[]
訪問|访问|fang3 wen4~3	訪問|访问|fang3 wen4	3	defined	["動"]	["动"]	[]	[]	["tw"]	記者向人提出問題並記錄回答	记者向人提出问题并记录回答				[2]	general	unreviewed		[]
設|设|she4~1	設|设|she4	1	defined	["動"]	["动"]	[]	[]	[]	建立起來並安排在一定的地方	建立起来并安排在一定的地方				[0]	general	unreviewed		[]
設|设|she4~2	設|设|she4	2	defined	["動"]	["动"]	[]	[]	["math"]	先假設某個數或條件	先假设某个数或条件				[1]	general	unreviewed		[]
設備|设备|she4 bei4~1	設備|设备|she4 bei4	1	defined	["名"]	["名"]	[]	[]	[]	工作或生活中使用的機器、裝置等	工作或生活中使用的机器、装置等				[0]	general	unreviewed		[]
設置|设置|she4 zhi4~1	設置|设置|she4 zhi4	1	defined	["動"]	["动"]	[]	[]	[]	建立起機構，或安裝好設備	建立起机构，或安装好设备	對象多是機構、部門或設備，不用在一般的東西上。	对象多是机构、部门或设备，不用在一般的东西上。		[0]	general	unreviewed		[]
設計|设计|she4 ji4~1	設計|设计|she4 ji4	1	defined	["動", "名"]	["动", "名"]	[]	[]	[]	做東西以前，先想好樣子和做法	做东西以前，先想好样子和做法	「設計」多指東西做成什麼樣子，「計劃」多指要做哪些事。	「设计」多指东西做成什么样子，「计划」多指要做哪些事。		[0, 1]	general	unreviewed		[]
許|许|xu3~1	許|许|xu3	1	defined	["動"]	["动"]	[]	[]	[]	同意別人做某事，不加阻止	同意别人做某事，不加阻止	多和「不」連用，表示不准做某事。	多和「不」连用，表示不准做某事。		[0, 1]	general	unreviewed		[]
許|许|xu3~2	許|许|xu3	2	defined	["副"]	["副"]	["bound-form"]	[]	[]	表示不能肯定，可能是這樣	表示不能肯定，可能是这样				[5]	general	unreviewed		[]
許|许|xu3~3	許|许|xu3	3	defined	["動"]	["动"]	["bound-form"]	[]	[]	答應給人東西或為人做事	答应给人东西或为人做事				[2]	general	unreviewed		[]
許|许|xu3~4	許|许|xu3	4	defined	["綴"]	["缀"]	["bound-form"]	[]	[]	表示少量，用在少、些後面	表示少量，用在少、些后面				[4]	general	unreviewed		[]
許|许|xu3~5	許|许|xu3	5	defined	["動"]	["动"]	["bound-form"]	[]	[]	說話表示認為人或事好	说话表示认为人或事好				[3]	general	unreviewed		[]
許多|许多|xu3 duo1~1	許多|许多|xu3 duo1	1	defined	["數"]	["数"]	[]	[]	[]	表示數量大，多用在名詞前面	表示数量大，多用在名词前面	「許多」多用在書面，口語裡常說「很多」。「許多」前面不能再加「很」。	「许多」多用在书面，口语里常说「很多」。「许多」前面不能再加「很」。		[0, 1, 2]	general	unreviewed		[]
註|注|zhu4~1	註|注|zhu4	1	defined	["動", "名"]	["动", "名"]	[]	[]	[]	對書中文字所做的解釋	对书中文字所做的解释				[0, 1]	general	unreviewed		[]
註|注|zhu4~2	註|注|zhu4	2	defined	["動"]	["动"]	["bound-form"]	[]	[]	把事情正式記錄下來	把事情正式记录下来				[2]	bound-form	unreviewed		[]
評價|评价|ping2 jia4~1	評價|评价|ping2 jia4	1	defined	["動", "名"]	["动", "名"]	[]	[]	[]	說出對人或事物好壞的意見	说出对人或事物好坏的意见				[0, 1]	general	unreviewed		[]
評論|评论|ping2 lun4~1	評論|评论|ping2 lun4	1	defined	["動"]	["动"]	[]	[]	[]	對人或事物說出自己的觀點	对人或事物说出自己的观点				[0, 1]	general	unreviewed		[]
評論|评论|ping2 lun4~2	評論|评论|ping2 lun4	2	defined	["名"]	["名"]	[]	[]	[]	對人或事物發表觀點的文章或話	对人或事物发表观点的文章或话				[2, 3, 4]	general	unreviewed		[]
詞|词|ci2~1	詞|词|ci2	1	defined	["名"]	["名"]	[]	[]	[]	語言裡能表示意思的最小單位	语言里能表示意思的最小单位				[0]	general	unreviewed		[]
詞|词|ci2~2	詞|词|ci2	2	defined	["名"]	["名"]	[]	[]	[]	說出或唱出來的話	说出或唱出来的话				[1]	general	unreviewed		[]
詞|词|ci2~3	詞|词|ci2	3	defined	["名"]	["名"]	[]	[]	[]	一種長短不一、可以唱的詩	一种长短不一、可以唱的诗	舊時配上樂曲來唱，宋朝的作品最有名。	旧时配上乐曲来唱，宋朝的作品最有名。		[2]	general	unreviewed		[]
試|试|shi4~1	試|试|shi4	1	defined	["動"]	["动"]	[]	[]	[]	為了知道結果怎麼樣而先做一下	为了知道结果怎么样而先做一下	單用時多說「試試」或「試一試」。	单用时多说「试试」或「试一试」。		[0, 1, 2]	general	unreviewed		[]
試|试|shi4~2	試|试|shi4	2	defined	["名"]	["名"]	["bound-form"]	[]	[]	檢查學習或能力的正式活動	检查学习或能力的正式活动				[3, 4]	general	unreviewed		[]
試圖|试图|shi4 tu2~1	試圖|试图|shi4 tu2	1	defined	["動"]	["动"]	[]	[]	[]	想要做某件事，並為此努力	想要做某件事，并为此努力	「試圖」多用在書面，後面接動詞，如「試圖說服別人」。	「试图」多用在书面，后面接动词，如「试图说服别人」。		[0, 1]	general	unreviewed		[]
試驗|试验|shi4 yan4~1	試驗|试验|shi4 yan4	1	defined	["動", "名"]	["动", "名"]	[]	[]	[]	為了知道效果而實際去做的活動	为了知道效果而实际去做的活动	「實驗」多用在科學研究上，「試驗」多指先做做看，觀察效果。	「实验」多用在科学研究上，「试验」多指先做做看，观察效果。		[0, 1, 2, 3, 4]	general	unreviewed		[]
詩|诗|shi1~1	詩|诗|shi1	1	defined	["名"]	["名"]	[]	[]	[]	分行寫成的文學作品，多用來表達感情	分行写成的文学作品，多用来表达感情				[0, 1, 2, 3]	general	unreviewed		[]
話|话|hua4~1	話|话|hua4	1	defined	["名"]	["名"]	[]	[]	[]	人說出來的內容	人说出来的内容				[2, 3, 4, 5, 6, 7, 8]	general	unreviewed	edited	["E-hua4-1"]
話|话|hua4~2	話|话|hua4	2	defined	["名"]	["名"]	[]	[]	[]	某個地方或民族用的語言	某个地方或民族用的语言	「話」多指口頭上說的，「語言」的說法比較正式。	「话」多指口头上说的，「语言」的说法比较正式。		[0, 1]	general	unreviewed		[]
該|该|gai1~1	該|该|gai1	1	defined	["動"]	["动"]	[]	[]	[]	表示按道理應該這樣做	表示按道理应该这样做	常用「該…了」的說法，表示到了做某件事的時候。	常用「该…了」的说法，表示到了做某件事的时候。		[0, 1, 4]	general	unreviewed		[]
該|该|gai1~2	該|该|gai1	2	defined	["動"]	["动"]	[]	[]	[]	表示根據情況估計事情會這樣	表示根据情况估计事情会这样				[2, 3]	general	unreviewed		[]
該|该|gai1~3	該|该|gai1	3	defined	["動"]	["动"]	[]	[]	[]	輪到某人做某事	轮到某人做某事				[6]	general	unreviewed		[]
該|该|gai1~4	該|该|gai1	4	defined	["代"]	["代"]	[]	["lit"]	[]	指上面提到的人或事物	指上面提到的人或事物	多用在公文和新聞等正式文字裡。	多用在公文和新闻等正式文字里。		[7, 8]	general	unreviewed		[]
該|该|gai1~5	該|该|gai1	5	defined	["動"]	["动"]	[]	["coll"]	[]	借了別人的錢或東西還沒有還	借了别人的钱或东西还没有还				[5]	general	unreviewed		[]
認為|认为|ren4 wei2~1	認為|认为|ren4 wei2	1	defined	["動"]	["动"]	[]	[]	[]	對人或事情有自己的想法	对人或事情有自己的想法	「認為」比「覺得」正式，多用來表示認真想過的意見。後面常跟一個完整的句子。	「认为」比「觉得」正式，多用来表示认真想过的意见。后面常跟一个完整的句子。		[0]	general	unreviewed		[]
認識|认识|ren4 shi5~1	認識|认识|ren4 shi5	1	defined	["動"]	["动"]	[]	[]	[]	見過某人或某事物，知道是誰、是什麼	见过某人或某事物，知道是谁、是什么	「知道他」只是聽說過這個人，「認識他」是見過面、說過話。	「知道他」只是听说过这个人，「认识他」是见过面、说过话。		[0, 1, 2, 3]	general	unreviewed		[]
認識|认识|ren4 shi5~2	認識|认识|ren4 shi5	2	defined	["名"]	["名"]	[]	[]	[]	人對事物的了解和想法	人对事物的了解和想法	常說成「對某件事有新的認識」。	常说成「对某件事有新的认识」。		[4, 5, 6, 7]	general	unreviewed		[]
語|语|yu3~1	語|语|yu3	1	defined	["名"]	["名"]	["bound-form"]	[]	[]	人們說出來的話，也指一種語言	人们说出来的话，也指一种语言				[0, 1, 2]	general	unreviewed		[]
語|语|yu4~1	語|语|yu4	1	defined	["動"]	["动"]	[]	["lit"]	[]	把事情說給別人聽，讓對方知道	把事情说给别人听，让对方知道	現在表示這個意思一般用「告訴」。	现在表示这个意思一般用「告诉」。	archaic-form	[0]	general	unreviewed		[]
語言|语言|yu3 yan2~1	語言|语言|yu3 yan2	1	defined	["名"]	["名"]	[]	[]	[]	人們用來互相交流的一套詞語和說法	人们用来互相交流的一套词语和说法				[0, 1]	general	unreviewed		[]
說|说|shui4~1	說|说|shui4	1	defined	["動"]	["动"]	["bound-form"]	[]	[]	用話使別人接受自己的意見	用话使别人接受自己的意见	這個「說」的音跟「說話」的「說」不同，只用在「遊說」等幾個詞裡。	这个「说」的音跟「说话」的「说」不同，只用在「游说」等几个词里。		[0]	general	unreviewed		[]
說|说|shuo1~1	說|说|shuo1	1	defined	["動"]	["动"]	[]	[]	[]	用話表達意思	用话表达意思	「告訴」後面要有聽的人，如「告訴我」；「說」後面多是說的內容。	「告诉」后面要有听的人，如「告诉我」；「说」后面多是说的内容。		[0, 1]	general	unreviewed		[]
說|说|shuo1~2	說|说|shuo1	2	defined	["動"]	["动"]	[]	["coll"]	[]	用話怪做錯事的人	用话怪做错事的人				[2]	general	unreviewed		[]
說|说|shuo1~3	說|说|shuo1	3	defined	["名"]	["名"]	["bound-form"]	[]	[]	有系統的理論或觀點	有系统的理论或观点				[3]	bound-form	unreviewed		[]
說明|说明|shuo1 ming2~1	說明|说明|shuo1 ming2	1	defined	["動"]	["动"]	[]	[]	[]	解釋事情的原因或用法，使人明白	解释事情的原因或用法，使人明白				[0, 1]	general	unreviewed		[]
說明|说明|shuo1 ming2~2	說明|说明|shuo1 ming2	2	defined	["名"]	["名"]	[]	[]	[]	用來解釋事物的話或文字	用来解释事物的话或文字				[5, 6, 7, 8]	general	unreviewed		[]
說明|说明|shuo1 ming2~3	說明|说明|shuo1 ming2	3	defined	["動"]	["动"]	[]	[]	[]	事實本身表示出某種情況或結果	事实本身表示出某种情况或结果				[2, 3, 4]	general	unreviewed		[]
說法|说法|shuo1 fa3~1	說法|说法|shuo1 fa3	1	defined	["動"]	["动"]	[]	[]	["rel"]	講解佛教的道理	讲解佛教的道理				[0]	general	unreviewed		[]
說法|说法|shuo1 fa5~1	說法|说法|shuo1 fa5	1	defined	["名"]	["名"]	[]	[]	[]	表達意思時所用的詞語和方式	表达意思时所用的词语和方式				[0, 1, 2]	general	unreviewed		[]
說法|说法|shuo1 fa5~2	說法|说法|shuo1 fa5	2	defined	["名"]	["名"]	[]	[]	[]	對事情提出的解釋或意見	对事情提出的解释或意见	「想法」是心裡怎麼想，「說法」是說出來的解釋。	「想法」是心里怎么想，「说法」是说出来的解释。		[3, 4, 5, 6, 7]	general	unreviewed		[]
誰|谁|shei2~1	誰|谁|shei2	1	defined	["代"]	["代"]	[]	[]	[]	用來問是哪個人	用来问是哪个人				[0]	general	unreviewed		[]
誰|谁|shei2~2	誰|谁|shei2	2	defined	["代"]	["代"]	[]	[]	[]	表示任何人，後面常跟「都」或「也」	表示任何人，后面常跟「都」或「也」				[]	general	unreviewed		[]
課|课|ke4~1	課|课|ke4	1	defined	["名"]	["名"]	[]	[]	[]	學校裡老師教學生的一段時間	学校里老师教学生的一段时间				[3, 4, 5]	general	unreviewed		[]
課|课|ke4~2	課|课|ke4	2	defined	["名"]	["名"]	[]	[]	[]	學校裡按內容分成的學習項目	学校里按内容分成的学习项目	「一門課」指整個學習項目，「一節課」指一次上課的時間。	「一门课」指整个学习项目，「一节课」指一次上课的时间。		[0, 1, 2]	general	unreviewed		[]
課|课|ke4~3	課|课|ke4	3	defined	["動"]	["动"]	[]	["lit"]	[]	政府向人民或公司收取稅	政府向人民或公司收取税				[6, 7]	general	unreviewed		[]
課|课|ke4~4	課|课|ke4	4	defined	["名"]	["名"]	[]	["arch"]	[]	舊時算命的一種方法	旧时算命的一种方法			archaic-form	[8]	general	unreviewed		[]
課程|课程|ke4 cheng2~1	課程|课程|ke4 cheng2	1	defined	["名"]	["名"]	[]	[]	[]	學校安排學生學習的內容	学校安排学生学习的内容				[0, 1]	general	unreviewed		[]
調|调|diao4~1	調|调|diao4	1	defined	["動"]	["动"]	[]	[]	[]	把人或東西從一個地方派到另一個地方	把人或东西从一个地方派到另一个地方				[0, 1]	general	unreviewed		[]
調|调|diao4~2	調|调|diao4	2	defined	["動"]	["动"]	["bound-form"]	[]	[]	查問事情，弄清楚實際情況	查问事情，弄清楚实际情况				[2, 3]	general	unreviewed		[]
調|调|diao4~3	調|调|diao4	3	defined	["名"]	["名"]	[]	[]	["music"]	歌曲聲音高低長短的樣子，也指樂曲整體的高低	歌曲声音高低长短的样子，也指乐曲整体的高低				[7, 8, 9, 10, 11]	general	unreviewed	edited	["E-diao4-3"]
調|调|diao4~4	調|调|diao4	4	defined	["名"]	["名"]	[]	[]	[]	說話時帶著地方特點的聲音	说话时带着地方特点的声音				[4]	general	unreviewed		[]
調|调|diao4~5	調|调|diao4	5	defined	["名"]	["名"]	["bound-form"]	[]	[]	說話裡表示出來的看法	说话里表示出来的看法				[5, 6]	general	unreviewed		[]
調|调|tiao2~1	調|调|tiao2	1	defined	["動"]	["动"]	[]	[]	[]	改變數量或程度，使它適合需要	改变数量或程度，使它适合需要				[4, 5]	general	unreviewed		[]
調|调|tiao2~2	調|调|tiao2	2	defined	["動"]	["动"]	[]	[]	[]	把幾種東西混合，做出想要的味道或顏色	把几种东西混合，做出想要的味道或颜色				[2, 3, 6]	general	unreviewed		[]
調|调|tiao2~3	調|调|tiao2	3	defined	["動"]	["动"]	["bound-form"]	[]	[]	從中間幫助，使兩方面配合得好	从中间帮助，使两方面配合得好				[0, 1]	general	unreviewed		[]
調|调|tiao2~4	調|调|tiao2	4	defined	["動"]	["动"]	["bound-form"]	[]	[]	用玩笑的話引起別人的反應	用玩笑的话引起别人的反应				[7, 8]	general	unreviewed		[]
調整|调整|tiao2 zheng3~1	調整|调整|tiao2 zheng3	1	defined	["動"]	["动"]	[]	[]	[]	改變原來的數量或做法，使更合適	改变原来的数量或做法，使更合适	「改變」是變成另一個樣子，「調整」多是小的改動，讓事情更合適。	「改变」是变成另一个样子，「调整」多是小的改动，让事情更合适。		[0]	general	unreviewed		[]
調查|调查|diao4 cha2~1	調查|调查|diao4 cha2	1	defined	["動", "名"]	["动", "名"]	[]	[]	[]	為了弄清事實而查問、了解	为了弄清事实而查问、了解	「調查」重在弄清事情的經過，「檢查」重在看有沒有問題。	「调查」重在弄清事情的经过，「检查」重在看有没有问题。		[0, 1, 2, 3, 4, 5, 6]	general	unreviewed	edited	["E-diao4cha2-1"]
談|谈|tan2~1	談|谈|tan2	1	defined	["動"]	["动"]	[]	[]	[]	就某件事跟別人說話、交換意見	就某件事跟别人说话、交换意见	常說「跟某人談某件事」，也常說「談一談」「談談」。	常说「跟某人谈某件事」，也常说「谈一谈」「谈谈」。		[0, 1, 2, 3, 4]	general	unreviewed		[]
談判|谈判|tan2 pan4~1	談判|谈判|tan2 pan4	1	defined	["動", "名"]	["动", "名"]	[]	[]	[]	雙方為了解決問題而正式交談	双方为了解决问题而正式交谈				[0, 1, 2, 3, 4]	general	unreviewed		[]
請|请|qing3~1	請|请|qing3	1	defined	["動"]	["动"]	[]	[]	[]	用在動詞前面，客氣地要求對方做某事	用在动词前面，客气地要求对方做某事				[2]	general	unreviewed		[]
請|请|qing3~2	請|请|qing3	2	defined	["動"]	["动"]	[]	[]	[]	叫別人來，或要求別人做某事	叫别人来，或要求别人做某事				[0, 1, 4]	general	unreviewed		[]
請|请|qing3~3	請|请|qing3	3	defined	["動"]	["动"]	[]	[]	[]	由自己付錢，讓別人吃飯	由自己付钱，让别人吃饭				[3]	general	unreviewed		[]
請求|请求|qing3 qiu2~1	請求|请求|qing3 qiu2	1	defined	["動", "名"]	["动", "名"]	[]	[]	[]	向人提出要求，希望對方答應	向人提出要求，希望对方答应	「請求」語氣客氣，多用在向上或有求於人的時候；「要求」語氣比較強。	「请求」语气客气，多用在向上或有求于人的时候；「要求」语气比较强。		[0, 1]	general	unreviewed		[]
論|论|lun4~1	論|论|lun4	1	defined	["名"]	["名"]	["bound-form"]	[]	[]	對事物有系統的看法或主張	对事物有系统的看法或主张				[0, 1, 2, 3]	general	unreviewed		[]
論|论|lun4~2	論|论|lun4	2	defined	["動"]	["动"]	[]	[]	[]	說出對事情的看法，並加以分析	说出对事情的看法，并加以分析				[4, 5]	general	unreviewed		[]
論|论|lun4~3	論|论|lun4	3	defined	["動"]	["动"]	[]	[]	[]	按某個標準來看待或評定	按某个标准来看待或评定				[6, 7]	general	unreviewed		[]
論|论|lun4~4	論|论|lun4	4	defined	["介"]	["介"]	[]	[]	[]	用在單位詞前面，表示按這個單位計算	用在单位词前面，表示按这个单位计算	常見的說法有「論斤」、「論天」、「論件」。	常见的说法有「论斤」、「论天」、「论件」。		[8, 9]	general	unreviewed		[]
諾|诺|nuo4~1	諾|诺|nuo4	1	defined	["動"]	["动"]	["bound-form"]	[]	[]	答應別人的要求，表示同意	答应别人的要求，表示同意				[0, 1]	general	unreviewed		[]
諾|诺|nuo4~2	諾|诺|nuo4	2	defined	["嘆"]	["叹"]	[]	["lit"]	[]	表示同意對方，相當於「好」	表示同意对方，相当于「好」	舊時回答別人時這樣說，現在只見於書面。	旧时回答别人时这样说，现在只见于书面。	archaic-form	[2]	general	unreviewed		[]
講|讲|jiang3~1	講|讲|jiang3	1	defined	["動"]	["动"]	[]	[]	[]	把事情或意思用話說出來	把事情或意思用话说出来	「講」和「說」意思相近，「講」更常用在說明事情的時候。	「讲」和「说」意思相近，「讲」更常用在说明事情的时候。		[0, 6]	general	unreviewed		[]
講|讲|jiang3~2	講|讲|jiang3	2	defined	["動"]	["动"]	[]	[]	[]	把不明白的地方說清楚	把不明白的地方说清楚				[1, 7]	general	unreviewed		[]
講|讲|jiang3~3	講|讲|jiang3	3	defined	["動"]	["动"]	[]	[]	[]	跟人商量，談好條件	跟人商量，谈好条件				[2]	general	unreviewed		[]
講|讲|jiang3~4	講|讲|jiang3	4	defined	["動"]	["动"]	[]	[]	[]	特別重視某個方面	特别重视某个方面				[3, 4]	general	unreviewed		[]
講|讲|jiang3~5	講|讲|jiang3	5	defined	["動"]	["动"]	[]	[]	[]	用在名詞前面，表示就某方面說	用在名词前面，表示就某方面说				[5]	general	unreviewed		[]
謝|谢|xie4~1	謝|谢|xie4	1	defined	["動"]	["动"]	["bound-form"]	[]	[]	對幫助過自己的人表示感謝	对帮助过自己的人表示感谢				[0]	bound-form	unreviewed		[]
謝|谢|xie4~2	謝|谢|xie4	2	defined	["動"]	["动"]	[]	[]	[]	花或葉子乾了，落下來	花或叶子干了，落下来				[3]	general	unreviewed		[]
謝|谢|xie4~3	謝|谢|xie4	3	defined	["動"]	["动"]	["bound-form"]	[]	[]	客氣地不接受別人的要求	客气地不接受别人的要求				[2]	bound-form	unreviewed		[]
謝|谢|xie4~4	謝|谢|xie4	4	defined	["動"]	["动"]	["bound-form"]	[]	[]	向別人承認自己做錯了事	向别人承认自己做错了事				[1]	bound-form	unreviewed		[]
證實|证实|zheng4 shi2~1	證實|证实|zheng4 shi2	1	defined	["動"]	["动"]	[]	[]	[]	用事實說明某件事是真的	用事实说明某件事是真的	「證明」多用來說明道理，「證實」用來確定事情是不是真的。	「证明」多用来说明道理，「证实」用来确定事情是不是真的。		[0, 1]	general	unreviewed		[]
證據|证据|zheng4 ju4~1	證據|证据|zheng4 ju4	1	defined	["名"]	["名"]	[]	[]	[]	能用來說明事情真假的材料	能用来说明事情真假的材料	「證明」是動作，「證據」是拿得出來的東西。	「证明」是动作，「证据」是拿得出来的东西。		[0, 1, 2]	general	unreviewed		[]
證明|证明|zheng4 ming2~1	證明|证明|zheng4 ming2	1	defined	["動", "名"]	["动", "名"]	[]	[]	[]	拿事實或材料說明某件事是真的	拿事实或材料说明某件事是真的				[0, 5, 6, 7]	general	unreviewed		[]
證明|证明|zheng4 ming2~2	證明|证明|zheng4 ming2	2	defined	["名"]	["名"]	[]	[]	[]	用來說明事實或身份的文件	用来说明事实或身份的文件				[1, 2, 3, 4]	general	unreviewed		[]
警|警|jing3~1	警|警|jing3	1	defined	["名"]	["名"]	["bound-form"]	[]	[]	警察的簡稱	警察的简称				[2]	general	unreviewed		[]
警|警|jing3~2	警|警|jing3	2	defined	["動"]	["动"]	["bound-form"]	[]	[]	使人注意可能發生的危險	使人注意可能发生的危险				[0, 1]	general	unreviewed		[]
警告|警告|jing3 gao4~1	警告|警告|jing3 gao4	1	defined	["動", "名"]	["动", "名"]	[]	[]	[]	事先告訴別人有危險或錯誤，要他小心	事先告诉别人有危险或错误，要他小心	「警告」比「提醒」嚴重，多用在對方做錯事的時候。	「警告」比「提醒」严重，多用在对方做错事的时候。		[0, 1]	general	unreviewed		[]
警察|警察|jing3 cha2~1	警察|警察|jing3 cha2	1	defined	["名"]	["名"]	[]	[]	[]	維持社會安全、處理案件的人員	维持社会安全、处理案件的人员	「警察」可以指一個人，也可以指他們這個部門。	「警察」可以指一个人，也可以指他们这个部门。		[0]	general	unreviewed		[]
警方|警方|jing3 fang1~1	警方|警方|jing3 fang1	1	defined	["名"]	["名"]	[]	[]	[]	處理案件、維持社會安全的警察機構	处理案件、维持社会安全的警察机构	「警方」多用在新聞裡，指警察一方。	「警方」多用在新闻里，指警察一方。		[0]	general	unreviewed		[]
議員|议员|yi4 yuan2~1	議員|议员|yi4 yuan2	1	defined	["名"]	["名"]	[]	[]	[]	在議會裡討論和決定法律的人，多由選舉產生	在议会里讨论和决定法律的人，多由选举产生				[0, 1]	general	unreviewed		[]
議會|议会|yi4 hui4~1	議會|议会|yi4 hui4	1	defined	["名"]	["名"]	[]	[]	[]	由選出的代表組成、制定法律的機構	由选出的代表组成、制定法律的机构	「國會」多指國家一級的議會，「議會」也可以指地方的。	「国会」多指国家一级的议会，「议会」也可以指地方的。		[0, 1]	general	unreviewed		[]
護|护|hu4~1	護|护|hu4	1	defined	["動"]	["动"]	[]	[]	[]	照顧、幫助，使人或東西不受傷害	照顾、帮助，使人或东西不受伤害	「護」單用時常帶「住」或「著」，多說「護住」、「護著」。	「护」单用时常带「住」或「着」，多说「护住」、「护着」。		[0]	general	unreviewed		[]
讀|读|dou4~1	讀|读|dou4	1	defined	["名"]	["名"]	["bound-form"]	[]	[]	舊時指文章中一句話裡的停頓	旧时指文章中一句话里的停顿	「句」指一句話說完的停頓，「讀」指句子中間的停頓。	「句」指一句话说完的停顿，「读」指句子中间的停顿。		[0, 1]	general	unreviewed		[]
讀|读|du2~1	讀|读|du2	1	defined	["動"]	["动"]	[]	[]	[]	看文字，了解它的意思	看文字，了解它的意思				[1]	general	unreviewed		[]
讀|读|du2~2	讀|读|du2	2	defined	["動"]	["动"]	[]	[]	[]	照著文字念出聲音	照着文字念出声音				[0, 3]	general	unreviewed		[]
讀|读|du2~3	讀|读|du2	3	defined	["動"]	["动"]	[]	[]	[]	在學校學習，也指學習某個科目	在学校学习，也指学习某个科目	「讀大學」指在大學學習，「讀書」既可以指看書，也可以指上學。	「读大学」指在大学学习，「读书」既可以指看书，也可以指上学。		[2]	general	unreviewed		[]
變|变|bian4~1	變|变|bian4	1	defined	["動"]	["动"]	[]	[]	[]	由原來的樣子成為另一種樣子	由原来的样子成为另一种样子	「變」可以單用，也常說「變成」、「變得」，後面接成為的樣子。	「变」可以单用，也常说「变成」、「变得」，后面接成为的样子。		[0, 1, 2, 3]	general	unreviewed		[]
變|变|bian4~2	變|变|bian4	2	defined	["名"]	["名"]	["bound-form"]	[]	[]	突然發生的重大事件，多與戰爭或政治有關	突然发生的重大事件，多与战争或政治有关				[4]	general	unreviewed		[]
變化|变化|bian4 hua4~1	變化|变化|bian4 hua4	1	defined	["動", "名"]	["动", "名"]	[]	[]	[]	事物產生新的樣子或情況	事物产生新的样子或情况	「變化」是自己發生的，後面不能再說事物。要說「改變計劃」，不說「變化計劃」。	「变化」是自己发生的，后面不能再说事物。要说「改变计划」，不说「变化计划」。		[0, 1]	general	unreviewed		[]
變成|变成|bian4 cheng2~1	變成|变成|bian4 cheng2	1	defined	["動"]	["动"]	[]	[]	[]	不再是原來的樣子，而成為另一種事物	不再是原来的样子，而成为另一种事物	「變成」強調從原來的樣子改變過來，「成為」多用在身份、地位上。	「变成」强调从原来的样子改变过来，「成为」多用在身份、地位上。		[0, 1, 2]	general	unreviewed		[]
讓|让|rang4~1	讓|让|rang4	1	defined	["動"]	["动"]	[]	[]	[]	使人做某事或有某種感覺	使人做某事或有某种感觉	「讓」後面先接人，再接這個人做的事，例如「讓他休息」。	「让」后面先接人，再接这个人做的事，例如「让他休息」。		[1, 2, 3, 4]	general	unreviewed		[]
讓|让|rang4~2	讓|让|rang4	2	defined	["動"]	["动"]	[]	[]	[]	把自己的位置或機會給別人	把自己的位置或机会给别人				[0]	general	unreviewed		[]
讓|让|rang4~3	讓|让|rang4	3	defined	["介"]	["介"]	["function-word"]	["coll"]	[]	用在做動作的人前面，作用跟「被」相同	用在做动作的人前面，作用跟「被」相同	書面語中一般用「被」，不用「讓」。	书面语中一般用「被」，不用「让」。		[5]	general	unreviewed		[]
谷|谷|gu3~1	谷|谷|gu3	1	defined	["名"]	["名"]	[]	[]	[]	兩座山中間低下去的地方	两座山中间低下去的地方				[0]	general	unreviewed		[]
豐富|丰富|feng1 fu4~1	豐富|丰富|feng1 fu4	1	defined	["形", "動"]	["形", "动"]	[]	[]	[]	數量大、種類多的	数量大、种类多的	常說「內容豐富」「經驗豐富」，也可以說「豐富自己的生活」。	常说「内容丰富」「经验丰富」，也可以说「丰富自己的生活」。		[0, 1, 2, 3]	general	unreviewed		[]
象|象|xiang4~1	象|象|xiang4	1	defined	["名"]	["名"]	[]	[]	[]	身體很大、鼻子很長的動物	身体很大、鼻子很长的动物				[0, 1]	general	unreviewed		[]
象|象|xiang4~2	象|象|xiang4	2	defined	["名"]	["名"]	["bound-form"]	[]	[]	事物表現出來的樣子	事物表现出来的样子				[2, 3, 4]	general	unreviewed		[]
象|象|xiang4~3	象|象|xiang4	3	defined	["動"]	["动"]	["bound-form"]	[]	[]	照著別的東西的樣子或聲音做	照着别的东西的样子或声音做				[5]	general	unreviewed		[]
豬|猪|zhu1~1	豬|猪|zhu1	1	defined	["名"]	["名"]	[]	[]	[]	家裡養的一種動物，身體肥圓，肉可以吃	家里养的一种动物，身体肥圆，肉可以吃				[0, 1, 2, 3]	general	unreviewed		[]
貓|猫|mao1~1	貓|猫|mao1	1	defined	["名"]	["名"]	[]	[]	[]	常養在家裡的小動物，會抓老鼠	常养在家里的小动物，会抓老鼠				[0]	general	unreviewed		[]
貓|猫|mao1~2	貓|猫|mao1	2	defined	["動"]	["动"]	[]	["dialect"]	[]	藏在某個地方不出來	藏在某个地方不出来				[1]	general	unreviewed		[]
貓|猫|mao1~3	貓|猫|mao1	3	defined	["名"]	["名"]	["loanword"]	["coll"]	["tech"]	讓電腦連上網絡的設備	让电脑连上网络的设备	正式的名稱是「調製解調器」，這個說法平常很少聽到。	正式的名称是「调制解调器」，这个说法平常很少听到。		[2]	loanword	unreviewed		[]
貝|贝|bei4~1	貝|贝|bei4	1	defined	["名"]	["名"]	["bound-form"]	[]	[]	生活在水裡、有硬殼的動物	生活在水里、有硬壳的动物				[0, 1]	general	unreviewed		[]
貝|贝|bei4~2	貝|贝|bei4	2	defined	["名"]	["名"]	[]	["arch"]	[]	舊時當作錢用的貝殼	旧时当作钱用的贝壳			archaic-form	[2]	general	unreviewed		[]
負|负|fu4~1	負|负|fu4	1	defined	["動"]	["动"]	["bound-form"]	[]	[]	把責任、工作或費用接下來	把责任、工作或费用接下来				[0]	general	unreviewed		[]
負|负|fu4~2	負|负|fu4	2	defined	["動"]	["动"]	[]	["lit"]	[]	比賽中輸給對方	比赛中输给对方				[3]	general	unreviewed		[]
負|负|fu4~3	負|负|fu4	3	defined	["形"]	["形"]	[]	[]	["math"]	數學上指比零小的	数学上指比零小的				[4]	general	unreviewed		[]
負|负|fu4~4	負|负|fu4	4	defined	["動"]	["动"]	["bound-form"]	[]	[]	對不起信任自己的人	对不起信任自己的人				[2]	general	unreviewed		[]
負|负|fu4~5	負|负|fu4	5	defined	["動"]	["动"]	["bound-form"]	[]	[]	把東西放在背上帶著	把东西放在背上带着				[1]	general	unreviewed		[]
負責|负责|fu4 ze2~1	負責|负责|fu4 ze2	1	defined	["動"]	["动"]	[]	[]	[]	主持某項工作，對結果有責任	主持某项工作，对结果有责任				[0]	general	unreviewed		[]
負責|负责|fu4 ze2~2	負責|负责|fu4 ze2	2	defined	["形"]	["形"]	[]	[]	[]	做事認真，對工作有責任心的	做事认真，对工作有责任心的				[1]	general	unreviewed		[]
財產|财产|cai2 chan3~1	財產|财产|cai2 chan3	1	defined	["名"]	["名"]	[]	[]	[]	屬於個人或團體的錢和東西	属于个人或团体的钱和东西				[0, 1, 2, 3]	general	unreviewed		[]
貢獻|贡献|gong4 xian4~1	貢獻|贡献|gong4 xian4	1	defined	["動", "名"]	["动", "名"]	["classifier-ref"]	[]	[]	拿出自己的力量幫助國家或大家	拿出自己的力量帮助国家或大家				[0, 1, 2, 3, 4]	general	unreviewed		[]
責任|责任|ze2 ren4~1	責任|责任|ze2 ren4	1	defined	["名"]	["名"]	[]	[]	[]	自己分內應該做的事	自己分内应该做的事				[0]	general	unreviewed		[]
責任|责任|ze2 ren4~2	責任|责任|ze2 ren4	2	defined	["名"]	["名"]	[]	[]	[]	出了問題時應當負責的部分	出了问题时应当负责的部分				[0]	general	unreviewed		[]
貴|贵|gui4~1	貴|贵|gui4	1	defined	["形"]	["形"]	[]	[]	[]	要花很多錢才買得到的	要花很多钱才买得到的				[0]	general	unreviewed		[]
貴|贵|gui4~2	貴|贵|gui4	2	defined	["形"]	["形"]	["bound-form"]	[]	[]	十分重要，值得看重的	十分重要，值得看重的				[1]	bound-form	unreviewed		[]
貴|贵|gui4~3	貴|贵|gui4	3	defined	["形"]	["形"]	["bound-form"]	[]	[]	社會地位高的	社会地位高的				[2]	bound-form	unreviewed		[]
貴|贵|gui4~4	貴|贵|gui4	4	defined	["綴"]	["缀"]	["function-word", "bound-form"]	["hon"]	[]	用在名詞前面，表示是對方的	用在名词前面，表示是对方的	多用在正式的場合，例如「貴公司」、「貴校」。	多用在正式的场合，例如「贵公司」、「贵校」。		[3]	function-word	unreviewed		[]
買|买|mai3~1	買|买|mai3	1	defined	["動"]	["动"]	[]	[]	[]	付出錢，得到想要的東西	付出钱，得到想要的东西	「買」是付錢得到東西，「賣」是收錢把東西給人。	「买」是付钱得到东西，「卖」是收钱把东西给人。		[0, 1]	general	unreviewed		[]
費|费|fei4~1	費|费|fei4	1	defined	["動"]	["动"]	[]	[]	[]	為了做成事情而用掉錢、時間或力量	为了做成事情而用掉钱、时间或力量				[0, 1]	general	unreviewed		[]
費|费|fei4~2	費|费|fei4	2	defined	["名"]	["名"]	["bound-form"]	[]	[]	做某件事要付的錢	做某件事要付的钱				[2, 4]	general	unreviewed		[]
費|费|fei4~3	費|费|fei4	3	defined	["形"]	["形"]	[]	[]	[]	用掉的錢或東西比較多的	用掉的钱或东西比较多的	跟「省」相反，多用在電、油、力氣這類東西上。	跟「省」相反，多用在电、油、力气这类东西上。		[3]	general	unreviewed		[]
資料|资料|zi1 liao4~1	資料|资料|zi1 liao4	1	defined	["名"]	["名"]	[]	[]	[]	供人查看和使用的信息或材料	供人查看和使用的信息或材料	「資料」多指文字和數據，「材料」還能指做東西用的東西。	「资料」多指文字和数据，「材料」还能指做东西用的东西。		[0, 2, 3, 4, 5]	general	unreviewed	edited	["E-zi1liao4-1"]
資料|资料|zi1 liao4~2	資料|资料|zi1 liao4	2	defined	["名"]	["名"]	["bound-form"]	[]	[]	生產和生活上需要的東西	生产和生活上需要的东西				[1]	general	unreviewed		[]
資格|资格|zi1 ge2~1	資格|资格|zi1 ge2	1	defined	["名"]	["名"]	[]	[]	[]	做某件事應該具備的條件	做某件事应该具备的条件	常說「有資格」「沒有資格」，後面接動詞。	常说「有资格」「没有资格」，后面接动词。		[0]	general	unreviewed		[]
資格|资格|zi1 ge2~2	資格|资格|zi1 ge2	2	defined	["名"]	["名"]	[]	[]	[]	從事某種工作的時間長短和經歷	从事某种工作的时间长短和经历				[1]	general	unreviewed		[]
資源|资源|zi1 yuan2~1	資源|资源|zi1 yuan2	1	defined	["名"]	["名"]	[]	[]	[]	可以利用的自然物或人力等條件	可以利用的自然物或人力等条件				[0, 1]	general	unreviewed		[]
資金|资金|zi1 jin1~1	資金|资金|zi1 jin1	1	defined	["名"]	["名"]	[]	[]	[]	用來經營或投資的錢	用来经营或投资的钱				[0]	general	unreviewed		[]
賣|卖|mai4~1	賣|卖|mai4	1	defined	["動"]	["动"]	[]	[]	[]	把東西給別人，從中得到錢	把东西给别人，从中得到钱	「買」是用錢換東西，「賣」是用東西換錢。	「买」是用钱换东西，「卖」是用东西换钱。		[0]	general	unreviewed		[]
賣|卖|mai4~2	賣|卖|mai4	2	defined	["動"]	["动"]	[]	[]	[]	為了利益把國家或朋友交給敵人	为了利益把国家或朋友交给敌人				[1]	general	unreviewed		[]
賣|卖|mai4~3	賣|卖|mai4	3	defined	["動"]	["动"]	["bound-form"]	[]	[]	使出全部的力氣去做事	使出全部的力气去做事				[2]	general	unreviewed		[]
賣|卖|mai4~4	賣|卖|mai4	4	defined	["動"]	["动"]	["bound-form"]	[]	[]	在別人面前表現自己，希望受到注意	在别人面前表现自己，希望受到注意				[3]	general	unreviewed		[]
賽|赛|sai4~1	賽|赛|sai4	1	defined	["動", "名"]	["动", "名"]	["bound-form"]	[]	[]	雙方或多方比高低、分輸贏的活動	双方或多方比高低、分输赢的活动				[0, 1, 2]	general	unreviewed		[]
賽|赛|sai4~2	賽|赛|sai4	2	defined	["動"]	["动"]	[]	["coll"]	[]	比別的人或事物更好	比别的人或事物更好				[3, 4, 5, 6]	general	unreviewed		[]
贏得|赢得|ying2 de2~1	贏得|赢得|ying2 de2	1	defined	["動"]	["动"]	[]	[]	[]	通過努力得到勝利或別人的支持	通过努力得到胜利或别人的支持	「贏」可以單用，「贏得」後面一定要說出得到的東西。	「赢」可以单用，「赢得」后面一定要说出得到的东西。		[0, 1]	general	unreviewed		[]
走|走|zou3~1	走|走|zou3	1	defined	["動"]	["动"]	[]	[]	[]	人用腳一步一步向前移動	人用脚一步一步向前移动				[0, 2, 3]	general	unreviewed		[]
走|走|zou3~2	走|走|zou3	2	defined	["動"]	["动"]	[]	[]	[]	離開所在的地方	离开所在的地方				[1, 5, 6]	general	unreviewed		[]
走|走|zou3~3	走|走|zou3	3	defined	["動"]	["动"]	["bound-form"]	[]	[]	用在動詞後面，表示人或東西離開原來的地方	用在动词后面，表示人或东西离开原来的地方				[10]	general	unreviewed		[]
走|走|zou3~4	走|走|zou3	4	defined	["動"]	["动"]	[]	[]	[]	指人去世，避免直接說「死」	指人去世，避免直接说「死」				[7]	general	unreviewed		[]
走|走|zou3~5	走|走|zou3	5	defined	["動"]	["动"]	[]	[]	[]	從某條路線經過	从某条路线经过				[8, 9]	general	unreviewed		[]
走|走|zou3~6	走|走|zou3	6	defined	["動"]	["动"]	[]	[]	[]	到親友家去看他們	到亲友家去看他们				[4]	general	unreviewed		[]
走|走|zou3~7	走|走|zou3	7	defined	["動"]	["动"]	["bound-form"]	[]	[]	失去原來的樣子或味道	失去原来的样子或味道				[11]	general	unreviewed		[]
起|起|qi3~1	起|起|qi3	1	defined	["動"]	["动"]	[]	[]	[]	睡醒以後離開床；也指站起來	睡醒以后离开床；也指站起来				[0, 2]	general	unreviewed		[]
起|起|qi3~2	起|起|qi3	2	defined	["助"]	["助"]	["function-word"]	[]	[]	用在動詞後面，表示向上、開始或提到	用在动词后面，表示向上、开始或提到	表示開始時，後面常帶「來」，如「下起雨來」「唱起歌來」。動詞和「起」中間可以加「得」「不」，如「想不起」。	表示开始时，后面常带「来」，如「下起雨来」「唱起歌来」。动词和「起」中间可以加「得」「不」，如「想不起」。		[1, 11]	function-word	unreviewed		[]
起|起|qi3~3	起|起|qi3	3	defined	["助"]	["助"]	["function-word"]	[]	[]	用在時間、地方等後面，表示從那裡開始	用在时间、地方等后面，表示从那里开始	多與「從」一起用，例如「從明天起」。	多与「从」一起用，例如「从明天起」。		[12]	function-word	unreviewed		[]
起|起|qi3~4	起|起|qi3	4	defined	["動"]	["动"]	[]	[]	[]	發生、出現，多用於風、變化等	发生、出现，多用于风、变化等				[5]	general	unreviewed		[]
起|起|qi3~5	起|起|qi3	5	defined	["量"]	["量"]	["classifier-is"]	[]	[]	用於計算事故、案件等突然發生的事	用于计算事故、案件等突然发生的事	「起」多用於事故、案件等突然的事，一般的事情用「件」。	「起」多用于事故、案件等突然的事，一般的事情用「件」。		[13]	classifier-is	unreviewed		[]
起|起|qi3~6	起|起|qi3	6	defined	["動"]	["动"]	["bound-form"]	[]	[]	開始做某件事，也表示出發	开始做某件事，也表示出发				[3, 4, 6, 7, 8, 9]	general	unreviewed		[]
起|起|qi3~7	起|起|qi3	7	defined	["動"]	["动"]	[]	[]	[]	給人或動物等取名字	给人或动物等取名字				[]	general	unreviewed		[]
起|起|qi3~8	起|起|qi3	8	defined	["動"]	["动"]	[]	[]	[]	把藏著或裝在裡面的東西取出來	把藏着或装在里面的东西取出来				[10]	general	unreviewed		[]
起|起|qi3~9	起|起|qi3	9	defined	["量"]	["量"]	["classifier-is"]	[]	[]	用於計算成群、成批的人或東西	用于计算成群、成批的人或东西				[14]	classifier-is	unreviewed		[]
起來|起来|qi3 lai5~1	起來|起来|qi3 lai5	1	defined	["動"]	["动"]	[]	[]	[]	身體從低的位置變成直立	身体从低的位置变成直立	動詞後面的「起來」表示動作開始，跟這個意思不同。	动词后面的「起来」表示动作开始，跟这个意思不同。		[0]	general	unreviewed		[]
起來|起来|qi5 lai5~1	起來|起来|qi5 lai5	1	defined	["助"]	["助"]	["function-word"]	[]	[]	用在動詞後面，表示動作的方向向上	用在动词后面，表示动作的方向向上				[1]	general	unreviewed		[]
起來|起来|qi5 lai5~2	起來|起来|qi5 lai5	2	defined	["助"]	["助"]	["function-word"]	[]	[]	用在動詞或形容詞後面，表示動作或狀態開始後繼續	用在动词或形容词后面，表示动作或状态开始后继续				[0]	general	unreviewed		[]
起來|起来|qi5 lai5~3	起來|起来|qi5 lai5	3	defined	["助"]	["助"]	["function-word"]	[]	[]	用在動詞後面，表示動作完成或達到目的	用在动词后面，表示动作完成或达到目的				[2]	general	unreviewed		[]
起來|起来|qi5 lai5~4	起來|起来|qi5 lai5	4	defined	["助"]	["助"]	["function-word"]	[]	[]	用在看、說等動詞後面，表示初步的看法	用在看、说等动词后面，表示初步的看法				[3]	general	unreviewed		[]
超|超|chao1~1	超|超|chao1	1	defined	["動"]	["动"]	[]	[]	[]	越過一定的數量、位置或範圍	越过一定的数量、位置或范围				[0, 1, 2, 3, 4, 5]	general	unreviewed		[]
超|超|chao1~2	超|超|chao1	2	defined	["綴"]	["缀"]	["bound-form"]	[]	[]	加在詞前面，表示高出一般水平	加在词前面，表示高出一般水平				[6, 7]	general	unreviewed		[]
超|超|chao1~3	超|超|chao1	3	defined	["副"]	["副"]	[]	["coll"]	[]	用在形容詞或動詞前面，表示程度很高	用在形容词或动词前面，表示程度很高				[]	general	unreviewed		[]
超級|超级|chao1 ji2~1	超級|超级|chao1 ji2	1	defined	["形", "副"]	["形", "副"]	[]	[]	[]	程度或等級特別高的，遠高於一般	程度或等级特别高的，远高于一般	多用在名詞前面，口語中也常放在形容詞前，例如「超級好吃」。	多用在名词前面，口语中也常放在形容词前，例如「超级好吃」。		[0, 1, 2]	general	unreviewed		[]
超過|超过|chao1 guo4~1	超過|超过|chao1 guo4	1	defined	["動"]	["动"]	[]	[]	[]	高出一定的數目或程度	高出一定的数目或程度				[1]	general	unreviewed		[]
超過|超过|chao1 guo4~2	超過|超过|chao1 guo4	2	defined	["動"]	["动"]	[]	[]	[]	做得比別人更好或更快	做得比别人更好或更快				[0, 2]	general	unreviewed		[]
越|越|yue4~1	越|越|yue4	1	defined	["副"]	["副"]	["function-word"]	[]	[]	成對用在動詞或形容詞前，表示程度隨條件加深	成对用在动词或形容词前，表示程度随条件加深	「越…越…」前後說出兩件事，「越來越…」只說一件事的變化。	「越…越…」前后说出两件事，「越来越…」只说一件事的变化。		[3]	general	unreviewed		[]
越|越|yue4~2	越|越|yue4	2	defined	["動"]	["动"]	["bound-form"]	[]	[]	經過物體的上面或中間，到另一邊	经过物体的上面或中间，到另一边				[1]	general	unreviewed		[]
越|越|yue4~3	越|越|yue4	3	defined	["動"]	["动"]	["bound-form"]	[]	[]	超出一定的範圍或程度	超出一定的范围或程度				[0, 2]	general	unreviewed		[]
越來越|越来越|yue4 lai2 yue4~1	越來越|越来越|yue4 lai2 yue4	1	defined	["副"]	["副"]	["function-word"]	[]	[]	用在形容詞或動詞前面，表示程度隨時間增加	用在形容词或动词前面，表示程度随时间增加	「越來越」說的是一件事隨時間變化，「越……越……」說的是兩件事一起變化。	「越来越」说的是一件事随时间变化，「越……越……」说的是两件事一起变化。		[0]	function-word	unreviewed		[]
足|足|ju4~1	足|足|ju4	1	defined	["形"]	["形"]	[]	["arch"]	[]	超過應有程度的，太多的	超过应有程度的，太多的	舊時用在「足恭」一詞裡，表示過分恭敬。	旧时用在「足恭」一词里，表示过分恭敬。	archaic-form	[0]	general	unreviewed		[]
足|足|zu2~1	足|足|zu2	1	defined	["名"]	["名"]	["bound-form"]	[]	[]	人和動物身體最下面用來走路的部分	人和动物身体最下面用来走路的部分				[0]	bound-form	unreviewed		[]
足|足|zu2~2	足|足|zu2	2	defined	["形"]	["形"]	[]	[]	[]	數量夠多，不用再加的	数量够多，不用再加的	「足」和「夠」意思相近，「夠」更常用在口語。	「足」和「够」意思相近，「够」更常用在口语。		[1]	general	unreviewed		[]
足|足|zu2~3	足|足|zu2	3	defined	["副"]	["副"]	[]	[]	[]	用在數目前面，表示達到那麼多	用在数目前面，表示达到那么多	也常說「足足」，強調數量不少。	也常说「足足」，强调数量不少。		[2]	general	unreviewed		[]
足夠|足够|zu2 gou4~1	足夠|足够|zu2 gou4	1	defined	["形"]	["形"]	[]	[]	[]	數量上能滿足需要的	数量上能满足需要的	「夠」常用在口語，「足夠」語氣比較正式。	「够」常用在口语，「足够」语气比较正式。		[0]	general	unreviewed		[]
足球|足球|zu2 qiu2~1	足球|足球|zu2 qiu2	1	defined	["名"]	["名"]	[]	[]	["sport"]	兩隊在場上用腳踢球得分的運動	两队在场上用脚踢球得分的运动				[0]	general	unreviewed		[]
足球|足球|zu2 qiu2~2	足球|足球|zu2 qiu2	2	defined	["名"]	["名"]	[]	[]	["sport"]	比賽時用腳踢的圓球	比赛时用脚踢的圆球				[1]	general	unreviewed		[]
跑|跑|pao2~1	跑|跑|pao2	1	defined	["動"]	["动"]	[]	["arch"]	[]	動物用前腳挖地面的土	动物用前脚挖地面的土			archaic-form	[0]	general	unreviewed		[]
跑|跑|pao3~1	跑|跑|pao3	1	defined	["動"]	["动"]	[]	[]	[]	用腳快速向前移動	用脚快速向前移动				[0]	general	unreviewed		[]
跑|跑|pao3~2	跑|跑|pao3	2	defined	["動"]	["动"]	[]	[]	[]	為了躲開別人而快速離開	为了躲开别人而快速离开				[1, 2]	general	unreviewed		[]
跑|跑|pao3~3	跑|跑|pao3	3	defined	["動"]	["动"]	[]	[]	[]	為了辦事到處走動	为了办事到处走动				[3]	general	unreviewed		[]
跑|跑|pao3~4	跑|跑|pao3	4	defined	["動"]	["动"]	[]	[]	[]	氣體或液體從裡面出去而變少	气体或液体从里面出去而变少				[4]	general	unreviewed		[]
跑|跑|pao3~5	跑|跑|pao3	5	defined	["補"]	["补"]	[]	[]	[]	用在動詞後面，表示人或東西離開原處	用在动词后面，表示人或东西离开原处				[5, 6]	general	unreviewed		[]
距離|距离|ju4 li2~1	距離|距离|ju4 li2	1	defined	["名", "動"]	["名", "动"]	[]	[]	[]	兩個地方中間的長度	两个地方中间的长度	常說「保持距離」，指不要太親近。	常说「保持距离」，指不要太亲近。		[0, 1, 2]	general	unreviewed		[]
跟|跟|gen1~1	跟|跟|gen1	1	defined	["介"]	["介"]	["function-word"]	[]	[]	用在名詞前面，引出一起做事、說話或比較的對象	用在名词前面，引出一起做事、说话或比较的对象				[4, 5, 6, 7]	general	unreviewed		[]
跟|跟|gen1~2	跟|跟|gen1	2	defined	["連"]	["连"]	["function-word"]	[]	[]	用在兩個名詞中間，把它們連起來	用在两个名词中间，把它们连起来				[8]	general	unreviewed		[]
跟|跟|gen1~3	跟|跟|gen1	3	defined	["動"]	["动"]	[]	[]	[]	走在別人後面，不離開	走在别人后面，不离开				[1, 2]	general	unreviewed		[]
跟|跟|gen1~4	跟|跟|gen1	4	defined	["名"]	["名"]	["bound-form"]	[]	[]	腳和鞋子後面的部分	脚和鞋子后面的部分				[0]	general	unreviewed		[]
跟|跟|gen1~5	跟|跟|gen1	5	defined	["動"]	["动"]	[]	["coll"]	[]	女子嫁給某人，一起生活	女子嫁给某人，一起生活				[3]	general	unreviewed		[]
路|路|lu4~1	路|路|lu4	1	defined	["名"]	["名"]	[]	[]	[]	地面上供人和車走的地方	地面上供人和车走的地方				[0, 2]	general	unreviewed		[]
路|路|lu4~2	路|路|lu4	2	defined	["名"]	["名"]	[]	[]	[]	從一個地方到另一個地方的距離	从一个地方到另一个地方的距离				[1]	general	unreviewed		[]
路|路|lu4~3	路|路|lu4	3	defined	["量"]	["量"]	[]	[]	[]	公共汽車按號碼分成的線	公共汽车按号码分成的线				[3]	general	unreviewed		[]
路|路|lu4~4	路|路|lu4	4	defined	["量"]	["量"]	[]	["coll"]	[]	人或東西的種類	人或东西的种类				[4]	general	unreviewed		[]
路線|路线|lu4 xian4~1	路線|路线|lu4 xian4	1	defined	["名"]	["名"]	[]	[]	[]	從一個地方到另一個地方所走的路	从一个地方到另一个地方所走的路				[0, 1, 3]	general	unreviewed		[]
路線|路线|lu4 xian4~2	路線|路线|lu4 xian4	2	defined	["名"]	["名"]	[]	[]	[]	政黨或國家做事的基本方向	政党或国家做事的基本方向				[2]	general	unreviewed		[]
跳|跳|tiao4~1	跳|跳|tiao4	1	defined	["動"]	["动"]	[]	[]	[]	用力離開地面向上或向前移動	用力离开地面向上或向前移动				[0, 1, 3]	general	unreviewed		[]
跳|跳|tiao4~2	跳|跳|tiao4	2	defined	["動"]	["动"]	[]	[]	[]	心臟一下一下地動	心脏一下一下地动				[4]	general	unreviewed		[]
跳|跳|tiao4~3	跳|跳|tiao4	3	defined	["動"]	["动"]	[]	[]	[]	越過中間的部分，不按次序來	越过中间的部分，不按次序来				[2]	general	unreviewed		[]
身|身|shen1~1	身|身|shen1	1	defined	["名"]	["名"]	[]	[]	[]	人或動物的身體	人或动物的身体				[0]	general	unreviewed		[]
身|身|shen1~2	身|身|shen1	2	defined	["代"]	["代"]	["bound-form"]	[]	[]	自己，不是別人	自己，不是别人				[2, 3]	general	unreviewed		[]
身|身|shen1~3	身|身|shen1	3	defined	["名"]	["名"]	["bound-form"]	[]	[]	東西的主要部分	东西的主要部分				[5]	general	unreviewed		[]
身|身|shen1~4	身|身|shen1	4	defined	["名"]	["名"]	["bound-form"]	[]	[]	人的生命或一生	人的生命或一生				[1]	general	unreviewed		[]
身|身|shen1~5	身|身|shen1	5	defined	["量"]	["量"]	["classifier-is"]	[]	[]	用於計算身上穿的整套衣服	用于计算身上穿的整套衣服				[7]	classifier-is	unreviewed		[]
身|身|shen1~6	身|身|shen1	6	defined	["名"]	["名"]	["bound-form"]	["lit"]	[]	一個人的道德和行為	一个人的道德和行为				[4]	general	unreviewed		[]
身|身|shen1~7	身|身|shen1	7	defined	["名"]	["名"]	["bound-form"]	[]	[]	女人懷孕的情況	女人怀孕的情况				[6]	general	unreviewed		[]
身上|身上|shen1 shang5~1	身上|身上|shen1 shang5	1	defined	["名"]	["名"]	[]	[]	[]	人的身體表面，也指隨身帶著東西的地方	人的身体表面，也指随身带着东西的地方				[0, 1]	general	unreviewed		[]
身上|身上|shen1 shang5~2	身上|身上|shen1 shang5	2	defined	["名"]	["名"]	[]	[]	[]	表示責任或希望落在某個人那裡	表示责任或希望落在某个人那里				[2]	general	unreviewed		[]
身份|身份|shen1 fen4~1	身份|身份|shen1 fen4	1	defined	["名"]	["名"]	[]	[]	[]	一個人在社會或團體中的地位和角色	一个人在社会或团体中的地位和角色	常用「以…的身份」的說法，說明他做事時算是什麼人。	常用「以…的身份」的说法，说明他做事时算是什么人。		[0]	general	unreviewed		[]
身體|身体|shen1 ti3~1	身體|身体|shen1 ti3	1	defined	["名"]	["名"]	[]	[]	[]	人或動物從頭到腳的全部	人或动物从头到脚的全部				[0]	general	unreviewed		[]
身體|身体|shen1 ti3~2	身體|身体|shen1 ti3	2	defined	["名"]	["名"]	[]	[]	[]	人健康好壞的情況	人健康好坏的情况	見面時常說「注意身體」，說的是健康。	见面时常说「注意身体」，说的是健康。		[1]	general	unreviewed		[]
車|车|che1~1	車|车|che1	1	defined	["名"]	["名"]	[]	[]	[]	有輪子、可以載人或運東西的交通工具	有轮子、可以载人或运东西的交通工具				[0, 1, 2]	general	unreviewed	edited	["E-che1-1"]
車|车|che1~2	車|车|che1	2	defined	["名"]	["名"]	["bound-form"]	[]	[]	靠輪子轉動來工作的機器	靠轮子转动来工作的机器				[3]	general	unreviewed		[]
車|车|che1~3	車|车|che1	3	defined	["動"]	["动"]	[]	[]	[]	用車床把材料加工成需要的樣子	用车床把材料加工成需要的样子				[4]	general	unreviewed		[]
車站|车站|che1 zhan4~1	車站|车站|che1 zhan4	1	defined	["名"]	["名"]	[]	[]	[]	火車或公車停下，讓人上下的地方	火车或公车停下，让人上下的地方				[0, 1, 2]	general	unreviewed		[]
軌道|轨道|gui3 dao4~1	軌道|轨道|gui3 dao4	1	defined	["名"]	["名"]	[]	[]	[]	火車、地鐵等在上面行走的路線	火车、地铁等在上面行走的路线				[0, 4]	general	unreviewed		[]
軌道|轨道|gui3 dao4~2	軌道|轨道|gui3 dao4	2	defined	["名"]	["名"]	[]	[]	["astro"]	星球、衛星等在太空中運行的路線	星球、卫星等在太空中运行的路线				[1, 5]	general	unreviewed		[]
軌道|轨道|gui3 dao4~3	軌道|轨道|gui3 dao4	3	defined	["名"]	["名"]	[]	[]	[]	事情發展的正常方向和過程	事情发展的正常方向和过程				[2, 3]	general	unreviewed		[]
軍|军|jun1~1	軍|军|jun1	1	defined	["名"]	["名"]	["bound-form"]	[]	[]	國家用來作戰的部隊	国家用来作战的部队				[0, 1]	bound-form	unreviewed		[]
軍事|军事|jun1 shi4~1	軍事|军事|jun1 shi4	1	defined	["名"]	["名"]	[]	[]	[]	跟軍隊、戰爭有關的事情	跟军队、战争有关的事情				[0]	general	unreviewed		[]
軍隊|军队|jun1 dui4~1	軍隊|军队|jun1 dui4	1	defined	["名"]	["名"]	[]	[]	[]	國家組織起來、用武器作戰的人員	国家组织起来、用武器作战的人员				[0, 1]	general	unreviewed		[]
較|较|jiao4~1	較|较|jiao4	1	defined	["副"]	["副"]	[]	["lit"]	[]	表示程度上有些高，多用在形容詞前面	表示程度上有些高，多用在形容词前面				[3]	general	unreviewed		[]
較|较|jiao4~2	較|较|jiao4	2	defined	["介"]	["介"]	[]	["lit"]	[]	用在比較的句子裡，引出比較的對象	用在比较的句子里，引出比较的对象				[2]	general	unreviewed		[]
較|较|jiao4~3	較|较|jiao4	3	defined	["動"]	["动"]	["bound-form"]	[]	[]	把兩個事物放在一起看出不同	把两个事物放在一起看出不同				[0]	bound-form	unreviewed		[]
較|较|jiao4~4	較|较|jiao4	4	defined	["動"]	["动"]	["bound-form"]	["lit"]	[]	為小事跟人爭論	为小事跟人争论				[1]	bound-form	unreviewed		[]
載|载|zai3~1	載|载|zai3	1	defined	["動"]	["动"]	["bound-form"]	[]	[]	用文字記下來，或在報紙上登出	用文字记下来，或在报纸上登出				[0, 1]	general	unreviewed		[]
載|载|zai3~2	載|载|zai3	2	defined	["量"]	["量"]	["bound-form"]	["lit"]	[]	計算時間的單位，等於一年	计算时间的单位，等于一年				[3]	general	unreviewed		[]
載|载|zai4~1	載|载|zai4	1	defined	["動"]	["动"]	[]	[]	[]	用車船等裝著人或東西送到別處	用车船等装着人或东西送到别处				[0, 1, 2, 3, 4]	general	unreviewed		[]
載|载|zai4~2	載|载|zai4	2	defined	["副"]	["副"]	["bound-form"]	["lit"]	[]	用在兩個動詞前面，表示同時做兩件事	用在两个动词前面，表示同时做两件事				[5, 6, 7, 8]	general	unreviewed		[]
輕|轻|qing1~1	輕|轻|qing1	1	defined	["形"]	["形"]	[]	[]	[]	重量小，拿起來不費力的	重量小，拿起来不费力的				[0]	general	unreviewed		[]
輕|轻|qing1~2	輕|轻|qing1	2	defined	["形"]	["形"]	[]	[]	[]	聲音小或動作不用力的	声音小或动作不用力的				[2, 3]	general	unreviewed		[]
輕|轻|qing1~3	輕|轻|qing1	3	defined	["形"]	["形"]	[]	[]	[]	數量少或程度淺的	数量少或程度浅的				[1, 5, 7]	general	unreviewed		[]
輕|轻|qing1~4	輕|轻|qing1	4	defined	["動"]	["动"]	["bound-form"]	[]	[]	看不起，不重視	看不起，不重视				[10]	general	unreviewed		[]
輕|轻|qing1~5	輕|轻|qing1	5	defined	["形"]	["形"]	["bound-form"]	[]	[]	不慎重、不嚴肅的	不慎重、不严肃的				[4, 6]	general	unreviewed		[]
輕|轻|qing1~6	輕|轻|qing1	6	defined	["形"]	["形"]	["bound-form"]	[]	["ling"]	語音上指念得短而弱的	语音上指念得短而弱的				[8, 9]	general	unreviewed		[]
輛|辆|liang4~1	輛|辆|liang4	1	defined	["量"]	["量"]	["classifier-is"]	[]	[]	用於計算汽車等有輪子的車	用于计算汽车等有轮子的车				[0]	classifier-is	unreviewed		[]
輪|轮|lun2~1	輪|轮|lun2	1	defined	["名"]	["名"]	["bound-form"]	[]	[]	車子或機器上轉動的圓形部分	车子或机器上转动的圆形部分				[0]	general	unreviewed		[]
輪|轮|lun2~2	輪|轮|lun2	2	defined	["動"]	["动"]	[]	[]	[]	大家按先後一個接一個地做	大家按先后一个接一个地做				[2]	general	unreviewed		[]
輪|轮|lun2~3	輪|轮|lun2	3	defined	["名"]	["名"]	["bound-form"]	[]	[]	靠機器開動的大船	靠机器开动的大船				[1]	general	unreviewed		[]
輪|轮|lun2~4	輪|轮|lun2	4	defined	["量"]	["量"]	["classifier-is"]	[]	[]	用於計算又大又圓的東西	用于计算又大又圆的东西				[3]	classifier-is	unreviewed		[]
輪|轮|lun2~5	輪|轮|lun2	5	defined	["量"]	["量"]	["classifier-is"]	[]	[]	用於計算一次次進行的活動	用于计算一次次进行的活动				[3]	classifier-is	unreviewed		[]
轉|转|zhuan3~1	轉|转|zhuan3	1	defined	["動"]	["动"]	[]	[]	[]	改變原來的方向	改变原来的方向				[0, 1]	general	unreviewed		[]
轉|转|zhuan3~2	轉|转|zhuan3	2	defined	["動"]	["动"]	[]	[]	[]	從一方送到或換到另一方	从一方送到或换到另一方	常說「轉告」、「轉交」、「轉發」。	常说「转告」、「转交」、「转发」。		[2, 3, 4]	general	unreviewed		[]
轉|转|zhuan3~3	轉|转|zhuan3	3	defined	["動"]	["动"]	[]	[]	[]	由一種情況變成另一種	由一种情况变成另一种	後面常接形容詞，如「轉冷」、「轉好」。	后面常接形容词，如「转冷」、「转好」。		[]	general	unreviewed		[]
轉|转|zhuan4~1	轉|转|zhuan4	1	defined	["動"]	["动"]	[]	[]	[]	不停地一圈一圈動，像車輪一樣	不停地一圈一圈动，像车轮一样				[0, 1, 2]	general	unreviewed		[]
轉|转|zhuan4~2	轉|转|zhuan4	2	defined	["動"]	["动"]	[]	["coll"]	[]	隨便走走看看，沒有一定的目的	随便走走看看，没有一定的目的				[3]	general	unreviewed		[]
轉|转|zhuan4~3	轉|转|zhuan4	3	defined	["量"]	["量"]	["classifier-is"]	[]	[]	用於計算轉動或來回的次數	用于计算转动或来回的次数				[4, 5]	classifier-is	unreviewed		[]
轉移|转移|zhuan3 yi2~1	轉移|转移|zhuan3 yi2	1	defined	["動"]	["动"]	[]	[]	[]	把人或東西從一個地方移到另一個地方	把人或东西从一个地方移到另一个地方				[0]	general	unreviewed		[]
轉移|转移|zhuan3 yi2~2	轉移|转移|zhuan3 yi2	2	defined	["動"]	["动"]	[]	[]	[]	把注意力等從一件事換到另一件事上	把注意力等从一件事换到另一件事上				[1]	general	unreviewed		[]
轉移|转移|zhuan3 yi2~3	轉移|转移|zhuan3 yi2	3	defined	["動"]	["动"]	[]	[]	["med"]	疾病從身體的一處傳到別的地方	疾病从身体的一处传到别的地方				[2]	general	unreviewed		[]
辦|办|ban4~1	辦|办|ban4	1	defined	["動"]	["动"]	[]	[]	[]	處理並完成要做的事情	处理并完成要做的事情				[0]	general	unreviewed		[]
辦|办|ban4~2	辦|办|ban4	2	defined	["動"]	["动"]	[]	[]	[]	建立並管理學校、工廠等	建立并管理学校、工厂等				[1]	general	unreviewed		[]
辦|办|ban4~3	辦|办|ban4	3	defined	["動"]	["动"]	["bound-form"]	[]	["law"]	按照法律處理犯罪的人	按照法律处理犯罪的人				[2]	bound-form	unreviewed		[]
辦|办|ban4~4	辦|办|ban4	4	defined	["名"]	["名"]	["abbr", "bound-form"]	[]	[]	辦公室的簡稱	办公室的简称				[3]	abbreviation	unreviewed		[]
辦公室|办公室|ban4 gong1 shi4~1	辦公室|办公室|ban4 gong1 shi4	1	defined	["名"]	["名"]	[]	[]	[]	公司或機構裡供人工作的房間	公司或机构里供人工作的房间				[0]	general	unreviewed		[]
辦法|办法|ban4 fa3~1	辦法|办法|ban4 fa3	1	defined	["名"]	["名"]	[]	[]	[]	解決問題或處理事情的方法	解决问题或处理事情的方法	「方法」指做事的方式，「辦法」多指解決問題的具體方式。	「方法」指做事的方式，「办法」多指解决问题的具体方式。		[0, 1]	general	unreviewed	edited	["E-ban4fa3-1"]
辭職|辞职|ci2 zhi2~1	辭職|辞职|ci2 zhi2	1	defined	["動"]	["动"]	[]	[]	[]	自己提出不再擔任原來的工作	自己提出不再担任原来的工作	可以分開說，例如「辭了職」、「辭過一次職」。	可以分开说，例如「辞了职」、「辞过一次职」。		[0]	general	unreviewed		[]
迅速|迅速|xun4 su4~1	迅速|迅速|xun4 su4	1	defined	["形"]	["形"]	[]	[]	[]	動作或變化很快，用的時間很短的	动作或变化很快，用的时间很短的	「快」口語裡最常用，「迅速」多用在正式或書面的說法。	「快」口语里最常用，「迅速」多用在正式或书面的说法。		[0, 1, 2]	general	unreviewed		[]
近|近|jin4~1	近|近|jin4	1	defined	["形"]	["形"]	[]	[]	[]	空間或時間上距離小	空间或时间上距离小	「附近」是名詞，可以說「學校附近」；「近」不能這樣用。	「附近」是名词，可以说「学校附近」；「近」不能这样用。		[0, 1]	general	unreviewed		[]
近|近|jin4~2	近|近|jin4	2	defined	["副"]	["副"]	[]	[]	[]	用在數目前面，表示不到但接近那個數	用在数目前面，表示不到但接近那个数				[2]	general	unreviewed		[]
返回|返回|fan3 hui2~1	返回|返回|fan3 hui2	1	defined	["動"]	["动"]	[]	[]	[]	回到原來的地方	回到原来的地方	「返回」多用在書面和正式的說明裡，說話時常用「回去」、「回來」。	「返回」多用在书面和正式的说明里，说话时常用「回去」、「回来」。		[0, 1]	general	unreviewed		[]
迪|迪|di2~1	迪|迪|di2	1	defined	["動"]	["动"]	["bound-form"]	["lit"]	[]	使人明白道理，得到新的想法	使人明白道理，得到新的想法				[0]	general	unreviewed		[]
迴|回|hui2~2	迴|回|hui2	1	defined	["動"]	["动"]	["bound-form"]	[]	[]	繞著轉，或轉回原來的地方	绕着转，或转回原来的地方				[0, 1, 2]	general	unreviewed		[]
追|追|dui1~1	追|追|dui1	1	defined	["動"]	["动"]	[]	["arch"]	[]	在玉石等東西上刻出花紋	在玉石等东西上刻出花纹			archaic-form	[0, 1]	general	unreviewed		[]
追|追|dui1~2	追|追|dui1	2	defined	["名"]	["名"]	[]	["arch"]	["music"]	舊時的一種樂器	旧时的一种乐器			archaic-form	[2]	general	unreviewed		[]
追|追|zhui1~1	追|追|zhui1	1	defined	["動"]	["动"]	[]	[]	[]	在後面快走或快跑，想趕上前面的人或東西	在后面快走或快跑，想赶上前面的人或东西				[0, 1]	general	unreviewed		[]
追|追|zhui1~2	追|追|zhui1	2	defined	["動"]	["动"]	[]	[]	[]	深入查問事情的原因和責任	深入查问事情的原因和责任				[2, 3]	general	unreviewed		[]
追|追|zhui1~3	追|追|zhui1	3	defined	["動"]	["动"]	[]	[]	[]	想跟自己喜歡的人建立愛情關係	想跟自己喜欢的人建立爱情关系				[6]	general	unreviewed		[]
追|追|zhui1~4	追|追|zhui1	4	defined	["動"]	["动"]	[]	["coll"]	[]	一集接一集地看還沒播完的電視劇	一集接一集地看还没播完的电视剧				[7]	general	unreviewed		[]
追|追|zhui1~5	追|追|zhui1	5	defined	["動"]	["动"]	["bound-form"]	[]	[]	回想過去的人或事	回想过去的人或事				[4, 5]	general	unreviewed		[]
追|追|zhui1~6	追|追|zhui1	6	defined	["副"]	["副"]	["bound-form"]	[]	[]	在事情過去以後才補著做	在事情过去以后才补着做				[8, 9]	general	unreviewed		[]
退|退|tui4~1	退|退|tui4	1	defined	["動"]	["动"]	[]	[]	[]	向後移動，跟前進相反	向后移动，跟前进相反				[0]	general	unreviewed		[]
退|退|tui4~2	退|退|tui4	2	defined	["動"]	["动"]	[]	[]	[]	把已經收下或買下的東西還回去	把已经收下或买下的东西还回去	「還」是把借來的東西給回去，「退」多用在買賣上。	「还」是把借来的东西给回去，「退」多用在买卖上。		[1]	general	unreviewed		[]
退|退|tui4~3	退|退|tui4	3	defined	["動"]	["动"]	[]	[]	[]	由高變低，由多變少	由高变低，由多变少				[2]	general	unreviewed		[]
退出|退出|tui4 chu1~1	退出|退出|tui4 chu1	1	defined	["動"]	["动"]	[]	[]	[]	離開所參加的活動或團體	离开所参加的活动或团体				[0, 2]	general	unreviewed		[]
退出|退出|tui4 chu1~2	退出|退出|tui4 chu1	2	defined	["動"]	["动"]	[]	[]	["tech"]	結束正在使用的程序或網站	结束正在使用的程序或网站				[1, 3]	general	unreviewed		[]
送|送|song4~1	送|送|song4	1	defined	["動"]	["动"]	[]	[]	[]	把東西從一處交到別人手裡	把东西从一处交到别人手里				[0]	general	unreviewed		[]
送|送|song4~2	送|送|song4	2	defined	["動"]	["动"]	[]	[]	[]	把東西當作禮物給別人	把东西当作礼物给别人				[1]	general	unreviewed		[]
送|送|song4~3	送|送|song4	3	defined	["動"]	["动"]	[]	[]	[]	陪著要走的人一起走一段路	陪着要走的人一起走一段路				[2, 3]	general	unreviewed		[]
逃|逃|tao2~1	逃|逃|tao2	1	defined	["動"]	["动"]	[]	[]	[]	因為危險或害怕而馬上離開	因为危险或害怕而马上离开	「跑」只說移動得快，「逃」一定是為了離開危險。	「跑」只说移动得快，「逃」一定是为了离开危险。		[0, 1, 2]	general	unreviewed		[]
逐漸|逐渐|zhu2 jian4~1	逐漸|逐渐|zhu2 jian4	1	defined	["副"]	["副"]	[]	[]	[]	表示變化一點一點地發生，不是突然的	表示变化一点一点地发生，不是突然的	「逐漸」多用在書面，說話時常用「慢慢」。	「逐渐」多用在书面，说话时常用「慢慢」。		[0]	general	unreviewed		[]
這|这|zhe4~1	這|这|zhe4	1	defined	["代"]	["代"]	["function-word"]	[]	[]	指離說話的人比較近的人或事物	指离说话的人比较近的人或事物	「這」指近的，「那」指遠的。後面多帶量詞，例如「這個人」、「這本書」。	「这」指近的，「那」指远的。后面多带量词，例如「这个人」、「这本书」。		[0, 1, 2]	function-word	unreviewed		[]
這|这|zhei4~1	這|这|zhei4	1	defined	["代"]	["代"]	[]	["coll"]	[]	指說話時離自己近的人或東西	指说话时离自己近的人或东西	多用在量詞或數字的前面，例如「這個」「這三年」。	多用在量词或数字的前面，例如「这个」「这三年」。		[0]	general	unreviewed		[]
這些|这些|zhe4 xie1~1	這些|这些|zhe4 xie1	1	defined	["代"]	["代"]	[]	[]	[]	指比較近的兩個以上的人或東西	指比较近的两个以上的人或东西	「這些」指比較近的，「那些」指比較遠的。	「这些」指比较近的，「那些」指比较远的。		[0]	general	unreviewed		[]
這個|这个|zhe4 ge5~1	這個|这个|zhe4 ge5	1	defined	["代"]	["代"]	["function-word"]	[]	[]	指離自己比較近的人或東西，多用在名詞前面	指离自己比较近的人或东西，多用在名词前面	離自己遠的人或東西，用「那個」。「這個」裡面已經有量詞「個」，後面直接接名詞。	离自己远的人或东西，用「那个」。「这个」里面已经有量词「个」，后面直接接名词。		[0, 1]	function-word	unreviewed		[]
這個|这个|zhe4 ge5~2	這個|这个|zhe4 ge5	2	defined	["嘆"]	["叹"]	["function-word"]	["coll"]	[]	說話中間用來停一下，表示還在想	说话中间用来停一下，表示还在想	也常連著說「這個這個」。「那個」也有同樣的用法。	也常连着说「这个这个」。「那个」也有同样的用法。		[]	function-word	unreviewed		[]
這樣|这样|zhe4 yang4~1	這樣|这样|zhe4 yang4	1	defined	["代"]	["代"]	[]	[]	[]	指前面說到的或眼前的樣子、情況	指前面说到的或眼前的样子、情况	「這樣」指離說話的人近的，「那樣」指遠的。	「这样」指离说话的人近的，「那样」指远的。		[0, 1]	general	unreviewed		[]
這種|这种|zhe4 zhong3~1	這種|这种|zhe4 zhong3	1	defined	["代"]	["代"]	[]	[]	[]	指前面說到的或眼前的那一類	指前面说到的或眼前的那一类	「這種」指離說話的人近的，「那種」指遠的。	「这种」指离说话的人近的，「那种」指远的。		[0]	general	unreviewed		[]
這裡|这里|zhe4 li3~1	這裡|这里|zhe4 li3	1	defined	["代"]	["代"]	[]	[]	[]	指離說話的人近的地方	指离说话的人近的地方	「這兒」是口語的說法，意思跟「這裡」一樣。	「这儿」是口语的说法，意思跟「这里」一样。		[0]	general	unreviewed		[]
通|通|tong1~1	通|通|tong1	1	defined	["動"]	["动"]	[]	[]	[]	兩邊連在一起，可以來往或過去	两边连在一起，可以来往或过去				[0, 3, 5, 6]	general	unreviewed		[]
通|通|tong1~2	通|通|tong1	2	defined	["動"]	["动"]	[]	[]	[]	彼此傳消息、互相聯繫	彼此传消息、互相联系				[4]	general	unreviewed		[]
通|通|tong1~3	通|通|tong1	3	defined	["動"]	["动"]	["bound-form"]	[]	[]	對某方面懂得很多	对某方面懂得很多				[1]	general	unreviewed		[]
通|通|tong1~4	通|通|tong1	4	defined	["綴"]	["缀"]	["function-word", "bound-form"]	[]	[]	用在名詞後面，指很懂這方面的人	用在名词后面，指很懂这方面的人	前面多接地方名或事物，如「日本通」、「電腦通」。	前面多接地方名或事物，如「日本通」、「电脑通」。		[2]	function-word	unreviewed		[]
通|通|tong1~5	通|通|tong1	5	defined	["量"]	["量"]	["classifier-is"]	[]	[]	用於計算書信、電話等	用于计算书信、电话等				[7]	classifier-is	unreviewed		[]
通|通|tong4~1	通|通|tong4	1	defined	["量"]	["量"]	["classifier-is"]	[]	[]	用於計算連著做完的一段動作，如說話、批評	用于计算连着做完的一段动作，如说话、批评	「一頓」多用在打、罵、吃上面，「一通」多用在說話一類的事上面。	「一顿」多用在打、骂、吃上面，「一通」多用在说话一类的事上面。		[0]	classifier-is	unreviewed		[]
通常|通常|tong1 chang2~1	通常|通常|tong1 chang2	1	defined	["副", "形"]	["副", "形"]	[]	[]	[]	一般情況下都是這樣，不是特殊的	一般情况下都是这样，不是特殊的	「通常」說的是一般的情形，「經常」說的是次數多。	「通常」说的是一般的情形，「经常」说的是次数多。		[0, 1]	general	unreviewed		[]
通知|通知|tong1 zhi1~1	通知|通知|tong1 zhi1	1	defined	["動"]	["动"]	[]	[]	[]	把事情告訴有關的人	把事情告诉有关的人				[0, 1]	general	unreviewed		[]
通知|通知|tong1 zhi1~2	通知|通知|tong1 zhi1	2	defined	["名"]	["名"]	[]	[]	[]	告訴大家某件事情的文件	告诉大家某件事情的文件				[2, 3, 4]	general	unreviewed		[]
通過|通过|tong1 guo4~5	通過|通过|tong1 guo4	1	defined	["動"]	["动"]	[]	[]	[]	由一邊到另一邊，走過去或穿過去	由一边到另一边，走过去或穿过去				[0]	general	unreviewed		[]
通過|通过|tong1 guo4~6	通過|通过|tong1 guo4	2	defined	["動"]	["动"]	[]	[]	[]	考試、檢查或投票以後，被接受	考试、检查或投票以后，被接受				[1, 2]	general	unreviewed		[]
通過|通过|tong1 guo4~7	通過|通过|tong1 guo4	3	defined	["介"]	["介"]	["function-word"]	[]	[]	用在名詞前面，引出做事的方法或手段	用在名词前面，引出做事的方法或手段				[3]	general	unreviewed		[]
速度|速度|su4 du4~1	速度|速度|su4 du4	1	defined	["名"]	["名"]	[]	[]	[]	運動或變化的快慢程度	运动或变化的快慢程度				[0]	general	unreviewed		[]
造|造|zao4~1	造|造|zao4	1	defined	["動"]	["动"]	[]	[]	[]	用材料做出東西或蓋起房屋	用材料做出东西或盖起房屋				[0, 1, 2]	general	unreviewed		[]
造|造|zao4~2	造|造|zao4	2	defined	["動"]	["动"]	[]	[]	[]	做出從前沒有的東西	做出从前没有的东西				[3]	general	unreviewed		[]
造|造|zao4~3	造|造|zao4	3	defined	["動"]	["动"]	["bound-form"]	[]	[]	編出不真實的話	编出不真实的话				[4]	general	unreviewed		[]
造|造|zao4~4	造|造|zao4	4	defined	["動"]	["动"]	["bound-form"]	["lit"]	[]	上門到別人那裡去	上门到别人那里去				[5]	general	unreviewed		[]
造|造|zao4~5	造|造|zao4	5	defined	["量"]	["量"]	["classifier-is"]	["dialect"]	[]	用於計算一年中莊稼收成的次數	用于计算一年中庄稼收成的次数				[7, 8]	classifier-is	unreviewed		[]
造|造|zao4~6	造|造|zao4	6	defined	["名"]	["名"]	["bound-form"]	["lit"]	["law"]	打官司的雙方中的一方	打官司的双方中的一方				[6]	general	unreviewed		[]
造成|造成|zao4 cheng2~1	造成|造成|zao4 cheng2	1	defined	["動"]	["动"]	[]	[]	[]	引起某種結果，多指不好的	引起某种结果，多指不好的				[0]	general	unreviewed		[]
連|连|lian2~1	連|连|lian2	1	defined	["動"]	["动"]	[]	[]	[]	使兩個東西接在一起，中間不斷開	使两个东西接在一起，中间不断开				[0, 1, 2]	general	unreviewed		[]
連|连|lian2~2	連|连|lian2	2	defined	["介"]	["介"]	["function-word"]	[]	[]	跟「都」「也」一起用，指出最不可能的情況	跟「都」「也」一起用，指出最不可能的情况				[6]	general	unreviewed		[]
連|连|lian2~3	連|连|lian2	3	defined	["介"]	["介"]	["function-word"]	[]	[]	把某人或某物也算在裡面	把某人或某物也算在里面				[5]	general	unreviewed		[]
連|连|lian2~4	連|连|lian2	4	defined	["副"]	["副"]	[]	[]	[]	一次接著一次，中間不停	一次接着一次，中间不停				[3, 4]	general	unreviewed		[]
連|连|lian2~5	連|连|lian2	5	defined	["名"]	["名"]	[]	[]	[]	軍隊裡的一級單位，比營小	军队里的一级单位，比营小				[7]	general	unreviewed		[]
連接|连接|lian2 jie1~1	連接|连接|lian2 jie1	1	defined	["動"]	["动"]	[]	[]	[]	使兩個或幾個事物接在一起	使两个或几个事物接在一起				[0]	general	unreviewed		[]
連續|连续|lian2 xu4~1	連續|连续|lian2 xu4	1	defined	["形"]	["形"]	[]	[]	[]	一個接一個、中間不斷的	一个接一个、中间不断的				[0, 1, 2, 3]	general	unreviewed		[]
逮捕|逮捕|dai4 bu3~1	逮捕|逮捕|dai4 bu3	1	defined	["動"]	["动"]	[]	[]	["law"]	按照法律把犯罪的人抓起來	按照法律把犯罪的人抓起来	「逮捕」用在法律場合，一般的抓人不說「逮捕」。	「逮捕」用在法律场合，一般的抓人不说「逮捕」。		[0]	general	unreviewed		[]
週|周|zhou1~1	週|周|zhou1	1	defined	["名"]	["名"]	[]	[]	[]	連著的七天，是常用的時間單位	连着的七天，是常用的时间单位	「週」多用在書面上，說話時常說「星期」。	「周」多用在书面上，说话时常说「星期」。		[0, 1]	general	unreviewed		[]
週年|周年|zhou1 nian2~1	週年|周年|zhou1 nian2	1	defined	["名"]	["名"]	[]	[]	[]	事情發生後滿一年或滿幾年的日子	事情发生后满一年或满几年的日子	前面多加數目，如「一百週年」。	前面多加数目，如「一百周年」。		[0, 1]	general	unreviewed		[]
進|进|jin4~1	進|进|jin4	1	defined	["動"]	["动"]	[]	[]	[]	從外面到裡面，跟「出」相反	从外面到里面，跟「出」相反				[2, 3]	general	unreviewed		[]
進|进|jin4~2	進|进|jin4	2	defined	["動"]	["动"]	[]	[]	[]	向前移動或向上發展	向前移动或向上发展				[0, 1]	general	unreviewed		[]
進|进|jin4~3	進|进|jin4	3	defined	["動"]	["动"]	[]	[]	[]	把東西從外面收到裡面	把东西从外面收到里面				[4, 5, 6, 7]	general	unreviewed		[]
進|进|jin4~4	進|进|jin4	4	defined	["動"]	["动"]	["bound-form"]	[]	["math"]	表示數到一定的數目就往上一位	表示数到一定的数目就往上一位				[8]	general	unreviewed		[]
進|进|jin4~5	進|进|jin4	5	defined	["量"]	["量"]	["classifier-is"]	[]	[]	用於計算院子裡前後相連的房屋	用于计算院子里前后相连的房屋				[9]	classifier-is	unreviewed		[]
進一步|进一步|jin4 yi1 bu4~1	進一步|进一步|jin4 yi1 bu4	1	defined	["副"]	["副"]	[]	[]	[]	表示在原來的基礎上再向前發展或加深	表示在原来的基础上再向前发展或加深	多用在動詞前面，如「進一步了解」、「進一步研究」。	多用在动词前面，如「进一步了解」、「进一步研究」。		[0, 1]	general	unreviewed		[]
進入|进入|jin4 ru4~1	進入|进入|jin4 ru4	1	defined	["動"]	["动"]	[]	[]	[]	從外面到某個地方或情況之中	从外面到某个地方或情况之中	「進入」後面一定要帶所到的地方或情況，「進」可以單用。	「进入」后面一定要带所到的地方或情况，「进」可以单用。		[0, 1, 2]	general	unreviewed		[]
進攻|进攻|jin4 gong1~1	進攻|进攻|jin4 gong1	1	defined	["動", "名"]	["动", "名"]	[]	[]	[]	主動向敵人或對方發動攻擊	主动向敌人或对方发动攻击				[0, 1, 2, 3, 4, 5]	general	unreviewed		[]
進步|进步|jin4 bu4~1	進步|进步|jin4 bu4	1	defined	["動", "名"]	["动", "名"]	[]	[]	[]	比原來的水平提高，變得更好	比原来的水平提高，变得更好	「進步」後面不接事物，「提高」常接水平、能力等詞語。	「进步」后面不接事物，「提高」常接水平、能力等词语。		[0, 1]	general	unreviewed		[]
進行|进行|jin4 xing2~1	進行|进行|jin4 xing2	1	defined	["動"]	["动"]	[]	[]	[]	持續做某種比較正式的活動	持续做某种比较正式的活动	後面常接兩個字的動詞，如「進行討論」。	后面常接两个字的动词，如「进行讨论」。		[0, 1]	general	unreviewed		[]
進行|进行|jin4 xing2~2	進行|进行|jin4 xing2	2	defined	["動"]	["动"]	["bound-form"]	[]	[]	向前走，特別指部隊行動	向前走，特别指部队行动				[2]	general	unreviewed		[]
逼|逼|bi1~1	逼|逼|bi1	1	defined	["動"]	["动"]	[]	[]	[]	用威脅或壓力使人不得不做某事	用威胁或压力使人不得不做某事	常用「被逼」的說法，表示不是自己願意的。	常用「被逼」的说法，表示不是自己愿意的。		[0, 1, 2, 3]	general	unreviewed		[]
逼|逼|bi1~2	逼|逼|bi1	2	defined	["動"]	["动"]	["bound-form"]	[]	[]	帶著威脅向目標接近	带着威胁向目标接近				[4, 5, 6]	general	unreviewed		[]
遇到|遇到|yu4 dao4~1	遇到|遇到|yu4 dao4	1	defined	["動"]	["动"]	[]	[]	[]	碰上某人或某種情況，多不是事先安排的	碰上某人或某种情况，多不是事先安排的	「遇到」多是沒有事先約好的，「見面」常是約好的。	「遇到」多是没有事先约好的，「见面」常是约好的。		[0]	general	unreviewed		[]
遊|游|you2~1	遊|游|you2	1	defined	["動"]	["动"]	["bound-form"]	[]	[]	到各處走走看看，多為了玩	到各处走走看看，多为了玩				[0, 1, 2, 3]	general	unreviewed		[]
遊戲|游戏|you2 xi4~1	遊戲|游戏|you2 xi4	1	defined	["名"]	["名"]	[]	[]	[]	按一定的規則玩的活動	按一定的规则玩的活动				[0]	general	unreviewed		[]
遊戲|游戏|you2 xi4~2	遊戲|游戏|you2 xi4	2	defined	["動"]	["动"]	[]	["lit"]	[]	玩，做讓人開心的活動	玩，做让人开心的活动				[1]	general	unreviewed		[]
運|运|yun4~1	運|运|yun4	1	defined	["動"]	["动"]	[]	[]	[]	把東西從一個地方送到另一個地方	把东西从一个地方送到另一个地方				[0, 1]	general	unreviewed		[]
運|运|yun4~2	運|运|yun4	2	defined	["名"]	["名"]	["bound-form"]	[]	[]	人一生中遇到的好事或壞事	人一生中遇到的好事或坏事				[4, 5, 6]	general	unreviewed		[]
運|运|yun4~3	運|运|yun4	3	defined	["動"]	["动"]	["bound-form"]	[]	[]	把方法、力量等用起來	把方法、力量等用起来				[2, 3]	general	unreviewed		[]
運動|运动|yun4 dong4~1	運動|运动|yun4 dong4	1	defined	["動", "名"]	["动", "名"]	[]	[]	[]	為了健康或比賽而做的身體活動	为了健康或比赛而做的身体活动				[1, 2, 3]	general	unreviewed		[]
運動|运动|yun4 dong4~2	運動|运动|yun4 dong4	2	defined	["動", "名"]	["动", "名"]	[]	[]	[]	物體位置改變的過程	物体位置改变的过程				[0, 4, 5]	general	unreviewed		[]
運動|运动|yun4 dong4~3	運動|运动|yun4 dong4	3	defined	["名"]	["名"]	[]	[]	[]	許多人有組織地為同一個目標進行的活動	许多人有组织地为同一个目标进行的活动				[6, 7]	general	unreviewed		[]
運動員|运动员|yun4 dong4 yuan2~1	運動員|运动员|yun4 dong4 yuan2	1	defined	["名"]	["名"]	[]	[]	[]	參加體育比賽的人	参加体育比赛的人				[0, 1]	general	unreviewed	edited	["E-yun4dong4yuan2-1"]
過|过|guo4~1	過|过|guo4	1	defined	["動"]	["动"]	[]	[]	[]	由一邊到另一邊，或經過一個地方	由一边到另一边，或经过一个地方				[0, 1]	general	unreviewed		[]
過|过|guo4~2	過|过|guo4	2	defined	["動"]	["动"]	[]	[]	[]	時間經過；也指一天一天地生活	时间经过；也指一天一天地生活				[2, 4, 5]	general	unreviewed		[]
過|过|guo4~3	過|过|guo4	3	defined	["動"]	["动"]	[]	[]	[]	慶祝節日、生日等重要的日子	庆祝节日、生日等重要的日子				[3]	general	unreviewed		[]
過|过|guo4~4	過|过|guo4	4	defined	["副"]	["副"]	[]	[]	[]	用在形容詞前面，表示超過了應該有的程度	用在形容词前面，表示超过了应该有的程度	「過大」、「過多」多用在書面語，口語裡常說「太大」、「太多」。	「过大」、「过多」多用在书面语，口语里常说「太大」、「太多」。		[6, 7]	general	unreviewed		[]
過|过|guo5~1	過|过|guo5	1	defined	["助"]	["助"]	["particle"]	[]	[]	用在動詞後面，表示動作曾經發生，有這樣的經歷	用在动词后面，表示动作曾经发生，有这样的经历	「了」表示動作完成，「過」表示曾經的經歷。說沒有這種經歷時用「沒」，例如「我沒去過」。	「了」表示动作完成，「过」表示曾经的经历。说没有这种经历时用「没」，例如「我没去过」。		[0]	general	unreviewed		[]
過去|过去|guo4 qu4~1	過去|过去|guo4 qu4	1	defined	["名"]	["名"]	[]	[]	[]	現在以前的時間，也指那時的事情	现在以前的时间，也指那时的事情				[0]	general	unreviewed		[]
過去|过去|guo4 qu4~2	過去|过去|guo4 qu4	2	defined	["動"]	["动"]	[]	[]	[]	離開說話的地方，往那邊去	离开说话的地方，往那边去				[1]	general	unreviewed		[]
過去|过去|guo4 qu5~1	過去|过去|guo4 qu5	1	defined	["綴"]	["缀"]	["function-word"]	[]	[]	用在動詞後面，表示動作離開這裡，或進入某種狀態	用在动词后面，表示动作离开这里，或进入某种状态	「過去」是離開說話的人，「過來」是向著說話的人。	「过去」是离开说话的人，「过来」是向着说话的人。		[0]	function-word	unreviewed		[]
過程|过程|guo4 cheng2~1	過程|过程|guo4 cheng2	1	defined	["名"]	["名"]	[]	[]	[]	事情從開始到結束的整個經過	事情从开始到结束的整个经过	「過程」說的是怎麼進行的，「結果」說的是最後怎麼樣。	「过程」说的是怎么进行的，「结果」说的是最后怎么样。		[0]	general	unreviewed		[]
道|道|dao4~1	道|道|dao4	1	defined	["名"]	["名"]	[]	[]	[]	供人和車來往通行的路	供人和车来往通行的路				[0]	general	unreviewed		[]
道|道|dao4~2	道|道|dao4	2	defined	["名"]	["名"]	["bound-form"]	[]	[]	做人做事的正確原則	做人做事的正确原则				[1]	bound-form	unreviewed		[]
道|道|dao4~3	道|道|dao4	3	defined	["量"]	["量"]	["classifier-is"]	[]	[]	用於計算長條形的東西、門、牆、題目、命令、菜等	用于计算长条形的东西、门、墙、题目、命令、菜等	「條」多用於具體的長條東西；「道」還能用於題目、菜和手續。	「条」多用于具体的长条东西；「道」还能用于题目、菜和手续。		[6]	classifier-is	unreviewed	edited	["E-dao4-3"]
道|道|dao4~4	道|道|dao4	4	defined	["名"]	["名"]	["bound-form"]	[]	[]	專門的技術或方法	专门的技术或方法				[2]	bound-form	unreviewed		[]
道|道|dao4~5	道|道|dao4	5	defined	["名"]	["名"]	[]	[]	[]	道家思想中天地萬物的根本	道家思想中天地万物的根本				[3]	general	unreviewed		[]
道|道|dao4~6	道|道|dao4	6	defined	["動"]	["动"]	[]	["lit"]	[]	說，多用在小說裡引出人物的話	说，多用在小说里引出人物的话				[4]	general	unreviewed		[]
道|道|dao4~7	道|道|dao4	7	defined	["動"]	["动"]	["bound-form"]	[]	[]	用話表示感謝、抱歉或告別	用话表示感谢、抱歉或告别				[5]	bound-form	unreviewed	edited	["E-dao4-7"]
道|道|dao4~8	道|道|dao4	8	defined	["名"]	["名"]	[]	["arch"]	[]	舊時劃分的一種地方區域，比州大	旧时划分的一种地方区域，比州大			archaic-form	[7]	general	unreviewed	edited	["E-dao4-8"]
道德|道德|dao4 de2~1	道德|道德|dao4 de2	1	defined	["名"]	["名"]	[]	[]	[]	社會上大家認為對的行為標準	社会上大家认为对的行为标准				[0, 1, 2, 3]	general	unreviewed		[]
道路|道路|dao4 lu4~1	道路|道路|dao4 lu4	1	defined	["名"]	["名"]	[]	[]	[]	地面上供人和車輛來往的路	地面上供人和车辆来往的路	「道路」多用在書面，說話時常說「路」。	「道路」多用在书面，说话时常说「路」。		[0, 1, 2, 3]	general	unreviewed		[]
達|达|da2~1	達|达|da2	1	defined	["動"]	["动"]	[]	[]	[]	到達某個地方或數量	到达某个地方或数量				[0, 1, 2]	general	unreviewed		[]
達|达|da2~2	達|达|da2	2	defined	["動"]	["动"]	["bound-form"]	[]	[]	把意思傳給別人	把意思传给别人				[3]	general	unreviewed		[]
達|达|da2~3	達|达|da2	3	defined	["形"]	["形"]	["bound-form"]	["lit"]	[]	地位高、有名聲的	地位高、有名声的				[4]	general	unreviewed		[]
達到|达到|da2 dao4~1	達到|达到|da2 dao4	1	defined	["動"]	["动"]	[]	[]	[]	到了某個程度、水平或目的	到了某个程度、水平或目的	「到達」後面接地方，「達到」後面接程度、水平或目的。	「到达」后面接地方，「达到」后面接程度、水平或目的。		[0]	general	unreviewed		[]
達成|达成|da2 cheng2~1	達成|达成|da2 cheng2	1	defined	["動"]	["动"]	[]	[]	[]	經過努力得到想要的結果	经过努力得到想要的结果	後面常接「協議」「目標」這類詞語。	后面常接「协议」「目标」这类词语。		[0, 1]	general	unreviewed		[]
遠|远|yuan3~1	遠|远|yuan3	1	defined	["形"]	["形"]	[]	[]	[]	空間、時間或關係上距離大的	空间、时间或关系上距离大的				[0, 1, 2]	general	unreviewed		[]
遠|远|yuan3~2	遠|远|yuan3	2	defined	["副"]	["副"]	[]	[]	[]	用在比較中，表示程度上差很多	用在比较中，表示程度上差很多	常用在「遠比」、「遠遠不如」這類說法裡。	常用在「远比」、「远远不如」这类说法里。		[3, 4]	general	unreviewed		[]
遠|远|yuan4~1	遠|远|yuan4	1	defined	["動"]	["动"]	[]	["lit"]	[]	有意不接近某人或某事	有意不接近某人或某事			archaic-form	[0]	general	unreviewed		[]
適合|适合|shi4 he2~1	適合|适合|shi4 he2	1	defined	["動"]	["动"]	[]	[]	[]	正好符合人或事物的需要	正好符合人或事物的需要	「適合」後面要接人或事物，「合適」不接，多單用。	「适合」后面要接人或事物，「合适」不接，多单用。		[0]	general	unreviewed		[]
遭|遭|zao1~1	遭|遭|zao1	1	defined	["動"]	["动"]	[]	["lit"]	[]	碰上不好的事，受到傷害或損失	碰上不好的事，受到伤害或损失				[0]	general	unreviewed		[]
遭|遭|zao1~2	遭|遭|zao1	2	defined	["量"]	["量"]	["classifier-is"]	["coll"]	[]	用於計算事情發生的次數	用于计算事情发生的次数	「遭」跟「次」差不多，常說「頭一遭」，指第一次。	「遭」跟「次」差不多，常说「头一遭」，指第一次。		[1]	classifier-is	unreviewed		[]
遭到|遭到|zao1 dao4~1	遭到|遭到|zao1 dao4	1	defined	["動"]	["动"]	[]	[]	[]	受到不好的事情或不好的對待	受到不好的事情或不好的对待	「受到」好事壞事都能說，「遭到」只用在不好的事上。後面常接反對、失敗、攻擊這類詞。	「受到」好事坏事都能说，「遭到」只用在不好的事上。后面常接反对、失败、攻击这类词。		[0, 1]	general	unreviewed		[]
選|选|xuan3~1	選|选|xuan3	1	defined	["動"]	["动"]	[]	[]	[]	在幾個人或東西中決定要哪一個	在几个人或东西中决定要哪一个				[0, 1, 2]	general	unreviewed		[]
選|选|xuan3~2	選|选|xuan3	2	defined	["動"]	["动"]	[]	[]	[]	用投票的方式決定由誰擔任職位	用投票的方式决定由谁担任职位				[3]	general	unreviewed		[]
選手|选手|xuan3 shou3~1	選手|选手|xuan3 shou3	1	defined	["名"]	["名"]	[]	[]	[]	參加比賽的人，多經過選擇	参加比赛的人，多经过选择				[0, 1]	general	unreviewed		[]
選擇|选择|xuan3 ze2~1	選擇|选择|xuan3 ze2	1	defined	["動", "名"]	["动", "名"]	[]	[]	[]	在幾個當中決定要哪一個	在几个当中决定要哪一个				[0, 1]	general	unreviewed		[]
選舉|选举|xuan3 ju3~1	選舉|选举|xuan3 ju3	1	defined	["動", "名"]	["动", "名"]	["classifier-ref"]	[]	[]	大家用投票的方式選出代表或負責的人	大家用投票的方式选出代表或负责的人				[0, 1, 2]	general	unreviewed		[]
避免|避免|bi4 mian3~1	避免|避免|bi4 mian3	1	defined	["動"]	["动"]	[]	[]	[]	想辦法使不好的事情不發生	想办法使不好的事情不发生	「避免」後面多接不好的事，如「避免麻煩」「避免衝突」。	「避免」后面多接不好的事，如「避免麻烦」「避免冲突」。		[0, 1, 2, 3]	general	unreviewed		[]
邀請|邀请|yao1 qing3~1	邀請|邀请|yao1 qing3	1	defined	["動", "名"]	["动", "名"]	[]	[]	[]	請別人來參加活動或到某個地方	请别人来参加活动或到某个地方	「邀請」比「請」正式，多用在有安排的活動上。	「邀请」比「请」正式，多用在有安排的活动上。		[0, 1, 2]	general	unreviewed		[]
還|还|hai2~1	還|还|hai2	1	defined	["副"]	["副"]	["function-word"]	[]	[]	用在動詞或形容詞前，表示動作或情況繼續不變	用在动词或形容词前，表示动作或情况继续不变				[0, 1, 3]	general	unreviewed		[]
還|还|hai2~2	還|还|hai2	2	defined	["副"]	["副"]	["function-word"]	[]	[]	用在動詞前，表示除了已經有的，再加上別的	用在动词前，表示除了已经有的，再加上别的	「也」表示跟別的相同，「還」表示再加上別的。	「也」表示跟别的相同，「还」表示再加上别的。		[5, 10, 11]	general	unreviewed		[]
還|还|hai2~3	還|还|hai2	3	defined	["副"]	["副"]	["function-word"]	[]	[]	多用在「比」的句子裡，表示程度更高	多用在「比」的句子里，表示程度更高				[2, 4]	general	unreviewed		[]
還|还|hai2~4	還|还|hai2	4	defined	["副"]	["副"]	["function-word"]	[]	[]	多用在形容詞前，表示程度不高，但可以接受	多用在形容词前，表示程度不高，但可以接受	常說「還好」「還可以」「還不錯」。	常说「还好」「还可以」「还不错」。		[6, 7]	general	unreviewed		[]
還|还|hai2~5	還|还|hai2	5	defined	["副"]	["副"]	["function-word"]	[]	[]	用在前一句，表示連這種情況都這樣，別的更不用說	用在前一句，表示连这种情况都这样，别的更不用说	常用在「…還…，何況…」的句子裡。	常用在「…还…，何况…」的句子里。		[9]	general	unreviewed		[]
還|还|hai2~6	還|还|hai2	6	defined	["副"]	["副"]	["function-word"]	[]	[]	用在時間詞的前面，表示事情發生得很早	用在时间词的前面，表示事情发生得很早	後面的句子常用「就」。	后面的句子常用「就」。		[8]	general	unreviewed		[]
還|还|huan2~1	還|还|huan2	1	defined	["動"]	["动"]	[]	[]	[]	把借來的錢或東西交給原來的主人	把借来的钱或东西交给原来的主人	常用「還給」引出接受的人，例如「把錢還給他」。	常用「还给」引出接受的人，例如「把钱还给他」。		[0, 1]	general	unreviewed		[]
還|还|huan2~2	還|还|huan2	2	defined	["動"]	["动"]	["bound-form"]	[]	[]	用同樣的行動回答別人	用同样的行动回答别人				[]	general	unreviewed		[]
還|还|huan2~3	還|还|huan2	3	defined	["動"]	["动"]	["bound-form"]	[]	[]	回到原來的地方，或恢復原來的樣子	回到原来的地方，或恢复原来的样子				[]	general	unreviewed		[]
還是|还是|hai2 shi5~1	還是|还是|hai2 shi5	1	defined	["副"]	["副"]	[]	[]	[]	表示情況沒有改變，跟原來一樣	表示情况没有改变，跟原来一样				[0, 2]	general	unreviewed		[]
還是|还是|hai2 shi5~2	還是|还是|hai2 shi5	2	defined	["連"]	["连"]	[]	[]	[]	用在問句裡，表示要對方選擇其中一個	用在问句里，表示要对方选择其中一个	「還是」用在問句裡，說明的時候用「或者」。	「还是」用在问句里，说明的时候用「或者」。		[3]	general	unreviewed		[]
還是|还是|hai2 shi5~3	還是|还是|hai2 shi5	3	defined	["副"]	["副"]	[]	[]	[]	表示比較以後，覺得這樣做更好	表示比较以后，觉得这样做更好	這個意思常跟句末的「吧」一起用。	这个意思常跟句末的「吧」一起用。		[1]	general	unreviewed		[]
還有|还有|hai2 you3~1	還有|还有|hai2 you3	1	defined	["動"]	["动"]	[]	[]	[]	仍然存在，沒有用完或做完	仍然存在，没有用完或做完				[0]	general	unreviewed		[]
還有|还有|hai2 you3~2	還有|还有|hai2 you3	2	defined	["連"]	["连"]	["function-word"]	[]	[]	表示除了前面說的，再加上別的	表示除了前面说的，再加上别的	「還有」多用來再加上一項事物，「而且」多用來進一步說明。	「还有」多用来再加上一项事物，「而且」多用来进一步说明。		[1]	general	unreviewed		[]
邊|边|bian1~1	邊|边|bian1	1	defined	["名"]	["名"]	[]	[]	[]	東西周圍或最外面的部分	东西周围或最外面的部分				[0, 1, 2, 5]	general	unreviewed		[]
邊|边|bian1~2	邊|边|bian1	2	defined	["名"]	["名"]	["bound-form"]	[]	[]	國家或地區的界線，也指界線附近的地方	国家或地区的界线，也指界线附近的地方				[3, 4]	general	unreviewed		[]
邊|边|bian1~3	邊|边|bian1	3	defined	["副"]	["副"]	[]	[]	[]	用在兩個動詞前面，表示同時做兩件事	用在两个动词前面，表示同时做两件事	「邊」也可以說成「一邊」，如「一邊走路一邊看書」。	「边」也可以说成「一边」，如「一边走路一边看书」。		[6]	general	unreviewed		[]
邊|边|bian5~1	邊|边|bian5	1	defined	["綴"]	["缀"]	["bound-form"]	[]	[]	用在「上」「下」「裡」「外」等字後面，表示地方	用在「上」「下」「里」「外」等字后面，表示地方	也可以說「上面」「裡面」，意思差不多。	也可以说「上面」「里面」，意思差不多。		[0]	general	unreviewed		[]
那|那|na4~1	那|那|na4	1	defined	["代"]	["代"]	["function-word"]	[]	[]	指離說話的人比較遠，或前面提過的人和事	指离说话的人比较远，或前面提过的人和事	「這」指離自己近的，「那」指離自己遠的。	「这」指离自己近的，「那」指离自己远的。		[0, 1]	function-word	unreviewed		[]
那|那|na4~2	那|那|na4	2	defined	["連"]	["连"]	["function-word"]	["coll"]	[]	用在句子開頭，引出前面的話帶來的結果	用在句子开头，引出前面的话带来的结果	「那麼」跟「那」用法一樣，說話時多用「那」。	「那么」跟「那」用法一样，说话时多用「那」。		[2]	function-word	unreviewed		[]
那|那|nuo2~1	那|那|nuo2	1	defined	["形"]	["形"]	[]	["arch"]	[]	數量多的	数量多的	舊時文言的用法，現代漢語裡已經很少見到。	旧时文言的用法，现代汉语里已经很少见到。	archaic-form	[0]	general	unreviewed	edited	["E-nuo2-1"]
那|那|nuo2~2	那|那|nuo2	2	defined	["形"]	["形"]	[]	["lit"]	[]	樣子漂亮的，多用來形容女子	样子漂亮的，多用来形容女子			archaic-form	[1]	general	unreviewed		[]
那|那|nuo2~3	那|那|nuo2	3	defined	["副"]	["副"]	[]	["lit"]	[]	表示疑問，意思跟「怎麼」相近	表示疑问，意思跟「怎么」相近	這個意思現在多寫作「哪」。	这个意思现在多写作「哪」。	archaic-form	[2]	general	unreviewed		[]
那些|那些|na4 xie1~1	那些|那些|na4 xie1	1	defined	["代"]	["代"]	[]	[]	[]	指較遠的幾個人或事物	指较远的几个人或事物	只有一個的時候要說「那個」。「這些」指的是離得近的。	只有一个的时候要说「那个」。「这些」指的是离得近的。		[0]	general	unreviewed		[]
那個|那个|na4 ge5~1	那個|那个|na4 ge5	1	defined	["代"]	["代"]	[]	[]	[]	指離說話的人比較遠的人或東西	指离说话的人比较远的人或东西	「那個」指遠的，「這個」指近的，兩者常放在一起比較。	「那个」指远的，「这个」指近的，两者常放在一起比较。		[0, 1, 2]	general	unreviewed		[]
那個|那个|na4 ge5~2	那個|那个|na4 ge5	2	defined	["副"]	["副"]	["function-word"]	["coll"]	[]	用在動詞或形容詞前面，加強語氣	用在动词或形容词前面，加强语气	後面常有「啊」、「啦」一類的字，說出來帶著感情。	后面常有「啊」、「啦」一类的字，说出来带着感情。		[3]	function-word	unreviewed		[]
那個|那个|na4 ge5~3	那個|那个|na4 ge5	3	defined	["代"]	["代"]	["function-word"]	["coll"]	[]	代替不好直說或一時想不起來的話	代替不好直说或一时想不起来的话	說話時用它可以不把話說死，聽的人多半明白指的是什麼。	说话时用它可以不把话说死，听的人多半明白指的是什么。		[4, 5]	function-word	unreviewed		[]
那個|那个|na4 ge5~4	那個|那个|na4 ge5	4	defined	["名"]	["名"]	[]	["coll"]	[]	婉轉說到月經，也用來說到男女之間的性	婉转说到月经，也用来说到男女之间的性				[6, 7]	general	unreviewed		[]
那樣|那样|na4 yang4~1	那樣|那样|na4 yang4	1	defined	["代"]	["代"]	[]	[]	[]	指前面提到的那種樣子、程度	指前面提到的那种样子、程度	「這樣」指離說話的人近的，「那樣」指遠的或前面說過的。	「这样」指离说话的人近的，「那样」指远的或前面说过的。		[0, 1]	general	unreviewed		[]
那裏|那里|na4 li5~1	那裏|那里|na4 li5	1	defined	["代"]	["代"]	[]	[]	[]	指離說話人較遠的地方	指离说话人较远的地方	「那裏」放在人的後面時，指那個人的地方，例如「我在他那裏」。	「那里」放在人的后面时，指那个人的地方，例如「我在他那里」。		[0]	general	unreviewed		[]
那裡|那里|na4 li5~1	那裡|那里|na4 li5	1	defined	["代"]	["代"]	[]	[]	[]	指離說話的人比較遠的地方	指离说话的人比较远的地方	「那裡」也可以指前面說到的地方。口語裡常說「那兒」，意思一樣。	「那里」也可以指前面说到的地方。口语里常说「那儿」，意思一样。		[0]	general	unreviewed		[]
那麼|那么|na4 me5~1	那麼|那么|na4 me5	1	defined	["代"]	["代"]	[]	[]	[]	指出說到的樣子、方式或程度	指出说到的样子、方式或程度	「這麼」指離自己近的，「那麼」指離自己遠的或前面說過的。	「这么」指离自己近的，「那么」指离自己远的或前面说过的。		[0]	general	unreviewed		[]
那麼|那么|na4 me5~2	那麼|那么|na4 me5	2	defined	["連"]	["连"]	["function-word"]	[]	[]	用在句子開頭，表示順著上面的話說出結果	用在句子开头，表示顺着上面的话说出结果				[2]	general	unreviewed		[]
那麼|那么|na4 me5~3	那麼|那么|na4 me5	3	defined	["代"]	["代"]	[]	["coll"]	[]	用在數目前面，表示大概的數量	用在数目前面，表示大概的数量				[1]	general	unreviewed		[]
郎|郎|lang2~1	郎|郎|lang2	1	defined	["綴"]	["缀"]	["function-word", "bound-form"]	[]	[]	用在名詞後面，指有某種身份或做某種事的人	用在名词后面，指有某种身份或做某种事的人	「郎」現在只用在少數幾個詞裡，不能自己造新詞。	「郎」现在只用在少数几个词里，不能自己造新词。		[2]	function-word	unreviewed		[]
郎|郎|lang2~2	郎|郎|lang2	2	defined	["名"]	["名"]	[]	["arch"]	[]	對官員的稱呼	对官员的称呼			archaic-form	[0, 1]	general	unreviewed		[]
郎|郎|lang2~3	郎|郎|lang2	3	defined	["名"]	["名"]	[]	["arch"]	[]	年輕的男子	年轻的男子			archaic-form	[3]	general	unreviewed		[]
郡|郡|jun4~1	郡|郡|jun4	1	defined	["名"]	["名"]	[]	[]	[]	古代的一級地方區域，也指外國的縣	古代的一级地方区域，也指外国的县	舊時這一級在縣的上面，管著好幾個縣。	旧时这一级在县的上面，管着好几个县。		[0, 1, 2]	general	unreviewed		[]
部|部|bu4~1	部|部|bu4	1	defined	["名"]	["名"]	["bound-form"]	[]	[]	整個東西中的一塊，不是全部	整个东西中的一块，不是全部				[3]	general	unreviewed		[]
部|部|bu4~2	部|部|bu4	2	defined	["名"]	["名"]	["bound-form"]	[]	[]	政府或組織中按工作分成的單位	政府或组织中按工作分成的单位				[0, 1, 2, 4, 6]	general	unreviewed		[]
部|部|bu4~3	部|部|bu4	3	defined	["量"]	["量"]	["classifier-is"]	[]	[]	用於計算電影、小說和機器等	用于计算电影、小说和机器等				[7]	classifier-is	unreviewed		[]
部|部|bu4~4	部|部|bu4	4	defined	["名"]	["名"]	["bound-form"]	[]	[]	受人領導的軍隊	受人领导的军队				[5]	general	unreviewed		[]
部分|部分|bu4 fen5~2	部分|部分|bu4 fen5	1	defined	["名"]	["名"]	[]	[]	[]	整體裡的一些，不是全部	整体里的一些，不是全部	常說「一部分」「大部分」，「部分」也可直接放在名詞前。	常说「一部分」「大部分」，「部分」也可直接放在名词前。		[0]	general	unreviewed		[]
部落|部落|bu4 luo4~1	部落|部落|bu4 luo4	1	defined	["名"]	["名"]	[]	[]	[]	同一族的人住在一起、共同生活的群體	同一族的人住在一起、共同生活的群体				[0]	general	unreviewed		[]
部長|部长|bu4 zhang3~1	部長|部长|bu4 zhang3	1	defined	["名"]	["名"]	[]	[]	[]	政府或組織中一個部的負責人	政府或组织中一个部的负责人				[0, 1, 2, 3, 4, 5]	general	unreviewed		[]
部門|部门|bu4 men2~1	部門|部门|bu4 men2	1	defined	["名"]	["名"]	[]	[]	[]	機構裡分管不同工作的單位	机构里分管不同工作的单位				[0, 1, 2, 3, 4]	general	unreviewed		[]
部隊|部队|bu4 dui4~1	部隊|部队|bu4 dui4	1	defined	["名"]	["名"]	[]	[]	[]	由士兵組成的軍事組織	由士兵组成的军事组织	既可指整個軍隊，也可指其中的一支。	既可指整个军队，也可指其中的一支。		[0, 1, 2, 3, 4, 5]	general	unreviewed		[]
都|都|dou1~1	都|都|dou1	1	defined	["副"]	["副"]	["function-word"]	[]	[]	用在動詞前，表示所說的人或東西全部包括在內	用在动词前，表示所说的人或东西全部包括在内	「誰都」「什麼都」表示任何人、任何東西。	「谁都」「什么都」表示任何人、任何东西。		[0]	general	unreviewed		[]
都|都|dou1~2	都|都|dou1	2	defined	["副"]	["副"]	["function-word"]	[]	[]	多跟「連」「一」等詞一起用，表示「甚至」	多跟「连」「一」等词一起用，表示「甚至」	「連…都…」提出特別的情況，說明別的更不用說。「一點都不冷」表示完全不冷。	「连…都…」提出特别的情况，说明别的更不用说。「一点都不冷」表示完全不冷。		[1, 3]	general	unreviewed		[]
都|都|dou1~3	都|都|dou1	3	defined	["副"]	["副"]	["function-word"]	[]	[]	表示「已經」，常帶有時間晚或數量多的意思	表示「已经」，常带有时间晚或数量多的意思	多跟句尾的「了」一起用，例如「都九點了」。	多跟句尾的「了」一起用，例如「都九点了」。		[2]	general	unreviewed		[]
都|都|du1~1	都|都|du1	1	defined	["名"]	["名"]	["bound-form"]	[]	[]	國家政府所在的城市	国家政府所在的城市				[0]	general	unreviewed		[]
都|都|du1~2	都|都|du1	2	defined	["名"]	["名"]	["bound-form"]	[]	[]	人口很多的大城市	人口很多的大城市				[1]	general	unreviewed		[]
配|配|pei4~1	配|配|pei4	1	defined	["動"]	["动"]	[]	[]	[]	把合適的東西放在一起	把合适的东西放在一起				[0, 1, 4]	general	unreviewed		[]
配|配|pei4~2	配|配|pei4	2	defined	["動"]	["动"]	[]	[]	[]	按一定的量把幾種東西合在一起	按一定的量把几种东西合在一起				[3, 6]	general	unreviewed		[]
配|配|pei4~3	配|配|pei4	3	defined	["動"]	["动"]	[]	[]	[]	夠條件得到或做某事	够条件得到或做某事	常說「不配」，很少單說「配」。	常说「不配」，很少单说「配」。		[5]	general	unreviewed		[]
配|配|pei4~4	配|配|pei4	4	defined	["動"]	["动"]	["bound-form"]	[]	[]	按需要把東西分給各方	按需要把东西分给各方				[7]	general	unreviewed		[]
配|配|pei4~5	配|配|pei4	5	defined	["動"]	["动"]	["bound-form"]	[]	["bio"]	動物結合在一起產生後代	动物结合在一起产生后代				[2]	general	unreviewed		[]
配合|配合|pei4 he2~1	配合|配合|pei4 he2	1	defined	["動"]	["动"]	[]	[]	[]	為了共同的目的一起行動、互相幫助	为了共同的目的一起行动、互相帮助	「配合」強調各方分工，一起做好一件事；「合作」多指共同進行一項工作。	「配合」强调各方分工，一起做好一件事；「合作」多指共同进行一项工作。		[6, 7, 8, 9]	general	unreviewed		[]
配合|配合|pei4 he2~2	配合|配合|pei4 he2	2	defined	["動"]	["动"]	[]	[]	[]	兩個以上的事物合在一起，彼此相合	两个以上的事物合在一起，彼此相合				[0, 1, 2, 3, 4, 5, 11]	general	unreviewed		[]
配合|配合|pei4 he2~3	配合|配合|pei4 he2	3	defined	["動"]	["动"]	[]	["arch"]	[]	男女結成夫妻	男女结成夫妻			archaic-form	[10]	general	unreviewed		[]
酒|酒|jiu3~1	酒|酒|jiu3	1	defined	["名"]	["名"]	[]	[]	[]	用米或水果等做成的飲料，含有酒精	用米或水果等做成的饮料，含有酒精	「酒」是總稱，紅酒、啤酒等都包括在內。	「酒」是总称，红酒、啤酒等都包括在内。		[0, 1, 2, 3, 4]	general	unreviewed		[]
酒店|酒店|jiu3 dian4~1	酒店|酒店|jiu3 dian4	1	defined	["名"]	["名"]	[]	[]	[]	供客人住宿、休息的地方	供客人住宿、休息的地方				[2]	general	unreviewed		[]
酒店|酒店|jiu3 dian4~2	酒店|酒店|jiu3 dian4	2	defined	["名"]	["名"]	[]	[]	[]	供客人吃飯的較大的店	供客人吃饭的较大的店				[3]	general	unreviewed		[]
酒店|酒店|jiu3 dian4~3	酒店|酒店|jiu3 dian4	3	defined	["名"]	["名"]	[]	[]	["tw"]	有女子陪客人喝酒的地方	有女子陪客人喝酒的地方				[4]	general	unreviewed		[]
酒店|酒店|jiu3 dian4~4	酒店|酒店|jiu3 dian4	4	defined	["名"]	["名"]	[]	["arch"]	[]	舊時賣酒並供人喝酒的店	旧时卖酒并供人喝酒的店				[0, 1]	general	unreviewed		[]
酸|酸|suan1~1	酸|酸|suan1	1	defined	["形"]	["形"]	[]	[]	[]	味道像醋那樣的	味道像醋那样的				[0, 1]	general	unreviewed	edited	["R57A-013"]
酸|酸|suan1~2	酸|酸|suan1	2	defined	["形"]	["形"]	[]	[]	[]	身體因為累而有點痛的	身体因为累而有点痛的				[4, 5]	general	unreviewed		[]
酸|酸|suan1~3	酸|酸|suan1	3	defined	["形"]	["形"]	[]	[]	[]	心裡難過得想哭的	心里难过得想哭的				[2, 3]	general	unreviewed		[]
酸|酸|suan1~4	酸|酸|suan1	4	defined	["動"]	["动"]	[]	["coll"]	[]	用話笑別人，多因為心裡不服	用话笑别人，多因为心里不服				[8]	general	unreviewed		[]
酸|酸|suan1~5	酸|酸|suan1	5	defined	["名"]	["名"]	[]	[]	["chem"]	化學上的一類物質，多有像醋那樣的味道	化学上的一类物质，多有像醋那样的味道				[9]	general	unreviewed	edited	["E-suan1-5"]
酸|酸|suan1~6	酸|酸|suan1	6	defined	["形"]	["形"]	[]	["derog"]	[]	帶著讀書人的樣子，不合實際的	带着读书人的样子，不合实际的				[6, 7]	general	unreviewed		[]
醫學|医学|yi1 xue2~1	醫學|医学|yi1 xue2	1	defined	["名"]	["名"]	[]	[]	[]	研究疾病和治療方法的科學	研究疾病和治疗方法的科学				[0, 1, 2]	general	unreviewed		[]
醫生|医生|yi1 sheng1~1	醫生|医生|yi1 sheng1	1	defined	["名"]	["名"]	[]	[]	[]	受過專門訓練，給人看病的人	受过专门训练，给人看病的人				[0]	general	unreviewed		[]
醫療|医疗|yi1 liao2~1	醫療|医疗|yi1 liao2	1	defined	["名"]	["名"]	[]	[]	[]	用藥物、手術等方法治療疾病的工作	用药物、手术等方法治疗疾病的工作				[0]	general	unreviewed		[]
醫院|医院|yi1 yuan4~1	醫院|医院|yi1 yuan4	1	defined	["名"]	["名"]	[]	[]	[]	醫生給病人看病、治療的地方	医生给病人看病、治疗的地方				[0, 1]	general	unreviewed		[]
釋放|释放|shi4 fang4~1	釋放|释放|shi4 fang4	1	defined	["動"]	["动"]	[]	[]	[]	讓被關起來的人恢復自由	让被关起来的人恢复自由				[0]	general	unreviewed		[]
釋放|释放|shi4 fang4~2	釋放|释放|shi4 fang4	2	defined	["動"]	["动"]	[]	[]	[]	把能量、氣體或感情等放出來	把能量、气体或感情等放出来				[1]	general	unreviewed		[]
里|里|li3~1	里|里|li3	1	defined	["量"]	["量"]	[]	[]	[]	傳統的長度單位，約等於半公里	传统的长度单位，约等于半公里				[0]	general	unreviewed		[]
里|里|li3~2	里|里|li3	2	defined	["名"]	["名"]	["bound-form"]	[]	[]	人們住的地方，也指家鄉	人们住的地方，也指家乡	舊時以二十五家為一里。	旧时以二十五家为一里。		[1, 2]	general	unreviewed		[]
里|里|li3~3	里|里|li3	3	defined	["名"]	["名"]	[]	[]	[]	臺灣的地方行政單位，在鎮或區之下	台湾的地方行政单位，在镇或区之下	里的負責人叫「里長」，由居民選出。	里的负责人叫「里长」，由居民选出。		[3]	general	unreviewed		[]
重|重|chong2~1	重|重|chong2	1	defined	["副"]	["副"]	["bound-form"]	[]	[]	再一次，用在動詞前面	再一次，用在动词前面				[2, 3]	general	unreviewed		[]
重|重|chong2~2	重|重|chong2	2	defined	["動"]	["动"]	[]	[]	[]	相同的東西出現兩次或更多	相同的东西出现两次或更多				[0, 1]	general	unreviewed		[]
重|重|chong2~3	重|重|chong2	3	defined	["量"]	["量"]	["classifier-is"]	[]	[]	用於計算層次，可指東西，也可指意思	用于计算层次，可指东西，也可指意思				[4]	classifier-is	unreviewed		[]
重|重|zhong4~1	重|重|zhong4	1	defined	["形"]	["形"]	[]	[]	[]	分量大，不容易拿起來的	分量大，不容易拿起来的				[0]	general	unreviewed		[]
重|重|zhong4~2	重|重|zhong4	2	defined	["形"]	["形"]	[]	[]	[]	程度深，影響大的	程度深，影响大的				[1]	general	unreviewed		[]
重|重|zhong4~3	重|重|zhong4	3	defined	["動"]	["动"]	["bound-form"]	[]	[]	認為重要，特別注意	认为重要，特别注意				[2]	general	unreviewed		[]
重大|重大|zhong4 da4~1	重大|重大|zhong4 da4	1	defined	["形"]	["形"]	[]	[]	[]	影響很大、非常重要的	影响很大、非常重要的	多用來說事件、決定、問題這類抽象的事物。	多用来说事件、决定、问题这类抽象的事物。		[0, 1, 2, 3]	general	unreviewed		[]
重新|重新|chong2 xin1~1	重新|重新|chong2 xin1	1	defined	["副"]	["副"]	[]	[]	[]	再一次，多指從頭開始	再一次，多指从头开始	「重新」多指前面做得不好，從頭再做一次。「再」只說又一次，不一定從頭。	「重新」多指前面做得不好，从头再做一次。「再」只说又一次，不一定从头。		[0]	general	unreviewed		[]
重複|重复|chong2 fu4~1	重複|重复|chong2 fu4	1	defined	["動"]	["动"]	[]	[]	[]	同樣的話或動作再出現一次	同样的话或动作再出现一次	「重新」是從頭再做一次，不一定和原來的相同。	「重新」是从头再做一次，不一定和原来的相同。		[0, 1, 2]	general	unreviewed		[]
重要|重要|zhong4 yao4~1	重要|重要|zhong4 yao4	1	defined	["形"]	["形"]	[]	[]	[]	有很大作用，一定要注意的	有很大作用，一定要注意的	「重要」指作用大，「主要」指在同類中排第一。	「重要」指作用大，「主要」指在同类中排第一。		[0]	general	unreviewed		[]
重點|重点|chong2 dian3~1	重點|重点|chong2 dian3	1	defined	["動"]	["动"]	[]	[]	[]	重新數一遍，多用於選票	重新数一遍，多用于选票	「重」在這裡是再一次的意思，不是重要。	「重」在这里是再一次的意思，不是重要。		[0, 1]	general	unreviewed		[]
重點|重点|zhong4 dian3~1	重點|重点|zhong4 dian3	1	defined	["名"]	["名"]	[]	[]	[]	事情中最主要、最需要注意的部分	事情中最主要、最需要注意的部分	常放在名詞前面，如「重點學校」。	常放在名词前面，如「重点学校」。		[0, 1]	general	unreviewed		[]
重點|重点|zhong4 dian3~2	重點|重点|zhong4 dian3	2	defined	["副"]	["副"]	[]	[]	[]	把力量集中在主要的方面	把力量集中在主要的方面				[2]	general	unreviewed		[]
野|野|ye3~1	野|野|ye3	1	defined	["名"]	["名"]	["bound-form"]	[]	[]	城市以外的大片空地	城市以外的大片空地				[0, 1, 2]	general	unreviewed		[]
野|野|ye3~2	野|野|ye3	2	defined	["形"]	["形"]	["bound-form"]	[]	[]	不是人養的，自然長出來的	不是人养的，自然长出来的				[6]	general	unreviewed		[]
野|野|ye3~3	野|野|ye3	3	defined	["形"]	["形"]	[]	["coll"]	[]	沒有禮貌，不守規則	没有礼貌，不守规则				[5]	general	unreviewed		[]
野|野|ye3~4	野|野|ye3	4	defined	["名"]	["名"]	["bound-form"]	[]	[]	事物所能到達的範圍	事物所能到达的范围				[3, 4]	general	unreviewed		[]
量|量|liang2~1	量|量|liang2	1	defined	["動"]	["动"]	[]	[]	[]	用工具定出東西的長短、多少	用工具定出东西的长短、多少				[0]	general	unreviewed		[]
量|量|liang4~1	量|量|liang4	1	defined	["名"]	["名"]	[]	[]	[]	事物的多少、大小	事物的多少、大小				[0, 1, 2]	general	unreviewed		[]
量|量|liang4~2	量|量|liang4	2	defined	["動"]	["动"]	["bound-form"]	[]	[]	估計事物的多少或輕重	估计事物的多少或轻重				[3]	general	unreviewed		[]
量|量|liang4~3	量|量|liang4	3	defined	["名"]	["名"]	["abbr"]	[]	["ling"]	量詞的簡稱	量词的简称				[4, 5]	abbreviation	unreviewed		[]
金屬|金属|jin1 shu3~1	金屬|金属|jin1 shu3	1	defined	["名"]	["名"]	[]	[]	[]	鐵、銅等一類物質，有光澤，能導電	铁、铜等一类物质，有光泽，能导电				[0, 1]	general	unreviewed		[]
針對|针对|zhen1 dui4~1	針對|针对|zhen1 dui4	1	defined	["動"]	["动"]	[]	[]	[]	對準某個人或事物來說或做	对准某个人或事物来说或做	常說「針對某某問題」，後面接要說或要做的事。	常说「针对某某问题」，后面接要说或要做的事。		[0]	general	unreviewed		[]
銀|银|yin2~1	銀|银|yin2	1	defined	["名"]	["名"]	[]	[]	[]	一種白色發亮的金屬，常用來做首飾	一种白色发亮的金属，常用来做首饰				[0]	general	unreviewed		[]
銀|银|yin2~2	銀|银|yin2	2	defined	["形"]	["形"]	["bound-form"]	[]	[]	跟錢財或買賣有關的	跟钱财或买卖有关的				[2]	general	unreviewed		[]
銀|银|yin2~3	銀|银|yin2	3	defined	["形"]	["形"]	["bound-form"]	[]	[]	顏色像銀子那樣白而發亮的	颜色像银子那样白而发亮的				[1]	general	unreviewed		[]
銀行|银行|yin2 hang2~1	銀行|银行|yin2 hang2	1	defined	["名"]	["名"]	[]	[]	[]	幫人存錢、借錢的機構	帮人存钱、借钱的机构				[0, 1]	general	unreviewed		[]
銷售|销售|xiao1 shou4~1	銷售|销售|xiao1 shou4	1	defined	["動", "名"]	["动", "名"]	[]	[]	[]	把產品賣給需要的人	把产品卖给需要的人				[0, 1, 2]	general	unreviewed		[]
錄|录|lu4~1	錄|录|lu4	1	defined	["動"]	["动"]	[]	[]	[]	把聲音、文字等記下來保存	把声音、文字等记下来保存				[3]	general	unreviewed		[]
錄|录|lu4~2	錄|录|lu4	2	defined	["動"]	["动"]	["bound-form"]	[]	[]	選中某人，讓他入學或工作	选中某人，让他入学或工作				[]	general	unreviewed		[]
錄|录|lu4~3	錄|录|lu4	3	defined	["名"]	["名"]	["bound-form"]	[]	[]	把事情或話記下來的書	把事情或话记下来的书				[0, 1]	general	unreviewed		[]
錢|钱|qian2~1	錢|钱|qian2	1	defined	["名"]	["名"]	["classifier-ref"]	[]	[]	買東西或付費時使用的東西	买东西或付费时使用的东西				[0, 1, 2]	general	unreviewed		[]
錢|钱|qian2~2	錢|钱|qian2	2	defined	["量"]	["量"]	[]	[]	[]	重量單位，等於一兩的十分之一	重量单位，等于一两的十分之一	現在多用在中藥的分量上。	现在多用在中药的分量上。		[3]	general	unreviewed		[]
錯|错|cuo4~1	錯|错|cuo4	1	defined	["形", "名"]	["形", "名"]	[]	[]	[]	不正確；也指不正確的地方	不正确；也指不正确的地方				[0, 1]	general	unreviewed		[]
錯|错|cuo4~2	錯|错|cuo4	2	defined	["形"]	["形"]	["bound-form"]	[]	[]	不好，多用在「不」的後面	不好，多用在「不」的后面				[2]	general	unreviewed		[]
錯|错|cuo4~3	錯|错|cuo4	3	defined	["動"]	["动"]	["bound-form"]	[]	[]	沒有抓住機會而失去	没有抓住机会而失去				[9, 10, 11]	general	unreviewed		[]
錯|错|cuo4~4	錯|错|cuo4	4	defined	["動"]	["动"]	["bound-form"]	[]	[]	把時間或位置分開，避免碰在一起	把时间或位置分开，避免碰在一起				[7, 8]	general	unreviewed		[]
錯|错|cuo4~5	錯|错|cuo4	5	defined	["形"]	["形"]	["bound-form"]	[]	[]	交叉在一起，很不整齊的	交叉在一起，很不整齐的				[3, 4]	general	unreviewed		[]
錯|错|cuo4~6	錯|错|cuo4	6	defined	["動"]	["动"]	[]	["arch"]	[]	把玉石磨得光滑	把玉石磨得光滑	舊時指打磨玉石，今天已經很少這樣用。	旧时指打磨玉石，今天已经很少这样用。	archaic-form	[5, 6]	general	unreviewed		[]
錯|错|cuo4~7	錯|错|cuo4	7	defined	["動"]	["动"]	[]	["arch"]	[]	把金銀嵌在東西上	把金银嵌在东西上	舊時的一種裝飾做法，今天只見於古書。	旧时的一种装饰做法，今天只见于古书。	archaic-form	[12]	general	unreviewed		[]
錯誤|错误|cuo4 wu4~1	錯誤|错误|cuo4 wu4	1	defined	["形", "名"]	["形", "名"]	[]	[]	[]	跟事實或應有的樣子不合，不正確	跟事实或应有的样子不合，不正确	說話時多說「錯」，「錯誤」多用在書面。	说话时多说「错」，「错误」多用在书面。		[0, 1, 2]	general	unreviewed		[]
鍾|钟|zhong1~1	鍾|钟|zhong1	1	defined	["動"]	["动"]	["bound-form"]	[]	[]	把感情集中在一個人或事物上	把感情集中在一个人或事物上				[1]	bound-form	unreviewed		[]
鍾|钟|zhong1~2	鍾|钟|zhong1	2	defined	["名"]	["名"]	[]	[]	[]	舊時的一種酒杯，沒有把手	旧时的一种酒杯，没有把手	這個意思現在多寫成「盅」。	这个意思现在多写成「盅」。	archaic-form	[0]	general	unreviewed		[]
鎮|镇|zhen4~1	鎮|镇|zhen4	1	defined	["名"]	["名"]	[]	[]	[]	比村子大、比城市小的居民區	比村子大、比城市小的居民区				[6]	general	unreviewed		[]
鎮|镇|zhen4~2	鎮|镇|zhen4	2	defined	["動"]	["动"]	[]	[]	[]	用力量壓住，使不能亂動	用力量压住，使不能乱动				[0, 2, 3]	general	unreviewed		[]
鎮|镇|zhen4~3	鎮|镇|zhen4	3	defined	["形"]	["形"]	["bound-form"]	[]	[]	心裡安定、不緊張的	心里安定、不紧张的				[1]	general	unreviewed		[]
鎮|镇|zhen4~4	鎮|镇|zhen4	4	defined	["動"]	["动"]	["bound-form"]	[]	[]	把食物放在冰或冷水裡使變冷	把食物放在冰或冷水里使变冷				[7]	general	unreviewed		[]
鎮|镇|zhen4~5	鎮|镇|zhen4	5	defined	["動"]	["动"]	["bound-form"]	[]	[]	守住並管理一個地方	守住并管理一个地方				[4, 5]	general	unreviewed		[]
鏡|镜|jing4~1	鏡|镜|jing4	1	defined	["名"]	["名"]	["bound-form"]	[]	[]	用來照出自己樣子的東西	用来照出自己样子的东西				[0]	general	unreviewed		[]
鏡|镜|jing4~2	鏡|镜|jing4	2	defined	["名"]	["名"]	["bound-form"]	[]	[]	用玻璃做成、能改變光線方向的東西	用玻璃做成、能改变光线方向的东西				[1]	general	unreviewed		[]
鐘|钟|zhong1~1	鐘|钟|zhong1	1	defined	["名"]	["名"]	[]	[]	[]	用來看時間的器具，放在屋裡或掛在牆上	用来看时间的器具，放在屋里或挂在墙上	帶在身上的叫「錶」，不叫「鐘」。	带在身上的叫「表」，不叫「钟」。		[1]	general	unreviewed		[]
鐘|钟|zhong1~2	鐘|钟|zhong1	2	defined	["名"]	["名"]	["bound-form"]	[]	[]	用在數目後面，表示時間的長短或幾點	用在数目后面，表示时间的长短或几点				[2]	general	unreviewed		[]
鐘|钟|zhong1~3	鐘|钟|zhong1	3	defined	["名"]	["名"]	[]	[]	[]	用金屬做成的器具，打它會發出很大的聲音	用金属做成的器具，打它会发出很大的声音				[0]	general	unreviewed		[]
鐵|铁|tie3~1	鐵|铁|tie3	1	defined	["名"]	["名"]	[]	[]	[]	一種很硬的金屬，常用來做工具和機器	一种很硬的金属，常用来做工具和机器				[0]	general	unreviewed		[]
鐵|铁|tie3~2	鐵|铁|tie3	2	defined	["形"]	["形"]	[]	[]	[]	十分強硬，不能改變的	十分强硬，不能改变的				[3, 4, 5, 6, 7]	general	unreviewed		[]
鐵|铁|tie3~3	鐵|铁|tie3	3	defined	["形"]	["形"]	[]	["slang"]	["cn"]	朋友之間關係非常好的	朋友之间关系非常好的				[8, 9]	general	unreviewed		[]
鐵|铁|tie3~4	鐵|铁|tie3	4	defined	["名"]	["名"]	["bound-form"]	["arch"]	[]	舊時指刀、槍等武器	旧时指刀、枪等武器				[1, 2]	general	unreviewed		[]
長|长|chang2~1	長|长|chang2	1	defined	["形"]	["形"]	[]	[]	[]	空間或時間上距離大的	空间或时间上距离大的				[0]	general	unreviewed		[]
長|长|chang2~2	長|长|chang2	2	defined	["名"]	["名"]	["bound-form"]	[]	[]	東西兩頭之間的距離	东西两头之间的距离				[1]	bound-form	unreviewed		[]
長|长|chang2~3	長|长|chang2	3	defined	["名", "動"]	["名", "动"]	["bound-form"]	[]	[]	做得特別好的方面或能力	做得特别好的方面或能力				[2, 3]	bound-form	unreviewed		[]
長|长|chang2~4	長|长|chang2	4	defined	["形"]	["形"]	["bound-form"]	["lit"]	[]	多出來的，不是必要的	多出来的，不是必要的				[4]	bound-form	unreviewed		[]
長|长|zhang3~1	長|长|zhang3	1	defined	["動"]	["动"]	[]	[]	[]	人或其他生物由小變大	人或其他生物由小变大				[3, 4]	general	unreviewed		[]
長|长|zhang3~2	長|长|zhang3	2	defined	["名"]	["名"]	["bound-form"]	[]	[]	一個單位或團體的領導人	一个单位或团体的领导人				[0, 1]	general	unreviewed		[]
長|长|zhang3~3	長|长|zhang3	3	defined	["動"]	["动"]	[]	[]	[]	增加，多用於知識、經驗等	增加，多用于知识、经验等				[5, 6]	general	unreviewed		[]
長|长|zhang3~4	長|长|zhang3	4	defined	["形"]	["形"]	["bound-form"]	[]	[]	年齡大的，或家中上一代的	年龄大的，或家中上一代的				[2]	general	unreviewed		[]
長官|长官|zhang3 guan1~1	長官|长官|zhang3 guan1	1	defined	["名"]	["名"]	[]	[]	[]	職位高的官員，也指部隊裡的上級	职位高的官员，也指部队里的上级	當面稱呼時直接說「長官」，多用在軍隊和警察裡。	当面称呼时直接说「长官」，多用在军队和警察里。		[0, 1, 2, 3, 4]	general	unreviewed		[]
長期|长期|chang2 qi1~1	長期|长期|chang2 qi1	1	defined	["形"]	["形"]	[]	[]	[]	持續的時間很久的	持续的时间很久的	「長期」跟「短期」相反，可以用在名詞前面，也可以用在動詞前面。	「长期」跟「短期」相反，可以用在名词前面，也可以用在动词前面。		[0]	general	unreviewed		[]
門|门|men2~1	門|门|men2	1	defined	["名"]	["名"]	[]	[]	[]	房子或車上供人進出的地方	房子或车上供人进出的地方				[0]	general	unreviewed		[]
門|门|men2~2	門|门|men2	2	defined	["名"]	["名"]	["bound-form"]	[]	[]	機器上控制氣體或液體出入的部分	机器上控制气体或液体出入的部分				[1]	bound-form	unreviewed		[]
門|门|men2~3	門|门|men2	3	defined	["名"]	["名"]	["bound-form"]	[]	[]	事物分成的類別	事物分成的类别				[5]	bound-form	unreviewed		[]
門|门|men2~4	門|门|men2	4	defined	["名"]	["名"]	["bound-form"]	[]	[]	做成事情的有效方法	做成事情的有效方法				[2]	bound-form	unreviewed		[]
門|门|men2~5	門|门|men2	5	defined	["名"]	["名"]	["bound-form"]	[]	[]	家庭或家族，常指它的地位	家庭或家族，常指它的地位				[3]	bound-form	unreviewed		[]
門|门|men2~6	門|门|men2	6	defined	["名"]	["名"]	["bound-form"]	[]	[]	學術或宗教上的派別	学术或宗教上的派别				[4]	bound-form	unreviewed		[]
門|门|men2~7	門|门|men2	7	defined	["量"]	["量"]	["classifier-is"]	[]	[]	用於計算課程、學問、技術等	用于计算课程、学问、技术等				[6]	classifier-is	unreviewed		[]
門|门|men2~8	門|门|men2	8	defined	["綴"]	["缀"]	["function-word"]	[]	[]	加在名詞後面，表示某個醜聞	加在名词后面，表示某个丑闻	這種說法來自新聞報道，多用在議論公眾人物的時候。	这种说法来自新闻报道，多用在议论公众人物的时候。		[7]	function-word	unreviewed		[]
開|开|kai1~1	開|开|kai1	1	defined	["動"]	["动"]	[]	[]	[]	使關閉的東西分開	使关闭的东西分开	跟「關」意思相反，門、窗、蓋子都可以說。	跟「关」意思相反，门、窗、盖子都可以说。		[0]	general	unreviewed		[]
開|开|kai1~2	開|开|kai1	2	defined	["動"]	["动"]	[]	[]	[]	使機器、車輛或電器開始工作	使机器、车辆或电器开始工作	常說開燈、開電視、開機器、開車。	常说开灯、开电视、开机器、开车。		[2]	general	unreviewed		[]
開|开|kai1~3	開|开|kai1	3	defined	["動"]	["动"]	[]	[]	[]	指車、船等開始行走或出發	指车、船等开始行走或出发				[1]	general	unreviewed		[]
開|开|kai1~4	開|开|kai1	4	defined	["動"]	["动"]	[]	[]	[]	水受熱後滾動起來	水受热后滚动起来				[3]	general	unreviewed		[]
開|开|kai1~5	開|开|kai1	5	defined	["動"]	["动"]	[]	[]	[]	寫出藥方、發票等交給別人	写出药方、发票等交给别人				[4]	general	unreviewed		[]
開|开|kai1~6	開|开|kai1	6	defined	["補"]	["补"]	["bound-form"]	[]	[]	用在動詞後面，表示離開或分開	用在动词后面，表示离开或分开				[5]	general	unreviewed	edited	["R57A-005"]
開|开|kai1~7	開|开|kai1	7	defined	["量"]	["量"]	[]	[]	[]	表示黃金成分多少的單位	表示黄金成分多少的单位	二十四開是純金，數字越小，金子越少。	二十四开是纯金，数字越小，金子越少。		[6]	general	unreviewed		[]
開|开|kai1~8	開|开|kai1	8	defined	["名"]	["名"]	["abbr"]	[]	[]	溫度單位開爾文的簡稱	温度单位开尔文的简称				[7]	abbreviation	unreviewed		[]
開|开|kai1~9	開|开|kai1	9	defined	["名"]	["名"]	["abbr"]	[]	[]	開本的簡稱，指書的大小	开本的简称，指书的大小				[8]	abbreviation	unreviewed		[]
開始|开始|kai1 shi3~1	開始|开始|kai1 shi3	1	defined	["動", "名"]	["动", "名"]	[]	[]	[]	事情發生或進行的最初階段	事情发生或进行的最初阶段	「開始」後面可以直接帶動詞，例如「開始工作」、「開始上課」。	「开始」后面可以直接带动词，例如「开始工作」、「开始上课」。		[0, 1]	general	unreviewed		[]
開放|开放|kai1 fang4~1	開放|开放|kai1 fang4	1	defined	["動"]	["动"]	[]	[]	[]	不加限制，讓大家可以進入或使用	不加限制，让大家可以进入或使用				[1, 2, 3]	general	unreviewed		[]
開放|开放|kai1 fang4~2	開放|开放|kai1 fang4	2	defined	["形"]	["形"]	[]	[]	[]	思想不受舊習慣限制的	思想不受旧习惯限制的	「開放」跟「保守」的意思正好相反。有時也用來說男女關係上比較隨便。	「开放」跟「保守」的意思正好相反。有时也用来说男女关系上比较随便。		[4, 5, 6]	general	unreviewed		[]
開放|开放|kai1 fang4~3	開放|开放|kai1 fang4	3	defined	["動"]	["动"]	[]	[]	[]	花瓣張開，花完全開了	花瓣张开，花完全开了				[0]	general	unreviewed		[]
間|间|jian1~1	間|间|jian1	1	defined	["名"]	["名"]	["bound-form"]	[]	[]	兩者當中的部分，或一段時間之內	两者当中的部分，或一段时间之内				[0, 1, 2]	general	unreviewed		[]
間|间|jian1~2	間|间|jian1	2	defined	["名"]	["名"]	["bound-form"]	[]	[]	房子裡分開使用的空間	房子里分开使用的空间				[3]	general	unreviewed		[]
間|间|jian1~3	間|间|jian1	3	defined	["量"]	["量"]	["classifier-is"]	[]	[]	用於計算房間、房子或商店等	用于计算房间、房子或商店等	計算商店、公司時，也常用「家」。	计算商店、公司时，也常用「家」。		[4, 5]	classifier-is	unreviewed		[]
間|间|jian4~1	間|间|jian4	1	defined	["動"]	["动"]	["bound-form"]	[]	[]	隔開，使不直接連在一起	隔开，使不直接连在一起				[1]	general	unreviewed		[]
間|间|jian4~2	間|间|jian4	2	defined	["名"]	["名"]	["bound-form"]	[]	[]	兩個東西當中空著的地方	两个东西当中空着的地方				[0]	general	unreviewed		[]
間|间|jian4~3	間|间|jian4	3	defined	["動"]	["动"]	["bound-form"]	[]	[]	從中說壞話，使人不和	从中说坏话，使人不和				[3]	general	unreviewed		[]
間|间|jian4~4	間|间|jian4	4	defined	["動"]	["动"]	["bound-form"]	[]	[]	去掉一部分幼苗，讓剩下的長得好	去掉一部分幼苗，让剩下的长得好				[2]	general	unreviewed		[]
關|关|guan1~1	關|关|guan1	1	defined	["動"]	["动"]	[]	[]	[]	把開著的門窗合上，或使機器停止	把开着的门窗合上，或使机器停止				[1]	general	unreviewed		[]
關|关|guan1~2	關|关|guan1	2	defined	["動"]	["动"]	[]	[]	[]	把人或動物放在裡面，不讓出來	把人或动物放在里面，不让出来				[2]	general	unreviewed		[]
關|关|guan1~3	關|关|guan1	3	defined	["動"]	["动"]	[]	[]	[]	跟某人或某事有關係	跟某人或某事有关系				[3]	general	unreviewed		[]
關|关|guan1~4	關|关|guan1	4	defined	["名"]	["名"]	["bound-form"]	[]	[]	山路或邊界上的出入口	山路或边界上的出入口				[0]	general	unreviewed		[]
關係|关系|guan1 xi5~1	關係|关系|guan1 xi5	1	defined	["名"]	["名"]	[]	[]	[]	人或事物之間互相聯繫、互相影響的情況	人或事物之间互相联系、互相影响的情况				[0, 1, 6]	general	unreviewed	edited	["E-guan1xi5-1"]
關係|关系|guan1 xi5~2	關係|关系|guan1 xi5	2	defined	["動"]	["动"]	[]	[]	[]	對某人或某事有重要的影響	对某人或某事有重要的影响	常說「關係到」，後面說出受影響的人或事。	常说「关系到」，后面说出受影响的人或事。		[2, 3, 4]	general	unreviewed		[]
關係|关系|guan1 xi5~3	關係|关系|guan1 xi5	3	defined	["名"]	["名"]	[]	[]	[]	辦事時用得上的私人聯繫	办事时用得上的私人联系				[5]	general	unreviewed		[]
關於|关于|guan1 yu2~1	關於|关于|guan1 yu2	1	defined	["介"]	["介"]	[]	[]	[]	用在名詞前，引出所說的事情或範圍	用在名词前，引出所说的事情或范围	「關於」引出談話的內容，「對於」指出動作的對象。	「关于」引出谈话的内容，「对于」指出动作的对象。		[0, 1, 2, 3, 4]	general	unreviewed		[]
關注|关注|guan1 zhu4~1	關注|关注|guan1 zhu4	1	defined	["動", "名"]	["动", "名"]	[]	[]	[]	十分關心並持續注意某人或某事	十分关心并持续注意某人或某事	在網絡上關注一個人，表示以後能看到他發出的消息。	在网络上关注一个人，表示以后能看到他发出的消息。		[0, 1]	general	unreviewed		[]
關鍵|关键|guan1 jian4~1	關鍵|关键|guan1 jian4	1	defined	["名", "形"]	["名", "形"]	[]	[]	[]	事情中最重要、能決定結果的部分	事情中最重要、能决定结果的部分				[0, 1, 2, 3, 4, 5]	general	unreviewed		[]
關閉|关闭|guan1 bi4~1	關閉|关闭|guan1 bi4	1	defined	["動"]	["动"]	[]	[]	[]	把門窗等合上，或使機器停止運作	把门窗等合上，或使机器停止运作				[0]	general	unreviewed		[]
關閉|关闭|guan1 bi4~2	關閉|关闭|guan1 bi4	2	defined	["動"]	["动"]	[]	[]	[]	商店、學校等停止經營	商店、学校等停止经营				[1]	general	unreviewed		[]
防|防|fang2~1	防|防|fang2	1	defined	["動"]	["动"]	[]	[]	[]	事先做好準備，不讓壞事發生	事先做好准备，不让坏事发生				[2, 3]	general	unreviewed		[]
防|防|fang2~2	防|防|fang2	2	defined	["動"]	["动"]	[]	[]	[]	阻止對方進攻，保護自己一方	阻止对方进攻，保护自己一方				[0, 1]	general	unreviewed		[]
阻止|阻止|zu3 zhi3~1	阻止|阻止|zu3 zhi3	1	defined	["動"]	["动"]	[]	[]	[]	想辦法讓某件事不能發生或繼續	想办法让某件事不能发生或继续	「阻止」是用行動使事情停下來，「禁止」是用規定不讓人做。	「阻止」是用行动使事情停下来，「禁止」是用规定不让人做。		[0, 1]	general	unreviewed		[]
阿|阿|a1~1	阿|阿|a1	1	defined	["綴"]	["缀"]	["function-word", "bound-form"]	[]	[]	加在稱呼或名字前面，表示親近	加在称呼或名字前面，表示亲近	多加在單音節的親屬稱呼或名字前面，如「阿姨」、「阿明」。	多加在单音节的亲属称呼或名字前面，如「阿姨」、「阿明」。		[0]	function-word	unreviewed		[]
阿|阿|a1~2	阿|阿|a1	2	defined	["綴"]	["缀"]	["bound-form"]	[]	[]	用來寫出外國名字開頭的聲音	用来写出外国名字开头的声音				[1]	bound-form	unreviewed		[]
阿|阿|a1~3	阿|阿|a1	3	label-only	["專"]	["专"]	["abbr", "bound-form"]	[]	[]	國名	国名				[2, 3, 4, 5]	abbreviation	unreviewed		[]
阿|阿|e1~1	阿|阿|e1	1	defined	["動"]	["动"]	["bound-form"]	["lit"]	[]	順著別人的意思說話，希望得到好處	顺着别人的意思说话，希望得到好处				[0]	general	unreviewed		[]
附近|附近|fu4 jin4~1	附近|附近|fu4 jin4	1	defined	["名"]	["名"]	[]	[]	[]	離某個地點不遠的地方	离某个地点不远的地方	「旁邊」指就在身邊，範圍比「附近」小。	「旁边」指就在身边，范围比「附近」小。		[0, 1]	general	unreviewed		[]
降|降|jiang4~1	降|降|jiang4	1	defined	["動"]	["动"]	[]	[]	[]	從高處往下，或由多變少	从高处往下，或由多变少	「降」多用在溫度、價錢、水位這類數量上，「掉」多指東西落下來。	「降」多用在温度、价钱、水位这类数量上，「掉」多指东西落下来。		[0, 1, 2, 3]	general	unreviewed		[]
降|降|xiang2~1	降|降|xiang2	1	defined	["動"]	["动"]	["bound-form"]	[]	[]	打不過對方而停止戰鬥，聽從對方	打不过对方而停止战斗，听从对方				[0]	general	unreviewed		[]
降|降|xiang2~2	降|降|xiang2	2	defined	["動"]	["动"]	[]	[]	[]	用力量或本事使對方順從	用力量或本事使对方顺从				[1]	general	unreviewed		[]
限制|限制|xian4 zhi4~1	限制|限制|xian4 zhi4	1	defined	["動", "名"]	["动", "名"]	["classifier-ref"]	[]	[]	不讓人或事物超出一定的範圍	不让人或事物超出一定的范围				[0, 1, 2, 3, 4, 5]	general	unreviewed		[]
院|院|yuan4~1	院|院|yuan4	1	defined	["名"]	["名"]	[]	[]	[]	房子前面或後面有牆的空地	房子前面或后面有墙的空地				[0]	general	unreviewed		[]
院|院|yuan4~2	院|院|yuan4	2	defined	["名"]	["名"]	["bound-form"]	[]	[]	提供醫療、教育等服務的機關	提供医疗、教育等服务的机关				[1, 2]	general	unreviewed	edited	["E-yuan4-2"]
除|除|chu2~1	除|除|chu2	1	defined	["動"]	["动"]	["bound-form"]	[]	[]	去掉不需要的人或東西	去掉不需要的人或东西				[0, 1, 2, 3, 4]	general	unreviewed		[]
除|除|chu2~2	除|除|chu2	2	defined	["介"]	["介"]	["function-word"]	[]	[]	引出不算在內的人或事，多與「以外」連用	引出不算在内的人或事，多与「以外」连用				[6, 7]	general	unreviewed		[]
除|除|chu2~3	除|除|chu2	3	defined	["動"]	["动"]	[]	[]	["math"]	把一個數平均分成幾份	把一个数平均分成几份				[5]	general	unreviewed		[]
除了|除了|chu2 le5~1	除了|除了|chu2 le5	1	defined	["介"]	["介"]	["function-word"]	[]	[]	用在句子前面，把某個人或事跟其他的分開	用在句子前面，把某个人或事跟其他的分开	後面常用「都」表示其他的相同，用「也」表示另外還有。	后面常用「都」表示其他的相同，用「也」表示另外还有。		[0]	general	unreviewed		[]
除了|除了|chu2 le5~2	除了|除了|chu2 le5	2	defined	["連"]	["连"]	["function-word"]	[]	[]	跟「就是」配合，表示只有兩種情況	跟「就是」配合，表示只有两种情况				[1]	general	unreviewed		[]
陳|陈|chen2~1	陳|陈|chen2	1	defined	["動"]	["动"]	["bound-form"]	[]	[]	把東西擺出來給人看	把东西摆出来给人看				[0]	bound-form	unreviewed		[]
陳|陈|chen2~2	陳|陈|chen2	2	defined	["動"]	["动"]	["bound-form"]	[]	[]	把事情或想法說出來	把事情或想法说出来				[1]	bound-form	unreviewed		[]
陳|陈|chen2~3	陳|陈|chen2	3	defined	["形"]	["形"]	[]	[]	[]	存放的時間久了的	存放的时间久了的				[2]	general	unreviewed		[]
陷入|陷入|xian4 ru4~1	陷入|陷入|xian4 ru4	1	defined	["動"]	["动"]	[]	[]	[]	落到不好的情況中，一時出不來	落到不好的情况中，一时出不来	後面常接「困難」、「危機」、「麻煩」等表示不好情況的詞語。	后面常接「困难」、「危机」、「麻烦」等表示不好情况的词语。		[0, 1, 2]	general	unreviewed		[]
隆|隆|long1~1	隆|隆|long1	1	defined	["擬"]	["拟"]	["onom"]	[]	[]	形容打鼓、雷聲等沉重而響亮的聲音	形容打鼓、雷声等沉重而响亮的声音				[0]	general	unreviewed		[]
隆|隆|long2~1	隆|隆|long2	1	defined	["形"]	["形"]	["bound-form"]	[]	[]	規模大、氣氛盛大而興旺的	规模大、气氛盛大而兴旺的				[0, 1, 2]	general	unreviewed		[]
隆|隆|long2~2	隆|隆|long2	2	defined	["動"]	["动"]	["bound-form"]	[]	[]	中間高高地鼓起來	中间高高地鼓起来				[3, 4]	general	unreviewed		[]
隊|队|dui4~1	隊|队|dui4	1	defined	["名"]	["名"]	["classifier-ref"]	[]	[]	為完成共同任務而組成的一群人	为完成共同任务而组成的一群人				[0, 1, 2, 3]	general	unreviewed		[]
隊|队|dui4~2	隊|队|dui4	2	defined	["名"]	["名"]	[]	[]	[]	許多人前後排成的一條線	许多人前后排成的一条线				[]	general	unreviewed		[]
隊伍|队伍|dui4 wu3~1	隊伍|队伍|dui4 wu3	1	defined	["名"]	["名"]	[]	[]	[]	排成一行前進或等候的人群	排成一行前进或等候的人群				[2, 3, 4, 5]	general	unreviewed		[]
隊伍|队伍|dui4 wu3~2	隊伍|队伍|dui4 wu3	2	defined	["名"]	["名"]	[]	[]	[]	軍隊，也指有組織的一群人	军队，也指有组织的一群人				[0, 1]	general	unreviewed		[]
階段|阶段|jie1 duan4~1	階段|阶段|jie1 duan4	1	defined	["名"]	["名"]	[]	[]	[]	事情發展過程中的一段時間	事情发展过程中的一段时间	「階段」指發展過程中的一段，「時期」只指一段時間。	「阶段」指发展过程中的一段，「时期」只指一段时间。		[0, 1, 2, 3, 4]	general	unreviewed		[]
隔|隔|ge2~1	隔|隔|ge2	1	defined	["動"]	["动"]	[]	[]	[]	在中間加上東西，把兩邊分開	在中间加上东西，把两边分开				[0, 1]	general	unreviewed		[]
隔|隔|ge2~2	隔|隔|ge2	2	defined	["動"]	["动"]	[]	[]	[]	中間相差一段時間或距離	中间相差一段时间或距离				[2, 3, 4]	general	unreviewed		[]
隧道|隧道|sui4 dao4~1	隧道|隧道|sui4 dao4	1	defined	["名"]	["名"]	[]	[]	[]	在山裡或地下挖出來、供人車通過的路	在山里或地下挖出来、供人车通过的路				[0]	general	unreviewed		[]
隨|随|sui2~1	隨|随|sui2	1	defined	["動"]	["动"]	[]	[]	[]	跟著別人一起行動	跟着别人一起行动	說話時多用「跟」，「隨」多用在書面。	说话时多用「跟」，「随」多用在书面。		[0]	general	unreviewed		[]
隨|随|sui2~2	隨|随|sui2	2	defined	["介"]	["介"]	["function-word"]	[]	[]	用在名詞前面，表示跟著它一起變化	用在名词前面，表示跟着它一起变化	常說成「隨著」，意思一樣。	常说成「随着」，意思一样。		[2]	general	unreviewed		[]
隨|随|sui2~3	隨|随|sui2	3	defined	["動"]	["动"]	[]	[]	[]	讓別人按自己的想法做，不去管	让别人按自己的想法做，不去管				[1, 3]	general	unreviewed		[]
隨|随|sui2~4	隨|随|sui2	4	defined	["副"]	["副"]	["bound-form"]	[]	[]	表示在前面的事之後馬上發生	表示在前面的事之后马上发生				[4]	general	unreviewed		[]
隨著|随着|sui2 zhe5~1	隨著|随着|sui2 zhe5	1	defined	["介"]	["介"]	["function-word"]	[]	[]	用在名詞前面，表示後面的事跟著它一起發生或變化	用在名词前面，表示后面的事跟着它一起发生或变化	常說「隨著…，…也…」，後面多接說明變化的句子。	常说「随着…，…也…」，后面多接说明变化的句子。		[0, 1, 2]	general	unreviewed		[]
隻|只|zhi1~1	隻|只|zhi1	1	defined	["量"]	["量"]	["classifier-is"]	[]	[]	用於計算動物、成對東西中的一個，也用於某些用具	用于计算动物、成对东西中的一个，也用于某些用具	「隻」多用於鳥和小動物，大的動物常用「頭」，魚常用「條」。箱子、船等有時也說「隻」。	「只」多用于鸟和小动物，大的动物常用「头」，鱼常用「条」。箱子、船等有时也说「只」。		[0]	classifier-is	unreviewed	edited	["E-zhi1-1"]
集|集|ji2~1	集|集|ji2	1	defined	["動"]	["动"]	[]	["lit"]	[]	把許多東西或人合在一起	把许多东西或人合在一起				[0, 1]	general	unreviewed		[]
集|集|ji2~2	集|集|ji2	2	defined	["名"]	["名"]	[]	[]	[]	由許多作品編成的書	由许多作品编成的书				[2]	general	unreviewed		[]
集|集|ji2~3	集|集|ji2	3	defined	["量"]	["量"]	["classifier-is"]	[]	[]	用於計算電視劇、小說等分成的部分	用于计算电视剧、小说等分成的部分				[3]	classifier-is	unreviewed		[]
集中|集中|ji2 zhong1~1	集中|集中|ji2 zhong1	1	defined	["動", "形"]	["动", "形"]	[]	[]	[]	把分開的人、東西或力量合到一起	把分开的人、东西或力量合到一起				[0, 1, 2, 3, 4, 5]	general	unreviewed		[]
集合|集合|ji2 he2~1	集合|集合|ji2 he2	1	defined	["動"]	["动"]	[]	[]	[]	許多人按要求到同一個地方來	许多人按要求到同一个地方来				[0]	general	unreviewed		[]
集合|集合|ji2 he2~2	集合|集合|ji2 he2	2	defined	["名"]	["名"]	[]	[]	["math"]	數學上指符合某個條件的所有事物	数学上指符合某个条件的所有事物				[1]	general	unreviewed		[]
集團|集团|ji2 tuan2~1	集團|集团|ji2 tuan2	1	defined	["名"]	["名"]	[]	[]	[]	為共同目的結合起來的一群人或組織	为共同目的结合起来的一群人或组织				[0, 1]	general	unreviewed		[]
集團|集团|ji2 tuan2~2	集團|集团|ji2 tuan2	2	defined	["名"]	["名"]	[]	[]	[]	由多家公司聯合組成的大企業	由多家公司联合组成的大企业				[2, 3]	general	unreviewed		[]
雖然|虽然|sui1 ran2~1	雖然|虽然|sui1 ran2	1	defined	["連"]	["连"]	[]	[]	[]	用在前一句，表示承認某個事實，後面多用「但是」	用在前一句，表示承认某个事实，后面多用「但是」	「雖然」和「但是」可以同時出現，前後各用一個。	「虽然」和「但是」可以同时出现，前后各用一个。		[0]	general	unreviewed		[]
雙方|双方|shuang1 fang1~1	雙方|双方|shuang1 fang1	1	defined	["名"]	["名"]	[]	[]	[]	事情裡有關的兩個人或團體	事情里有关的两个人或团体				[0, 1, 2]	general	unreviewed		[]
雜誌|杂志|za2 zhi4~1	雜誌|杂志|za2 zhi4	1	defined	["名"]	["名"]	[]	[]	[]	定期出版的讀物，內容多是文章和照片	定期出版的读物，内容多是文章和照片	「報紙」常常一天出一份，「雜誌」多半一週或一個月出一本。	「报纸」常常一天出一份，「杂志」多半一周或一个月出一本。		[0, 1]	general	unreviewed		[]
雞|鸡|ji1~1	雞|鸡|ji1	1	defined	["名"]	["名"]	[]	[]	[]	家裡常養的鳥，會生蛋，肉可以吃	家里常养的鸟，会生蛋，肉可以吃				[0, 1, 2]	general	unreviewed	edited	["E-ji1-1"]
雞|鸡|ji1~2	雞|鸡|ji1	2	defined	["名"]	["名"]	[]	["slang", "derog"]	[]	以出賣身體賺錢的女人	以出卖身体赚钱的女人			phenomenon	[3]	general	unreviewed		[]
離|离|li2~1	離|离|li2	1	defined	["動"]	["动"]	[]	[]	[]	從一個地方或人的身邊走開	从一个地方或人的身边走开				[0, 1]	general	unreviewed		[]
離|离|li2~2	離|离|li2	2	defined	["介"]	["介"]	["function-word"]	[]	[]	用在名詞前面，引出算距離的地點或時間	用在名词前面，引出算距离的地点或时间	「從」用在說出發的地方，「離」用在說遠近。	「从」用在说出发的地方，「离」用在说远近。		[2, 3]	general	unreviewed		[]
離|离|li2~3	離|离|li2	3	defined	["動"]	["动"]	[]	[]	[]	少了某種東西或條件	少了某种东西或条件	多說「離不開」，表示少了它就不行。	多说「离不开」，表示少了它就不行。		[4, 5]	general	unreviewed		[]
離|离|li2~4	離|离|li2	4	defined	["名"]	["名"]	[]	[]	[]	八卦中的一個，傳統上代表火	八卦中的一个，传统上代表火			archaic-form	[6, 7]	general	unreviewed		[]
離婚|离婚|li2 hun1~1	離婚|离婚|li2 hun1	1	defined	["動"]	["动"]	[]	[]	[]	夫妻按照法律結束婚姻關係	夫妻按照法律结束婚姻关系	「離婚」可以分開說，例如「離了婚」、「離過兩次婚」。	「离婚」可以分开说，例如「离了婚」、「离过两次婚」。		[0]	general	unreviewed		[]
離開|离开|li2 kai1~1	離開|离开|li2 kai1	1	defined	["動"]	["动"]	[]	[]	[]	跟原來所在的地方或人分開	跟原来所在的地方或人分开	「離不開」表示少了它就不行，例如「人離不開水」。	「离不开」表示少了它就不行，例如「人离不开水」。		[0]	general	unreviewed		[]
難|难|nan2~1	難|难|nan2	1	defined	["形"]	["形"]	[]	[]	[]	做起來要花力氣，不容易做到的	做起来要花力气，不容易做到的	「難」放在動詞前面，表示不容易，如「難懂」、「難找」。	「难」放在动词前面，表示不容易，如「难懂」、「难找」。		[0, 1, 2, 3]	general	unreviewed		[]
難|难|nan2~2	難|难|nan2	2	defined	["形"]	["形"]	["bound-form"]	[]	[]	讓人覺得不好、不喜歡的	让人觉得不好、不喜欢的	「難看」、「難吃」的「難」不是「不容易」，是「不好」。	「难看」、「难吃」的「难」不是「不容易」，是「不好」。		[4]	general	unreviewed		[]
難|难|nan4~1	難|难|nan4	1	defined	["名"]	["名"]	["bound-form"]	[]	[]	突然發生的、讓人受到傷害的大事	突然发生的、让人受到伤害的大事				[0, 1]	general	unreviewed		[]
難|难|nan4~2	難|难|nan4	2	defined	["動"]	["动"]	["bound-form"]	["lit"]	[]	說別人的錯誤，表示不滿	说别人的错误，表示不满				[2]	general	unreviewed		[]
難以|难以|nan2 yi3~1	難以|难以|nan2 yi3	1	defined	["副"]	["副"]	[]	["lit"]	[]	不容易做到，用在動詞前面	不容易做到，用在动词前面	後面多接雙音節的動詞，例如「難以理解」、「難以想像」。	后面多接双音节的动词，例如「难以理解」、「难以想像」。		[0]	general	unreviewed		[]
雨|雨|yu3~1	雨|雨|yu3	1	defined	["名"]	["名"]	["classifier-ref"]	[]	[]	從天空落下來的水	从天空落下来的水				[0, 1]	general	unreviewed		[]
雨|雨|yu4~1	雨|雨|yu4	1	defined	["動"]	["动"]	[]	["lit", "arch"]	[]	雨、雪等從天上落下	雨、雪等从天上落下			archaic-form	[0, 1, 2, 3]	general	unreviewed		[]
雪|雪|xue3~1	雪|雪|xue3	1	defined	["名"]	["名"]	["classifier-ref"]	[]	[]	天冷時從空中落下的白色小片	天冷时从空中落下的白色小片				[0, 1]	general	unreviewed		[]
雪|雪|xue3~2	雪|雪|xue3	2	defined	["動"]	["动"]	["bound-form"]	["lit"]	[]	洗去以前受到的恥辱	洗去以前受到的耻辱				[2]	general	unreviewed		[]
零|零|ling2~1	零|零|ling2	1	defined	["數"]	["数"]	[]	[]	[]	數目，表示沒有數量	数目，表示没有数量				[0, 1, 2]	general	unreviewed		[]
零|零|ling2~2	零|零|ling2	2	defined	["形"]	["形"]	["bound-form"]	[]	[]	不成整數的，數量小的	不成整数的，数量小的				[3, 4, 5, 7, 8, 9]	general	unreviewed		[]
零|零|ling2~3	零|零|ling2	3	defined	["數"]	["数"]	[]	[]	[]	用在兩個數目中間，表示大數後面還有小數	用在两个数目中间，表示大数后面还有小数				[6]	general	unreviewed		[]
零|零|ling2~4	零|零|ling2	4	defined	["動"]	["动"]	["bound-form"]	["lit"]	[]	草木的花葉落下來	草木的花叶落下来				[10, 11]	general	unreviewed		[]
雷|雷|lei2~1	雷|雷|lei2	1	defined	["名"]	["名"]	[]	[]	[]	下雨時天空中發出的巨大聲音	下雨时天空中发出的巨大声音	「雷」是聲音，閃電是光，兩者常一起出現。	「雷」是声音，闪电是光，两者常一起出现。		[0]	general	unreviewed		[]
雷|雷|lei2~2	雷|雷|lei2	2	defined	["名"]	["名"]	["bound-form"]	[]	[]	放在地下或水中，碰到就會爆炸的武器	放在地下或水中，碰到就会爆炸的武器				[1]	bound-form	unreviewed		[]
雷|雷|lei2~3	雷|雷|lei2	3	defined	["動"]	["动"]	[]	["coll"]	[]	讓人感到十分意外或難以接受	让人感到十分意外或难以接受				[2]	general	unreviewed		[]
雷|雷|lei2~4	雷|雷|lei2	4	defined	["名", "動"]	["名", "动"]	[]	["coll"]	[]	事先說出電影或小說的重要情節	事先说出电影或小说的重要情节				[3, 4]	general	unreviewed		[]
電子|电子|dian4 zi3~1	電子|电子|dian4 zi3	1	defined	["形"]	["形"]	[]	[]	[]	跟用電流工作的機器和技術有關的	跟用电流工作的机器和技术有关的	多放在名詞前面，很少單獨使用。	多放在名词前面，很少单独使用。		[0]	general	unreviewed		[]
電子|电子|dian4 zi3~2	電子|电子|dian4 zi3	2	defined	["名"]	["名"]	[]	[]	["phys"]	組成原子的一種極小的東西，帶負電	组成原子的一种极小的东西，带负电				[1]	general	unreviewed		[]
電影|电影|dian4 ying3~1	電影|电影|dian4 ying3	1	defined	["名"]	["名"]	[]	[]	[]	拍攝下來、在戲院等地方放給觀眾看的作品	拍摄下来、在戏院等地方放给观众看的作品				[0, 1]	general	unreviewed	edited	["E-dian4ying3-1"]
電腦|电脑|dian4 nao3~1	電腦|电脑|dian4 nao3	1	defined	["名"]	["名"]	[]	[]	[]	能快速計算和處理資料的機器	能快速计算和处理资料的机器				[0, 1]	general	unreviewed	edited	["E-dian4nao3-1"]
電視|电视|dian4 shi4~1	電視|电视|dian4 shi4	1	defined	["名"]	["名"]	[]	[]	[]	通過電波傳送畫面和聲音的節目	通过电波传送画面和声音的节目				[0]	general	unreviewed		[]
電視|电视|dian4 shi4~2	電視|电视|dian4 shi4	2	defined	["名"]	["名"]	[]	[]	[]	家裡用來收看節目的機器	家里用来收看节目的机器				[0, 1]	general	unreviewed	edited	["E-dian4shi4-2"]
電視台|电视台|dian4 shi4 tai2~1	電視台|电视台|dian4 shi4 tai2	1	defined	["名"]	["名"]	[]	[]	[]	製作和播放電視節目的機構	制作和播放电视节目的机构				[0]	general	unreviewed		[]
電話|电话|dian4 hua4~1	電話|电话|dian4 hua4	1	defined	["名"]	["名"]	["classifier-ref"]	[]	[]	用來跟遠處的人說話的機器	用来跟远处的人说话的机器				[0, 1]	general	unreviewed		[]
電話|电话|dian4 hua4~2	電話|电话|dian4 hua4	2	defined	["名"]	["名"]	["classifier-ref"]	[]	[]	打出去或接進來的一次通話	打出去或接进来的一次通话	「打電話給他」和「給他打電話」都可以說。	「打电话给他」和「给他打电话」都可以说。		[2, 3]	general	unreviewed		[]
電話|电话|dian4 hua4~3	電話|电话|dian4 hua4	3	defined	["名"]	["名"]	[]	[]	[]	打給某人時要用的號碼	打给某人时要用的号码				[4]	general	unreviewed		[]
需|需|xu1~1	需|需|xu1	1	defined	["動"]	["动"]	[]	[]	[]	一定要有或一定要做	一定要有或一定要做	多用在書面，口語常說「需要」。	多用在书面，口语常说「需要」。		[0, 1, 2, 3, 4]	general	unreviewed		[]
需要|需要|xu1 yao4~2	需要|需要|xu1 yao4	1	defined	["動", "名"]	["动", "名"]	[]	[]	[]	一定要有某種東西或條件	一定要有某种东西或条件	「需要」是不能沒有，「想要」是心裡希望有。	「需要」是不能没有，「想要」是心里希望有。		[0, 1]	general	unreviewed		[]
露|露|lou4~1	露|露|lou4	1	defined	["動"]	["动"]	[]	["coll"]	[]	讓本來藏著的事情被人知道	让本来藏着的事情被人知道	這個讀法多用在口語，書面上多用另一個讀法。	这个读法多用在口语，书面上多用另一个读法。		[0, 1, 2, 3]	general	unreviewed		[]
露|露|lu4~1	露|露|lu4	1	defined	["動"]	["动"]	["bound-form"]	[]	[]	使本來看不見的東西表現出來	使本来看不见的东西表现出来	「透露」多指有意說出消息，「暴露」多指本來想藏起來的被人看見。	「透露」多指有意说出消息，「暴露」多指本来想藏起来的被人看见。		[4, 5, 6, 7]	general	unreviewed		[]
露|露|lu4~2	露|露|lu4	2	defined	["名"]	["名"]	["bound-form"]	[]	[]	夜裡在草木或地面上結成的小水點	夜里在草木或地面上结成的小水点				[0]	general	unreviewed		[]
露|露|lu4~3	露|露|lu4	3	defined	["形"]	["形"]	["bound-form"]	[]	[]	在房子外面，沒有東西蓋著的	在房子外面，没有东西盖着的				[3]	general	unreviewed		[]
露|露|lu4~4	露|露|lu4	4	defined	["名"]	["名"]	["bound-form"]	[]	[]	用花或水果做成的甜飲料	用花或水果做成的甜饮料				[1, 2]	general	unreviewed		[]
靈|灵|ling2~1	靈|灵|ling2	1	defined	["形"]	["形"]	[]	[]	[]	感覺、反應或動作快的	感觉、反应或动作快的				[0, 1]	general	unreviewed		[]
靈|灵|ling2~2	靈|灵|ling2	2	defined	["形"]	["形"]	[]	[]	[]	用了真的有效，說的話真的發生	用了真的有效，说的话真的发生				[2, 3, 4]	general	unreviewed		[]
靈|灵|ling2~3	靈|灵|ling2	3	defined	["名"]	["名"]	["bound-form"]	[]	[]	民間說法中人死後還在的精神	民间说法中人死后还在的精神				[5, 6]	general	unreviewed		[]
靈|灵|ling2~4	靈|灵|ling2	4	defined	["名"]	["名"]	["bound-form"]	[]	[]	放著死人身體的棺材	放着死人身体的棺材				[7]	general	unreviewed		[]
靈魂|灵魂|ling2 hun2~1	靈魂|灵魂|ling2 hun2	1	defined	["名"]	["名"]	[]	[]	[]	傳統上認為人死後離開身體的東西	传统上认为人死后离开身体的东西				[0, 1]	general	unreviewed		[]
靈魂|灵魂|ling2 hun2~2	靈魂|灵魂|ling2 hun2	2	defined	["名"]	["名"]	[]	[]	[]	起主要作用、最重要的人或部分	起主要作用、最重要的人或部分				[]	general	unreviewed		[]
青|青|qing1~1	青|青|qing1	1	defined	["形"]	["形"]	[]	[]	[]	顏色像草或天空那樣的，有時也指黑的	颜色像草或天空那样的，有时也指黑的	「青」在「青絲」等詞裡指黑色，不指綠或藍。	「青」在「青丝」等词里指黑色，不指绿或蓝。		[0, 1, 2]	general	unreviewed		[]
青|青|qing1~2	青|青|qing1	2	defined	["形"]	["形"]	["bound-form"]	[]	[]	年輕的，多指人剛長大的時候	年轻的，多指人刚长大的时候				[3, 4]	general	unreviewed		[]
非|非|fei1~1	非|非|fei1	1	defined	["副"]	["副"]	["function-word"]	["lit"]	[]	用在名詞或動詞前面，表示不是	用在名词或动词前面，表示不是	「非」多用在書面上，說話時一般說「不是」。	「非」多用在书面上，说话时一般说「不是」。		[0]	function-word	unreviewed		[]
非|非|fei1~2	非|非|fei1	2	defined	["綴"]	["缀"]	["function-word", "bound-form"]	[]	[]	用在名詞或形容詞前面，表示不屬於那一類	用在名词或形容词前面，表示不属于那一类	「非」構成的詞多用在書面，口語多說「不是」。	「非」构成的词多用在书面，口语多说「不是」。		[2]	function-word	unreviewed		[]
非|非|fei1~3	非|非|fei1	3	defined	["副"]	["副"]	["function-word"]	["coll"]	[]	用在動詞前面，表示一定要這樣做	用在动词前面，表示一定要这样做	常跟「不可」「不行」連用，如「非去不可」。	常跟「不可」「不行」连用，如「非去不可」。		[4]	function-word	unreviewed		[]
非|非|fei1~4	非|非|fei1	4	defined	["名"]	["名"]	["bound-form"]	[]	[]	不合道理的言行	不合道理的言行				[1]	general	unreviewed		[]
非|非|fei1~5	非|非|fei1	5	defined	["動"]	["动"]	["bound-form"]	["lit"]	[]	說別人做得不對	说别人做得不对				[3]	general	unreviewed		[]
非常|非常|fei1 chang2~1	非常|非常|fei1 chang2	1	defined	["副"]	["副"]	[]	[]	[]	表示程度很高，超過一般	表示程度很高，超过一般	「非常」的程度比「很」高，多用在形容詞前面。	「非常」的程度比「很」高，多用在形容词前面。		[0]	general	unreviewed		[]
非常|非常|fei1 chang2~2	非常|非常|fei1 chang2	2	defined	["形"]	["形"]	[]	["lit"]	[]	不同於一般的，情況特別重大的	不同于一般的，情况特别重大的				[1]	general	unreviewed		[]
非法|非法|fei1 fa3~1	非法|非法|fei1 fa3	1	defined	["形"]	["形"]	[]	[]	[]	不合法律規定、法律上不允許的	不合法律规定、法律上不允许的	「非法」可以放在名詞或動詞前面，如「非法交易」、「非法進入」。	「非法」可以放在名词或动词前面，如「非法交易」、「非法进入」。		[0]	general	unreviewed		[]
靠|靠|kao4~1	靠|靠|kao4	1	defined	["動"]	["动"]	[]	[]	[]	人或東西的一邊放在別的東西上	人或东西的一边放在别的东西上				[0]	general	unreviewed		[]
靠|靠|kao4~2	靠|靠|kao4	2	defined	["動"]	["动"]	[]	[]	[]	移到旁邊，離得很近	移到旁边，离得很近				[1, 2]	general	unreviewed		[]
靠|靠|kao4~3	靠|靠|kao4	3	defined	["動"]	["动"]	[]	[]	[]	用某個人或某種條件來達到目的	用某个人或某种条件来达到目的	常說「靠得住」「靠不住」，表示可以不可以相信。	常说「靠得住」「靠不住」，表示可以不可以相信。		[3, 4]	general	unreviewed		[]
靠|靠|kao4~4	靠|靠|kao4	4	defined	["嘆"]	["叹"]	[]	["vulg"]	[]	表示生氣、不滿或意外	表示生气、不满或意外			phenomenon	[5]	general	unreviewed		[]
靠|靠|kao4~5	靠|靠|kao4	5	defined	["名"]	["名"]	[]	[]	[]	傳統戲裡將軍穿的服裝	传统戏里将军穿的服装				[6]	general	unreviewed		[]
靠近|靠近|kao4 jin4~1	靠近|靠近|kao4 jin4	1	defined	["動"]	["动"]	[]	[]	[]	向某人或某物移動，使距離變小	向某人或某物移动，使距离变小	「靠近」多說位置的遠近，「接近」還可以說時間或程度。	「靠近」多说位置的远近，「接近」还可以说时间或程度。		[1]	general	unreviewed		[]
靠近|靠近|kao4 jin4~2	靠近|靠近|kao4 jin4	2	defined	["動"]	["动"]	[]	[]	[]	跟人或東西之間的距離很小	跟人或东西之间的距离很小				[0]	general	unreviewed		[]
面對|面对|mian4 dui4~1	面對|面对|mian4 dui4	1	defined	["動"]	["动"]	[]	[]	[]	正對著人或事物，不逃開	正对着人或事物，不逃开				[0]	general	unreviewed		[]
革命|革命|ge2 ming4~1	革命|革命|ge2 ming4	1	defined	["名", "動"]	["名", "动"]	[]	[]	[]	用武力推翻舊的政權或制度，建立新的	用武力推翻旧的政权或制度，建立新的	可以分開來用，例如說「革他的命」。	可以分开来用，例如说「革他的命」。		[1, 2, 3, 4, 5, 6]	general	unreviewed		[]
革命|革命|ge2 ming4~2	革命|革命|ge2 ming4	2	defined	["動"]	["动"]	[]	["arch"]	["hist"]	舊時指推翻舊王朝、另立新王朝	旧时指推翻旧王朝、另立新王朝	舊說君王失去天命，新的王朝才能取而代之。	旧说君王失去天命，新的王朝才能取而代之。	archaic-form	[0]	general	unreviewed		[]
音|音|yin1~1	音|音|yin1	1	defined	["名"]	["名"]	["bound-form"]	[]	[]	物體發出、能讓人聽到的聲音	物体发出、能让人听到的声音				[0, 1, 2, 3]	general	unreviewed		[]
音|音|yin1~2	音|音|yin1	2	defined	["名"]	["名"]	["bound-form"]	[]	["ling"]	字或詞讀出來的聲音	字或词读出来的声音				[5, 6]	general	unreviewed		[]
音|音|yin1~3	音|音|yin1	3	defined	["名"]	["名"]	["bound-form"]	["lit"]	[]	從遠處傳來的消息	从远处传来的消息				[4]	general	unreviewed		[]
音樂|音乐|yin1 yue4~1	音樂|音乐|yin1 yue4	1	defined	["名"]	["名"]	["classifier-ref"]	[]	[]	由高低長短不同的聲音組成的藝術	由高低长短不同的声音组成的艺术				[0, 1]	general	unreviewed		[]
頁|页|xie2~1	頁|页|xie2	1	defined	["名"]	["名"]	[]	["arch"]	[]	人或動物的頭	人或动物的头	這個意思舊時才用，今天只見於古書。漢字裡的頁部多和頭有關。	这个意思旧时才用，今天只见于古书。汉字里的页部多和头有关。	archaic-form	[0]	general	unreviewed		[]
頁|页|ye4~1	頁|页|ye4	1	defined	["量"]	["量"]	[]	[]	[]	用於計算書、雜誌等的一面	用于计算书、杂志等的一面	一張紙有兩頁，數紙要用「張」。	一张纸有两页，数纸要用「张」。		[0, 1]	general	unreviewed		[]
頂|顶|ding3~1	頂|顶|ding3	1	defined	["名"]	["名"]	["bound-form"]	[]	[]	東西最上面的部分	东西最上面的部分				[0, 1, 2, 3]	general	unreviewed		[]
頂|顶|ding3~2	頂|顶|ding3	2	defined	["動"]	["动"]	[]	[]	[]	用頭或東西的上部向上或向前推	用头或东西的上部向上或向前推				[5, 6, 7, 10]	general	unreviewed		[]
頂|顶|ding3~3	頂|顶|ding3	3	defined	["量"]	["量"]	["classifier-is"]	[]	[]	用於計算帽子等戴在頭上的東西	用于计算帽子等戴在头上的东西				[12]	classifier-is	unreviewed		[]
頂|顶|ding3~4	頂|顶|ding3	4	defined	["動"]	["动"]	[]	[]	[]	用一個人或東西代替另一個	用一个人或东西代替另一个				[8, 9]	general	unreviewed		[]
頂|顶|ding3~5	頂|顶|ding3	5	defined	["副"]	["副"]	[]	["coll"]	[]	表示程度達到最高	表示程度达到最高				[4]	general	unreviewed		[]
頂|顶|ding3~6	頂|顶|ding3	6	defined	["動"]	["动"]	[]	["slang"]	["tech"]	在網站上留言，讓文章回到前面	在网站上留言，让文章回到前面				[11]	general	unreviewed		[]
項|项|xiang4~1	項|项|xiang4	1	defined	["量"]	["量"]	["classifier-is"]	[]	[]	用於計算工作、規定等分開列出的事物	用于计算工作、规定等分开列出的事物	「項」多用在書面和正式的說法裡，口語常說「件」。	「项」多用在书面和正式的说法里，口语常说「件」。		[5]	classifier-is	unreviewed		[]
項|项|xiang4~2	項|项|xiang4	2	defined	["名"]	["名"]	["bound-form"]	[]	[]	從整體中分出來的一類事物	从整体中分出来的一类事物				[1, 2]	general	unreviewed		[]
項|项|xiang4~3	項|项|xiang4	3	defined	["名"]	["名"]	["bound-form"]	[]	[]	頭和身體之間的部分，特別是後面	头和身体之间的部分，特别是后面				[0]	general	unreviewed		[]
項|项|xiang4~4	項|项|xiang4	4	defined	["名"]	["名"]	["bound-form"]	[]	[]	一定數目的錢	一定数目的钱				[4]	general	unreviewed		[]
項|项|xiang4~5	項|项|xiang4	5	defined	["名"]	["名"]	[]	[]	["math"]	式子中用加號或減號分開的每一部分	式子中用加号或减号分开的每一部分				[3]	general	unreviewed		[]
項目|项目|xiang4 mu4~1	項目|项目|xiang4 mu4	1	defined	["名"]	["名"]	[]	[]	[]	為了完成某個目標而做的工作或計劃	为了完成某个目标而做的工作或计划				[0]	general	unreviewed		[]
項目|项目|xiang4 mu4~2	項目|项目|xiang4 mu4	2	defined	["名"]	["名"]	[]	[]	[]	事物分成的一個個部分或方面	事物分成的一个个部分或方面				[0]	general	unreviewed		[]
順|顺|shun4~1	順|顺|shun4	1	defined	["介"]	["介"]	[]	[]	[]	引出方向，表示沿著同一個方向	引出方向，表示沿着同一个方向	後面多接「著」，例如「順著這條路」、「順著風」。	后面多接「着」，例如「顺着这条路」、「顺着风」。		[4]	general	unreviewed		[]
順|顺|shun4~2	順|顺|shun4	2	defined	["形"]	["形"]	[]	[]	[]	進行得沒有阻礙的	进行得没有阻碍的				[5]	general	unreviewed		[]
順|顺|shun4~3	順|顺|shun4	3	defined	["動"]	["动"]	[]	[]	[]	照著別人的意思做	照着别人的意思做				[0, 1]	general	unreviewed		[]
順|顺|shun4~4	順|顺|shun4	4	defined	["動"]	["动"]	[]	[]	[]	把亂的東西整理得有條理	把乱的东西整理得有条理				[2, 3]	general	unreviewed		[]
順利|顺利|shun4 li4~1	順利|顺利|shun4 li4	1	defined	["形"]	["形"]	[]	[]	[]	事情進行得很好，沒有遇到困難的	事情进行得很好，没有遇到困难的				[0]	general	unreviewed		[]
頓|顿|dun4~1	頓|顿|dun4	1	defined	["動"]	["动"]	[]	[]	[]	說話或動作中間短時間停下	说话或动作中间短时间停下				[0, 1]	general	unreviewed		[]
頓|顿|dun4~2	頓|顿|dun4	2	defined	["量"]	["量"]	["classifier-is"]	[]	[]	用於計算吃飯、打罵等的次數	用于计算吃饭、打骂等的次数				[7]	classifier-is	unreviewed		[]
頓|顿|dun4~3	頓|顿|dun4	3	defined	["動"]	["动"]	["bound-form"]	[]	[]	把亂的事情或東西安排好	把乱的事情或东西安排好				[2, 3]	general	unreviewed		[]
頓|顿|dun4~4	頓|顿|dun4	4	defined	["副"]	["副"]	["bound-form"]	[]	[]	表示情況一下子就發生	表示情况一下子就发生				[6]	general	unreviewed		[]
頓|顿|dun4~5	頓|顿|dun4	5	defined	["動"]	["动"]	["bound-form"]	["lit"]	[]	用頭或腳用力向下碰地	用头或脚用力向下碰地				[4, 5]	general	unreviewed		[]
領|领|ling3~1	領|领|ling3	1	defined	["動"]	["动"]	[]	[]	[]	走在前面帶著別人一起行動	走在前面带着别人一起行动				[2]	general	unreviewed		[]
領|领|ling3~2	領|领|ling3	2	defined	["動"]	["动"]	[]	[]	[]	把發給自己的東西拿到手	把发给自己的东西拿到手				[3]	general	unreviewed		[]
領|领|ling3~3	領|领|ling3	3	defined	["名"]	["名"]	["bound-form"]	[]	[]	衣服上圍住脖子的部分	衣服上围住脖子的部分				[0, 1]	general	unreviewed		[]
領|领|ling3~4	領|领|ling3	4	defined	["量"]	["量"]	["classifier-is"]	["lit"]	[]	用於計算衣服、蓆子等	用于计算衣服、席子等				[4]	classifier-is	unreviewed		[]
領域|领域|ling3 yu4~1	領域|领域|ling3 yu4	1	defined	["名"]	["名"]	[]	[]	[]	學問、工作等所包括的範圍	学问、工作等所包括的范围				[0]	general	unreviewed		[]
領域|领域|ling3 yu4~2	領域|领域|ling3 yu4	2	defined	["名"]	["名"]	[]	[]	["law"]	一個國家所管理的土地、海和天空	一个国家所管理的土地、海和天空				[0]	general	unreviewed		[]
領導|领导|ling3 dao3~1	領導|领导|ling3 dao3	1	defined	["動", "名"]	["动", "名"]	[]	[]	[]	帶領大家做事，並決定方向	带领大家做事，并决定方向				[0, 1, 2, 3]	general	unreviewed		[]
領導|领导|ling3 dao3~2	領導|领导|ling3 dao3	2	defined	["名"]	["名"]	[]	[]	[]	在單位裡帶領大家工作、做決定的人	在单位里带领大家工作、做决定的人	「領袖」多指國家的最高領導人，「領導」常指單位裡的上級。	「领袖」多指国家的最高领导人，「领导」常指单位里的上级。		[4, 5]	general	unreviewed		[]
領袖|领袖|ling3 xiu4~1	領袖|领袖|ling3 xiu4	1	defined	["名"]	["名"]	[]	[]	[]	國家或團體中帶領大家的人	国家或团体中带领大家的人	多用在國家、政黨、工會這類大團體，一般公司的負責人不這樣稱呼。	多用在国家、政党、工会这类大团体，一般公司的负责人不这样称呼。		[0]	general	unreviewed		[]
頭|头|tou5~1	頭|头|tou5	1	defined	["綴"]	["缀"]	["bound-form"]	[]	[]	加在名詞、動詞、形容詞後面，構成名詞	加在名词、动词、形容词后面，构成名词	這個「頭」讀輕聲，跟「頭髮」的「頭」不同。	这个「头」读轻声，跟「头发」的「头」不同。		[0]	general	unreviewed		[]
頻道|频道|pin2 dao4~1	頻道|频道|pin2 dao4	1	defined	["名"]	["名"]	[]	[]	[]	電視或廣播傳送節目的通道	电视或广播传送节目的通道				[0, 1]	general	unreviewed		[]
顆|颗|ke1~1	顆|颗|ke1	1	defined	["量"]	["量"]	["classifier-is"]	[]	[]	用於計算星星、糖等圓而小的東西	用于计算星星、糖等圆而小的东西	「棵」和「顆」讀音相同，但「棵」用來計算樹木。	「棵」和「颗」读音相同，但「棵」用来计算树木。		[0]	classifier-is	unreviewed		[]
題|题|ti2~1	題|题|ti2	1	defined	["名"]	["名"]	["classifier-ref"]	[]	[]	考試或練習中要求回答的問題	考试或练习中要求回答的问题				[1, 2, 6]	general	unreviewed		[]
題|题|ti2~2	題|题|ti2	2	defined	["名"]	["名"]	[]	[]	[]	文章或談話所寫、所講的主要內容	文章或谈话所写、所讲的主要内容				[0, 3]	general	unreviewed		[]
題|题|ti2~3	題|题|ti2	3	defined	["動"]	["动"]	[]	["lit"]	[]	在書畫或物品上寫字	在书画或物品上写字				[4]	general	unreviewed		[]
題|题|ti2~4	題|题|ti2	4	defined	["動"]	["动"]	[]	["arch"]	[]	把事情說出來，讓別人知道	把事情说出来，让别人知道			archaic-form	[5]	general	unreviewed	edited	["E-ti2-4"]
顏色|颜色|yan2 se4~1	顏色|颜色|yan2 se4	1	defined	["名"]	["名"]	[]	[]	[]	東西給眼睛的紅、黃、藍等感覺	东西给眼睛的红、黄、蓝等感觉				[0]	general	unreviewed		[]
顏色|颜色|yan2 se4~2	顏色|颜色|yan2 se4	2	defined	["名"]	["名"]	[]	[]	[]	用來給東西上色的材料	用来给东西上色的材料				[4, 5]	general	unreviewed		[]
顏色|颜色|yan2 se4~3	顏色|颜色|yan2 se4	3	defined	["名"]	["名"]	[]	["lit"]	[]	臉上表現出來的神情	脸上表现出来的神情	「給他點顏色看看」表示要讓對方怕自己。	「给他点颜色看看」表示要让对方怕自己。		[1, 2, 3]	general	unreviewed		[]
願意|愿意|yuan4 yi4~1	願意|愿意|yuan4 yi4	1	defined	["動"]	["动"]	[]	[]	[]	心裡同意去做某件事	心里同意去做某件事	「想」表示自己心裡有這個打算，「願意」多用在同意別人的要求時。	「想」表示自己心里有这个打算，「愿意」多用在同意别人的要求时。		[1, 2, 3]	general	unreviewed		[]
願意|愿意|yuan4 yi4~2	願意|愿意|yuan4 yi4	2	defined	["動"]	["动"]	[]	[]	[]	希望發生某種情況	希望发生某种情况				[0]	general	unreviewed		[]
類|类|lei4~1	類|类|lei4	1	defined	["名"]	["名"]	["bound-form"]	[]	[]	性質相同的一群事物	性质相同的一群事物				[0]	bound-form	unreviewed		[]
類|类|lei4~2	類|类|lei4	2	defined	["量"]	["量"]	["classifier-is"]	[]	[]	用於計算人或事物的種類	用于计算人或事物的种类				[1]	classifier-is	unreviewed		[]
類|类|lei4~3	類|类|lei4	3	defined	["動"]	["动"]	["bound-form"]	[]	[]	跟別的事物相同或差不多	跟别的事物相同或差不多				[2]	bound-form	unreviewed		[]
類似|类似|lei4 si4~1	類似|类似|lei4 si4	1	defined	["形"]	["形"]	[]	[]	[]	跟別的很像，但不完全一樣的	跟别的很像，但不完全一样的	「類似」常放在名詞前面，如「類似的情況」。	「类似」常放在名词前面，如「类似的情况」。		[0]	general	unreviewed		[]
類型|类型|lei4 xing2~1	類型|类型|lei4 xing2	1	defined	["名"]	["名"]	[]	[]	[]	事物按共同的特點分成的種類	事物按共同的特点分成的种类				[0, 1]	general	unreviewed		[]
顧問|顾问|gu4 wen4~1	顧問|顾问|gu4 wen4	1	defined	["名"]	["名"]	[]	[]	[]	受人請來，就專業問題出主意的人	受人请来，就专业问题出主意的人				[0, 1]	general	unreviewed		[]
顯示|显示|xian3 shi4~1	顯示|显示|xian3 shi4	1	defined	["動"]	["动"]	[]	[]	[]	把情況清楚地表現出來，讓人知道	把情况清楚地表现出来，让人知道	常說「調查顯示」「數據顯示」，引出後面的結果。	常说「调查显示」「数据显示」，引出后面的结果。		[0, 1, 2, 3]	general	unreviewed		[]
風|风|feng1~1	風|风|feng1	1	defined	["名"]	["名"]	["classifier-ref"]	[]	[]	空氣流動的現象	空气流动的现象				[0, 5]	general	unreviewed		[]
風|风|feng1~2	風|风|feng1	2	defined	["名"]	["名"]	["bound-form"]	[]	[]	人或作品表現出來的樣子和特點	人或作品表现出来的样子和特点				[2, 4]	general	unreviewed		[]
風|风|feng1~3	風|风|feng1	3	defined	["名"]	["名"]	["bound-form"]	[]	[]	社會上長期形成的習慣和做法	社会上长期形成的习惯和做法				[3]	general	unreviewed		[]
風|风|feng1~4	風|风|feng1	4	defined	["名"]	["名"]	["bound-form"]	[]	[]	傳來的消息，不一定確實	传来的消息，不一定确实	這個意思多用在「走漏風聲」、「聞風而動」這類說法裡。	这个意思多用在「走漏风声」、「闻风而动」这类说法里。		[1]	general	unreviewed		[]
風格|风格|feng1 ge2~1	風格|风格|feng1 ge2	1	defined	["名"]	["名"]	[]	[]	[]	作品或言行中表現出來的特點	作品或言行中表现出来的特点				[0]	general	unreviewed		[]
風險|风险|feng1 xian3~1	風險|风险|feng1 xian3	1	defined	["名"]	["名"]	[]	[]	[]	做事時可能遇到的危險或損失	做事时可能遇到的危险或损失	常說「冒風險」，表示明知可能有損失還是去做。	常说「冒风险」，表示明知可能有损失还是去做。		[0]	general	unreviewed		[]
飛|飞|fei1~1	飛|飞|fei1	1	defined	["動"]	["动"]	[]	[]	[]	鳥或飛機等在空中移動	鸟或飞机等在空中移动				[0]	general	unreviewed		[]
飛機|飞机|fei1 ji1~1	飛機|飞机|fei1 ji1	1	defined	["名"]	["名"]	[]	[]	[]	能載人在空中飛行的交通工具	能载人在空中飞行的交通工具				[0, 1]	general	unreviewed		[]
飛行|飞行|fei1 xing2~1	飛行|飞行|fei1 xing2	1	defined	["動", "名"]	["动", "名"]	[]	[]	[]	飛機等在空中移動	飞机等在空中移动	「飛」可以說鳥，「飛行」多用在飛機上。	「飞」可以说鸟，「飞行」多用在飞机上。		[0, 1, 2, 3]	general	unreviewed		[]
食|食|shi2~1	食|食|shi2	1	defined	["動"]	["动"]	["bound-form"]	["lit"]	[]	把食物放進嘴裡吃下去	把食物放进嘴里吃下去				[0]	general	unreviewed		[]
食|食|shi2~2	食|食|shi2	2	defined	["名"]	["名"]	["bound-form"]	[]	[]	人或動物可以吃的東西	人或动物可以吃的东西				[1, 2]	general	unreviewed		[]
食|食|shi2~3	食|食|shi2	3	defined	["名"]	["名"]	["bound-form"]	[]	["astro"]	太陽或月亮的光被遮住的現象	太阳或月亮的光被遮住的现象				[3]	general	unreviewed		[]
食|食|si4~1	食|食|si4	1	defined	["動"]	["动"]	[]	["arch"]	[]	拿東西給人或動物吃	拿东西给人或动物吃	舊時的用法，這個意思現在多寫成「飼」。	旧时的用法，这个意思现在多写成「饲」。	archaic-form	[0]	general	unreviewed		[]
食品|食品|shi2 pin3~1	食品|食品|shi2 pin3	1	defined	["名"]	["名"]	[]	[]	[]	經過加工、可以吃的東西	经过加工、可以吃的东西	「食品」多指加工好、拿來賣的，「食物」泛指能吃的東西。	「食品」多指加工好、拿来卖的，「食物」泛指能吃的东西。		[0]	general	unreviewed		[]
食物|食物|shi2 wu4~1	食物|食物|shi2 wu4	1	defined	["名"]	["名"]	[]	[]	[]	人和動物吃下去、用來維持生命的東西	人和动物吃下去、用来维持生命的东西				[0]	general	unreviewed		[]
飯|饭|fan4~1	飯|饭|fan4	1	defined	["名"]	["名"]	[]	[]	[]	用米加水煮熟的食物	用米加水煮熟的食物				[0, 1]	general	unreviewed		[]
飯|饭|fan4~2	飯|饭|fan4	2	defined	["名"]	["名"]	[]	[]	[]	人每天按時吃的東西，如早飯、晚飯	人每天按时吃的东西，如早饭、晚饭				[2, 3]	general	unreviewed		[]
飯|饭|fan4~3	飯|饭|fan4	3	defined	["名"]	["名"]	["loanword"]	["slang"]	[]	喜歡並一直支持某個明星的人	喜欢并一直支持某个明星的人				[4, 5]	loanword	unreviewed		[]
養|养|yang3~1	養|养|yang3	1	defined	["動"]	["动"]	[]	[]	[]	供給生活所需，使人或動物生長	供给生活所需，使人或动物生长	「養」的對象可以是孩子和父母，也可以是動物或花草。	「养」的对象可以是孩子和父母，也可以是动物或花草。		[0, 1, 2, 3]	general	unreviewed		[]
養|养|yang3~2	養|养|yang3	2	defined	["動"]	["动"]	[]	[]	[]	休息調理，使身體恢復健康	休息调理，使身体恢复健康				[]	general	unreviewed		[]
養|养|yang3~3	養|养|yang3	3	defined	["動"]	["动"]	[]	[]	[]	生下孩子	生下孩子				[4]	general	unreviewed		[]
首|首|shou3~1	首|首|shou3	1	defined	["名"]	["名"]	["bound-form"]	["lit"]	[]	人或動物身體最上面的部分	人或动物身体最上面的部分				[0]	general	unreviewed		[]
首|首|shou3~2	首|首|shou3	2	defined	["名"]	["名"]	["bound-form"]	[]	[]	團體或國家中地位最高的人	团体或国家中地位最高的人				[1]	general	unreviewed		[]
首|首|shou3~3	首|首|shou3	3	defined	["形"]	["形"]	["bound-form"]	[]	[]	次序上排在最前面的	次序上排在最前面的				[2]	general	unreviewed		[]
首|首|shou3~4	首|首|shou3	4	defined	["量"]	["量"]	["classifier-is"]	[]	[]	用於計算詩歌、歌曲	用于计算诗歌、歌曲				[3]	classifier-is	unreviewed		[]
首先|首先|shou3 xian1~1	首先|首先|shou3 xian1	1	defined	["副"]	["副"]	[]	[]	[]	最先，在別的事情或別人之前	最先，在别的事情或别人之前	常和「其次」「然後」一起用，說出事情的先後。	常和「其次」「然后」一起用，说出事情的先后。		[0]	general	unreviewed		[]
香|香|xiang1~1	香|香|xiang1	1	defined	["形"]	["形"]	[]	[]	[]	氣味好聞、讓人喜歡的	气味好闻、让人喜欢的				[0, 1, 2, 3]	general	unreviewed		[]
香|香|xiang1~2	香|香|xiang1	2	defined	["形"]	["形"]	[]	[]	[]	形容吃得很多或睡得很深	形容吃得很多或睡得很深	多用在「吃得香」「睡得香」這樣的說法裡。	多用在「吃得香」「睡得香」这样的说法里。		[4, 5]	general	unreviewed		[]
香|香|xiang1~3	香|香|xiang1	3	defined	["名"]	["名"]	[]	[]	[]	點著後能發出好聞氣味的東西	点着后能发出好闻气味的东西				[6, 7, 8]	general	unreviewed		[]
馬|马|ma3~1	馬|马|ma3	1	defined	["名"]	["名"]	[]	[]	[]	一種大型動物，人常騎牠或用牠拉車	一种大型动物，人常骑它或用它拉车				[0, 1]	general	unreviewed	edited	["E-ma3-1"]
馬|马|ma3~2	馬|马|ma3	2	defined	["名"]	["名"]	[]	[]	[]	下棋時走「日」字形的棋子	下棋时走「日」字形的棋子				[2, 3]	general	unreviewed		[]
馬克|马克|ma3 ke4~1	馬克|马克|ma3 ke4	1	defined	["名"]	["名"]	[]	[]	[]	德國等國舊時使用的貨幣單位	德国等国旧时使用的货币单位				[0]	general	unreviewed		[]
騎|骑|ji4~1	騎|骑|ji4	1	defined	["名"]	["名"]	["bound-form"]	["lit"]	[]	人坐在上面趕路的馬	人坐在上面赶路的马				[0]	general	unreviewed		[]
騎|骑|ji4~2	騎|骑|ji4	2	defined	["名"]	["名"]	["bound-form"]	["lit"]	[]	在馬上作戰的士兵	在马上作战的士兵				[1]	general	unreviewed		[]
騎|骑|qi2~1	騎|骑|qi2	1	defined	["動"]	["动"]	[]	[]	[]	兩腿分開坐在馬或車上	两腿分开坐在马或车上				[0, 1]	general	unreviewed		[]
騎|骑|qi2~2	騎|骑|qi2	2	defined	["量"]	["量"]	["classifier-is"]	["lit"]	[]	用於計算人所乘的馬	用于计算人所乘的马				[2]	classifier-is	unreviewed		[]
騎士|骑士|qi2 shi4~1	騎士|骑士|qi2 shi4	1	defined	["名"]	["名"]	[]	[]	[]	歐洲舊時騎馬打仗的軍人	欧洲旧时骑马打仗的军人				[0]	general	unreviewed		[]
騎士|骑士|qi2 shi4~2	騎士|骑士|qi2 shi4	2	defined	["名"]	["名"]	[]	[]	["tw"]	騎機車或腳踏車的人	骑机车或脚踏车的人				[1]	general	unreviewed		[]
骨|骨|gu3~1	骨|骨|gu3	1	defined	["名"]	["名"]	["bound-form"]	[]	[]	人和動物身體裡又硬又白的部分	人和动物身体里又硬又白的部分				[0]	general	unreviewed		[]
骨|骨|gu3~2	骨|骨|gu3	2	defined	["名"]	["名"]	["bound-form"]	[]	[]	指人不肯向別人低頭的性格	指人不肯向别人低头的性格				[]	general	unreviewed		[]
體|体|ti3~1	體|体|ti3	1	defined	["名"]	["名"]	["bound-form"]	[]	[]	人或動物的整個身子	人或动物的整个身子				[0]	general	unreviewed		[]
體|体|ti3~2	體|体|ti3	2	defined	["名"]	["名"]	["bound-form"]	[]	[]	由許多部分合成的整體	由许多部分合成的整体				[3]	general	unreviewed		[]
體|体|ti3~3	體|体|ti3	3	defined	["動"]	["动"]	["bound-form"]	[]	[]	親自經歷或用心去了解	亲自经历或用心去了解				[5]	general	unreviewed		[]
體|体|ti3~4	體|体|ti3	4	defined	["名"]	["名"]	["bound-form"]	[]	[]	物質存在的形式	物质存在的形式				[4]	general	unreviewed		[]
體|体|ti3~5	體|体|ti3	5	defined	["名"]	["名"]	["bound-form"]	[]	[]	文字或文章的形式	文字或文章的形式				[1, 2]	general	unreviewed		[]
體|体|ti3~6	體|体|ti3	6	defined	["名"]	["名"]	[]	[]	["ling"]	動詞表示動作進行情況的形式	动词表示动作进行情况的形式				[6]	general	unreviewed		[]
體育|体育|ti3 yu4~1	體育|体育|ti3 yu4	1	defined	["名"]	["名"]	[]	[]	[]	各種運動和比賽活動的總稱	各种运动和比赛活动的总称				[0]	general	unreviewed		[]
體育|体育|ti3 yu4~2	體育|体育|ti3 yu4	2	defined	["名"]	["名"]	[]	[]	[]	學校裡教學生運動的課程	学校里教学生运动的课程	說到課程時，常說「體育課」。	说到课程时，常说「体育课」。		[1]	general	unreviewed		[]
高|高|gao1~1	高|高|gao1	1	defined	["形"]	["形"]	[]	[]	[]	從下到上距離大的	从下到上距离大的	說人的身體不高，用「矮」，不用「低」。	说人的身体不高，用「矮」，不用「低」。		[0, 1]	general	unreviewed		[]
高|高|gao1~2	高|高|gao1	2	defined	["形"]	["形"]	[]	[]	[]	數量或程度超過一般的	数量或程度超过一般的				[2, 3]	general	unreviewed		[]
高|高|gao1~3	高|高|gao1	3	defined	["形"]	["形"]	["bound-form"]	["lit"]	[]	稱別人的事物時表示客氣的	称别人的事物时表示客气的				[4]	general	unreviewed		[]
高中|高中|gao1 zhong1~1	高中|高中|gao1 zhong1	1	defined	["名"]	["名"]	["abbr"]	[]	[]	高級中學的簡稱	高级中学的简称	中學分成初中和高中兩個階段。	中学分成初中和高中两个阶段。		[0]	abbreviation	unreviewed		[]
高中|高中|gao1 zhong4~1	高中|高中|gao1 zhong4	1	defined	["動"]	["动"]	[]	["lit"]	[]	考試得到很高的名次	考试得到很高的名次	常用在祝別人考試成功的話裡。	常用在祝别人考试成功的话里。		[0]	general	unreviewed		[]
高度|高度|gao1 du4~1	高度|高度|gao1 du4	1	defined	["名"]	["名"]	[]	[]	[]	從下到上的距離，也指離地面的高低	从下到上的距离，也指离地面的高低				[0, 1, 2, 5]	general	unreviewed		[]
高度|高度|gao1 du4~2	高度|高度|gao1 du4	2	defined	["形"]	["形"]	[]	[]	[]	程度很高的	程度很高的				[3, 4]	general	unreviewed		[]
高級|高级|gao1 ji2~1	高級|高级|gao1 ji2	1	defined	["形"]	["形"]	[]	[]	[]	職位或程度在一般之上的	职位或程度在一般之上的				[0, 2, 3]	general	unreviewed		[]
高級|高级|gao1 ji2~2	高級|高级|gao1 ji2	2	defined	["形"]	["形"]	[]	[]	[]	品質、水平超過一般的	品质、水平超过一般的				[1]	general	unreviewed		[]
鬆|松|song1~1	鬆|松|song1	1	defined	["形"]	["形"]	[]	[]	[]	不緊、不密，容易動或分開的	不紧、不密，容易动或分开的				[0]	general	unreviewed		[]
鬆|松|song1~2	鬆|松|song1	2	defined	["動"]	["动"]	[]	[]	[]	使變得不緊或不再用力	使变得不紧或不再用力				[1, 2]	general	unreviewed		[]
鬆|松|song1~3	鬆|松|song1	3	defined	["名"]	["名"]	["bound-form"]	[]	[]	用肉或魚做成的絲狀食物	用肉或鱼做成的丝状食物				[3]	general	unreviewed		[]
鬥|斗|dou4~1	鬥|斗|dou4	1	defined	["動"]	["动"]	[]	[]	[]	雙方互相打或比高低	双方互相打或比高低				[0, 1, 4]	general	unreviewed		[]
鬥|斗|dou4~2	鬥|斗|dou4	2	defined	["動"]	["动"]	["bound-form"]	[]	[]	當眾批評、指責有錯的人	当众批评、指责有错的人				[2, 3]	general	unreviewed		[]
鬥|斗|dou4~3	鬥|斗|dou4	3	defined	["動"]	["动"]	[]	["arch"]	[]	把東西拼合在一起	把东西拼合在一起			archaic-form	[5, 6]	general	unreviewed		[]
鬼|鬼|gui3~1	鬼|鬼|gui3	1	defined	["名"]	["名"]	[]	[]	[]	傳說中人死後留下的靈魂	传说中人死后留下的灵魂				[0]	general	unreviewed		[]
鬼|鬼|gui3~2	鬼|鬼|gui3	2	defined	["綴"]	["缀"]	["function-word", "bound-form"]	[]	[]	接在名詞或形容詞後，指有某種毛病的人	接在名词或形容词后，指有某种毛病的人	「鬼」多帶著看不起或開玩笑的意思，「迷」只是說很喜歡。	「鬼」多带着看不起或开玩笑的意思，「迷」只是说很喜欢。		[1]	function-word	unreviewed		[]
鬼|鬼|gui3~3	鬼|鬼|gui3	3	defined	["形"]	["形"]	[]	["coll"]	[]	很不好的，讓人生氣或討厭的	很不好的，让人生气或讨厌的	只用在名詞前面，如「鬼天氣」、「鬼地方」。	只用在名词前面，如「鬼天气」、「鬼地方」。		[]	general	unreviewed		[]
鬼|鬼|gui3~4	鬼|鬼|gui3	4	defined	["形"]	["形"]	[]	["coll"]	[]	聰明而愛用小手段的	聪明而爱用小手段的	多用來說孩子聰明，語氣常帶著喜歡，不一定是壞話。	多用来说孩子聪明，语气常带着喜欢，不一定是坏话。		[2]	general	unreviewed		[]
鬼|鬼|gui3~5	鬼|鬼|gui3	5	defined	["專"]	["专"]	[]	[]	["astro"]	天上的一組星，二十八宿之一	天上的一组星，二十八宿之一	二十八宿是古代天文學把天上的星分成的二十八個部分。	二十八宿是古代天文学把天上的星分成的二十八个部分。	proper-name	[3]	general	unreviewed		[]
魔|魔|mo2~1	魔|魔|mo2	1	defined	["名"]	["名"]	["bound-form"]	[]	[]	傳說中害人的鬼	传说中害人的鬼				[0]	bound-form	unreviewed		[]
魔|魔|mo2~2	魔|魔|mo2	2	defined	["綴"]	["缀"]	["bound-form", "function-word"]	[]	[]	用在名詞前面，表示有神奇力量的	用在名词前面，表示有神奇力量的				[1]	function-word	unreviewed		[]
魚|鱼|yu2~1	魚|鱼|yu2	1	defined	["名"]	["名"]	[]	[]	[]	生活在水裡、離不開水的動物	生活在水里、离不开水的动物				[0]	general	unreviewed		[]
魚|鱼|yu2~2	魚|鱼|yu2	2	defined	["名"]	["名"]	["bound-form"]	[]	[]	指某些生活在水裡、但不是魚類的動物	指某些生活在水里、但不是鱼类的动物				[1]	general	unreviewed		[]
魯|鲁|lu3~1	魯|鲁|lu3	1	defined	["形"]	["形"]	["bound-form"]	[]	[]	說話做事粗野，不細心的	说话做事粗野，不细心的				[0, 2]	bound-form	unreviewed		[]
魯|鲁|lu3~2	魯|鲁|lu3	2	defined	["形"]	["形"]	["bound-form"]	[]	[]	頭腦不靈活，反應慢的	头脑不灵活，反应慢的				[1]	bound-form	unreviewed		[]
魯|鲁|lu3~3	魯|鲁|lu3	3	defined	["名"]	["名"]	["bound-form"]	[]	[]	翻譯外國名稱時用來表示讀音的字	翻译外国名称时用来表示读音的字	這種用法只借用字的聲音，跟字本身的意思沒有關係。	这种用法只借用字的声音，跟字本身的意思没有关系。		[3]	bound-form	unreviewed		[]
鳥|鸟|diao3~1	鳥|鸟|diao3	1	defined	["名"]	["名"]	[]	["vulg"]	[]	男性的生殖器官	男性的生殖器官			phenomenon	[1]	general	unreviewed		[]
鳥|鸟|niao3~1	鳥|鸟|niao3	1	defined	["名"]	["名"]	["classifier-ref"]	[]	[]	全身長著羽毛、大多會飛的動物	全身长着羽毛、大多会飞的动物				[0, 1]	general	unreviewed		[]
鳥|鸟|niao3~2	鳥|鸟|niao3	2	defined	["動"]	["动"]	[]	["dialect"]	[]	注意別人說的話或做的事	注意别人说的话或做的事	常說成「不鳥」，表示不理會、不放在心上。	常说成「不鸟」，表示不理会、不放在心上。		[3]	general	unreviewed	edited	["E-niao3-2"]
鳥|鸟|niao3~3	鳥|鸟|niao3	3	defined	["形"]	["形"]	[]	["vulg"]	[]	讓說話的人覺得討厭的	让说话的人觉得讨厌的	只用在名詞前面，語氣很重。	只用在名词前面，语气很重。	phenomenon	[4, 5]	general	unreviewed		[]
鳥|鸟|niao3~4	鳥|鸟|niao3	4	defined	["名"]	["名"]	[]	[]	[]	漢字的一個部首，用於跟鳥有關的字	汉字的一个部首，用于跟鸟有关的字				[2]	general	unreviewed		[]
鹿|鹿|lu4~1	鹿|鹿|lu4	1	defined	["名"]	["名"]	[]	[]	[]	跑得很快的野生動物，公的頭上多有角	跑得很快的野生动物，公的头上多有角				[0]	general	unreviewed		[]
麗|丽|li4~1	麗|丽|li4	1	defined	["形"]	["形"]	["bound-form"]	[]	[]	樣子好看，讓人喜歡的	样子好看，让人喜欢的				[0]	general	unreviewed		[]
麥|麦|mai4~1	麥|麦|mai4	1	defined	["名"]	["名"]	["bound-form"]	[]	[]	小麥、大麥等穀類植物的總稱	小麦、大麦等谷类植物的总称				[0]	general	unreviewed		[]
麥|麦|mai4~2	麥|麦|mai4	2	defined	["名"]	["名"]	["abbr"]	["coll"]	[]	麥克風的簡稱	麦克风的简称				[1]	abbreviation	unreviewed		[]
麥克|麦克|mai4 ke4~1	麥克|麦克|mai4 ke4	1	defined	["名"]	["名"]	["loanword"]	["coll"]	[]	說話或唱歌時用來把聲音變大的器材	说话或唱歌时用来把声音变大的器材	完整的說法是「麥克風」，「麥克」多用在口語裡。	完整的说法是「麦克风」，「麦克」多用在口语里。		[0]	loanword	unreviewed		[]
麵|面|mian4~1	麵|面|mian4	1	defined	["名"]	["名"]	[]	[]	[]	用麵粉做成的長條食物	用面粉做成的长条食物				[1]	general	unreviewed		[]
麵|面|mian4~2	麵|面|mian4	2	defined	["名"]	["名"]	["bound-form"]	[]	[]	用小麥等做成的粉	用小麦等做成的粉				[0]	general	unreviewed		[]
麵|面|mian4~3	麵|面|mian4	3	defined	["形"]	["形"]	[]	["coll"]	[]	吃起來又軟又鬆的	吃起来又软又松的				[2]	general	unreviewed		[]
麵|面|mian4~4	麵|面|mian4	4	defined	["形"]	["形"]	[]	["slang"]	[]	不夠強、做事沒主意的	不够强、做事没主意的				[3, 4]	general	unreviewed		[]
黃|黄|huang2~1	黃|黄|huang2	1	defined	["形"]	["形"]	[]	[]	[]	顏色像金子一樣的	颜色像金子一样的				[0]	general	unreviewed		[]
黃|黄|huang2~2	黃|黄|huang2	2	defined	["動"]	["动"]	[]	["coll"]	[]	計劃或事情沒能成功	计划或事情没能成功				[2]	general	unreviewed		[]
黃|黄|huang2~3	黃|黄|huang2	3	defined	["形"]	["形"]	[]	[]	[]	內容跟性有關的	内容跟性有关的				[1]	general	unreviewed		[]
黑人|黑人|hei1 ren2~1	黑人|黑人|hei1 ren2	1	defined	["名"]	["名"]	[]	[]	[]	皮膚顏色深的人，祖先多來自非洲	皮肤颜色深的人，祖先多来自非洲				[0]	general	unreviewed	edited	["E-heiren-1"]
黑人|黑人|hei1 ren2~2	黑人|黑人|hei1 ren2	2	defined	["名"]	["名"]	[]	["coll"]	[]	沒有合法身份、不能公開活動的人	没有合法身份、不能公开活动的人				[1]	general	unreviewed		[]
黑色|黑色|hei1 se4~1	黑色|黑色|hei1 se4	1	defined	["名"]	["名"]	[]	[]	[]	最深的一種顏色，像沒有光的夜裡	最深的一种颜色，像没有光的夜里				[0]	general	unreviewed		[]
點|点|dian3~1	點|点|dian3	1	defined	["名"]	["名"]	[]	[]	[]	很小的圓形記號	很小的圆形记号				[8, 9, 10]	general	unreviewed		[]
點|点|dian3~2	點|点|dian3	2	defined	["量"]	["量"]	[]	[]	[]	用在數字後面，表示是什麼時候	用在数字后面，表示是什么时候	問時間說「幾點」，不說「幾個點」。	问时间说「几点」，不说「几个点」。		[12]	general	unreviewed		[]
點|点|dian3~3	點|点|dian3	3	defined	["量"]	["量"]	["classifier-is"]	[]	[]	用於計算少量的東西	用于计算少量的东西	「有點」用在形容詞前面，「一點」用在後面。	「有点」用在形容词前面，「一点」用在后面。		[13, 14]	classifier-is	unreviewed		[]
點|点|dian3~4	點|点|dian3	4	defined	["動"]	["动"]	[]	[]	[]	輕輕碰一下或向下動一下	轻轻碰一下或向下动一下				[0, 1, 5, 7]	general	unreviewed		[]
點|点|dian3~5	點|点|dian3	5	defined	["動"]	["动"]	[]	[]	[]	在單子上選出想要的東西	在单子上选出想要的东西				[2]	general	unreviewed		[]
點|点|dian3~6	點|点|dian3	6	defined	["動"]	["动"]	[]	[]	[]	使火燒起來	使火烧起来				[6]	general	unreviewed		[]
點|点|dian3~7	點|点|dian3	7	defined	["動"]	["动"]	[]	[]	[]	簡單說出問題的關鍵	简单说出问题的关键				[3, 4]	general	unreviewed		[]
點|点|dian3~8	點|点|dian3	8	defined	["名"]	["名"]	["bound-form"]	[]	[]	事情發生的地方或時間	事情发生的地方或时间				[11]	general	unreviewed		[]
黨|党|dang3~1	黨|党|dang3	1	defined	["名"]	["名"]	[]	[]	[]	為共同的目的組成的團體，現多指政黨	为共同的目的组成的团体，现多指政党				[0, 1, 2, 3, 4]	general	unreviewed		[]
齊|齐|qi2~1	齊|齐|qi2	1	defined	["形"]	["形"]	[]	[]	[]	長短高低一樣，看起來整齊	长短高低一样，看起来整齐				[0, 1, 3, 6]	general	unreviewed		[]
齊|齐|qi2~2	齊|齐|qi2	2	defined	["動"]	["动"]	[]	[]	[]	高低或長短跟某個地方相同	高低或长短跟某个地方相同				[2]	general	unreviewed		[]
齊|齐|qi2~3	齊|齐|qi2	3	defined	["副"]	["副"]	["bound-form"]	[]	[]	幾個人同時做同一件事	几个人同时做同一件事				[4, 5]	general	unreviewed		[]
龍|龙|long2~1	龍|龙|long2	1	defined	["名"]	["名"]	[]	[]	[]	傳說中身體很長、能飛能下雨的動物	传说中身体很长、能飞能下雨的动物				[0, 2]	general	unreviewed		[]
龍|龙|long2~2	龍|龙|long2	2	defined	["名"]	["名"]	["bound-form"]	[]	[]	古代的一類爬行動物，現在已經沒有了	古代的一类爬行动物，现在已经没有了				[3]	bound-form	unreviewed	edited	["E-long2-2"]
龍|龙|long2~3	龍|龙|long2	3	defined	["形"]	["形"]	["bound-form"]	[]	[]	舊時指屬於國家最高統治者的	旧时指属于国家最高统治者的				[1]	bound-form	unreviewed		[]
